{"type":"FeatureCollection","features":[{"type":"Feature","id":1,"properties":{"id":1,"risk_code":"very_low","risk_class":1,"name":"Susceptibilité très faible","area_km2":16295.0,"pct":92.24,"color":"#1a9850","border":"#0e6b34","source":"Gradient Tree Boosting (GTB) — apprentissage automatique supervisé","model":"GTB (Gradient Boosting Trees), classification en 5 classes a partir de facteurs conditionnants (pluviometrie, pente, TWI, distance aux rivieres, occupation du sol, elevation, densite de drainage)","note":"Modele entraine sur inventaire d'inondations historiques ; sortie raster reclassee en 5 classes et vectorisee, decoupee sur la limite officielle RSK"},"geometry":{"type":"MultiPolygon","coordinates":[[[[-6.41397,33.91589],[-6.41173,33.91589],[-6.41173,33.91365],[-6.41397,33.91365],[-6.41397,33.91589]]],[[[-6.7441,33.97204],[-6.74186,33.97204],[-6.74186,33.96755],[-6.7441,33.96755],[-6.7441,33.97204]]],[[[-6.51279,33.97878],[-6.51054,33.97878],[-6.51054,33.97653],[-6.51279,33.97653],[-6.51279,33.97878]]],[[[-6.52177,33.98551],[-6.51952,33.98551],[-6.51952,33.98327],[-6.52177,33.98327],[-6.52177,33.98551]]],[[[-6.78453,33.98776],[-6.78228,33.98776],[-6.78228,33.98551],[-6.78453,33.98551],[-6.78453,33.98776]]],[[[-6.52401,33.98776],[-6.52177,33.98776],[-6.52177,33.98551],[-6.52401,33.98551],[-6.52401,33.98776]]],[[[-6.52626,33.99225],[-6.52401,33.99225],[-6.52401,33.99],[-6.52626,33.99],[-6.52626,33.99225]]],[[[-6.80249,34.00348],[-6.80249,34.00123],[-6.80474,34.00123],[-6.80474,34.00348],[-6.80249,34.00348]]],[[[-6.53524,34.00797],[-6.53524,34.00573],[-6.53749,34.00573],[-6.53749,34.00797],[-6.53524,34.00797]]],[[[-6.53524,34.01022],[-6.533,34.01022],[-6.533,34.00797],[-6.53524,34.00797],[-6.53524,34.01022]]],[[[-6.53524,34.09107],[-6.533,34.09107],[-6.533,34.08882],[-6.53524,34.08882],[-6.53524,34.09107]]],[[[-6.533,34.09331],[-6.53075,34.09331],[-6.53075,34.09107],[-6.533,34.09107],[-6.533,34.09331]]],[[[-6.52177,34.10679],[-6.52177,34.10454],[-6.52401,34.10454],[-6.52401,34.10679],[-6.52177,34.10679]]],[[[-6.42071,34.19213],[-6.41846,34.18763],[-6.4252,34.18988],[-6.4252,34.19213],[-6.42071,34.19213]]],[[[-6.68347,34.26174],[-6.68796,34.26174],[-6.68347,34.26399],[-6.68571,34.26848],[-6.67673,34.26624],[-6.68122,34.2595],[-6.68347,34.26174]]],[[[-6.43418,34.30891],[-6.43194,34.30891],[-6.43194,34.30666],[-6.43418,34.30666],[-6.43418,34.30891]]],[[[-6.40948,34.31789],[-6.40499,34.31789],[-6.40499,34.31564],[-6.40948,34.31564],[-6.40948,34.31789]]],[[[-6.40274,34.31564],[-6.40274,34.31789],[-6.39825,34.32014],[-6.39825,34.31564],[-6.40274,34.31564]]],[[[-6.40274,34.32014],[-6.40274,34.32238],[-6.4005,34.32238],[-6.4005,34.32014],[-6.40274,34.32014]]],[[[-6.41846,34.32463],[-6.42071,34.32463],[-6.42295,34.32912],[-6.41846,34.32912],[-6.41846,34.32463]]],[[[-6.43418,34.3381],[-6.43194,34.3381],[-6.43194,34.33586],[-6.43418,34.33586],[-6.43418,34.3381]]],[[[-6.42295,34.3381],[-6.42071,34.3381],[-6.42071,34.33586],[-6.42295,34.33586],[-6.42295,34.3381]]],[[[-6.41846,34.34035],[-6.41622,34.34035],[-6.41622,34.33586],[-6.41846,34.33586],[-6.41846,34.34035]]],[[[-6.42295,34.34259],[-6.42071,34.34259],[-6.42071,34.34035],[-6.42295,34.34035],[-6.42295,34.34259]]],[[[-6.43643,34.34708],[-6.43418,34.34708],[-6.43418,34.34484],[-6.43643,34.34484],[-6.43643,34.34708]]],[[[-6.41846,34.35382],[-6.41397,34.35382],[-6.41397,34.35158],[-6.41846,34.35158],[-6.41846,34.35382]]],[[[-6.4252,34.36056],[-6.4252,34.35831],[-6.42745,34.35831],[-6.42745,34.36056],[-6.4252,34.36056]]],[[[-6.40948,34.36954],[-6.40948,34.3673],[-6.41173,34.3673],[-6.41173,34.36954],[-6.40948,34.36954]]],[[[-6.41846,34.40323],[-6.41622,34.40323],[-6.41622,34.40098],[-6.41846,34.40098],[-6.41846,34.40323]]],[[[-6.42071,34.41221],[-6.41846,34.41221],[-6.41846,34.40997],[-6.42071,34.40997],[-6.42071,34.41221]]],[[[-6.41173,34.42569],[-6.41622,34.42793],[-6.41622,34.43018],[-6.41173,34.43018],[-6.41173,34.42569]]],[[[-6.40723,34.4459],[-6.40723,34.44815],[-6.4005,34.45039],[-6.4005,34.4459],[-6.40723,34.4459]]],[[[-6.40274,34.45488],[-6.40274,34.45264],[-6.40723,34.45264],[-6.40723,34.45488],[-6.40274,34.45488]]],[[[-6.40274,34.45713],[-6.40499,34.45713],[-6.40723,34.46162],[-6.40274,34.46162],[-6.40274,34.45713]]],[[[-6.41173,34.46611],[-6.40948,34.46611],[-6.40948,34.46387],[-6.41173,34.46387],[-6.41173,34.46611]]],[[[-6.41622,34.47509],[-6.41397,34.47509],[-6.41397,34.47285],[-6.41622,34.47285],[-6.41622,34.47509]]],[[[-6.40274,34.47734],[-6.40274,34.47285],[-6.40723,34.47285],[-6.40723,34.47734],[-6.40274,34.47734]]],[[[-6.41846,34.48408],[-6.41846,34.48183],[-6.42071,34.48183],[-6.42071,34.48632],[-6.41622,34.48632],[-6.41846,34.48408]]],[[[-6.40723,34.48632],[-6.40499,34.48408],[-6.40948,34.48408],[-6.40948,34.48857],[-6.40723,34.48632]]],[[[-6.45215,34.50204],[-6.4499,34.50204],[-6.4499,34.49755],[-6.45215,34.49755],[-6.45215,34.50204]]],[[[-6.4499,34.50429],[-6.44541,34.50429],[-6.44317,34.49755],[-6.44766,34.49755],[-6.4499,34.50429]]],[[[-6.39825,34.4998],[-6.40274,34.4998],[-6.4005,34.50429],[-6.39825,34.50429],[-6.39825,34.4998]]],[[[-6.42969,34.50654],[-6.42745,34.50654],[-6.42745,34.50429],[-6.42969,34.50429],[-6.42969,34.50654]]],[[[-6.40723,34.50654],[-6.40499,34.50654],[-6.40499,34.50429],[-6.40723,34.50429],[-6.40723,34.50654]]],[[[-6.41622,34.50878],[-6.41397,34.50654],[-6.41846,34.50654],[-6.41846,34.51103],[-6.41622,34.50878]]],[[[-6.40499,34.51327],[-6.40499,34.51103],[-6.40723,34.51103],[-6.40723,34.51327],[-6.40499,34.51327]]],[[[-6.41846,34.51327],[-6.41846,34.51103],[-6.42071,34.51103],[-6.42071,34.51327],[-6.41846,34.51327]]],[[[-6.42295,34.51552],[-6.42071,34.51552],[-6.42071,34.51327],[-6.42295,34.51327],[-6.42295,34.51552]]],[[[-6.40274,34.51552],[-6.4005,34.51552],[-6.4005,34.51327],[-6.40274,34.51327],[-6.40274,34.51552]]],[[[-6.42745,34.51776],[-6.4252,34.51776],[-6.4252,34.51552],[-6.42745,34.51552],[-6.42745,34.51776]]],[[[-6.44541,34.53124],[-6.44541,34.52899],[-6.44766,34.52899],[-6.44766,34.53124],[-6.44541,34.53124]]],[[[-6.38478,33.94284],[-6.38478,33.9406],[-6.38927,33.9406],[-6.38927,33.94284],[-6.38478,33.94284]]],[[[-6.33761,34.21458],[-6.34211,34.21458],[-6.34211,34.21683],[-6.33761,34.21907],[-6.33761,34.21458]]],[[[-6.3466,34.25276],[-6.34435,34.25276],[-6.34435,34.24827],[-6.3466,34.24827],[-6.3466,34.25276]]],[[[-6.34211,34.28869],[-6.33986,34.28869],[-6.33986,34.28645],[-6.34211,34.28645],[-6.34211,34.28869]]],[[[-6.31516,34.28645],[-6.31066,34.28869],[-6.31066,34.29543],[-6.30617,34.29319],[-6.30842,34.29094],[-6.30617,34.2842],[-6.31066,34.28645],[-6.31516,34.28196],[-6.31516,34.28645]]],[[[-6.30617,34.29094],[-6.30393,34.29094],[-6.30393,34.28869],[-6.30617,34.28869],[-6.30617,34.29094]]],[[[-6.31291,34.29768],[-6.31066,34.29768],[-6.31066,34.29543],[-6.31291,34.29543],[-6.31291,34.29768]]],[[[-6.31291,34.29768],[-6.31516,34.29768],[-6.31516,34.29992],[-6.31291,34.29992],[-6.31291,34.29768]]],[[[-6.31291,34.30441],[-6.31066,34.30441],[-6.31066,34.30217],[-6.31291,34.30217],[-6.31291,34.30441]]],[[[-6.34435,34.31564],[-6.34211,34.31564],[-6.34211,34.3134],[-6.34435,34.3134],[-6.34435,34.31564]]],[[[-6.396,34.32463],[-6.39376,34.32463],[-6.39376,34.32014],[-6.396,34.32014],[-6.396,34.32463]]],[[[-6.33312,34.32463],[-6.33088,34.32463],[-6.33088,34.32238],[-6.33312,34.32238],[-6.33312,34.32463]]],[[[-6.39151,34.33136],[-6.38702,34.33586],[-6.38927,34.32463],[-6.39376,34.32463],[-6.39151,34.33136]]],[[[-6.39825,34.33136],[-6.39825,34.32912],[-6.4005,34.32912],[-6.4005,34.33136],[-6.39825,34.33136]]],[[[-6.33986,34.33361],[-6.33312,34.33586],[-6.33088,34.33136],[-6.33537,34.32912],[-6.33537,34.33361],[-6.33986,34.33361]]],[[[-6.34211,34.33361],[-6.33986,34.33361],[-6.33986,34.33136],[-6.34211,34.33136],[-6.34211,34.33361]]],[[[-6.38478,34.33586],[-6.38253,34.33586],[-6.38253,34.33361],[-6.38478,34.33361],[-6.38478,34.33586]]],[[[-6.38702,34.3381],[-6.38927,34.3381],[-6.38927,34.34484],[-6.38253,34.34259],[-6.38253,34.3381],[-6.38702,34.3381]]],[[[-6.38028,34.34708],[-6.38028,34.34484],[-6.38253,34.34484],[-6.38253,34.34708],[-6.38028,34.34708]]],[[[-6.39376,34.35158],[-6.39376,34.34933],[-6.396,34.34933],[-6.396,34.35158],[-6.39376,34.35158]]],[[[-6.32189,34.35382],[-6.31965,34.35382],[-6.31965,34.35158],[-6.32189,34.35158],[-6.32189,34.35382]]],[[[-6.37579,34.35382],[-6.37355,34.35382],[-6.37355,34.35158],[-6.37579,34.35158],[-6.37579,34.35382]]],[[[-6.3466,34.35607],[-6.34435,34.35607],[-6.34435,34.35158],[-6.3466,34.35158],[-6.3466,34.35607]]],[[[-6.32189,34.35831],[-6.32189,34.35607],[-6.32414,34.35607],[-6.32414,34.35831],[-6.32189,34.35831]]],[[[-6.33312,34.36056],[-6.33312,34.35831],[-6.33537,34.35831],[-6.33537,34.36056],[-6.33312,34.36056]]],[[[-6.32639,34.36056],[-6.32414,34.36056],[-6.32414,34.35831],[-6.32639,34.35831],[-6.32639,34.36056]]],[[[-6.38028,34.36281],[-6.37355,34.36281],[-6.37355,34.36056],[-6.38028,34.36056],[-6.38028,34.36281]]],[[[-6.38702,34.36281],[-6.38478,34.36281],[-6.38478,34.36056],[-6.38702,34.36056],[-6.38702,34.36281]]],[[[-6.34884,34.36954],[-6.34435,34.36954],[-6.34435,34.3673],[-6.34884,34.3673],[-6.34884,34.36954]]],[[[-6.35558,34.37179],[-6.35333,34.37179],[-6.35333,34.36954],[-6.35558,34.36954],[-6.35558,34.37179]]],[[[-6.32863,34.37403],[-6.32639,34.37403],[-6.32639,34.37179],[-6.32863,34.37179],[-6.32863,34.37403]]],[[[-6.38702,34.37853],[-6.38478,34.37853],[-6.38478,34.37403],[-6.38702,34.37403],[-6.38702,34.37853]]],[[[-6.37804,34.37853],[-6.37804,34.37403],[-6.38028,34.37403],[-6.38028,34.37853],[-6.37804,34.37853]]],[[[-6.35558,34.38302],[-6.35558,34.38077],[-6.35783,34.38077],[-6.35783,34.38302],[-6.35558,34.38302]]],[[[-6.32639,34.38526],[-6.32414,34.38526],[-6.32414,34.38302],[-6.32639,34.38302],[-6.32639,34.38526]]],[[[-6.33537,34.46611],[-6.33312,34.46611],[-6.33312,34.46387],[-6.33537,34.46387],[-6.33537,34.46611]]],[[[-6.33986,34.46836],[-6.33761,34.46836],[-6.33761,34.46611],[-6.33986,34.46611],[-6.33986,34.46836]]],[[[-6.39825,34.47509],[-6.39825,34.47285],[-6.4005,34.47285],[-6.4005,34.47509],[-6.39825,34.47509]]],[[[-6.39151,34.48408],[-6.38702,34.48857],[-6.38253,34.48857],[-6.38253,34.48408],[-6.39151,34.48408]]],[[[-6.36906,34.49531],[-6.36906,34.49306],[-6.37355,34.49306],[-6.37355,34.49531],[-6.36906,34.49531]]],[[[-6.36906,34.49531],[-6.36906,34.49755],[-6.36681,34.49755],[-6.36681,34.49531],[-6.36906,34.49531]]],[[[-6.396,34.50204],[-6.39376,34.50204],[-6.39376,34.4998],[-6.396,34.4998],[-6.396,34.50204]]],[[[-6.3713,34.4998],[-6.36906,34.50429],[-6.36681,34.50429],[-6.36681,34.4998],[-6.3713,34.4998]]],[[[-6.37355,34.50429],[-6.37355,34.4998],[-6.38028,34.4998],[-6.38028,34.50654],[-6.37355,34.50429]]],[[[-6.36456,34.50654],[-6.36007,34.50878],[-6.35558,34.50429],[-6.36456,34.4998],[-6.36456,34.50654]]],[[[-6.35333,34.50654],[-6.35109,34.50654],[-6.35109,34.50429],[-6.35333,34.50429],[-6.35333,34.50654]]],[[[-6.31965,34.51103],[-6.32414,34.50654],[-6.32639,34.51327],[-6.31516,34.51327],[-6.31516,34.50204],[-6.31965,34.51103]]],[[[-6.38028,34.51776],[-6.37804,34.51776],[-6.37804,34.51327],[-6.38028,34.51327],[-6.38028,34.51776]]],[[[-6.396,34.51776],[-6.39376,34.51776],[-6.39376,34.51552],[-6.396,34.51552],[-6.396,34.51776]]],[[[-6.30393,34.51552],[-6.30842,34.51552],[-6.30842,34.51776],[-6.30393,34.52001],[-6.30393,34.51552]]],[[[-6.38927,34.52001],[-6.38478,34.52001],[-6.38478,34.51776],[-6.38927,34.51776],[-6.38927,34.52001]]],[[[-6.2635,33.98327],[-6.2635,33.98102],[-6.26799,33.98102],[-6.26799,33.98327],[-6.2635,33.98327]]],[[[-6.29719,34.01022],[-6.29719,34.00797],[-6.29944,34.00797],[-6.29944,34.01022],[-6.29719,34.01022]]],[[[-7.01584,33.88894],[-7.00461,33.89568],[-7.00237,33.90242],[-6.99563,33.90242],[-6.99114,33.9114],[-6.98216,33.9114],[-6.97991,33.92039],[-6.96419,33.92488],[-6.95521,33.93611],[-6.95071,33.93386],[-6.94622,33.9406],[-6.94173,33.9406],[-6.93499,33.95183],[-6.91927,33.96081],[-6.90804,33.97653],[-6.90355,33.97653],[-6.87885,34.00348],[-6.87436,34.00348],[-6.87436,34.00797],[-6.86987,34.00797],[-6.85415,34.02369],[-6.85415,34.02818],[-6.84067,34.03267],[-6.84067,34.03941],[-6.83393,34.03941],[-6.83393,34.04615],[-6.82046,34.05738],[-6.82046,34.06187],[-6.81148,34.06412],[-6.80923,34.0731],[-6.80474,34.07085],[-6.78677,34.08882],[-6.78677,34.09331],[-6.77779,34.10005],[-6.77779,34.10454],[-6.7733,34.10454],[-6.7733,34.10903],[-6.76207,34.11801],[-6.75533,34.13149],[-6.72614,34.16518],[-6.69694,34.21458],[-6.68347,34.25501],[-6.67448,34.26399],[-6.67673,34.26848],[-6.65652,34.29319],[-6.65202,34.30441],[-6.64529,34.30891],[-6.6408,34.32014],[-6.63406,34.32463],[-6.63406,34.32912],[-6.62732,34.33361],[-6.62283,34.34484],[-6.61385,34.35158],[-6.61385,34.35607],[-6.60711,34.36056],[-6.58016,34.40098],[-6.533,34.45937],[-6.51503,34.49306],[-6.48359,34.53798],[-6.47012,34.56717],[-6.46113,34.57616],[-6.44092,34.61658],[-6.43418,34.62107],[-6.42295,34.64802],[-6.41846,34.65027],[-6.41397,34.66374],[-6.39151,34.69743],[-6.37804,34.72887],[-6.37355,34.73111],[-6.37355,34.73785],[-6.36906,34.7401],[-6.31516,34.85239],[-6.31066,34.85463],[-6.30842,34.86586],[-6.27698,34.92874],[-6.27698,34.93548],[-6.24329,35.00286],[-6.22308,34.99612],[-6.2096,34.99836],[-6.20511,34.99387],[-6.19164,34.99387],[-6.18265,34.98938],[-6.13774,34.99836],[-6.12876,35.01184],[-6.09507,35.01633],[-6.05689,35.00061],[-6.05689,34.99612],[-6.06587,34.98938],[-6.05465,34.97815],[-6.02545,34.97815],[-6.00973,34.99387],[-6.00524,34.99387],[-5.95583,34.96917],[-5.94011,34.95345],[-5.91316,34.93997],[-5.87049,34.93548],[-5.82782,34.94446],[-5.78066,34.93099],[-5.78066,34.91527],[-5.7874,34.90853],[-5.78515,34.8973],[-5.78964,34.88607],[-5.7829,34.87709],[-5.77392,34.87485],[-5.77392,34.87035],[-5.7829,34.85239],[-5.78964,34.85014],[-5.78515,34.8434],[-5.78964,34.83442],[-5.7829,34.82768],[-5.7829,34.80073],[-5.7874,34.79624],[-5.7874,34.78951],[-5.78066,34.78277],[-5.7829,34.7648],[-5.79189,34.75357],[-5.78964,34.74684],[-5.78515,34.74684],[-5.77617,34.73561],[-5.75146,34.73785],[-5.74922,34.72887],[-5.72227,34.73111],[-5.71778,34.72887],[-5.71778,34.72213],[-5.70879,34.71989],[-5.70879,34.7109],[-5.68409,34.71315],[-5.67511,34.72662],[-5.66837,34.72887],[-5.66837,34.73561],[-5.64591,34.74234],[-5.62795,34.73785],[-5.63244,34.72662],[-5.61222,34.72213],[-5.60324,34.72438],[-5.60324,34.71764],[-5.58977,34.72213],[-5.58752,34.71539],[-5.57854,34.7109],[-5.57405,34.69518],[-5.55159,34.69518],[-5.5471,34.67497],[-5.54934,34.67048],[-5.54036,34.67048],[-5.52688,34.63904],[-5.52239,34.63904],[-5.5179,34.64577],[-5.50218,34.64577],[-5.4932,34.64128],[-5.49095,34.6323],[-5.45951,34.63005],[-5.45727,34.62332],[-5.44379,34.62556],[-5.44379,34.62107],[-5.43705,34.62107],[-5.41909,34.6076],[-5.41684,34.59861],[-5.41235,34.59637],[-5.41235,34.58289],[-5.42582,34.57616],[-5.43032,34.56942],[-5.43256,34.5537],[-5.42807,34.55145],[-5.42807,34.53798],[-5.40786,34.53573],[-5.39663,34.5245],[-5.38765,34.5245],[-5.39214,34.53798],[-5.36743,34.53573],[-5.31353,34.51776],[-5.33824,34.49531],[-5.34273,34.48632],[-5.34048,34.48183],[-5.33375,34.48183],[-5.33375,34.47734],[-5.34498,34.46836],[-5.34048,34.46611],[-5.34273,34.45264],[-5.35845,34.43916],[-5.37866,34.43916],[-5.38989,34.42569],[-5.39214,34.41221],[-5.42133,34.39874],[-5.45502,34.39425],[-5.46849,34.38077],[-5.47523,34.38077],[-5.4932,34.36954],[-5.50667,34.36954],[-5.50892,34.37628],[-5.52913,34.37403],[-5.53138,34.36505],[-5.5179,34.3673],[-5.5179,34.35831],[-5.51116,34.35831],[-5.50443,34.34933],[-5.49095,34.34484],[-5.49095,34.34035],[-5.50218,34.33361],[-5.50218,34.32238],[-5.49769,34.31789],[-5.48871,34.31564],[-5.48871,34.32463],[-5.47972,34.32687],[-5.47299,34.31564],[-5.46849,34.31564],[-5.46849,34.32014],[-5.46176,34.32014],[-5.45951,34.31115],[-5.44154,34.30217],[-5.44604,34.29543],[-5.4393,34.29319],[-5.4393,34.2842],[-5.43256,34.27971],[-5.42807,34.26174],[-5.41909,34.25501],[-5.41909,34.24827],[-5.43032,34.24602],[-5.43481,34.23255],[-5.45277,34.23255],[-5.47074,34.21683],[-5.47074,34.2056],[-5.464,34.19213],[-5.44379,34.18539],[-5.45277,34.16518],[-5.46176,34.16518],[-5.46625,34.16068],[-5.46849,34.14721],[-5.48871,34.15395],[-5.49095,34.16293],[-5.49769,34.16293],[-5.4932,34.16068],[-5.4932,34.15395],[-5.49769,34.1517],[-5.51566,34.1517],[-5.52913,34.15844],[-5.53362,34.13374],[-5.53811,34.12924],[-5.55608,34.12251],[-5.5718,34.11128],[-5.5718,34.11801],[-5.57854,34.12026],[-5.57629,34.11352],[-5.58078,34.11577],[-5.58078,34.10679],[-5.5965,34.10679],[-5.60549,34.12026],[-5.61222,34.12251],[-5.62795,34.12026],[-5.64142,34.12475],[-5.64591,34.11801],[-5.70655,34.12026],[-5.70655,34.15619],[-5.69981,34.15619],[-5.7043,34.17191],[-5.71104,34.17191],[-5.73799,34.15844],[-5.75146,34.15844],[-5.75371,34.16742],[-5.76045,34.16742],[-5.76943,34.16068],[-5.78515,34.19437],[-5.78964,34.19662],[-5.7874,34.20335],[-5.79189,34.2056],[-5.76943,34.20785],[-5.77617,34.20111],[-5.76269,34.19886],[-5.7582,34.20335],[-5.75596,34.19662],[-5.75146,34.20111],[-5.74922,34.19886],[-5.74248,34.20111],[-5.74248,34.20785],[-5.73574,34.20785],[-5.7335,34.20111],[-5.72227,34.20111],[-5.72451,34.20785],[-5.73125,34.2056],[-5.7335,34.21234],[-5.74023,34.21009],[-5.73799,34.21683],[-5.74697,34.22581],[-5.74473,34.23255],[-5.73574,34.23704],[-5.74023,34.2303],[-5.7335,34.2303],[-5.73574,34.22581],[-5.73125,34.22581],[-5.73125,34.22132],[-5.71329,34.21683],[-5.71553,34.22357],[-5.70879,34.22581],[-5.70879,34.2303],[-5.7043,34.22806],[-5.7043,34.23255],[-5.69981,34.23255],[-5.70206,34.23704],[-5.68634,34.23704],[-5.68409,34.25501],[-5.69083,34.25501],[-5.69083,34.26174],[-5.69756,34.26174],[-5.69756,34.26848],[-5.7043,34.26848],[-5.7043,34.27522],[-5.71329,34.27747],[-5.71329,34.2842],[-5.72002,34.2842],[-5.72002,34.29094],[-5.72676,34.29094],[-5.72676,34.29768],[-5.74248,34.29768],[-5.74248,34.30666],[-5.76269,34.30666],[-5.76494,34.3134],[-5.77841,34.3134],[-5.77841,34.31789],[-5.77168,34.32014],[-5.7874,34.32014],[-5.78515,34.33586],[-5.79189,34.33586],[-5.79189,34.36281],[-5.79863,34.36281],[-5.80087,34.37179],[-5.80761,34.37179],[-5.80761,34.38526],[-5.81435,34.38526],[-5.81435,34.392],[-5.82108,34.39425],[-5.82108,34.40098],[-5.82782,34.40098],[-5.82782,34.41895],[-5.83231,34.42344],[-5.8368,34.4212],[-5.8368,34.45713],[-5.85028,34.45713],[-5.85028,34.46387],[-5.85702,34.46387],[-5.86151,34.45713],[-5.88621,34.45264],[-5.88846,34.46611],[-5.92214,34.46611],[-5.92664,34.47285],[-5.9199,34.47285],[-5.91316,34.47959],[-5.89969,34.47959],[-5.90418,34.48183],[-5.90193,34.49306],[-5.91316,34.49082],[-5.91316,34.48632],[-5.90867,34.48857],[-5.90642,34.48183],[-5.9199,34.48183],[-5.91541,34.4998],[-5.93113,34.4998],[-5.93113,34.50878],[-5.9446,34.50878],[-5.9446,34.51552],[-5.96706,34.51552],[-5.96706,34.52226],[-5.98053,34.52226],[-5.98053,34.52899],[-5.99176,34.52899],[-5.99176,34.53349],[-5.99625,34.53349],[-5.99625,34.52899],[-6.00299,34.52899],[-6.00299,34.53798],[-6.01647,34.53798],[-6.01647,34.54471],[-6.0232,34.54471],[-6.02545,34.55145],[-6.03892,34.55145],[-6.03892,34.55819],[-6.0524,34.55819],[-6.05689,34.56493],[-6.05914,34.55819],[-6.09731,34.55819],[-6.09731,34.56717],[-6.11079,34.56717],[-6.11079,34.57391],[-6.12426,34.57391],[-6.12651,34.58065],[-6.1849,34.58065],[-6.18265,34.57616],[-6.18715,34.57166],[-6.19164,34.57391],[-6.19164,34.56717],[-6.20511,34.56717],[-6.20736,34.57391],[-6.22083,34.57391],[-6.22083,34.58065],[-6.27024,34.58065],[-6.27024,34.57391],[-6.27698,34.57391],[-6.27922,34.56717],[-6.2927,34.56717],[-6.2927,34.55819],[-6.30168,34.55819],[-6.30168,34.54471],[-6.31516,34.54471],[-6.31516,34.53798],[-6.32189,34.53798],[-6.32189,34.52899],[-6.33088,34.52899],[-6.32863,34.52226],[-6.33761,34.52226],[-6.33761,34.51552],[-6.36232,34.51552],[-6.36232,34.51103],[-6.36456,34.51552],[-6.3713,34.51552],[-6.37355,34.52226],[-6.39376,34.52226],[-6.39376,34.52899],[-6.40499,34.52899],[-6.396,34.5245],[-6.396,34.51776],[-6.40948,34.51327],[-6.41622,34.51327],[-6.41622,34.52001],[-6.42295,34.51776],[-6.42295,34.52675],[-6.42745,34.52675],[-6.4252,34.52226],[-6.42745,34.52226],[-6.42969,34.51327],[-6.43418,34.51327],[-6.43867,34.53124],[-6.44766,34.53349],[-6.4499,34.52899],[-6.4544,34.52899],[-6.4544,34.51552],[-6.44541,34.51327],[-6.44541,34.50654],[-6.45889,34.50654],[-6.46338,34.4998],[-6.4499,34.49306],[-6.43867,34.49755],[-6.44092,34.48857],[-6.43194,34.48632],[-6.42969,34.47734],[-6.4252,34.47959],[-6.42295,34.44365],[-6.4252,34.42793],[-6.43194,34.42793],[-6.43194,34.41446],[-6.44541,34.41446],[-6.44541,34.40772],[-6.45215,34.40772],[-6.4499,34.40098],[-6.45889,34.39874],[-6.45889,34.38077],[-6.46338,34.38302],[-6.46338,34.37853],[-6.4544,34.37628],[-6.4544,34.36954],[-6.44541,34.36954],[-6.44541,34.36505],[-6.43867,34.36281],[-6.43643,34.3381],[-6.43867,34.32687],[-6.44541,34.32687],[-6.44541,34.30441],[-6.42969,34.30217],[-6.42969,34.29543],[-6.42295,34.29543],[-6.42295,34.30217],[-6.42745,34.30441],[-6.42295,34.30666],[-6.42295,34.32238],[-6.40948,34.31564],[-6.41173,34.30891],[-6.40948,34.29319],[-6.4005,34.29543],[-6.40948,34.29992],[-6.40499,34.30666],[-6.4005,34.29992],[-6.39151,34.30217],[-6.38702,34.29543],[-6.37355,34.29992],[-6.3713,34.30666],[-6.37804,34.30666],[-6.37804,34.30217],[-6.39376,34.30441],[-6.39376,34.32014],[-6.38927,34.32014],[-6.38927,34.32463],[-6.38253,34.32912],[-6.37355,34.32687],[-6.37355,34.33361],[-6.37804,34.33586],[-6.37804,34.34933],[-6.37355,34.35158],[-6.36681,34.34933],[-6.36681,34.34035],[-6.36456,34.34708],[-6.35783,34.34708],[-6.35783,34.35607],[-6.35109,34.35607],[-6.35109,34.34933],[-6.3466,34.34708],[-6.34211,34.34708],[-6.33761,34.35382],[-6.33088,34.34708],[-6.32414,34.34933],[-6.32189,34.34259],[-6.31516,34.34259],[-6.31965,34.35158],[-6.31291,34.35382],[-6.3174,34.35607],[-6.30617,34.35831],[-6.30842,34.36281],[-6.29944,34.36281],[-6.29944,34.37628],[-6.2927,34.37628],[-6.2927,34.38302],[-6.28596,34.38302],[-6.28596,34.392],[-6.27698,34.392],[-6.27698,34.39874],[-6.27024,34.39874],[-6.26799,34.40772],[-6.25677,34.40772],[-6.25677,34.42344],[-6.25003,34.42344],[-6.25003,34.43018],[-6.23655,34.42569],[-6.24105,34.4212],[-6.17816,34.4212],[-6.18265,34.4167],[-6.16918,34.41221],[-6.16918,34.40548],[-6.16469,34.40548],[-6.16469,34.41221],[-6.15346,34.41221],[-6.15571,34.40548],[-6.11079,34.40548],[-6.10854,34.40997],[-6.10854,34.40548],[-6.10181,34.40772],[-6.10405,34.39874],[-6.08159,34.39874],[-6.07486,34.39649],[-6.0771,34.392],[-6.0524,34.392],[-6.05465,34.38526],[-6.03219,34.38302],[-6.03219,34.37853],[-6.01871,34.37628],[-6.01871,34.36954],[-6.00973,34.36954],[-6.00524,34.36281],[-5.98952,34.36281],[-5.98503,34.3673],[-5.98503,34.36056],[-5.99625,34.35831],[-5.98952,34.35607],[-5.98952,34.35158],[-5.99401,34.35158],[-5.98952,34.34708],[-5.99401,34.34708],[-5.99176,34.34259],[-5.99625,34.34035],[-5.98727,34.34035],[-5.98278,34.33361],[-5.97604,34.33361],[-5.97604,34.32912],[-5.96931,34.32687],[-5.97155,34.32014],[-5.95808,34.31789],[-5.95808,34.3134],[-5.95358,34.31564],[-5.95358,34.30891],[-5.93786,34.31115],[-5.94011,34.30441],[-5.93562,34.29768],[-5.93337,34.30441],[-5.92888,34.30441],[-5.92888,34.31789],[-5.92439,34.31564],[-5.9199,34.32238],[-5.93337,34.32238],[-5.94011,34.32912],[-5.95134,34.32912],[-5.95358,34.34933],[-5.96032,34.35382],[-5.97155,34.35382],[-5.96706,34.35607],[-5.9738,34.36056],[-5.96931,34.36281],[-5.96931,34.36954],[-5.96257,34.36505],[-5.95583,34.3673],[-5.95583,34.35607],[-5.95134,34.35831],[-5.94685,34.35382],[-5.95134,34.34708],[-5.94909,34.3381],[-5.93562,34.34259],[-5.93562,34.32912],[-5.9199,34.33136],[-5.9199,34.32687],[-5.91316,34.32912],[-5.89969,34.31789],[-5.90642,34.30441],[-5.89744,34.30441],[-5.89744,34.29319],[-5.90867,34.29094],[-5.90867,34.2842],[-5.91541,34.2842],[-5.91765,34.27747],[-5.91541,34.27297],[-5.91091,34.27522],[-5.91316,34.26848],[-5.90193,34.26848],[-5.90193,34.26174],[-5.89295,34.26174],[-5.89519,34.26624],[-5.88846,34.26848],[-5.88846,34.25725],[-5.88172,34.25501],[-5.88172,34.24827],[-5.88846,34.24602],[-5.88846,34.24153],[-5.88172,34.24378],[-5.87947,34.2303],[-5.87274,34.2303],[-5.87947,34.22806],[-5.87274,34.22581],[-5.87274,34.21683],[-5.86151,34.21907],[-5.85926,34.21234],[-5.85252,34.21009],[-5.85702,34.21458],[-5.85702,34.22132],[-5.86151,34.22132],[-5.85702,34.22357],[-5.85702,34.23704],[-5.85252,34.23704],[-5.85252,34.22581],[-5.84803,34.22357],[-5.85028,34.21683],[-5.84579,34.21683],[-5.84354,34.21009],[-5.8368,34.21234],[-5.8368,34.20111],[-5.83231,34.20335],[-5.83007,34.19886],[-5.82108,34.19886],[-5.82557,34.19437],[-5.81435,34.19213],[-5.81884,34.18763],[-5.82782,34.18763],[-5.82782,34.18314],[-5.8121,34.15619],[-5.85477,34.14272],[-5.87947,34.11801],[-5.88172,34.10229],[-5.87274,34.09556],[-5.85028,34.06187],[-5.8413,34.05962],[-5.83231,34.05064],[-5.80985,34.04615],[-5.79863,34.02818],[-5.80087,34.02145],[-5.80985,34.0192],[-5.80985,34.01022],[-5.79863,34.00348],[-5.79413,33.99225],[-5.78515,33.99],[-5.77168,33.97878],[-5.76494,33.96081],[-5.75146,33.94733],[-5.75596,33.94284],[-5.75371,33.93386],[-5.76045,33.92712],[-5.77392,33.92712],[-5.77392,33.91589],[-5.78066,33.90691],[-5.77617,33.89568],[-5.79863,33.89119],[-5.79638,33.88445],[-5.80536,33.87772],[-5.80312,33.86649],[-5.79863,33.86649],[-5.79189,33.8575],[-5.76718,33.85301],[-5.7582,33.84178],[-5.75371,33.84178],[-5.75371,33.83055],[-5.76045,33.81483],[-5.73125,33.80585],[-5.72002,33.79013],[-5.71329,33.78788],[-5.71778,33.76992],[-5.73125,33.7542],[-5.74023,33.70479],[-5.76494,33.68907],[-5.76943,33.68009],[-5.7829,33.66886],[-5.77617,33.64864],[-5.78964,33.61047],[-5.80087,33.60597],[-5.77841,33.55657],[-5.7829,33.5386],[-5.77841,33.5139],[-5.81435,33.49818],[-5.81659,33.49144],[-5.82333,33.49144],[-5.81435,33.48919],[-5.80985,33.48021],[-5.7874,33.48021],[-5.78515,33.47572],[-5.78515,33.46674],[-5.78964,33.46449],[-5.80312,33.43305],[-5.81659,33.42407],[-5.80536,33.40385],[-5.80536,33.37915],[-5.81435,33.35894],[-5.80087,33.3522],[-5.79413,33.33873],[-5.77841,33.33873],[-5.77392,33.33199],[-5.79189,33.32525],[-5.80985,33.30728],[-5.83231,33.30504],[-5.83231,33.30953],[-5.88172,33.30953],[-5.88621,33.31402],[-5.90193,33.31178],[-5.91765,33.31627],[-5.91765,33.32301],[-5.91316,33.32301],[-5.91316,33.3275],[-5.91765,33.3275],[-5.92214,33.32301],[-5.92214,33.31627],[-5.92664,33.31627],[-5.92664,33.32525],[-5.93337,33.32974],[-5.93786,33.32974],[-5.9446,33.31851],[-5.95358,33.31851],[-5.96481,33.32974],[-5.9738,33.31851],[-5.99176,33.32076],[-5.99401,33.30504],[-6.07486,33.30504],[-6.09282,33.31402],[-6.09507,33.3275],[-6.10405,33.33648],[-6.11977,33.33648],[-6.12426,33.34097],[-6.131,33.34097],[-6.13549,33.33648],[-6.15121,33.33423],[-6.16469,33.33648],[-6.17367,33.34546],[-6.19388,33.34546],[-6.19838,33.34097],[-6.20511,33.34097],[-6.2141,33.34771],[-6.21185,33.35894],[-6.21634,33.37017],[-6.2096,33.3769],[-6.2096,33.39038],[-6.2141,33.39936],[-6.2096,33.42856],[-6.20062,33.43529],[-6.20062,33.43979],[-6.20736,33.43979],[-6.2141,33.44652],[-6.2388,33.44428],[-6.24554,33.44877],[-6.27698,33.44877],[-6.29494,33.46224],[-6.3174,33.46224],[-6.33312,33.47796],[-6.35783,33.48021],[-6.36007,33.41733],[-6.37355,33.40835],[-6.37579,33.38813],[-6.4005,33.37017],[-6.39151,33.34546],[-6.40948,33.32525],[-6.40948,33.31851],[-6.39376,33.29606],[-6.39376,33.28932],[-6.38253,33.28034],[-6.38478,33.25114],[-6.40723,33.22419],[-6.45664,33.2197],[-6.46113,33.21745],[-6.47236,33.195],[-6.49033,33.18601],[-6.50829,33.18601],[-6.51952,33.17478],[-6.52177,33.15682],[-6.52851,33.15233],[-6.52851,33.14783],[-6.54198,33.14783],[-6.55995,33.17478],[-6.57342,33.17478],[-6.57791,33.18377],[-6.59139,33.1905],[-6.61609,33.19275],[-6.62508,33.19949],[-6.65202,33.20847],[-6.68571,33.21296],[-6.78453,33.21521],[-6.798,33.22194],[-6.80698,33.23317],[-6.80025,33.2444],[-6.798,33.27809],[-6.80249,33.29606],[-6.80249,33.32525],[-6.80923,33.34995],[-6.81148,33.39712],[-6.80923,33.41059],[-6.798,33.42182],[-6.798,33.42856],[-6.81148,33.44428],[-6.8272,33.45326],[-6.82944,33.48021],[-6.8227,33.48919],[-6.80698,33.49818],[-6.78677,33.49818],[-6.77105,33.51614],[-6.75982,33.54534],[-6.76881,33.54758],[-6.7733,33.56106],[-6.798,33.56106],[-6.80923,33.57004],[-6.8766,33.5678],[-6.8811,33.57229],[-6.91029,33.57229],[-6.91703,33.58127],[-6.92826,33.58352],[-6.93724,33.57903],[-6.93949,33.57229],[-6.94847,33.56555],[-6.94398,33.54534],[-6.95296,33.54085],[-6.96194,33.54534],[-6.96194,33.55208],[-6.97542,33.56106],[-6.97542,33.56555],[-6.98216,33.5678],[-6.97766,33.57453],[-6.9844,33.57903],[-6.9844,33.58352],[-6.98889,33.58352],[-6.98889,33.59025],[-6.99338,33.59025],[-6.99114,33.60597],[-7.00461,33.61271],[-7.00686,33.62394],[-7.00461,33.63068],[-7.00012,33.63068],[-7.00461,33.6464],[-7.00911,33.65314],[-7.01584,33.65314],[-7.01809,33.67559],[-7.02258,33.68009],[-7.02932,33.68009],[-7.02932,33.69581],[-7.02258,33.70479],[-7.02707,33.70928],[-7.02932,33.72949],[-7.0383,33.74072],[-7.04279,33.76767],[-7.05177,33.76767],[-7.05402,33.77665],[-7.063,33.78115],[-7.06525,33.79911],[-7.07648,33.79238],[-7.10118,33.79462],[-7.11017,33.81483],[-7.12589,33.82831],[-7.12589,33.8328],[-7.10792,33.84178],[-7.08322,33.86199],[-7.07199,33.86424],[-7.06525,33.87098],[-7.05402,33.87098],[-7.05177,33.87547],[-7.03605,33.87772],[-7.02932,33.88445],[-7.01584,33.88894]],[[-5.55159,34.67048],[-5.55159,34.66823],[-5.54934,34.66823],[-5.54934,34.67048],[-5.55159,34.67048]],[[-5.49994,34.16068],[-5.49994,34.15844],[-5.49769,34.15844],[-5.49769,34.16068],[-5.49994,34.16068]],[[-5.58078,34.12475],[-5.58303,34.12924],[-5.58752,34.12924],[-5.58528,34.12475],[-5.59201,34.12475],[-5.59201,34.11801],[-5.58752,34.11801],[-5.58977,34.11352],[-5.58078,34.11577],[-5.58078,34.12475]],[[-5.70206,34.17191],[-5.70206,34.17416],[-5.7043,34.17416],[-5.7043,34.17191],[-5.70206,34.17191]],[[-5.78066,34.20111],[-5.78066,34.19886],[-5.77617,34.19886],[-5.77617,34.20111],[-5.78066,34.20111]],[[-5.76718,34.19886],[-5.76718,34.19662],[-5.76494,34.19662],[-5.76494,34.19886],[-5.76718,34.19886]],[[-5.73799,34.2056],[-5.73799,34.20335],[-5.73574,34.20335],[-5.73574,34.2056],[-5.73799,34.2056]],[[-5.72227,34.19886],[-5.71778,34.19662],[-5.71778,34.20111],[-5.72227,34.20111],[-5.72227,34.19886]],[[-5.88397,34.45488],[-5.88397,34.45713],[-5.88621,34.45713],[-5.88621,34.45488],[-5.88397,34.45488]],[[-5.90193,34.48408],[-5.89744,34.48408],[-5.89519,34.47285],[-5.90867,34.47509],[-5.91765,34.47285],[-5.91765,34.46836],[-5.89744,34.4706],[-5.88172,34.46611],[-5.88172,34.4706],[-5.88846,34.47285],[-5.88621,34.47959],[-5.89295,34.47959],[-5.89295,34.48632],[-5.90193,34.48408]],[[-5.88172,34.45713],[-5.87498,34.45713],[-5.87947,34.45937],[-5.87498,34.46387],[-5.88172,34.46611],[-5.88172,34.45713]],[[-6.4499,34.53349],[-6.45215,34.53349],[-6.45215,34.53124],[-6.4499,34.53124],[-6.4499,34.53349]],[[-6.44541,34.48857],[-6.44541,34.48632],[-6.44092,34.48632],[-6.44092,34.48857],[-6.44541,34.48857]],[[-6.41622,34.31564],[-6.41622,34.3134],[-6.41397,34.3134],[-6.41397,34.31564],[-6.41622,34.31564]],[[-6.38927,34.3134],[-6.38927,34.31789],[-6.39151,34.31789],[-6.39151,34.3134],[-6.38927,34.3134]],[[-6.38927,34.30891],[-6.38702,34.30891],[-6.38702,34.3134],[-6.38927,34.3134],[-6.38927,34.30891]],[[-6.38253,34.3134],[-6.38478,34.31789],[-6.38702,34.31789],[-6.38702,34.3134],[-6.38253,34.3134]],[[-6.3713,34.33586],[-6.36906,34.34035],[-6.37579,34.34259],[-6.37579,34.33586],[-6.3713,34.33586]],[[-6.3713,34.33361],[-6.36681,34.33361],[-6.36681,34.33586],[-6.3713,34.33586],[-6.3713,34.33361]],[[-6.37355,34.34708],[-6.3713,34.34708],[-6.3713,34.34933],[-6.37355,34.34933],[-6.37355,34.34708]],[[-6.3713,34.34259],[-6.36906,34.34259],[-6.36906,34.34708],[-6.3713,34.34708],[-6.3713,34.34259]],[[-5.92439,34.3134],[-5.92214,34.3134],[-5.92214,34.31564],[-5.92439,34.31564],[-5.92439,34.3134]],[[-5.94685,34.33586],[-5.9446,34.33586],[-5.9446,34.3381],[-5.94685,34.3381],[-5.94685,34.33586]],[[-5.91765,34.28645],[-5.91765,34.29094],[-5.92439,34.28869],[-5.9199,34.27971],[-5.91765,34.28645]],[[-5.85028,34.21234],[-5.85028,34.21009],[-5.84579,34.21009],[-5.84579,34.21234],[-5.85028,34.21234]],[[-5.82782,34.19437],[-5.83007,34.19213],[-5.83007,34.18988],[-5.82557,34.18988],[-5.82782,34.19437]],[[-7.03156,33.87772],[-7.02932,33.87772],[-7.02932,33.87996],[-7.03156,33.87996],[-7.03156,33.87772]],[[-6.15795,34.70417],[-6.15795,34.70192],[-6.15571,34.70192],[-6.15571,34.70417],[-6.15795,34.70417]],[[-6.12202,34.6862],[-6.12202,34.68395],[-6.11977,34.68395],[-6.11977,34.6862],[-6.12202,34.6862]],[[-6.37579,34.66374],[-6.37579,34.6615],[-6.37355,34.6615],[-6.37355,34.66374],[-6.37579,34.66374]],[[-6.26575,34.66374],[-6.26575,34.6615],[-6.2635,34.6615],[-6.2635,34.66374],[-6.26575,34.66374]],[[-6.18715,34.66374],[-6.18715,34.6615],[-6.18265,34.6615],[-6.18265,34.66374],[-6.18715,34.66374]],[[-6.12651,34.65925],[-6.12426,34.65925],[-6.12426,34.6615],[-6.12651,34.6615],[-6.12651,34.65925]],[[-6.131,34.65925],[-6.131,34.65476],[-6.12651,34.65476],[-6.12651,34.65925],[-6.131,34.65925]],[[-6.13774,34.65476],[-6.13774,34.65251],[-6.131,34.65251],[-6.131,34.65476],[-6.13774,34.65476]],[[-6.13549,34.65925],[-6.13549,34.657],[-6.13325,34.657],[-6.13325,34.65925],[-6.13549,34.65925]],[[-6.14448,34.65476],[-6.14448,34.65251],[-6.13998,34.65251],[-6.13998,34.65476],[-6.14448,34.65476]],[[-6.27473,34.65027],[-6.27473,34.64577],[-6.27249,34.64577],[-6.27249,34.65027],[-6.27473,34.65027]],[[-6.26799,34.64802],[-6.26799,34.64577],[-6.2635,34.64577],[-6.2635,34.64802],[-6.26799,34.64802]],[[-6.15571,34.64128],[-6.15571,34.63904],[-6.15346,34.63904],[-6.15346,34.64128],[-6.15571,34.64128]],[[-6.14448,34.63904],[-6.14223,34.64128],[-6.14672,34.64128],[-6.14672,34.63679],[-6.14448,34.63904]],[[-6.14897,34.63679],[-6.14897,34.63455],[-6.14672,34.63455],[-6.14672,34.63679],[-6.14897,34.63679]],[[-6.40274,34.63679],[-6.40274,34.63455],[-6.4005,34.63455],[-6.4005,34.63679],[-6.40274,34.63679]],[[-6.07935,34.61883],[-6.07935,34.61658],[-6.0771,34.61658],[-6.0771,34.61883],[-6.07935,34.61883]],[[-6.18265,34.61658],[-6.18265,34.61433],[-6.18041,34.61433],[-6.18041,34.61658],[-6.18265,34.61658]],[[-6.15121,34.6031],[-6.15121,34.60086],[-6.14897,34.60086],[-6.14897,34.6031],[-6.15121,34.6031]],[[-6.2927,34.57391],[-6.2927,34.57166],[-6.29045,34.57166],[-6.29045,34.57391],[-6.2927,34.57391]],[[-6.30168,34.56493],[-6.30168,34.56268],[-6.29944,34.56268],[-6.29944,34.56493],[-6.30168,34.56493]],[[-6.32639,34.55819],[-6.32639,34.55594],[-6.32414,34.55594],[-6.32414,34.55819],[-6.32639,34.55819]],[[-5.59426,34.5537],[-5.59426,34.55145],[-5.59201,34.55145],[-5.59201,34.5537],[-5.59426,34.5537]],[[-6.43643,34.54696],[-6.43867,34.55145],[-6.44092,34.55145],[-6.44092,34.54696],[-6.43643,34.54696]],[[-6.34884,34.54921],[-6.34884,34.54696],[-6.3466,34.54696],[-6.3466,34.54921],[-6.34884,34.54921]],[[-6.47685,34.54471],[-6.47685,34.54247],[-6.47461,34.54247],[-6.47461,34.54471],[-6.47685,34.54471]],[[-6.48134,34.53573],[-6.48134,34.53349],[-6.4791,34.53349],[-6.4791,34.53573],[-6.48134,34.53573]],[[-6.42969,34.53349],[-6.42969,34.53124],[-6.42745,34.53124],[-6.42745,34.53349],[-6.42969,34.53349]],[[-5.77617,34.53124],[-5.77617,34.52899],[-5.77392,34.52899],[-5.77392,34.53124],[-5.77617,34.53124]],[[-6.43194,34.52899],[-6.43194,34.52675],[-6.42969,34.52675],[-6.42969,34.52899],[-6.43194,34.52899]],[[-6.45664,34.51776],[-6.45889,34.5245],[-6.46113,34.5245],[-6.46113,34.51776],[-6.45664,34.51776]],[[-6.40499,34.5245],[-6.40499,34.52226],[-6.4005,34.52226],[-6.4005,34.5245],[-6.40499,34.5245]],[[-6.40948,34.52226],[-6.40948,34.52001],[-6.40723,34.52001],[-6.40723,34.52226],[-6.40948,34.52226]],[[-5.8121,34.50878],[-5.8121,34.50654],[-5.80985,34.50654],[-5.80985,34.50878],[-5.8121,34.50878]],[[-6.46562,34.49531],[-6.46562,34.49082],[-6.46113,34.48857],[-6.46113,34.49306],[-6.46562,34.49531]],[[-6.4544,34.48632],[-6.4544,34.48408],[-6.45215,34.48408],[-6.45215,34.48632],[-6.4544,34.48632]],[[-6.4499,34.48632],[-6.4499,34.48408],[-6.44766,34.48408],[-6.44766,34.48632],[-6.4499,34.48632]],[[-6.43643,34.48408],[-6.43643,34.48183],[-6.43418,34.48183],[-6.43418,34.48408],[-6.43643,34.48408]],[[-5.464,34.47959],[-5.464,34.47734],[-5.46176,34.47734],[-5.46176,34.47959],[-5.464,34.47959]],[[-5.87723,34.4706],[-5.87723,34.46611],[-5.87274,34.46611],[-5.87274,34.47285],[-5.87723,34.4706]],[[-6.49707,34.41446],[-6.49257,34.41221],[-6.49257,34.41895],[-6.49931,34.4212],[-6.50156,34.41446],[-6.49482,34.4167],[-6.49707,34.41446]],[[-6.43643,34.41895],[-6.43643,34.4167],[-6.43418,34.4167],[-6.43418,34.41895],[-6.43643,34.41895]],[[-6.50829,34.41446],[-6.50829,34.41221],[-6.50605,34.41221],[-6.50605,34.41446],[-6.50829,34.41446]],[[-6.5038,34.41221],[-6.5038,34.40997],[-6.50156,34.40997],[-6.50156,34.41221],[-6.5038,34.41221]],[[-6.49482,34.40997],[-6.49482,34.40548],[-6.49257,34.40548],[-6.49257,34.40997],[-6.49482,34.40997]],[[-6.49033,34.40997],[-6.49033,34.40772],[-6.48808,34.40772],[-6.48808,34.40997],[-6.49033,34.40997]],[[-5.44379,34.40772],[-5.44379,34.40548],[-5.44154,34.40548],[-5.44154,34.40772],[-5.44379,34.40772]],[[-6.46338,34.36954],[-6.46338,34.3673],[-6.46113,34.3673],[-6.46113,34.36954],[-6.46338,34.36954]],[[-6.47461,34.36056],[-6.47461,34.35831],[-6.47236,34.35831],[-6.47236,34.36056],[-6.47461,34.36056]],[[-5.76718,34.34708],[-5.76718,34.34484],[-5.76494,34.34484],[-5.76494,34.34708],[-5.76718,34.34708]],[[-6.33088,34.34035],[-6.32863,34.34484],[-6.34211,34.34484],[-6.34211,34.34259],[-6.33088,34.34035]],[[-6.33088,34.3381],[-6.32863,34.3381],[-6.32863,34.34035],[-6.33088,34.34035],[-6.33088,34.3381]],[[-6.33761,34.3381],[-6.35109,34.34035],[-6.35558,34.33586],[-6.35783,34.32687],[-6.35109,34.32463],[-6.35558,34.32238],[-6.35558,34.30891],[-6.3466,34.3134],[-6.32414,34.30666],[-6.32639,34.3134],[-6.31965,34.3134],[-6.31516,34.30666],[-6.31965,34.29992],[-6.31965,34.29319],[-6.31516,34.29094],[-6.31965,34.28645],[-6.31516,34.28196],[-6.3174,34.27522],[-6.31291,34.27522],[-6.31291,34.28196],[-6.30617,34.28196],[-6.30168,34.28645],[-6.30617,34.27747],[-6.30393,34.26399],[-6.30842,34.2595],[-6.30168,34.2595],[-6.29944,34.26399],[-6.29494,34.2595],[-6.29719,34.25501],[-6.2927,34.25501],[-6.2927,34.26174],[-6.28596,34.26848],[-6.28596,34.28196],[-6.29045,34.27971],[-6.2927,34.27073],[-6.29719,34.27522],[-6.29719,34.28196],[-6.29494,34.28645],[-6.28596,34.2842],[-6.28596,34.28869],[-6.2927,34.28869],[-6.2927,34.29319],[-6.29719,34.29319],[-6.29944,34.29768],[-6.30617,34.29543],[-6.30617,34.30441],[-6.31291,34.30666],[-6.31291,34.32238],[-6.31965,34.32687],[-6.32414,34.32687],[-6.32414,34.31564],[-6.32639,34.31789],[-6.3466,34.31564],[-6.34211,34.32912],[-6.33761,34.32912],[-6.33312,34.32014],[-6.32639,34.32463],[-6.33088,34.3381],[-6.33761,34.3381]],[[-6.31066,34.2595],[-6.31066,34.25501],[-6.3174,34.25725],[-6.31516,34.25052],[-6.30168,34.25276],[-6.31066,34.2595]],[[-6.3174,34.25052],[-6.32189,34.24378],[-6.32189,34.23704],[-6.31291,34.24153],[-6.31291,34.24827],[-6.3174,34.25052]],[[-6.31965,34.25276],[-6.32414,34.25052],[-6.32414,34.24827],[-6.31965,34.24827],[-6.31965,34.25276]],[[-6.32189,34.25725],[-6.32639,34.25501],[-6.32639,34.25276],[-6.32189,34.25276],[-6.32189,34.25725]],[[-6.31965,34.2348],[-6.3174,34.2348],[-6.3174,34.23704],[-6.31965,34.23704],[-6.31965,34.2348]],[[-6.31516,34.23704],[-6.31291,34.23704],[-6.31291,34.23929],[-6.31516,34.23929],[-6.31516,34.23704]],[[-6.2927,34.29543],[-6.29494,34.30217],[-6.29719,34.30217],[-6.29719,34.29543],[-6.2927,34.29543]],[[-6.30393,34.30441],[-6.30393,34.30666],[-6.30617,34.30666],[-6.30617,34.30441],[-6.30393,34.30441]],[[-6.30168,34.30666],[-6.30168,34.31115],[-6.30842,34.3134],[-6.30842,34.30891],[-6.30168,34.30666]],[[-6.34211,34.32463],[-6.34211,34.32014],[-6.33761,34.32014],[-6.33761,34.32463],[-6.34211,34.32463]],[[-6.32863,34.32014],[-6.32639,34.32014],[-6.32639,34.32238],[-6.32863,34.32238],[-6.32863,34.32014]],[[-6.35558,34.3381],[-6.35558,34.34035],[-6.36232,34.34259],[-6.36232,34.3381],[-6.35558,34.3381]],[[-6.30842,34.34035],[-6.30842,34.3381],[-6.30617,34.3381],[-6.30617,34.34035],[-6.30842,34.34035]],[[-6.31965,34.3381],[-6.31965,34.33361],[-6.31516,34.33136],[-6.31291,34.3381],[-6.31965,34.3381]],[[-6.32639,34.33586],[-6.32639,34.33136],[-6.32414,34.33136],[-6.32414,34.33586],[-6.32639,34.33586]],[[-5.76943,34.33361],[-5.76943,34.33136],[-5.76718,34.33136],[-5.76718,34.33361],[-5.76943,34.33361]],[[-6.54872,34.33136],[-6.54872,34.32912],[-6.54647,34.32912],[-6.54647,34.33136],[-6.54872,34.33136]],[[-5.78066,34.32687],[-5.78066,34.32463],[-5.77841,34.32463],[-5.77841,34.32687],[-5.78066,34.32687]],[[-6.52851,34.31564],[-6.52851,34.32463],[-6.533,34.32463],[-6.533,34.31789],[-6.52851,34.31564]],[[-6.37355,34.32014],[-6.36681,34.31115],[-6.36906,34.30441],[-6.36007,34.29992],[-6.36007,34.30666],[-6.36456,34.30666],[-6.36681,34.3134],[-6.36456,34.32238],[-6.36906,34.32014],[-6.37355,34.32463],[-6.37355,34.32014]],[[-6.36232,34.32238],[-6.36232,34.32463],[-6.36456,34.32463],[-6.36456,34.32238],[-6.36232,34.32238]],[[-5.91765,34.32463],[-5.91765,34.31789],[-5.91541,34.31789],[-5.91316,34.32238],[-5.91765,34.32463]],[[-5.91091,34.32238],[-5.91091,34.32014],[-5.90867,34.32014],[-5.90867,34.32238],[-5.91091,34.32238]],[[-6.55546,34.32014],[-6.55546,34.31789],[-6.54872,34.31789],[-6.54872,34.32014],[-6.55546,34.32014]],[[-6.52401,34.31789],[-6.52401,34.31564],[-6.52177,34.31564],[-6.52177,34.32014],[-6.52626,34.32014],[-6.52401,34.31789]],[[-6.54198,34.31789],[-6.54198,34.3134],[-6.53974,34.3134],[-6.53974,34.31789],[-6.54198,34.31789]],[[-6.37804,34.31564],[-6.37804,34.3134],[-6.37579,34.3134],[-6.37579,34.31564],[-6.37804,34.31564]],[[-5.91765,34.31564],[-5.91765,34.3134],[-5.91541,34.3134],[-5.91541,34.31564],[-5.91765,34.31564]],[[-5.91091,34.3134],[-5.91091,34.31115],[-5.90642,34.31115],[-5.90642,34.3134],[-5.91091,34.3134]],[[-6.54198,34.30891],[-6.53974,34.30891],[-6.53974,34.31115],[-6.54198,34.31115],[-6.54198,34.30891]],[[-6.54423,34.30891],[-6.54423,34.30666],[-6.54198,34.30666],[-6.54198,34.30891],[-6.54423,34.30891]],[[-6.54872,34.30666],[-6.54872,34.30441],[-6.54423,34.30441],[-6.54423,34.30666],[-6.54872,34.30666]],[[-6.36007,34.31115],[-6.36007,34.30891],[-6.35783,34.30891],[-6.35783,34.31115],[-6.36007,34.31115]],[[-6.41622,34.30891],[-6.41622,34.30666],[-6.41397,34.30666],[-6.41397,34.30891],[-6.41622,34.30891]],[[-6.38478,34.30666],[-6.38478,34.30441],[-6.38253,34.30441],[-6.38253,34.30666],[-6.38478,34.30666]],[[-6.33088,34.30666],[-6.33088,34.30441],[-6.32863,34.30441],[-6.32863,34.30666],[-6.33088,34.30666]],[[-6.33986,34.30217],[-6.34884,34.30441],[-6.35333,34.29768],[-6.34884,34.29768],[-6.33986,34.30217]],[[-6.32639,34.30441],[-6.32639,34.30217],[-6.32414,34.30217],[-6.32414,34.30441],[-6.32639,34.30441]],[[-5.91541,34.30441],[-5.91541,34.30217],[-5.91316,34.30217],[-5.91316,34.30441],[-5.91541,34.30441]],[[-6.5577,34.30217],[-6.5577,34.29992],[-6.55546,34.29992],[-6.55546,34.30217],[-6.5577,34.30217]],[[-6.44541,34.30217],[-6.44541,34.29992],[-6.44317,34.29992],[-6.44317,34.30217],[-6.44541,34.30217]],[[-5.93113,34.30217],[-5.93113,34.29992],[-5.92888,34.29992],[-5.92888,34.30217],[-5.93113,34.30217]],[[-6.33986,34.29992],[-6.33986,34.29768],[-6.33761,34.29768],[-6.33761,34.29992],[-6.33986,34.29992]],[[-5.92664,34.29992],[-5.92664,34.29768],[-5.92439,34.29768],[-5.92439,34.29992],[-5.92664,34.29992]],[[-6.5577,34.29768],[-6.5577,34.29543],[-6.55546,34.29543],[-6.55546,34.29768],[-6.5577,34.29768]],[[-6.396,34.29768],[-6.396,34.29543],[-6.39376,34.29543],[-6.39376,34.29768],[-6.396,34.29768]],[[-6.64753,34.29543],[-6.64753,34.29319],[-6.64529,34.29319],[-6.64529,34.29543],[-6.64753,34.29543]],[[-6.33986,34.29543],[-6.33986,34.29319],[-6.33761,34.29319],[-6.33761,34.29543],[-6.33986,34.29543]],[[-6.33537,34.29543],[-6.33537,34.29319],[-6.33312,34.29319],[-6.33312,34.29543],[-6.33537,34.29543]],[[-5.92664,34.29094],[-5.92664,34.29319],[-5.93113,34.29543],[-5.93113,34.29094],[-5.92664,34.29094]],[[-6.55546,34.29094],[-6.55546,34.28869],[-6.55321,34.28869],[-6.55321,34.29094],[-6.55546,34.29094]],[[-6.33537,34.28645],[-6.33312,34.29094],[-6.34884,34.28869],[-6.34211,34.28645],[-6.34211,34.28196],[-6.33537,34.28645]],[[-5.91316,34.29094],[-5.91316,34.28869],[-5.91091,34.28869],[-5.91091,34.29094],[-5.91316,34.29094]],[[-6.32414,34.28869],[-6.32414,34.28645],[-6.32189,34.28645],[-6.32189,34.28869],[-6.32414,34.28869]],[[-6.65427,34.28645],[-6.65427,34.2842],[-6.65202,34.2842],[-6.65202,34.28645],[-6.65427,34.28645]],[[-6.55546,34.28645],[-6.55546,34.2842],[-6.55321,34.2842],[-6.55321,34.28645],[-6.55546,34.28645]],[[-6.42745,34.28645],[-6.42745,34.28196],[-6.4252,34.28196],[-6.4252,34.28645],[-6.42745,34.28645]],[[-6.6408,34.27522],[-6.64529,34.27073],[-6.63855,34.27297],[-6.63855,34.2842],[-6.64529,34.28196],[-6.6408,34.27522]],[[-6.64753,34.27073],[-6.64753,34.26848],[-6.64529,34.26848],[-6.64529,34.27073],[-6.64753,34.27073]],[[-6.63406,34.27971],[-6.63406,34.28196],[-6.6363,34.28196],[-6.6363,34.27971],[-6.63406,34.27971]],[[-6.33088,34.2842],[-6.33088,34.28196],[-6.32863,34.28196],[-6.32863,34.2842],[-6.33088,34.2842]],[[-6.41397,34.27073],[-6.41397,34.27522],[-6.41846,34.27747],[-6.41846,34.27073],[-6.41397,34.27073]],[[-6.58914,34.27297],[-6.58914,34.27073],[-6.5869,34.27073],[-6.5869,34.27297],[-6.58914,34.27297]],[[-6.31516,34.27073],[-6.31516,34.26848],[-6.31066,34.26848],[-6.31066,34.27297],[-6.31516,34.27073]],[[-6.65202,34.27073],[-6.65202,34.26848],[-6.64978,34.26848],[-6.64978,34.27073],[-6.65202,34.27073]],[[-6.34211,34.27073],[-6.34435,34.26624],[-6.33986,34.26624],[-6.33986,34.27073],[-6.34211,34.27073]],[[-6.33986,34.26399],[-6.33761,34.26399],[-6.33761,34.26624],[-6.33986,34.26624],[-6.33986,34.26399]],[[-6.34884,34.26848],[-6.34884,34.26624],[-6.35333,34.26399],[-6.3466,34.26399],[-6.34884,34.26848]],[[-6.3466,34.26174],[-6.34435,34.26174],[-6.34435,34.26399],[-6.3466,34.26399],[-6.3466,34.26174]],[[-6.34435,34.25501],[-6.34211,34.25501],[-6.34211,34.26174],[-6.34435,34.26174],[-6.34435,34.25501]],[[-6.3466,34.25501],[-6.35109,34.24827],[-6.3466,34.24602],[-6.33986,34.24827],[-6.33986,34.24378],[-6.33312,34.24378],[-6.33537,34.25501],[-6.33986,34.25501],[-6.33761,34.25052],[-6.3466,34.25501]],[[-6.34884,34.24602],[-6.34884,34.24378],[-6.3466,34.24378],[-6.3466,34.24602],[-6.34884,34.24602]],[[-6.33312,34.24153],[-6.33088,34.24153],[-6.33088,34.24378],[-6.33312,34.24378],[-6.33312,34.24153]],[[-6.33537,34.24153],[-6.33537,34.23929],[-6.33312,34.23929],[-6.33312,34.24153],[-6.33537,34.24153]],[[-6.33088,34.25052],[-6.33088,34.25276],[-6.33312,34.25276],[-6.33312,34.25052],[-6.33088,34.25052]],[[-6.62957,34.26624],[-6.62957,34.2595],[-6.62732,34.2595],[-6.62732,34.26624],[-6.62957,34.26624]],[[-6.41622,34.26624],[-6.41622,34.26399],[-6.41397,34.26399],[-6.41397,34.26624],[-6.41622,34.26624]],[[-6.31516,34.26624],[-6.31516,34.26399],[-6.31291,34.26399],[-6.31291,34.26624],[-6.31516,34.26624]],[[-6.64753,34.26174],[-6.64529,34.26174],[-6.64529,34.26399],[-6.64753,34.26399],[-6.64753,34.26174]],[[-6.64978,34.26174],[-6.64978,34.2595],[-6.64753,34.2595],[-6.64753,34.26174],[-6.64978,34.26174]],[[-6.6408,34.2595],[-6.6408,34.25725],[-6.63855,34.25725],[-6.63855,34.2595],[-6.6408,34.2595]],[[-6.62283,34.25725],[-6.62058,34.25725],[-6.62058,34.2595],[-6.62283,34.2595],[-6.62283,34.25725]],[[-6.62508,34.25725],[-6.62508,34.25501],[-6.62283,34.25501],[-6.62283,34.25725],[-6.62508,34.25725]],[[-6.67673,34.25725],[-6.67673,34.25501],[-6.67448,34.25501],[-6.67448,34.25725],[-6.67673,34.25725]],[[-6.39151,34.25725],[-6.39151,34.25501],[-6.38927,34.25501],[-6.38927,34.25725],[-6.39151,34.25725]],[[-6.62283,34.25276],[-6.62283,34.25052],[-6.62058,34.25052],[-6.62058,34.25276],[-6.62283,34.25276]],[[-6.62957,34.24827],[-6.62957,34.25052],[-6.63181,34.25052],[-6.63181,34.24827],[-6.62957,34.24827]],[[-6.62957,34.24602],[-6.63181,34.24153],[-6.62283,34.24378],[-6.62508,34.25052],[-6.62957,34.24602]],[[-6.32863,34.25052],[-6.32863,34.24827],[-6.32639,34.24827],[-6.32639,34.25052],[-6.32863,34.25052]],[[-6.61385,34.24378],[-6.6116,34.24378],[-6.6116,34.24827],[-6.61385,34.24827],[-6.61385,34.24378]],[[-6.61609,34.24378],[-6.61609,34.23929],[-6.61385,34.23929],[-6.61385,34.24378],[-6.61609,34.24378]],[[-6.41622,34.24827],[-6.41622,34.24153],[-6.41397,34.24153],[-6.41173,34.24602],[-6.41622,34.24827]],[[-6.35783,34.24827],[-6.35783,34.24602],[-6.35558,34.24602],[-6.35558,34.24827],[-6.35783,34.24827]],[[-6.31066,34.24827],[-6.31066,34.24378],[-6.30842,34.24378],[-6.30842,34.24827],[-6.31066,34.24827]],[[-6.35333,34.24153],[-6.35109,34.24153],[-6.35109,34.24602],[-6.35333,34.24602],[-6.35333,34.24153]],[[-6.35558,34.24153],[-6.35558,34.2348],[-6.35333,34.2348],[-6.35333,34.24153],[-6.35558,34.24153]],[[-6.37804,34.24378],[-6.37804,34.24153],[-6.37579,34.24153],[-6.37579,34.24378],[-6.37804,34.24378]],[[-6.34435,34.2348],[-6.33986,34.23704],[-6.34211,34.24378],[-6.3466,34.24153],[-6.34435,34.2348]],[[-6.34211,34.2303],[-6.33986,34.2303],[-6.33986,34.2348],[-6.34211,34.2348],[-6.34211,34.2303]],[[-6.34435,34.2303],[-6.34435,34.22806],[-6.34211,34.22806],[-6.34211,34.2303],[-6.34435,34.2303]],[[-6.33761,34.23929],[-6.33761,34.24153],[-6.33986,34.24153],[-6.33986,34.23929],[-6.33761,34.23929]],[[-6.32639,34.24378],[-6.32639,34.24153],[-6.32414,34.24153],[-6.32414,34.24378],[-6.32639,34.24378]],[[-6.38478,34.24153],[-6.38478,34.23929],[-6.38253,34.23929],[-6.38253,34.24153],[-6.38478,34.24153]],[[-6.36456,34.24153],[-6.36681,34.23704],[-6.36232,34.23704],[-6.36007,34.24153],[-6.36456,34.24153]],[[-6.40723,34.2348],[-6.40948,34.23929],[-6.41397,34.23929],[-6.41397,34.2348],[-6.40723,34.2348]],[[-6.62058,34.23704],[-6.62058,34.2348],[-6.61609,34.2348],[-6.61609,34.23704],[-6.62058,34.23704]],[[-6.36007,34.23255],[-6.35783,34.23255],[-6.35783,34.2348],[-6.36007,34.2348],[-6.36007,34.23255]],[[-6.36456,34.23255],[-6.36456,34.2303],[-6.36007,34.2303],[-6.36007,34.23255],[-6.36456,34.23255]],[[-6.31516,34.2348],[-6.31516,34.23255],[-6.31066,34.23255],[-6.31066,34.2348],[-6.31516,34.2348]],[[-6.6116,34.2303],[-6.6116,34.22581],[-6.60711,34.22581],[-6.60711,34.23255],[-6.61385,34.23255],[-6.6116,34.2303]],[[-6.41397,34.2303],[-6.41173,34.2303],[-6.41173,34.23255],[-6.41397,34.23255],[-6.41397,34.2303]],[[-6.41622,34.2303],[-6.41622,34.22806],[-6.41397,34.22806],[-6.41397,34.2303],[-6.41622,34.2303]],[[-6.29719,34.23255],[-6.29719,34.2303],[-6.29494,34.2303],[-6.29494,34.23255],[-6.29719,34.23255]],[[-6.32639,34.2303],[-6.32639,34.22806],[-6.32414,34.22806],[-6.32414,34.2303],[-6.32639,34.2303]],[[-6.31291,34.2303],[-6.31291,34.22806],[-6.31066,34.22806],[-6.31066,34.2303],[-6.31291,34.2303]],[[-5.6796,34.2303],[-5.6796,34.22806],[-5.67735,34.22806],[-5.67735,34.2303],[-5.6796,34.2303]],[[-6.33761,34.22357],[-6.33537,34.22357],[-6.33537,34.22806],[-6.33761,34.22806],[-6.33761,34.22357]],[[-6.33986,34.22357],[-6.33986,34.21907],[-6.34435,34.21683],[-6.34211,34.21234],[-6.33537,34.21458],[-6.33537,34.22132],[-6.33986,34.22357]],[[-6.34211,34.22132],[-6.34435,34.22132],[-6.34435,34.21907],[-6.34211,34.21907],[-6.34211,34.22132]],[[-6.34435,34.22581],[-6.3466,34.22581],[-6.3466,34.22132],[-6.34435,34.22132],[-6.34435,34.22581]],[[-6.34435,34.21234],[-6.34435,34.21009],[-6.34211,34.21009],[-6.34211,34.21234],[-6.34435,34.21234]],[[-6.32189,34.22806],[-6.32189,34.22581],[-6.31965,34.22581],[-6.31965,34.22806],[-6.32189,34.22806]],[[-6.41173,34.22581],[-6.41173,34.22357],[-6.40948,34.22357],[-6.40948,34.22581],[-6.41173,34.22581]],[[-6.37804,34.22581],[-6.38028,34.22357],[-6.38028,34.21683],[-6.37579,34.21907],[-6.37804,34.22581]],[[-6.30393,34.22357],[-6.30393,34.21907],[-6.30168,34.21907],[-6.30168,34.22357],[-6.30393,34.22357]],[[-6.2927,34.21234],[-6.29045,34.22357],[-6.29719,34.22357],[-6.29494,34.21907],[-6.29719,34.21234],[-6.2927,34.21234]],[[-6.29045,34.21234],[-6.28821,34.21234],[-6.28821,34.21458],[-6.29045,34.21458],[-6.29045,34.21234]],[[-6.29944,34.21907],[-6.29944,34.21683],[-6.29719,34.21683],[-6.29719,34.21907],[-6.29944,34.21907]],[[-6.29944,34.21234],[-6.29944,34.20785],[-6.31066,34.19886],[-6.30842,34.18988],[-6.29719,34.19662],[-6.30168,34.20335],[-6.29494,34.2056],[-6.29494,34.21009],[-6.29944,34.21234]],[[-6.31291,34.19437],[-6.31291,34.19213],[-6.31066,34.19213],[-6.31066,34.19437],[-6.31291,34.19437]],[[-6.29494,34.19886],[-6.29494,34.20111],[-6.29719,34.20111],[-6.29719,34.19886],[-6.29494,34.19886]],[[-6.61385,34.21907],[-6.61385,34.21683],[-6.6116,34.21683],[-6.6116,34.21907],[-6.61385,34.21907]],[[-6.39825,34.21907],[-6.39825,34.21683],[-6.396,34.21683],[-6.396,34.21907],[-6.39825,34.21907]],[[-5.63019,34.21907],[-5.63019,34.21234],[-5.63244,34.20785],[-5.62795,34.21009],[-5.63019,34.21907]],[[-6.62508,34.21683],[-6.62508,34.21458],[-6.62283,34.21458],[-6.62283,34.21683],[-6.62508,34.21683]],[[-6.42295,34.21458],[-6.42071,34.21458],[-6.42071,34.21683],[-6.42295,34.21683],[-6.42295,34.21458]],[[-6.4252,34.21458],[-6.4252,34.21234],[-6.42295,34.21234],[-6.42295,34.21458],[-6.4252,34.21458]],[[-6.40499,34.21458],[-6.4005,34.21458],[-6.4005,34.21683],[-6.40499,34.21683],[-6.40499,34.21458]],[[-6.40723,34.21458],[-6.40723,34.21234],[-6.40499,34.21234],[-6.40499,34.21458],[-6.40723,34.21458]],[[-5.65714,34.21683],[-5.65714,34.21234],[-5.65489,34.21234],[-5.65489,34.21683],[-5.65714,34.21683]],[[-6.41173,34.21234],[-6.41173,34.21009],[-6.40948,34.21009],[-6.40948,34.21234],[-6.41173,34.21234]],[[-6.33088,34.20785],[-6.33088,34.21234],[-6.33312,34.21234],[-6.33312,34.20785],[-6.33088,34.20785]],[[-6.33088,34.2056],[-6.32863,34.2056],[-6.32863,34.20785],[-6.33088,34.20785],[-6.33088,34.2056]],[[-6.32863,34.20335],[-6.32639,34.20335],[-6.32639,34.2056],[-6.32863,34.2056],[-6.32863,34.20335]],[[-5.4932,34.21234],[-5.4932,34.21009],[-5.49095,34.21009],[-5.49095,34.21234],[-5.4932,34.21234]],[[-5.48197,34.20335],[-5.47748,34.20335],[-5.47523,34.21234],[-5.48197,34.21234],[-5.48871,34.20111],[-5.49544,34.20335],[-5.4932,34.18988],[-5.48197,34.20335]],[[-5.49544,34.18988],[-5.49544,34.18763],[-5.4932,34.18763],[-5.4932,34.18988],[-5.49544,34.18988]],[[-5.49769,34.18763],[-5.49769,34.18539],[-5.49544,34.18539],[-5.49544,34.18763],[-5.49769,34.18763]],[[-5.71104,34.2056],[-5.71104,34.21009],[-5.71778,34.20785],[-5.71553,34.20335],[-5.71104,34.2056]],[[-6.62283,34.20785],[-6.62283,34.2056],[-6.62058,34.2056],[-6.62058,34.20785],[-6.62283,34.20785]],[[-6.61609,34.20785],[-6.61609,34.2056],[-6.61385,34.2056],[-6.61385,34.20785],[-6.61609,34.20785]],[[-6.31066,34.20785],[-6.31516,34.2056],[-6.31516,34.20111],[-6.30842,34.20335],[-6.31066,34.20785]],[[-6.26799,34.20785],[-6.26799,34.2056],[-6.26575,34.2056],[-6.26575,34.20785],[-6.26799,34.20785]],[[-6.2635,34.20785],[-6.2635,34.2056],[-6.26126,34.2056],[-6.26126,34.20785],[-6.2635,34.20785]],[[-5.65939,34.20111],[-5.65714,34.20111],[-5.65714,34.2056],[-5.66163,34.2056],[-5.66163,34.19662],[-5.65939,34.20111]],[[-5.66388,34.19662],[-5.66388,34.19213],[-5.66837,34.18988],[-5.66163,34.18988],[-5.66388,34.19662]],[[-5.67062,34.18988],[-5.67286,34.18539],[-5.66837,34.17865],[-5.66837,34.18988],[-5.67062,34.18988]],[[-5.67511,34.18539],[-5.67511,34.18314],[-5.67286,34.18314],[-5.67286,34.18539],[-5.67511,34.18539]],[[-5.66163,34.18763],[-5.65939,34.18763],[-5.65939,34.18988],[-5.66163,34.18988],[-5.66163,34.18763]],[[-5.65939,34.18539],[-5.65714,34.18539],[-5.65714,34.18763],[-5.65939,34.18763],[-5.65939,34.18539]],[[-5.65714,34.18314],[-5.65489,34.18314],[-5.65489,34.18539],[-5.65714,34.18539],[-5.65714,34.18314]],[[-6.54872,34.20335],[-6.54872,34.20111],[-6.54423,34.20111],[-6.54423,34.20335],[-6.54872,34.20335]],[[-6.25677,34.19213],[-6.26126,34.18314],[-6.27249,34.17865],[-6.27249,34.17416],[-6.2635,34.17416],[-6.26126,34.1809],[-6.25227,34.18314],[-6.25227,34.18988],[-6.24778,34.19213],[-6.25003,34.20335],[-6.2635,34.19886],[-6.25677,34.19213]],[[-5.78515,34.20335],[-5.78515,34.20111],[-5.7829,34.20111],[-5.7829,34.20335],[-5.78515,34.20335]],[[-6.55546,34.20111],[-6.55546,34.19886],[-6.55321,34.19886],[-6.55321,34.20111],[-6.55546,34.20111]],[[-6.51279,34.20111],[-6.51279,34.19886],[-6.50829,34.19886],[-6.50829,34.20111],[-6.51279,34.20111]],[[-6.60711,34.19886],[-6.60711,34.19662],[-6.60486,34.19662],[-6.60486,34.19886],[-6.60711,34.19886]],[[-6.37804,34.19886],[-6.37804,34.19662],[-6.37579,34.19662],[-6.37579,34.19886],[-6.37804,34.19886]],[[-6.31965,34.19886],[-6.31965,34.19662],[-6.31516,34.19662],[-6.31516,34.19886],[-6.31965,34.19886]],[[-6.26799,34.19886],[-6.26799,34.19662],[-6.26575,34.19662],[-6.26575,34.19886],[-6.26799,34.19886]],[[-5.83456,34.19662],[-5.83231,34.19662],[-5.83231,34.19886],[-5.83456,34.19886],[-5.83456,34.19662]],[[-5.8368,34.19662],[-5.8368,34.19437],[-5.83456,34.19437],[-5.83456,34.19662],[-5.8368,34.19662]],[[-6.28596,34.19662],[-6.28596,34.19437],[-6.28372,34.19437],[-6.28372,34.19662],[-6.28596,34.19662]],[[-6.22757,34.19213],[-6.22982,34.19662],[-6.23206,34.19662],[-6.23206,34.19213],[-6.22757,34.19213]],[[-6.68796,34.19437],[-6.68796,34.19213],[-6.68571,34.19213],[-6.68571,34.19437],[-6.68796,34.19437]],[[-6.51503,34.19437],[-6.51503,34.19213],[-6.51279,34.19213],[-6.51279,34.19437],[-6.51503,34.19437]],[[-6.42295,34.18539],[-6.41846,34.18314],[-6.41622,34.19437],[-6.4252,34.19437],[-6.43194,34.18763],[-6.42295,34.18539]],[[-6.26799,34.19437],[-6.26799,34.19213],[-6.26575,34.19213],[-6.26575,34.19437],[-6.26799,34.19437]],[[-6.24329,34.18988],[-6.24329,34.19437],[-6.24554,34.19437],[-6.24554,34.18988],[-6.24329,34.18988]],[[-6.24329,34.18763],[-6.24105,34.18763],[-6.24105,34.18988],[-6.24329,34.18988],[-6.24329,34.18763]],[[-6.67673,34.19213],[-6.67673,34.18988],[-6.67448,34.18988],[-6.67448,34.19213],[-6.67673,34.19213]],[[-6.51054,34.19213],[-6.51054,34.18988],[-6.50829,34.18988],[-6.50829,34.19213],[-6.51054,34.19213]],[[-6.51952,34.18988],[-6.51952,34.18763],[-6.51728,34.18763],[-6.51728,34.18988],[-6.51952,34.18988]],[[-6.41173,34.18988],[-6.41173,34.18763],[-6.40948,34.18763],[-6.40948,34.18988],[-6.41173,34.18988]],[[-6.31516,34.18988],[-6.31516,34.18763],[-6.31291,34.18763],[-6.31291,34.18988],[-6.31516,34.18988]],[[-6.27473,34.18988],[-6.27473,34.18763],[-6.27249,34.18763],[-6.27249,34.18988],[-6.27473,34.18988]],[[-6.26799,34.18988],[-6.26799,34.18763],[-6.26575,34.18763],[-6.26575,34.18988],[-6.26799,34.18988]],[[-6.33761,34.18763],[-6.33761,34.18539],[-6.33537,34.18539],[-6.33537,34.18763],[-6.33761,34.18763]],[[-5.48871,34.18763],[-5.48871,34.18539],[-5.48646,34.18539],[-5.48646,34.18763],[-5.48871,34.18763]],[[-6.27922,34.18539],[-6.27922,34.1809],[-6.27698,34.1809],[-6.27698,34.18539],[-6.27922,34.18539]],[[-5.66612,34.18539],[-5.66612,34.18314],[-5.66388,34.18314],[-5.66388,34.18539],[-5.66612,34.18539]],[[-5.46625,34.18539],[-5.46625,34.18314],[-5.464,34.18314],[-5.464,34.18539],[-5.46625,34.18539]],[[-6.4791,34.17191],[-6.47461,34.1764],[-6.47461,34.18314],[-6.48808,34.17416],[-6.4791,34.17191]],[[-5.49769,34.17865],[-5.49544,34.1764],[-5.49095,34.1764],[-5.49544,34.18314],[-5.49769,34.17865]],[[-5.49769,34.1764],[-5.49769,34.17416],[-5.49544,34.17416],[-5.49544,34.1764],[-5.49769,34.1764]],[[-5.49544,34.16967],[-5.4932,34.16967],[-5.4932,34.17416],[-5.49544,34.17416],[-5.49544,34.16967]],[[-6.42295,34.1809],[-6.42295,34.1764],[-6.41846,34.1764],[-6.41846,34.1809],[-6.42295,34.1809]],[[-5.69981,34.1809],[-5.69981,34.17865],[-5.69756,34.17865],[-5.69756,34.1809],[-5.69981,34.1809]],[[-5.53138,34.17865],[-5.52913,34.17865],[-5.52913,34.1809],[-5.53138,34.1809],[-5.53138,34.17865]],[[-5.53587,34.17865],[-5.53811,34.1764],[-5.53811,34.16967],[-5.53138,34.1764],[-5.53587,34.17865]],[[-5.48646,34.1809],[-5.48646,34.17865],[-5.48197,34.17865],[-5.48197,34.1809],[-5.48646,34.1809]],[[-6.52851,34.17865],[-6.52851,34.1764],[-6.52626,34.1764],[-6.52626,34.17865],[-6.52851,34.17865]],[[-6.40723,34.17865],[-6.40723,34.17191],[-6.40499,34.17191],[-6.40274,34.1764],[-6.40723,34.17865]],[[-5.69307,34.17865],[-5.69307,34.1764],[-5.69083,34.1764],[-5.69083,34.17865],[-5.69307,34.17865]],[[-5.63693,34.17865],[-5.63693,34.1764],[-5.63468,34.1764],[-5.63468,34.17865],[-5.63693,34.17865]],[[-5.56955,34.17865],[-5.56955,34.1764],[-5.56731,34.1764],[-5.56731,34.17865],[-5.56955,34.17865]],[[-5.47972,34.17865],[-5.47972,34.1764],[-5.47748,34.1764],[-5.47748,34.17865],[-5.47972,34.17865]],[[-5.45277,34.17865],[-5.45277,34.1764],[-5.45053,34.1764],[-5.45053,34.17865],[-5.45277,34.17865]],[[-6.49707,34.17416],[-6.49707,34.17191],[-6.49482,34.17191],[-6.49482,34.17416],[-6.49707,34.17416]],[[-6.49257,34.17416],[-6.49257,34.17191],[-6.49033,34.17191],[-6.49033,34.17416],[-6.49257,34.17416]],[[-6.53524,34.17191],[-6.53524,34.16967],[-6.52851,34.16967],[-6.52851,34.17191],[-6.53524,34.17191]],[[-6.40948,34.16967],[-6.40948,34.17191],[-6.41173,34.17191],[-6.41173,34.16967],[-6.40948,34.16967]],[[-6.40948,34.16742],[-6.40723,34.16742],[-6.40723,34.16967],[-6.40948,34.16967],[-6.40948,34.16742]],[[-6.65652,34.16742],[-6.65427,34.16742],[-6.65427,34.16967],[-6.65652,34.16967],[-6.65652,34.16742]],[[-6.65876,34.16742],[-6.65876,34.16293],[-6.65652,34.16293],[-6.65652,34.16742],[-6.65876,34.16742]],[[-6.6363,34.16967],[-6.6363,34.16742],[-6.63406,34.16742],[-6.63406,34.16967],[-6.6363,34.16967]],[[-6.4252,34.16967],[-6.4252,34.16742],[-6.42295,34.16742],[-6.42295,34.16967],[-6.4252,34.16967]],[[-5.62795,34.16967],[-5.62795,34.16742],[-5.6257,34.16742],[-5.6257,34.16967],[-5.62795,34.16967]],[[-5.50443,34.16967],[-5.50443,34.16742],[-5.50218,34.16742],[-5.50218,34.16967],[-5.50443,34.16967]],[[-6.57567,34.16742],[-6.57567,34.16518],[-6.57342,34.16518],[-6.57342,34.16742],[-6.57567,34.16742]],[[-6.53075,34.16518],[-6.52851,34.16518],[-6.52851,34.16742],[-6.53075,34.16742],[-6.53075,34.16518]],[[-6.533,34.16518],[-6.533,34.16293],[-6.53075,34.16293],[-6.53075,34.16518],[-6.533,34.16518]],[[-6.48808,34.16742],[-6.48808,34.16518],[-6.48584,34.16518],[-6.48584,34.16742],[-6.48808,34.16742]],[[-6.24105,34.16068],[-6.24778,34.16742],[-6.25003,34.15619],[-6.24554,34.16068],[-6.24105,34.16068]],[[-5.4932,34.16742],[-5.4932,34.16518],[-5.49095,34.16518],[-5.49095,34.16742],[-5.4932,34.16742]],[[-6.31066,34.16068],[-6.31066,34.16518],[-6.3174,34.16293],[-6.31516,34.15844],[-6.31066,34.16068]],[[-5.65939,34.16518],[-5.65939,34.16293],[-5.65714,34.16293],[-5.65714,34.16518],[-5.65939,34.16518]],[[-6.64304,34.16293],[-6.64304,34.16068],[-6.6408,34.16068],[-6.6408,34.16293],[-6.64304,34.16293]],[[-5.64367,34.16293],[-5.64367,34.16068],[-5.64142,34.16068],[-5.64142,34.16293],[-5.64367,34.16293]],[[-5.60549,34.16293],[-5.60549,34.16068],[-5.60324,34.16068],[-5.60324,34.16293],[-5.60549,34.16293]],[[-5.56057,34.16293],[-5.56057,34.16068],[-5.55833,34.16068],[-5.55833,34.16293],[-5.56057,34.16293]],[[-5.54036,34.16293],[-5.54036,34.16068],[-5.53811,34.16068],[-5.53811,34.16293],[-5.54036,34.16293]],[[-6.59588,34.16068],[-6.59588,34.15844],[-6.59363,34.15844],[-6.59363,34.16068],[-6.59588,34.16068]],[[-6.48134,34.16068],[-6.48134,34.15619],[-6.4791,34.15619],[-6.4791,34.16068],[-6.48134,34.16068]],[[-6.68347,34.15844],[-6.68347,34.15619],[-6.68122,34.15619],[-6.68122,34.15844],[-6.68347,34.15844]],[[-6.33088,34.15619],[-6.32863,34.15619],[-6.32863,34.15844],[-6.33088,34.15844],[-6.33088,34.15619]],[[-6.33312,34.15619],[-6.33312,34.15395],[-6.33088,34.15395],[-6.33088,34.15619],[-6.33312,34.15619]],[[-6.33088,34.1517],[-6.32863,34.1517],[-6.32863,34.15395],[-6.33088,34.15395],[-6.33088,34.1517]],[[-6.25677,34.15844],[-6.25677,34.1517],[-6.25452,34.1517],[-6.25452,34.15844],[-6.25677,34.15844]],[[-6.21634,34.15844],[-6.21859,34.15619],[-6.21859,34.15395],[-6.21185,34.15619],[-6.21634,34.15844]],[[-5.47523,34.15619],[-5.47523,34.15844],[-5.47748,34.15844],[-5.47748,34.15619],[-5.47523,34.15619]],[[-5.47523,34.1517],[-5.47074,34.15395],[-5.47074,34.15619],[-5.47523,34.15619],[-5.47523,34.1517]],[[-6.60037,34.15619],[-6.60037,34.15395],[-6.59813,34.15395],[-6.59813,34.15619],[-6.60037,34.15619]],[[-6.41397,34.15619],[-6.41397,34.15395],[-6.41173,34.15395],[-6.41173,34.15619],[-6.41397,34.15619]],[[-6.31965,34.15619],[-6.31965,34.15395],[-6.31516,34.15395],[-6.31516,34.15619],[-6.31965,34.15619]],[[-6.31291,34.15619],[-6.31291,34.15395],[-6.31066,34.15395],[-6.31066,34.15619],[-6.31291,34.15619]],[[-6.68796,34.1517],[-6.68347,34.1517],[-6.68347,34.15395],[-6.68796,34.15395],[-6.68796,34.1517]],[[-6.6902,34.1517],[-6.6902,34.14946],[-6.69469,34.14496],[-6.68796,34.14721],[-6.6902,34.1517]],[[-6.48584,34.14946],[-6.48584,34.1517],[-6.48359,34.15395],[-6.48808,34.15395],[-6.48584,34.14946]],[[-6.2388,34.1517],[-6.23655,34.1517],[-6.23655,34.15395],[-6.2388,34.15395],[-6.2388,34.1517]],[[-6.24105,34.1517],[-6.24105,34.14946],[-6.2388,34.14946],[-6.2388,34.1517],[-6.24105,34.1517]],[[-6.27249,34.1517],[-6.27473,34.14721],[-6.26799,34.14946],[-6.26799,34.1517],[-6.27249,34.1517]],[[-6.26575,34.1517],[-6.26575,34.14946],[-6.2635,34.14946],[-6.2635,34.1517],[-6.26575,34.1517]],[[-6.24778,34.1517],[-6.24778,34.14946],[-6.24554,34.14946],[-6.24554,34.1517],[-6.24778,34.1517]],[[-6.22982,34.1517],[-6.22982,34.14946],[-6.22757,34.14946],[-6.22757,34.1517],[-6.22982,34.1517]],[[-5.63468,34.1517],[-5.63468,34.14946],[-5.63244,34.14946],[-5.63244,34.1517],[-5.63468,34.1517]],[[-5.59426,34.14946],[-5.59201,34.14946],[-5.59201,34.1517],[-5.59426,34.1517],[-5.59426,34.14946]],[[-5.5965,34.14946],[-5.5965,34.14721],[-5.59426,34.14721],[-5.59426,34.14946],[-5.5965,34.14946]],[[-5.59875,34.14721],[-5.59875,34.14496],[-5.5965,34.14496],[-5.5965,34.14721],[-5.59875,34.14721]],[[-5.59875,34.14946],[-5.601,34.14946],[-5.601,34.14721],[-5.59875,34.14721],[-5.59875,34.14946]],[[-6.50605,34.14496],[-6.51279,34.14272],[-6.49931,34.14496],[-6.49931,34.14946],[-6.50605,34.14496]],[[-6.51503,34.14272],[-6.51503,34.13823],[-6.51054,34.13823],[-6.51279,34.14272],[-6.51503,34.14272]],[[-6.25452,34.14946],[-6.25452,34.14721],[-6.25003,34.14721],[-6.25003,34.14946],[-6.25452,34.14946]],[[-6.69919,34.14721],[-6.69919,34.14496],[-6.69694,34.14496],[-6.69694,34.14721],[-6.69919,34.14721]],[[-6.55546,34.14721],[-6.55546,34.14496],[-6.55321,34.14496],[-6.55321,34.14721],[-6.55546,34.14721]],[[-6.24778,34.14721],[-6.24778,34.14496],[-6.24554,34.14496],[-6.24554,34.14721],[-6.24778,34.14721]],[[-6.2388,34.14721],[-6.24105,34.14496],[-6.24105,34.14047],[-6.23431,34.14272],[-6.23431,34.14721],[-6.2388,34.14721]],[[-5.62121,34.14721],[-5.62121,34.14496],[-5.61896,34.14496],[-5.61896,34.14721],[-5.62121,34.14721]],[[-5.60998,34.14721],[-5.60998,34.14496],[-5.60773,34.14496],[-5.60773,34.14721],[-5.60998,34.14721]],[[-6.68796,34.14496],[-6.68796,34.14272],[-6.68571,34.14272],[-6.68571,34.14496],[-6.68796,34.14496]],[[-6.25227,34.14272],[-6.25227,34.14496],[-6.25677,34.14496],[-6.25677,34.14272],[-6.25227,34.14272]],[[-6.25227,34.13823],[-6.25003,34.13823],[-6.25003,34.14272],[-6.25227,34.14272],[-6.25227,34.13823]],[[-6.25003,34.13374],[-6.24778,34.13374],[-6.24778,34.13823],[-6.25003,34.13823],[-6.25003,34.13374]],[[-6.24554,34.14272],[-6.24554,34.14047],[-6.24329,34.14047],[-6.24329,34.14272],[-6.24554,34.14272]],[[-5.58303,34.14272],[-5.58303,34.14047],[-5.58078,34.14047],[-5.58078,34.14272],[-5.58303,34.14272]],[[-5.56057,34.14272],[-5.56057,34.14047],[-5.55833,34.14047],[-5.55833,34.14272],[-5.56057,34.14272]],[[-6.57342,34.14047],[-6.57791,34.14047],[-6.5869,34.12924],[-6.57342,34.13598],[-6.57342,34.14047]],[[-6.58914,34.12924],[-6.58914,34.127],[-6.5869,34.127],[-6.5869,34.12924],[-6.58914,34.12924]],[[-6.53524,34.14047],[-6.53524,34.13823],[-6.533,34.13823],[-6.533,34.14047],[-6.53524,34.14047]],[[-5.61447,34.13823],[-5.61222,34.13823],[-5.61222,34.14047],[-5.61447,34.14047],[-5.61447,34.13823]],[[-5.61896,34.13823],[-5.61896,34.13598],[-5.61447,34.13598],[-5.61447,34.13823],[-5.61896,34.13823]],[[-6.47012,34.13823],[-6.47012,34.13598],[-6.46787,34.13598],[-6.46787,34.13823],[-6.47012,34.13823]],[[-6.52401,34.13374],[-6.52401,34.13598],[-6.52626,34.13598],[-6.52626,34.13374],[-6.52401,34.13374]],[[-6.52401,34.12924],[-6.52177,34.12924],[-6.52177,34.13374],[-6.52401,34.13374],[-6.52401,34.12924]],[[-6.52626,34.12924],[-6.52626,34.12475],[-6.52401,34.12475],[-6.52401,34.12924],[-6.52626,34.12924]],[[-6.52401,34.12026],[-6.52177,34.12026],[-6.51952,34.12475],[-6.52401,34.12475],[-6.52401,34.12026]],[[-6.47461,34.13598],[-6.47461,34.13374],[-6.47236,34.13374],[-6.47236,34.13598],[-6.47461,34.13598]],[[-6.21859,34.13598],[-6.21859,34.13374],[-6.21634,34.13374],[-6.21634,34.13598],[-6.21859,34.13598]],[[-6.51952,34.13374],[-6.51952,34.13149],[-6.51728,34.13149],[-6.51728,34.13374],[-6.51952,34.13374]],[[-6.49257,34.13374],[-6.49257,34.13149],[-6.49033,34.13149],[-6.49033,34.13374],[-6.49257,34.13374]],[[-6.28372,34.13149],[-6.28147,34.13149],[-6.28147,34.13374],[-6.28372,34.13374],[-6.28372,34.13149]],[[-6.28596,34.13149],[-6.28596,34.12924],[-6.28372,34.12924],[-6.28372,34.13149],[-6.28596,34.13149]],[[-5.6796,34.13374],[-5.6796,34.13149],[-5.67735,34.13149],[-5.67735,34.13374],[-5.6796,34.13374]],[[-6.66101,34.12924],[-6.66101,34.127],[-6.65652,34.127],[-6.65652,34.13149],[-6.66101,34.12924]],[[-6.34211,34.13149],[-6.34211,34.12924],[-6.33986,34.12924],[-6.33986,34.13149],[-6.34211,34.13149]],[[-6.29045,34.13149],[-6.29045,34.12924],[-6.28821,34.12924],[-6.28821,34.13149],[-6.29045,34.13149]],[[-6.27698,34.13149],[-6.27698,34.12924],[-6.27473,34.12924],[-6.27473,34.13149],[-6.27698,34.13149]],[[-6.27249,34.13149],[-6.27249,34.12475],[-6.27024,34.12475],[-6.27024,34.13149],[-6.27249,34.13149]],[[-6.25227,34.13149],[-6.25227,34.127],[-6.25003,34.127],[-6.25003,34.13149],[-6.25227,34.13149]],[[-6.22308,34.13149],[-6.22308,34.12924],[-6.22083,34.12924],[-6.22083,34.13149],[-6.22308,34.13149]],[[-6.65202,34.12924],[-6.65202,34.127],[-6.64978,34.127],[-6.64978,34.12924],[-6.65202,34.12924]],[[-6.28147,34.12924],[-6.28372,34.127],[-6.28372,34.12251],[-6.27922,34.12475],[-6.28147,34.12924]],[[-5.57854,34.12924],[-5.57854,34.12251],[-5.57629,34.12251],[-5.57629,34.12924],[-5.57854,34.12924]],[[-6.48359,34.12251],[-6.4791,34.12026],[-6.4791,34.127],[-6.48134,34.12251],[-6.48359,34.12251]],[[-6.2927,34.12475],[-6.28596,34.12251],[-6.28596,34.127],[-6.28821,34.12475],[-6.2927,34.12475]],[[-5.69307,34.12475],[-5.69307,34.127],[-5.69756,34.127],[-5.69756,34.12475],[-5.69307,34.12475]],[[-5.69307,34.12251],[-5.69083,34.12251],[-5.69083,34.12475],[-5.69307,34.12475],[-5.69307,34.12251]],[[-6.70817,34.12475],[-6.70817,34.12251],[-6.70368,34.12251],[-6.70368,34.12475],[-6.70817,34.12475]],[[-6.58914,34.12475],[-6.58914,34.12251],[-6.5869,34.12251],[-6.5869,34.12475],[-6.58914,34.12475]],[[-6.54872,34.12475],[-6.54872,34.12251],[-6.54647,34.12251],[-6.54647,34.12475],[-6.54872,34.12475]],[[-6.47685,34.12475],[-6.47685,34.12251],[-6.47461,34.12251],[-6.47461,34.12475],[-6.47685,34.12475]],[[-6.46787,34.12475],[-6.46787,34.12251],[-6.46562,34.12251],[-6.46562,34.12475],[-6.46787,34.12475]],[[-6.3713,34.12475],[-6.3713,34.12251],[-6.36906,34.12251],[-6.36906,34.12475],[-6.3713,34.12475]],[[-6.27698,34.12251],[-6.27473,34.12251],[-6.27473,34.12475],[-6.27698,34.12475],[-6.27698,34.12251]],[[-6.27922,34.12251],[-6.27922,34.12026],[-6.27698,34.12026],[-6.27698,34.12251],[-6.27922,34.12251]],[[-6.25677,34.12475],[-6.25677,34.12251],[-6.25452,34.12251],[-6.25452,34.12475],[-6.25677,34.12475]],[[-5.70206,34.12475],[-5.70206,34.12251],[-5.69981,34.12251],[-5.69981,34.12475],[-5.70206,34.12475]],[[-5.68409,34.12251],[-5.68184,34.12026],[-5.68184,34.12475],[-5.68858,34.12475],[-5.68409,34.12251]],[[-6.57118,34.12251],[-6.57118,34.11577],[-6.56668,34.11577],[-6.56668,34.12251],[-6.57118,34.12251]],[[-6.2635,34.12251],[-6.2635,34.12026],[-6.26126,34.12026],[-6.26126,34.12251],[-6.2635,34.12251]],[[-5.67735,34.12251],[-5.67735,34.12026],[-5.67511,34.12026],[-5.67511,34.12251],[-5.67735,34.12251]],[[-5.66837,34.12251],[-5.66837,34.12026],[-5.66163,34.12026],[-5.66163,34.12251],[-5.66837,34.12251]],[[-5.5965,34.11801],[-5.59426,34.12026],[-5.59426,34.12251],[-5.59875,34.12251],[-5.5965,34.11801]],[[-6.71042,34.12026],[-6.71042,34.11801],[-6.70817,34.11801],[-6.70817,34.12026],[-6.71042,34.12026]],[[-6.55321,34.12026],[-6.55321,34.11801],[-6.55096,34.11801],[-6.55096,34.12026],[-6.55321,34.12026]],[[-6.53749,34.11801],[-6.53749,34.11577],[-6.533,34.11577],[-6.533,34.12026],[-6.53749,34.11801]],[[-6.49257,34.11577],[-6.49033,34.11577],[-6.49033,34.12026],[-6.49257,34.12026],[-6.49257,34.11577]],[[-6.49482,34.11577],[-6.49482,34.11352],[-6.49257,34.11352],[-6.49257,34.11577],[-6.49482,34.11577]],[[-6.49707,34.11352],[-6.49707,34.11128],[-6.49482,34.11128],[-6.49482,34.11352],[-6.49707,34.11352]],[[-6.49482,34.10903],[-6.49257,34.10903],[-6.49257,34.11128],[-6.49482,34.11128],[-6.49482,34.10903]],[[-6.28596,34.10454],[-6.27698,34.11577],[-6.28821,34.12026],[-6.28596,34.10903],[-6.29045,34.10454],[-6.28596,34.10454]],[[-6.26575,34.11801],[-6.26575,34.12026],[-6.26799,34.12026],[-6.26799,34.11801],[-6.26575,34.11801]],[[-6.26575,34.11352],[-6.26126,34.11352],[-6.26126,34.11801],[-6.26575,34.11801],[-6.26575,34.11352]],[[-6.52851,34.11801],[-6.52851,34.11577],[-6.52626,34.11577],[-6.52626,34.11801],[-6.52851,34.11801]],[[-6.48359,34.11801],[-6.48359,34.11352],[-6.47685,34.11352],[-6.47685,34.11801],[-6.48359,34.11801]],[[-6.29045,34.11577],[-6.29045,34.11801],[-6.29719,34.11801],[-6.2927,34.11128],[-6.28821,34.11352],[-6.29045,34.11577]],[[-6.533,34.10679],[-6.533,34.10454],[-6.51952,34.10229],[-6.52177,34.10903],[-6.52851,34.10903],[-6.52626,34.11352],[-6.53749,34.11128],[-6.54198,34.11577],[-6.53974,34.10679],[-6.533,34.10679]],[[-6.27024,34.11577],[-6.27024,34.11352],[-6.26799,34.11352],[-6.26799,34.11577],[-6.27024,34.11577]],[[-6.25227,34.11352],[-6.25003,34.11352],[-6.25003,34.11577],[-6.25227,34.11577],[-6.25227,34.11352]],[[-6.25452,34.11352],[-6.25452,34.11128],[-6.25227,34.11128],[-6.25227,34.11352],[-6.25452,34.11352]],[[-6.25677,34.11128],[-6.25677,34.10903],[-6.25452,34.10903],[-6.25452,34.11128],[-6.25677,34.11128]],[[-6.25677,34.11352],[-6.25901,34.11352],[-6.25901,34.11128],[-6.25677,34.11128],[-6.25677,34.11352]],[[-5.59875,34.11577],[-5.59875,34.11352],[-5.59426,34.11352],[-5.59426,34.11577],[-5.59875,34.11577]],[[-6.57342,34.11352],[-6.57342,34.11128],[-6.57118,34.11128],[-6.57118,34.11352],[-6.57342,34.11352]],[[-6.56444,34.11128],[-6.56444,34.10903],[-6.56219,34.10903],[-6.56219,34.11128],[-6.56444,34.11128]],[[-6.29719,34.11128],[-6.29719,34.10903],[-6.29494,34.10903],[-6.29494,34.11128],[-6.29719,34.11128]],[[-5.59201,34.11128],[-5.59201,34.10903],[-5.58977,34.10903],[-5.58977,34.11128],[-5.59201,34.11128]],[[-6.27024,34.10454],[-6.26799,34.10005],[-6.2635,34.10229],[-6.26575,34.10903],[-6.27024,34.10903],[-6.27024,34.10454]],[[-6.2635,34.10005],[-6.26126,34.10005],[-6.26126,34.10229],[-6.2635,34.10229],[-6.2635,34.10005]],[[-6.25901,34.10229],[-6.25452,34.10229],[-6.25452,34.10679],[-6.26126,34.10454],[-6.25901,34.10229]],[[-6.58016,34.10454],[-6.57791,34.10454],[-6.57791,34.10679],[-6.58016,34.10679],[-6.58016,34.10454]],[[-6.58465,34.10454],[-6.58465,34.10229],[-6.58016,34.10229],[-6.58016,34.10454],[-6.58465,34.10454]],[[-6.57118,34.10454],[-6.57118,34.10229],[-6.56893,34.10229],[-6.56893,34.10454],[-6.57118,34.10454]],[[-6.54198,34.10454],[-6.54423,34.10454],[-6.54647,34.10005],[-6.54198,34.10005],[-6.54198,34.10454]],[[-6.55096,34.10005],[-6.55321,34.09556],[-6.54872,34.09556],[-6.54647,34.10005],[-6.55096,34.10005]],[[-6.55546,34.09556],[-6.55546,34.09331],[-6.55321,34.09331],[-6.55321,34.09556],[-6.55546,34.09556]],[[-6.53974,34.10454],[-6.53974,34.10229],[-6.53749,34.10229],[-6.53749,34.10454],[-6.53974,34.10454]],[[-6.49931,34.10005],[-6.49707,34.10005],[-6.49707,34.10454],[-6.49931,34.10454],[-6.49931,34.10005]],[[-6.50156,34.10005],[-6.5038,34.09331],[-6.49931,34.09107],[-6.50829,34.09107],[-6.50829,34.08433],[-6.49257,34.08657],[-6.50156,34.10005]],[[-6.49033,34.09331],[-6.49033,34.09556],[-6.49482,34.09556],[-6.49482,34.09331],[-6.49033,34.09331]],[[-6.48808,34.09556],[-6.48808,34.0978],[-6.49033,34.0978],[-6.49033,34.09556],[-6.48808,34.09556]],[[-6.29494,34.10454],[-6.29494,34.10005],[-6.2927,34.10005],[-6.2927,34.10454],[-6.29494,34.10454]],[[-6.28147,34.10229],[-6.28147,34.10454],[-6.28372,34.10454],[-6.28372,34.10229],[-6.28147,34.10229]],[[-6.28147,34.10005],[-6.28372,34.10005],[-6.28372,34.0978],[-6.27922,34.0978],[-6.27922,34.10229],[-6.28147,34.10005]],[[-6.27698,34.10454],[-6.27698,34.10229],[-6.27473,34.10229],[-6.27473,34.10454],[-6.27698,34.10454]],[[-6.53075,34.10005],[-6.53075,34.10229],[-6.533,34.10229],[-6.533,34.10005],[-6.53075,34.10005]],[[-6.53075,34.0978],[-6.52851,34.0978],[-6.52851,34.10005],[-6.53075,34.10005],[-6.53075,34.0978]],[[-6.53524,34.0978],[-6.53974,34.10005],[-6.53749,34.08882],[-6.54198,34.08882],[-6.55096,34.07759],[-6.53974,34.07759],[-6.53749,34.08433],[-6.52626,34.09331],[-6.53524,34.0978]],[[-6.55321,34.07759],[-6.55546,34.0731],[-6.55096,34.07085],[-6.55096,34.07759],[-6.55321,34.07759]],[[-6.55546,34.07984],[-6.5577,34.07984],[-6.5577,34.07534],[-6.55546,34.07534],[-6.55546,34.07984]],[[-6.5577,34.0731],[-6.55995,34.06861],[-6.55546,34.06861],[-6.55546,34.0731],[-6.5577,34.0731]],[[-6.53974,34.07534],[-6.53749,34.07534],[-6.53749,34.07759],[-6.53974,34.07759],[-6.53974,34.07534]],[[-6.57567,34.10005],[-6.57567,34.0978],[-6.57342,34.0978],[-6.57342,34.10005],[-6.57567,34.10005]],[[-6.52626,34.10005],[-6.52626,34.0978],[-6.52401,34.0978],[-6.52401,34.10005],[-6.52626,34.10005]],[[-6.28821,34.09556],[-6.28821,34.09331],[-6.28596,34.09331],[-6.28596,34.09556],[-6.28821,34.09556]],[[-6.54198,34.09331],[-6.54198,34.09107],[-6.53974,34.09107],[-6.53974,34.09331],[-6.54198,34.09331]],[[-6.51279,34.09331],[-6.51279,34.09107],[-6.51054,34.09107],[-6.51054,34.09331],[-6.51279,34.09331]],[[-6.58465,34.08882],[-6.58241,34.08882],[-6.58241,34.09107],[-6.58465,34.09107],[-6.58465,34.08882]],[[-6.5869,34.08882],[-6.5869,34.08433],[-6.58465,34.08433],[-6.58465,34.08882],[-6.5869,34.08882]],[[-6.5577,34.08882],[-6.55546,34.09107],[-6.55995,34.09107],[-6.55995,34.08433],[-6.5577,34.08882]],[[-6.56668,34.08433],[-6.56444,34.07984],[-6.55995,34.08208],[-6.55995,34.08433],[-6.56668,34.08433]],[[-6.46787,34.09107],[-6.46787,34.08882],[-6.46562,34.08882],[-6.46562,34.09107],[-6.46787,34.09107]],[[-6.51952,34.08657],[-6.51952,34.08433],[-6.51728,34.08433],[-6.51728,34.08657],[-6.51952,34.08657]],[[-6.57118,34.08433],[-6.57118,34.08208],[-6.56893,34.08208],[-6.56893,34.08433],[-6.57118,34.08433]],[[-6.55321,34.08433],[-6.55321,34.08208],[-6.54872,34.08208],[-6.54872,34.08433],[-6.55321,34.08433]],[[-6.51279,34.08433],[-6.51279,34.08208],[-6.51054,34.08208],[-6.51054,34.08433],[-6.51279,34.08433]],[[-6.47461,34.08433],[-6.47461,34.08208],[-6.47236,34.08208],[-6.47236,34.08433],[-6.47461,34.08433]],[[-6.46787,34.08433],[-6.46787,34.08208],[-6.46562,34.08208],[-6.46562,34.08433],[-6.46787,34.08433]],[[-6.60037,34.08208],[-6.60037,34.07984],[-6.59813,34.07984],[-6.59813,34.08208],[-6.60037,34.08208]],[[-6.59588,34.08208],[-6.59588,34.07984],[-6.59363,34.07984],[-6.59363,34.08208],[-6.59588,34.08208]],[[-6.19838,34.08208],[-6.19838,34.07984],[-6.19613,34.07984],[-6.19613,34.08208],[-6.19838,34.08208]],[[-6.56668,34.07759],[-6.56668,34.07984],[-6.56893,34.07984],[-6.56893,34.07759],[-6.56668,34.07759]],[[-6.56668,34.0731],[-6.56444,34.0731],[-6.56444,34.07759],[-6.56668,34.07759],[-6.56668,34.0731]],[[-6.533,34.07759],[-6.533,34.07534],[-6.53075,34.07534],[-6.53075,34.07759],[-6.533,34.07759]],[[-6.60262,34.07534],[-6.60262,34.0731],[-6.60037,34.0731],[-6.60037,34.07534],[-6.60262,34.07534]],[[-6.57118,34.07534],[-6.57118,34.0731],[-6.56893,34.0731],[-6.56893,34.07534],[-6.57118,34.07534]],[[-6.54872,34.07534],[-6.54872,34.0731],[-6.54647,34.0731],[-6.54647,34.07534],[-6.54872,34.07534]],[[-6.57567,34.06636],[-6.57342,34.07085],[-6.58241,34.07085],[-6.57791,34.06412],[-6.57342,34.06412],[-6.57567,34.06636]],[[-6.53974,34.07085],[-6.53974,34.06861],[-6.53749,34.06861],[-6.53749,34.07085],[-6.53974,34.07085]],[[-6.56219,34.06412],[-6.56444,34.06861],[-6.56893,34.06861],[-6.56668,34.05962],[-6.56219,34.05962],[-6.56219,34.06412]],[[-6.55995,34.06412],[-6.55995,34.06636],[-6.56219,34.06636],[-6.56219,34.06412],[-6.55995,34.06412]],[[-6.533,34.06861],[-6.533,34.06412],[-6.53075,34.06412],[-6.53075,34.06861],[-6.533,34.06861]],[[-6.32189,34.06861],[-6.32189,34.06636],[-6.3174,34.06636],[-6.3174,34.06861],[-6.32189,34.06861]],[[-6.21634,34.06861],[-6.21634,34.06636],[-6.2141,34.06636],[-6.2141,34.06861],[-6.21634,34.06861]],[[-6.54198,34.05513],[-6.54198,34.05962],[-6.53524,34.06187],[-6.53524,34.06636],[-6.54423,34.06187],[-6.54647,34.05513],[-6.54198,34.05513]],[[-6.31291,34.06636],[-6.31291,34.06412],[-6.31066,34.06412],[-6.31066,34.06636],[-6.31291,34.06636]],[[-6.51503,34.06412],[-6.51503,34.06187],[-6.51279,34.06187],[-6.51279,34.06412],[-6.51503,34.06412]],[[-6.31066,34.06187],[-6.31066,34.05962],[-6.30842,34.05962],[-6.30842,34.06187],[-6.31066,34.06187]],[[-6.52851,34.05962],[-6.52851,34.05738],[-6.52626,34.05738],[-6.52626,34.05962],[-6.52851,34.05962]],[[-6.53524,34.05289],[-6.53524,34.05064],[-6.533,34.05064],[-6.533,34.05289],[-6.53524,34.05289]],[[-6.50156,34.05289],[-6.50156,34.05064],[-6.49931,34.05064],[-6.49931,34.05289],[-6.50156,34.05289]],[[-6.29944,34.05289],[-6.29944,34.0484],[-6.29719,34.0484],[-6.29719,34.05289],[-6.29944,34.05289]],[[-6.21859,34.05289],[-6.21859,34.05064],[-6.21634,34.05064],[-6.21634,34.05289],[-6.21859,34.05289]],[[-6.30393,34.05064],[-6.30393,34.0484],[-6.30168,34.0484],[-6.30168,34.05064],[-6.30393,34.05064]],[[-6.53974,34.0484],[-6.53974,34.04615],[-6.53749,34.04615],[-6.53749,34.0484],[-6.53974,34.0484]],[[-6.533,34.0484],[-6.533,34.04615],[-6.53075,34.04615],[-6.53075,34.0484],[-6.533,34.0484]],[[-6.29045,34.0484],[-6.29045,34.04615],[-6.28821,34.04615],[-6.28821,34.0484],[-6.29045,34.0484]],[[-6.5038,34.04615],[-6.5038,34.0439],[-6.49931,34.0439],[-6.49931,34.04615],[-6.5038,34.04615]],[[-6.35558,34.04615],[-6.35558,34.0439],[-6.35333,34.0439],[-6.35333,34.04615],[-6.35558,34.04615]],[[-6.30842,34.04615],[-6.30842,34.0439],[-6.30617,34.0439],[-6.30617,34.04615],[-6.30842,34.04615]],[[-6.54198,34.04166],[-6.53974,34.04166],[-6.53974,34.0439],[-6.54198,34.0439],[-6.54198,34.04166]],[[-6.54423,34.04166],[-6.54423,34.03941],[-6.54198,34.03941],[-6.54198,34.04166],[-6.54423,34.04166]],[[-6.2927,34.0439],[-6.2927,34.04166],[-6.29045,34.04166],[-6.29045,34.0439],[-6.2927,34.0439]],[[-6.3174,34.04166],[-6.3174,34.03941],[-6.31066,34.03941],[-6.31066,34.04166],[-6.3174,34.04166]],[[-6.51054,34.03941],[-6.51054,34.03492],[-6.50829,34.03492],[-6.50829,34.03941],[-6.51054,34.03941]],[[-6.38702,34.03941],[-6.38702,34.03717],[-6.38478,34.03717],[-6.38478,34.03941],[-6.38702,34.03941]],[[-6.533,34.03717],[-6.533,34.03492],[-6.53075,34.03492],[-6.53075,34.03717],[-6.533,34.03717]],[[-6.32189,34.03717],[-6.32189,34.03492],[-6.31965,34.03492],[-6.31965,34.03717],[-6.32189,34.03717]],[[-6.31516,34.03267],[-6.31066,34.03043],[-6.31066,34.03717],[-6.31291,34.03717],[-6.31516,34.03267]],[[-6.28821,34.03717],[-6.28821,34.03492],[-6.28596,34.03492],[-6.28596,34.03717],[-6.28821,34.03717]],[[-6.39825,34.03043],[-6.396,34.03267],[-6.396,34.03492],[-6.4005,34.03492],[-6.39825,34.03043]],[[-6.38927,34.03492],[-6.38927,34.03267],[-6.38702,34.03267],[-6.38702,34.03492],[-6.38927,34.03492]],[[-6.54423,34.03043],[-6.54198,34.03043],[-6.54198,34.03267],[-6.54423,34.03267],[-6.54423,34.03043]],[[-6.54647,34.03043],[-6.54647,34.02818],[-6.54423,34.02818],[-6.54423,34.03043],[-6.54647,34.03043]],[[-6.30617,34.03267],[-6.30617,34.03043],[-6.30393,34.03043],[-6.30393,34.03267],[-6.30617,34.03267]],[[-6.53075,34.02594],[-6.52851,34.02594],[-6.52851,34.03043],[-6.53075,34.03043],[-6.53075,34.02594]],[[-6.533,34.02594],[-6.533,34.02369],[-6.53075,34.02369],[-6.53075,34.02594],[-6.533,34.02594]],[[-6.53075,34.02145],[-6.52851,34.02145],[-6.52851,34.02369],[-6.53075,34.02369],[-6.53075,34.02145]],[[-6.52851,34.0192],[-6.52626,34.0192],[-6.52626,34.02145],[-6.52851,34.02145],[-6.52851,34.0192]],[[-6.51503,34.02818],[-6.51279,34.02818],[-6.51279,34.03043],[-6.51503,34.03043],[-6.51503,34.02818]],[[-6.51728,34.02818],[-6.51728,34.02594],[-6.51503,34.02594],[-6.51503,34.02818],[-6.51728,34.02818]],[[-6.39376,34.03043],[-6.39376,34.02818],[-6.39151,34.02818],[-6.39151,34.03043],[-6.39376,34.03043]],[[-6.38702,34.03043],[-6.38702,34.02818],[-6.38478,34.02818],[-6.38478,34.03043],[-6.38702,34.03043]],[[-6.41173,34.02818],[-6.41173,34.02594],[-6.40948,34.02594],[-6.40948,34.02818],[-6.41173,34.02818]],[[-6.37804,34.02818],[-6.37804,34.02594],[-6.37579,34.02594],[-6.37579,34.02818],[-6.37804,34.02818]],[[-6.34884,34.02818],[-6.34884,34.02594],[-6.3466,34.02594],[-6.3466,34.02818],[-6.34884,34.02818]],[[-6.27024,34.02818],[-6.27024,34.02594],[-6.26799,34.02594],[-6.26799,34.02818],[-6.27024,34.02818]],[[-6.23431,34.02818],[-6.23431,34.02594],[-6.23206,34.02594],[-6.23206,34.02818],[-6.23431,34.02818]],[[-6.2096,34.02818],[-6.2096,34.02594],[-6.20736,34.02594],[-6.20736,34.02818],[-6.2096,34.02818]],[[-6.54198,34.02594],[-6.54198,34.02369],[-6.53524,34.02369],[-6.53524,34.02594],[-6.54198,34.02594]],[[-6.32863,34.0192],[-6.32639,34.02145],[-6.32639,34.02594],[-6.33088,34.02594],[-6.32863,34.0192]],[[-6.83393,34.02369],[-6.83393,34.02145],[-6.82944,34.02145],[-6.82944,34.02369],[-6.83393,34.02369]],[[-6.55096,34.02369],[-6.55096,34.02145],[-6.54872,34.02145],[-6.54872,34.02369],[-6.55096,34.02369]],[[-6.54647,34.02369],[-6.54647,34.02145],[-6.54423,34.02145],[-6.54423,34.02369],[-6.54647,34.02369]],[[-6.39376,34.02369],[-6.39376,34.02145],[-6.38927,34.02145],[-6.38927,34.02369],[-6.39376,34.02369]],[[-6.33537,34.02369],[-6.33537,34.02145],[-6.33312,34.02145],[-6.33312,34.02369],[-6.33537,34.02369]],[[-6.28147,34.02369],[-6.28147,34.02145],[-6.27922,34.02145],[-6.27922,34.02369],[-6.28147,34.02369]],[[-6.40499,34.02145],[-6.40499,34.0192],[-6.40274,34.0192],[-6.40274,34.02145],[-6.40499,34.02145]],[[-6.39825,34.02145],[-6.39825,34.0192],[-6.396,34.0192],[-6.396,34.02145],[-6.39825,34.02145]],[[-6.37804,34.02145],[-6.37804,34.0192],[-6.37579,34.0192],[-6.37579,34.02145],[-6.37804,34.02145]],[[-6.34884,34.02145],[-6.34884,34.0192],[-6.3466,34.0192],[-6.3466,34.02145],[-6.34884,34.02145]],[[-6.31516,34.02145],[-6.31516,34.0192],[-6.31291,34.0192],[-6.31291,34.02145],[-6.31516,34.02145]],[[-6.26575,34.01471],[-6.26799,34.02145],[-6.27024,34.02145],[-6.27024,34.01471],[-6.26575,34.01471]],[[-6.53075,34.01471],[-6.53075,34.0192],[-6.53749,34.0192],[-6.54198,34.01471],[-6.53524,34.01246],[-6.53974,34.01022],[-6.54198,34.00123],[-6.53524,33.99899],[-6.533,34.00797],[-6.52401,34.00797],[-6.53075,34.01471]],[[-6.54198,34.00573],[-6.54423,34.00573],[-6.54423,34.00348],[-6.54198,34.00348],[-6.54198,34.00573]],[[-6.54423,34.00123],[-6.54423,33.99899],[-6.54198,33.99899],[-6.54198,34.00123],[-6.54423,34.00123]],[[-6.53974,33.99899],[-6.53974,33.99674],[-6.53749,33.99674],[-6.53749,33.99899],[-6.53974,33.99899]],[[-6.533,33.9945],[-6.52851,33.99225],[-6.53749,33.99225],[-6.54198,33.98551],[-6.533,33.99],[-6.52626,33.98776],[-6.52626,33.97878],[-6.51728,33.98102],[-6.51728,33.99],[-6.52177,33.99],[-6.51728,34.00348],[-6.52177,34.00123],[-6.52851,34.00573],[-6.533,34.00123],[-6.533,33.9945]],[[-6.39376,34.0192],[-6.39376,34.01695],[-6.39151,34.01695],[-6.39151,34.0192],[-6.39376,34.0192]],[[-6.54872,34.01695],[-6.54872,34.01471],[-6.54647,34.01471],[-6.54647,34.01695],[-6.54872,34.01695]],[[-6.3466,34.01695],[-6.3466,34.01471],[-6.34435,34.01471],[-6.34435,34.01695],[-6.3466,34.01695]],[[-6.31291,34.01695],[-6.31291,34.01471],[-6.31066,34.01471],[-6.31066,34.01695],[-6.31291,34.01695]],[[-6.29045,34.01471],[-6.28821,34.01471],[-6.28821,34.01695],[-6.29045,34.01695],[-6.29045,34.01471]],[[-6.2927,34.01471],[-6.2927,34.01246],[-6.29045,34.01246],[-6.29045,34.01471],[-6.2927,34.01471]],[[-6.29494,34.01246],[-6.30842,34.01246],[-6.30842,34.00573],[-6.29045,34.00573],[-6.29494,34.01246]],[[-6.21859,34.01695],[-6.21859,34.01471],[-6.21634,34.01471],[-6.21634,34.01695],[-6.21859,34.01695]],[[-6.84292,34.01471],[-6.84292,34.01246],[-6.84067,34.01246],[-6.84067,34.01471],[-6.84292,34.01471]],[[-6.83169,34.01471],[-6.83169,34.01246],[-6.82944,34.01246],[-6.82944,34.01471],[-6.83169,34.01471]],[[-6.35783,34.01471],[-6.35783,34.01246],[-6.35558,34.01246],[-6.35558,34.01471],[-6.35783,34.01471]],[[-6.32863,34.01246],[-6.32863,34.01022],[-6.32414,34.01022],[-6.32414,34.01471],[-6.32863,34.01246]],[[-6.51952,34.01022],[-6.51728,34.01022],[-6.51728,34.01246],[-6.51952,34.01246],[-6.51952,34.01022]],[[-6.52177,34.01022],[-6.52177,34.00797],[-6.51952,34.00797],[-6.51952,34.01022],[-6.52177,34.01022]],[[-6.45215,34.01246],[-6.45215,34.01022],[-6.4499,34.01022],[-6.4499,34.01246],[-6.45215,34.01246]],[[-6.38702,34.01022],[-6.38478,34.01022],[-6.38478,34.01246],[-6.38702,34.01246],[-6.38702,34.01022]],[[-6.38927,34.01022],[-6.38927,34.00797],[-6.38702,34.00797],[-6.38702,34.01022],[-6.38927,34.01022]],[[-6.36681,34.01246],[-6.36681,34.00797],[-6.36456,34.00797],[-6.36456,34.01246],[-6.36681,34.01246]],[[-6.32189,34.01246],[-6.32189,34.01022],[-6.31965,34.01022],[-6.31965,34.01246],[-6.32189,34.01246]],[[-6.3174,34.01246],[-6.3174,34.01022],[-6.31516,34.01022],[-6.31516,34.01246],[-6.3174,34.01246]],[[-6.26126,34.01246],[-6.26126,34.01022],[-6.25901,34.01022],[-6.25901,34.01246],[-6.26126,34.01246]],[[-6.54423,34.01022],[-6.54423,34.00797],[-6.54198,34.00797],[-6.54198,34.01022],[-6.54423,34.01022]],[[-6.31516,34.00797],[-6.31066,34.00573],[-6.31066,34.01022],[-6.31291,34.01022],[-6.31516,34.00797]],[[-6.28372,34.01022],[-6.28372,34.00797],[-6.28147,34.00797],[-6.28147,34.01022],[-6.28372,34.01022]],[[-6.27473,34.01022],[-6.27473,34.00797],[-6.27249,34.00797],[-6.27249,34.01022],[-6.27473,34.01022]],[[-6.24329,34.01022],[-6.24329,34.00797],[-6.2388,34.00797],[-6.2388,34.01022],[-6.24329,34.01022]],[[-6.21859,34.01022],[-6.21859,34.00797],[-6.21634,34.00797],[-6.21634,34.01022],[-6.21859,34.01022]],[[-6.85415,34.00348],[-6.86088,34.00797],[-6.86987,34.00123],[-6.86313,34.00123],[-6.85864,33.9945],[-6.85415,34.00348]],[[-6.87211,34.00123],[-6.87211,33.99899],[-6.86987,33.99899],[-6.86987,34.00123],[-6.87211,34.00123]],[[-6.80025,33.98776],[-6.78902,33.98776],[-6.79576,33.98551],[-6.79351,33.97878],[-6.78003,33.98102],[-6.7733,33.97428],[-6.77105,33.96306],[-6.77779,33.95407],[-6.76656,33.96081],[-6.76656,33.96755],[-6.75982,33.96755],[-6.76207,33.97878],[-6.77779,33.99],[-6.77779,33.9945],[-6.79351,33.99674],[-6.79126,34.00123],[-6.80025,34.00123],[-6.80025,34.00797],[-6.80698,34.00797],[-6.80923,33.99674],[-6.80474,33.99674],[-6.80474,33.99],[-6.80025,33.98776]],[[-6.55321,34.00797],[-6.55321,34.00573],[-6.55096,34.00573],[-6.55096,34.00797],[-6.55321,34.00797]],[[-6.51728,34.00797],[-6.51728,34.00573],[-6.51503,34.00573],[-6.51503,34.00797],[-6.51728,34.00797]],[[-6.50829,34.00797],[-6.50829,34.00573],[-6.50605,34.00573],[-6.50605,34.00797],[-6.50829,34.00797]],[[-6.49931,34.00797],[-6.49931,34.00573],[-6.49482,34.00573],[-6.49482,34.00797],[-6.49931,34.00797]],[[-6.33761,34.00797],[-6.33761,34.00573],[-6.33537,34.00573],[-6.33537,34.00797],[-6.33761,34.00797]],[[-6.26799,34.00797],[-6.26799,34.00573],[-6.26575,34.00573],[-6.26575,34.00797],[-6.26799,34.00797]],[[-6.2635,34.00123],[-6.25901,33.99674],[-6.25227,34.00797],[-6.25677,34.00797],[-6.25677,34.00348],[-6.2635,34.00123]],[[-6.25452,33.99899],[-6.25227,33.99899],[-6.25227,34.00123],[-6.25452,34.00123],[-6.25452,33.99899]],[[-6.54872,34.00573],[-6.54872,34.00348],[-6.54647,34.00348],[-6.54647,34.00573],[-6.54872,34.00573]],[[-6.51279,34.00573],[-6.51279,34.00348],[-6.51054,34.00348],[-6.51054,34.00573],[-6.51279,34.00573]],[[-6.36906,34.00348],[-6.36681,34.00348],[-6.36681,34.00573],[-6.36906,34.00573],[-6.36906,34.00348]],[[-6.3713,34.00348],[-6.3713,33.9945],[-6.36232,33.99674],[-6.36232,34.00123],[-6.36906,33.99899],[-6.3713,34.00348]],[[-6.28372,34.00573],[-6.28596,34.00348],[-6.28596,33.99674],[-6.28147,33.99899],[-6.28372,34.00573]],[[-6.24329,34.00348],[-6.24105,34.00573],[-6.24554,34.00573],[-6.24554,33.99899],[-6.24329,34.00348]],[[-6.24778,33.99899],[-6.24778,33.99674],[-6.24554,33.99674],[-6.24554,33.99899],[-6.24778,33.99899]],[[-6.40274,34.00348],[-6.40274,34.00123],[-6.4005,34.00123],[-6.4005,34.00348],[-6.40274,34.00348]],[[-6.37579,34.00348],[-6.37579,34.00123],[-6.37355,34.00123],[-6.37355,34.00348],[-6.37579,34.00348]],[[-6.3174,34.00348],[-6.32189,34.00123],[-6.32189,33.99899],[-6.3174,33.99899],[-6.3174,34.00348]],[[-6.32414,33.99899],[-6.32414,33.99674],[-6.32189,33.99674],[-6.32189,33.99899],[-6.32414,33.99899]],[[-6.22757,34.00348],[-6.22757,34.00123],[-6.22532,34.00123],[-6.22532,34.00348],[-6.22757,34.00348]],[[-6.50829,34.00123],[-6.50829,33.99899],[-6.50605,33.99899],[-6.50605,34.00123],[-6.50829,34.00123]],[[-6.45215,34.00123],[-6.45215,33.99899],[-6.4499,33.99899],[-6.4499,34.00123],[-6.45215,34.00123]],[[-6.39825,34.00123],[-6.39825,33.99899],[-6.4005,33.99674],[-6.396,33.99674],[-6.39825,34.00123]],[[-6.396,33.9945],[-6.39376,33.9945],[-6.39376,33.99674],[-6.396,33.99674],[-6.396,33.9945]],[[-6.39376,34.00123],[-6.39376,33.99899],[-6.38927,33.99899],[-6.38927,34.00123],[-6.39376,34.00123]],[[-6.27698,34.00123],[-6.27698,33.99899],[-6.27473,33.99899],[-6.27473,34.00123],[-6.27698,34.00123]],[[-6.23655,34.00123],[-6.23655,33.99899],[-6.23431,33.99899],[-6.23431,34.00123],[-6.23655,34.00123]],[[-6.49707,33.99899],[-6.49707,33.99674],[-6.49482,33.99674],[-6.49482,33.99899],[-6.49707,33.99899]],[[-6.42745,33.99899],[-6.42969,33.99674],[-6.42969,33.99225],[-6.4252,33.9945],[-6.42745,33.99899]],[[-6.29045,33.99899],[-6.29045,33.99674],[-6.28821,33.99674],[-6.28821,33.99899],[-6.29045,33.99899]],[[-6.26799,33.9945],[-6.2635,33.9945],[-6.2635,33.99674],[-6.27024,33.99899],[-6.26799,33.9945]],[[-6.27024,33.9945],[-6.27024,33.99225],[-6.26799,33.99225],[-6.26799,33.9945],[-6.27024,33.9945]],[[-6.27249,33.99225],[-6.27249,33.98776],[-6.27024,33.98776],[-6.27024,33.99225],[-6.27249,33.99225]],[[-6.86762,33.99674],[-6.86762,33.9945],[-6.86537,33.9945],[-6.86537,33.99674],[-6.86762,33.99674]],[[-6.55096,33.99674],[-6.55096,33.9945],[-6.54198,33.99225],[-6.54423,33.99674],[-6.55096,33.99674]],[[-6.43867,33.99674],[-6.43867,33.9945],[-6.43418,33.9945],[-6.43418,33.99674],[-6.43867,33.99674]],[[-6.23655,33.9945],[-6.23431,33.99225],[-6.23431,33.99674],[-6.24105,33.99674],[-6.23655,33.9945]],[[-6.8519,33.9945],[-6.8519,33.99225],[-6.84741,33.99225],[-6.84741,33.9945],[-6.8519,33.9945]],[[-6.51728,33.9945],[-6.51728,33.99225],[-6.51279,33.99225],[-6.51279,33.9945],[-6.51728,33.9945]],[[-6.38927,33.99225],[-6.38927,33.9945],[-6.39151,33.9945],[-6.39151,33.99225],[-6.38927,33.99225]],[[-6.38927,33.99],[-6.38702,33.99],[-6.38702,33.99225],[-6.38927,33.99225],[-6.38927,33.99]],[[-6.33986,33.9945],[-6.33986,33.99225],[-6.33761,33.99225],[-6.33761,33.9945],[-6.33986,33.9945]],[[-6.29045,33.99225],[-6.29045,33.9945],[-6.29719,33.9945],[-6.29719,33.99225],[-6.29045,33.99225]],[[-6.29045,33.99],[-6.28821,33.99],[-6.28821,33.99225],[-6.29045,33.99225],[-6.29045,33.99]],[[-6.29494,33.99],[-6.29494,33.98551],[-6.29045,33.98551],[-6.29045,33.99],[-6.29494,33.99]],[[-6.28596,33.99225],[-6.28596,33.9945],[-6.28821,33.9945],[-6.28821,33.99225],[-6.28596,33.99225]],[[-6.25003,33.9945],[-6.25003,33.99225],[-6.24778,33.99225],[-6.24778,33.9945],[-6.25003,33.9945]],[[-6.37355,33.99225],[-6.37355,33.99],[-6.3713,33.99],[-6.3713,33.99225],[-6.37355,33.99225]],[[-6.34884,33.98776],[-6.34435,33.98551],[-6.34435,33.99225],[-6.3466,33.99225],[-6.34884,33.98776]],[[-6.25901,33.99225],[-6.25901,33.99],[-6.25452,33.99],[-6.25452,33.99225],[-6.25901,33.99225]],[[-6.46787,33.99],[-6.46787,33.98776],[-6.46562,33.98776],[-6.46562,33.99],[-6.46787,33.99]],[[-6.40274,33.99],[-6.40274,33.98776],[-6.39825,33.98776],[-6.39825,33.99],[-6.40274,33.99]],[[-6.39376,33.98776],[-6.39151,33.98776],[-6.39151,33.99],[-6.39376,33.99],[-6.39376,33.98776]],[[-6.396,33.98776],[-6.396,33.98102],[-6.4005,33.97878],[-6.39151,33.97653],[-6.38927,33.98102],[-6.39376,33.98102],[-6.396,33.98776]],[[-6.38028,33.98776],[-6.37804,33.98776],[-6.37804,33.99],[-6.38028,33.99],[-6.38028,33.98776]],[[-6.38253,33.98776],[-6.38253,33.98551],[-6.38028,33.98551],[-6.38028,33.98776],[-6.38253,33.98776]],[[-6.33986,33.99],[-6.33761,33.98551],[-6.33088,33.98551],[-6.33088,33.98776],[-6.33986,33.99]],[[-6.28596,33.99],[-6.28596,33.98776],[-6.28372,33.98776],[-6.28372,33.99],[-6.28596,33.99]],[[-6.24778,33.98327],[-6.24778,33.99],[-6.25003,33.99],[-6.25003,33.98327],[-6.24778,33.98327]],[[-6.24778,33.98102],[-6.24554,33.98102],[-6.24554,33.98327],[-6.24778,33.98327],[-6.24778,33.98102]],[[-6.87211,33.98327],[-6.86987,33.98327],[-6.86987,33.98776],[-6.87211,33.98776],[-6.87211,33.98327]],[[-6.87436,33.98327],[-6.87436,33.97878],[-6.87211,33.97878],[-6.87211,33.98327],[-6.87436,33.98327]],[[-6.43867,33.98776],[-6.43867,33.98551],[-6.43643,33.98551],[-6.43643,33.98776],[-6.43867,33.98776]],[[-6.2635,33.97878],[-6.26126,33.98776],[-6.26799,33.98776],[-6.27024,33.97878],[-6.2635,33.97878]],[[-6.5577,33.98551],[-6.5577,33.98327],[-6.55546,33.98327],[-6.55546,33.98551],[-6.5577,33.98551]],[[-6.49033,33.98551],[-6.49033,33.98102],[-6.48808,33.98102],[-6.48808,33.98551],[-6.49033,33.98551]],[[-6.42071,33.98102],[-6.41846,33.98102],[-6.41846,33.98551],[-6.42071,33.98551],[-6.42071,33.98102]],[[-6.4252,33.98102],[-6.4252,33.97878],[-6.42071,33.97878],[-6.42071,33.98102],[-6.4252,33.98102]],[[-6.42071,33.97653],[-6.41846,33.97653],[-6.41846,33.97878],[-6.42071,33.97878],[-6.42071,33.97653]],[[-6.37579,33.98551],[-6.37579,33.98327],[-6.37355,33.98327],[-6.37355,33.98551],[-6.37579,33.98551]],[[-6.35109,33.98327],[-6.35109,33.98551],[-6.35333,33.98551],[-6.35333,33.98327],[-6.35109,33.98327]],[[-6.35109,33.98102],[-6.35558,33.98102],[-6.35333,33.97428],[-6.3466,33.97428],[-6.34884,33.98327],[-6.35109,33.98102]],[[-6.34211,33.98551],[-6.34211,33.98327],[-6.33986,33.98327],[-6.33986,33.98551],[-6.34211,33.98551]],[[-6.30617,33.98551],[-6.30617,33.98327],[-6.29944,33.98327],[-6.29944,33.98551],[-6.30617,33.98551]],[[-6.29494,33.97653],[-6.28596,33.97653],[-6.28596,33.98551],[-6.29045,33.97878],[-6.29494,33.97653]],[[-6.29719,33.97653],[-6.29719,33.97428],[-6.29494,33.97428],[-6.29494,33.97653],[-6.29719,33.97653]],[[-6.29045,33.98327],[-6.2927,33.98327],[-6.2927,33.98102],[-6.29045,33.98102],[-6.29045,33.98327]],[[-6.27698,33.98102],[-6.27249,33.97878],[-6.27249,33.98551],[-6.27473,33.98551],[-6.27698,33.98102]],[[-6.25901,33.98551],[-6.25901,33.98327],[-6.25677,33.98327],[-6.25677,33.98551],[-6.25901,33.98551]],[[-6.23655,33.98551],[-6.23655,33.98327],[-6.23431,33.98327],[-6.23431,33.98551],[-6.23655,33.98551]],[[-6.8227,33.98327],[-6.8227,33.98102],[-6.82046,33.98102],[-6.82046,33.98327],[-6.8227,33.98327]],[[-6.533,33.98327],[-6.533,33.98102],[-6.53075,33.98102],[-6.53075,33.98327],[-6.533,33.98327]],[[-6.45664,33.97878],[-6.4544,33.97878],[-6.4544,33.98327],[-6.45664,33.98327],[-6.45664,33.97878]],[[-6.45889,33.97878],[-6.45889,33.97653],[-6.45664,33.97653],[-6.45664,33.97878],[-6.45889,33.97878]],[[-6.43867,33.98327],[-6.43867,33.98102],[-6.43418,33.98102],[-6.43418,33.98327],[-6.43867,33.98327]],[[-6.31291,33.98327],[-6.31291,33.98102],[-6.31066,33.98102],[-6.31066,33.98327],[-6.31291,33.98327]],[[-6.29719,33.98327],[-6.29719,33.98102],[-6.29494,33.98102],[-6.29494,33.98327],[-6.29719,33.98327]],[[-6.27922,33.97428],[-6.27922,33.98327],[-6.28372,33.98327],[-6.28372,33.96979],[-6.27922,33.97428]],[[-6.55546,33.98102],[-6.55546,33.97878],[-6.55321,33.97878],[-6.55321,33.98102],[-6.55546,33.98102]],[[-6.50829,33.97204],[-6.51054,33.98102],[-6.51952,33.97653],[-6.51952,33.97428],[-6.50829,33.97204]],[[-6.38253,33.98102],[-6.38028,33.97878],[-6.38253,33.97204],[-6.37579,33.97204],[-6.37355,33.96755],[-6.3713,33.97204],[-6.37804,33.97428],[-6.37579,33.98102],[-6.38253,33.98102]],[[-6.38253,33.97653],[-6.38478,33.97653],[-6.38478,33.97428],[-6.38253,33.97428],[-6.38253,33.97653]],[[-6.3713,33.96755],[-6.36906,33.96755],[-6.36906,33.96979],[-6.3713,33.96979],[-6.3713,33.96755]],[[-6.36681,33.98102],[-6.36681,33.97878],[-6.36232,33.97653],[-6.36232,33.98102],[-6.36681,33.98102]],[[-6.36232,33.97428],[-6.36007,33.97428],[-6.36007,33.97653],[-6.36232,33.97653],[-6.36232,33.97428]],[[-6.25227,33.98102],[-6.25227,33.97878],[-6.25003,33.97878],[-6.25003,33.98102],[-6.25227,33.98102]],[[-6.23655,33.98102],[-6.23655,33.97878],[-6.23431,33.97878],[-6.23431,33.98102],[-6.23655,33.98102]],[[-6.73512,33.97878],[-6.73512,33.97653],[-6.73287,33.97653],[-6.73287,33.97878],[-6.73512,33.97878]],[[-6.53524,33.97428],[-6.53524,33.97653],[-6.52851,33.97878],[-6.53749,33.97878],[-6.53524,33.97428]],[[-6.41397,33.97878],[-6.41397,33.97653],[-6.41173,33.97653],[-6.41173,33.97878],[-6.41397,33.97878]],[[-6.81597,33.97653],[-6.81597,33.97428],[-6.81372,33.97428],[-6.81372,33.97653],[-6.81597,33.97653]],[[-6.75982,33.97653],[-6.75982,33.97428],[-6.75758,33.97428],[-6.75758,33.97653],[-6.75982,33.97653]],[[-6.73961,33.96306],[-6.73512,33.97204],[-6.74186,33.97204],[-6.7441,33.97653],[-6.74635,33.96306],[-6.73961,33.96306]],[[-6.57118,33.97653],[-6.57118,33.97428],[-6.56668,33.97428],[-6.56668,33.97653],[-6.57118,33.97653]],[[-6.50605,33.97653],[-6.50605,33.97428],[-6.5038,33.97428],[-6.5038,33.97653],[-6.50605,33.97653]],[[-6.34435,33.97653],[-6.34435,33.97428],[-6.34211,33.97428],[-6.34211,33.97653],[-6.34435,33.97653]],[[-6.27698,33.97653],[-6.27473,33.97204],[-6.27024,33.97428],[-6.27024,33.97653],[-6.27698,33.97653]],[[-6.24554,33.97653],[-6.24554,33.97428],[-6.24329,33.97428],[-6.24329,33.97653],[-6.24554,33.97653]],[[-6.89008,33.97204],[-6.88783,33.97204],[-6.88783,33.97428],[-6.89008,33.97428],[-6.89008,33.97204]],[[-6.89232,33.97204],[-6.89232,33.96979],[-6.89008,33.96979],[-6.89008,33.97204],[-6.89232,33.97204]],[[-6.89457,33.96979],[-6.89457,33.96755],[-6.89232,33.96755],[-6.89232,33.96979],[-6.89457,33.96979]],[[-6.88334,33.97428],[-6.88334,33.97204],[-6.8766,33.97204],[-6.8766,33.97428],[-6.88334,33.97428]],[[-6.46338,33.97428],[-6.46338,33.97204],[-6.46113,33.97204],[-6.46113,33.97428],[-6.46338,33.97428]],[[-6.41622,33.97428],[-6.41622,33.97204],[-6.41173,33.97204],[-6.41173,33.97428],[-6.41622,33.97428]],[[-6.4005,33.97204],[-6.4005,33.97428],[-6.40274,33.97428],[-6.40274,33.97204],[-6.4005,33.97204]],[[-6.4005,33.96979],[-6.39825,33.96979],[-6.39825,33.97204],[-6.4005,33.97204],[-6.4005,33.96979]],[[-6.39376,33.96979],[-6.39376,33.9653],[-6.38702,33.96755],[-6.39151,33.97428],[-6.396,33.97428],[-6.39376,33.96979]],[[-6.38702,33.96306],[-6.38478,33.96306],[-6.38478,33.96755],[-6.38702,33.96755],[-6.38702,33.96306]],[[-6.36456,33.97204],[-6.36456,33.97428],[-6.36681,33.97428],[-6.36681,33.97204],[-6.36456,33.97204]],[[-6.36456,33.96755],[-6.36232,33.96755],[-6.36232,33.97204],[-6.36456,33.97204],[-6.36456,33.96755]],[[-6.25003,33.97428],[-6.25003,33.97204],[-6.24778,33.97204],[-6.24778,33.97428],[-6.25003,33.97428]],[[-6.54872,33.97204],[-6.54872,33.96979],[-6.54423,33.96979],[-6.54423,33.97204],[-6.54872,33.97204]],[[-6.34884,33.97204],[-6.34884,33.96979],[-6.3466,33.96979],[-6.3466,33.97204],[-6.34884,33.97204]],[[-6.34435,33.97204],[-6.34435,33.96755],[-6.34211,33.96755],[-6.34211,33.97204],[-6.34435,33.97204]],[[-6.32189,33.97204],[-6.32189,33.96979],[-6.31965,33.96979],[-6.31965,33.97204],[-6.32189,33.97204]],[[-6.29944,33.97204],[-6.29944,33.96979],[-6.29719,33.96979],[-6.29719,33.97204],[-6.29944,33.97204]],[[-6.29045,33.97204],[-6.29045,33.96979],[-6.28596,33.96755],[-6.28596,33.97204],[-6.29045,33.97204]],[[-6.29494,33.96979],[-6.29494,33.96755],[-6.29045,33.96755],[-6.29045,33.96979],[-6.29494,33.96979]],[[-6.28596,33.9653],[-6.28147,33.96306],[-6.27922,33.96755],[-6.28596,33.96755],[-6.28596,33.9653]],[[-6.25677,33.97204],[-6.25677,33.96979],[-6.25452,33.96979],[-6.25452,33.97204],[-6.25677,33.97204]],[[-6.79576,33.9653],[-6.79576,33.96979],[-6.80249,33.96755],[-6.80249,33.96081],[-6.79576,33.9653]],[[-6.52626,33.96979],[-6.52626,33.96755],[-6.52401,33.96755],[-6.52401,33.96979],[-6.52626,33.96979]],[[-6.44766,33.96979],[-6.44766,33.96755],[-6.44541,33.96755],[-6.44541,33.96979],[-6.44766,33.96979]],[[-6.40948,33.96755],[-6.40948,33.96979],[-6.41173,33.96979],[-6.41173,33.96755],[-6.40948,33.96755]],[[-6.40948,33.9653],[-6.40723,33.9653],[-6.40723,33.96755],[-6.40948,33.96755],[-6.40948,33.9653]],[[-6.41397,33.9653],[-6.41397,33.96081],[-6.40723,33.95856],[-6.40948,33.95407],[-6.40499,33.95407],[-6.40499,33.96306],[-6.41397,33.9653]],[[-6.40499,33.95183],[-6.4005,33.95183],[-6.4005,33.95407],[-6.40499,33.95407],[-6.40499,33.95183]],[[-6.4005,33.94958],[-6.39825,33.94958],[-6.39825,33.95183],[-6.4005,33.95183],[-6.4005,33.94958]],[[-6.39825,33.94733],[-6.4005,33.94509],[-6.39151,33.94509],[-6.39151,33.94958],[-6.39825,33.94733]],[[-6.38702,33.94958],[-6.38702,33.95407],[-6.39151,33.95632],[-6.39151,33.94958],[-6.38702,33.94958]],[[-6.35783,33.96755],[-6.35558,33.96755],[-6.35558,33.96979],[-6.35783,33.96979],[-6.35783,33.96755]],[[-6.36007,33.96755],[-6.36007,33.9653],[-6.35783,33.9653],[-6.35783,33.96755],[-6.36007,33.96755]],[[-6.36232,33.9653],[-6.36456,33.96306],[-6.36456,33.96081],[-6.36007,33.96081],[-6.36232,33.9653]],[[-6.33761,33.96979],[-6.33761,33.9653],[-6.33537,33.9653],[-6.33537,33.96979],[-6.33761,33.96979]],[[-6.27473,33.96979],[-6.27473,33.96755],[-6.27249,33.96755],[-6.27249,33.96979],[-6.27473,33.96979]],[[-6.26799,33.96979],[-6.26799,33.96755],[-6.26575,33.96755],[-6.26575,33.96979],[-6.26799,33.96979]],[[-6.75309,33.96755],[-6.75309,33.9653],[-6.75084,33.9653],[-6.75084,33.96755],[-6.75309,33.96755]],[[-6.38253,33.96755],[-6.38253,33.96306],[-6.38028,33.96306],[-6.38028,33.96755],[-6.38253,33.96755]],[[-6.89232,33.9653],[-6.89232,33.96306],[-6.89008,33.96306],[-6.89008,33.9653],[-6.89232,33.9653]],[[-6.73063,33.9653],[-6.73063,33.96306],[-6.72838,33.96306],[-6.72838,33.9653],[-6.73063,33.9653]],[[-6.36906,33.9653],[-6.36906,33.96306],[-6.36681,33.96306],[-6.36681,33.9653],[-6.36906,33.9653]],[[-6.35109,33.9653],[-6.35109,33.96306],[-6.3466,33.96306],[-6.3466,33.9653],[-6.35109,33.9653]],[[-6.34211,33.9653],[-6.34211,33.96306],[-6.33986,33.96306],[-6.33986,33.9653],[-6.34211,33.9653]],[[-6.27473,33.9653],[-6.27473,33.96306],[-6.27249,33.96306],[-6.27249,33.9653],[-6.27473,33.9653]],[[-6.26575,33.96081],[-6.2635,33.9653],[-6.26799,33.9653],[-6.26799,33.96081],[-6.26575,33.96081]],[[-6.75758,33.96081],[-6.75533,33.96081],[-6.75533,33.96306],[-6.75758,33.96306],[-6.75758,33.96081]],[[-6.75982,33.96081],[-6.75982,33.95856],[-6.75758,33.95856],[-6.75758,33.96081],[-6.75982,33.96081]],[[-6.71715,33.96306],[-6.7194,33.95183],[-6.71266,33.94958],[-6.71266,33.96306],[-6.71715,33.96306]],[[-6.37579,33.96306],[-6.37579,33.96081],[-6.37355,33.96081],[-6.37355,33.96306],[-6.37579,33.96306]],[[-6.27922,33.96306],[-6.27922,33.96081],[-6.27698,33.96081],[-6.27698,33.96306],[-6.27922,33.96306]],[[-6.25452,33.96306],[-6.25452,33.96081],[-6.25227,33.96081],[-6.25227,33.96306],[-6.25452,33.96306]],[[-6.78228,33.96081],[-6.78228,33.95856],[-6.78003,33.95856],[-6.78003,33.96081],[-6.78228,33.96081]],[[-6.33986,33.95632],[-6.34211,33.96081],[-6.3466,33.96081],[-6.34211,33.95407],[-6.33761,33.95407],[-6.33986,33.95632]],[[-6.33537,33.96081],[-6.33537,33.95856],[-6.33312,33.95856],[-6.33312,33.96081],[-6.33537,33.96081]],[[-6.2927,33.96081],[-6.2927,33.95856],[-6.29045,33.95856],[-6.29045,33.96081],[-6.2927,33.96081]],[[-6.28821,33.96081],[-6.28821,33.95856],[-6.28372,33.95856],[-6.28372,33.96081],[-6.28821,33.96081]],[[-6.86987,33.95632],[-6.86987,33.95407],[-6.86762,33.95407],[-6.86762,33.95856],[-6.87211,33.95856],[-6.86987,33.95632]],[[-6.80474,33.95856],[-6.80474,33.95407],[-6.80249,33.95407],[-6.80249,33.95856],[-6.80474,33.95856]],[[-6.73961,33.95856],[-6.73961,33.95632],[-6.73512,33.95632],[-6.73512,33.95856],[-6.73961,33.95856]],[[-6.3713,33.95856],[-6.3713,33.95407],[-6.36906,33.95407],[-6.36681,33.95856],[-6.3713,33.95856]],[[-6.36681,33.94958],[-6.36906,33.94509],[-6.36232,33.93611],[-6.36456,33.95632],[-6.36681,33.94958]],[[-6.35333,33.95632],[-6.35333,33.95856],[-6.35783,33.95856],[-6.35783,33.95632],[-6.35333,33.95632]],[[-6.35333,33.95407],[-6.34884,33.95407],[-6.34884,33.95856],[-6.35333,33.95632],[-6.35333,33.95407]],[[-6.25227,33.95632],[-6.25003,33.95632],[-6.25003,33.95856],[-6.25227,33.95856],[-6.25227,33.95632]],[[-6.25452,33.95632],[-6.25452,33.95407],[-6.25227,33.95407],[-6.25227,33.95632],[-6.25452,33.95632]],[[-6.78677,33.95632],[-6.78677,33.95407],[-6.78453,33.95407],[-6.78453,33.95632],[-6.78677,33.95632]],[[-6.76431,33.95632],[-6.76431,33.95407],[-6.76207,33.95407],[-6.76207,33.95632],[-6.76431,33.95632]],[[-6.58914,33.95632],[-6.58914,33.95407],[-6.58465,33.95407],[-6.58465,33.95632],[-6.58914,33.95632]],[[-6.43194,33.95632],[-6.43194,33.95183],[-6.42969,33.95183],[-6.42969,33.95632],[-6.43194,33.95632]],[[-6.4252,33.95407],[-6.42295,33.95183],[-6.42295,33.95632],[-6.42745,33.95632],[-6.4252,33.95407]],[[-6.41397,33.95632],[-6.41397,33.95407],[-6.41173,33.95407],[-6.41173,33.95632],[-6.41397,33.95632]],[[-6.2635,33.95407],[-6.2635,33.95632],[-6.26575,33.95632],[-6.26575,33.95407],[-6.2635,33.95407]],[[-6.2635,33.94284],[-6.25227,33.94284],[-6.25227,33.94733],[-6.26126,33.94733],[-6.2635,33.95407],[-6.2635,33.94284]],[[-6.26799,33.95407],[-6.26799,33.95183],[-6.26575,33.95183],[-6.26575,33.95407],[-6.26799,33.95407]],[[-6.87436,33.95407],[-6.87436,33.95183],[-6.87211,33.95183],[-6.87211,33.95407],[-6.87436,33.95407]],[[-6.49257,33.95407],[-6.49257,33.95183],[-6.49033,33.95183],[-6.49033,33.95407],[-6.49257,33.95407]],[[-6.43643,33.95407],[-6.43643,33.95183],[-6.43418,33.95183],[-6.43418,33.95407],[-6.43643,33.95407]],[[-6.35783,33.95407],[-6.35783,33.95183],[-6.35558,33.95183],[-6.35558,33.95407],[-6.35783,33.95407]],[[-6.79126,33.95183],[-6.79126,33.94958],[-6.78902,33.94958],[-6.78902,33.95183],[-6.79126,33.95183]],[[-6.7441,33.95183],[-6.7441,33.94958],[-6.74186,33.94958],[-6.74186,33.95183],[-6.7441,33.95183]],[[-6.70817,33.95183],[-6.70817,33.94958],[-6.70592,33.94958],[-6.70592,33.95183],[-6.70817,33.95183]],[[-6.58914,33.95183],[-6.58914,33.94284],[-6.58465,33.94284],[-6.58241,33.94958],[-6.58914,33.95183]],[[-6.40948,33.95183],[-6.40948,33.94958],[-6.40723,33.94958],[-6.40723,33.95183],[-6.40948,33.95183]],[[-6.37355,33.95183],[-6.37355,33.94958],[-6.3713,33.94958],[-6.3713,33.95183],[-6.37355,33.95183]],[[-6.3466,33.94958],[-6.34435,33.94958],[-6.34435,33.95183],[-6.3466,33.95183],[-6.3466,33.94958]],[[-6.34884,33.94958],[-6.34884,33.94733],[-6.3466,33.94733],[-6.3466,33.94958],[-6.34884,33.94958]],[[-6.27922,33.94958],[-6.28596,33.95183],[-6.28821,33.94733],[-6.27922,33.94733],[-6.27922,33.94958]],[[-6.27698,33.94958],[-6.27698,33.95183],[-6.27922,33.95183],[-6.27922,33.94958],[-6.27698,33.94958]],[[-6.44541,33.94733],[-6.44541,33.94958],[-6.44766,33.94958],[-6.44766,33.94733],[-6.44541,33.94733]],[[-6.44541,33.94509],[-6.43867,33.94509],[-6.43867,33.94958],[-6.44541,33.94733],[-6.44541,33.94509]],[[-6.42295,33.94958],[-6.42745,33.94733],[-6.42745,33.94509],[-6.42295,33.94509],[-6.42295,33.94958]],[[-6.42969,33.94509],[-6.43194,33.94733],[-6.43643,33.93835],[-6.44317,33.93835],[-6.43194,33.92488],[-6.42745,33.92488],[-6.42745,33.92937],[-6.43418,33.93161],[-6.43194,33.9406],[-6.42745,33.94284],[-6.42969,33.94509]],[[-6.44541,33.93611],[-6.44541,33.93386],[-6.44317,33.93386],[-6.44317,33.93611],[-6.44541,33.93611]],[[-6.4252,33.92937],[-6.42071,33.91589],[-6.41397,33.9114],[-6.40499,33.91365],[-6.42071,33.92488],[-6.42071,33.93161],[-6.42745,33.93161],[-6.4252,33.92937]],[[-6.40948,33.92039],[-6.40948,33.92488],[-6.40723,33.92937],[-6.41397,33.92263],[-6.40948,33.92039]],[[-6.40948,33.93161],[-6.40723,33.93386],[-6.41397,33.93161],[-6.41622,33.93835],[-6.42295,33.93835],[-6.41622,33.93386],[-6.41622,33.92937],[-6.40948,33.93161]],[[-6.41397,33.93835],[-6.41397,33.9406],[-6.41622,33.9406],[-6.41622,33.93835],[-6.41397,33.93835]],[[-6.40499,33.94958],[-6.40499,33.94733],[-6.40274,33.94733],[-6.40274,33.94958],[-6.40499,33.94958]],[[-6.35783,33.94958],[-6.35783,33.94733],[-6.35558,33.94733],[-6.35558,33.94958],[-6.35783,33.94958]],[[-6.25003,33.94958],[-6.25003,33.94733],[-6.24778,33.94733],[-6.24778,33.94958],[-6.25003,33.94958]],[[-6.79351,33.94733],[-6.79351,33.94509],[-6.79126,33.94509],[-6.79126,33.94733],[-6.79351,33.94733]],[[-6.46562,33.94733],[-6.46562,33.94509],[-6.46113,33.94509],[-6.46113,33.94733],[-6.46562,33.94733]],[[-6.37804,33.94509],[-6.38028,33.94733],[-6.38253,33.94733],[-6.38253,33.94284],[-6.37804,33.94509]],[[-6.38478,33.94284],[-6.38927,33.94509],[-6.396,33.9406],[-6.38478,33.93835],[-6.38253,33.9406],[-6.38478,33.94284]],[[-6.38253,33.93835],[-6.38028,33.93835],[-6.38028,33.9406],[-6.38253,33.9406],[-6.38253,33.93835]],[[-6.37355,33.94733],[-6.37355,33.94509],[-6.3713,33.94509],[-6.3713,33.94733],[-6.37355,33.94733]],[[-6.47685,33.94509],[-6.47685,33.94284],[-6.47461,33.94284],[-6.47461,33.94509],[-6.47685,33.94509]],[[-6.36007,33.94509],[-6.35783,33.93835],[-6.35558,33.93835],[-6.35333,33.94509],[-6.36007,33.94509]],[[-6.80025,33.94284],[-6.80025,33.9406],[-6.798,33.9406],[-6.798,33.94284],[-6.80025,33.94284]],[[-6.72389,33.9406],[-6.72164,33.9406],[-6.72164,33.94284],[-6.72389,33.94284],[-6.72389,33.9406]],[[-6.73063,33.9406],[-6.73063,33.93611],[-6.72389,33.93835],[-6.72389,33.9406],[-6.73063,33.9406]],[[-6.45889,33.93835],[-6.46338,33.94284],[-6.46562,33.93611],[-6.46113,33.93386],[-6.45889,33.93835]],[[-6.41173,33.94284],[-6.41173,33.9406],[-6.40948,33.9406],[-6.40948,33.94284],[-6.41173,33.94284]],[[-6.25003,33.94284],[-6.25003,33.9406],[-6.24778,33.9406],[-6.24778,33.94284],[-6.25003,33.94284]],[[-6.88783,33.93835],[-6.88559,33.93835],[-6.88559,33.9406],[-6.88783,33.9406],[-6.88783,33.93835]],[[-6.89008,33.93835],[-6.89008,33.93386],[-6.88783,33.93386],[-6.88783,33.93835],[-6.89008,33.93835]],[[-6.52177,33.9406],[-6.52177,33.93835],[-6.51952,33.93835],[-6.51952,33.9406],[-6.52177,33.9406]],[[-6.51054,33.9406],[-6.51054,33.93835],[-6.50829,33.93835],[-6.50829,33.9406],[-6.51054,33.9406]],[[-6.47236,33.93835],[-6.46787,33.93835],[-6.46787,33.9406],[-6.47236,33.9406],[-6.47236,33.93835]],[[-6.47461,33.93835],[-6.47461,33.93386],[-6.47236,33.93386],[-6.47236,33.93835],[-6.47461,33.93835]],[[-6.4499,33.9406],[-6.4499,33.93835],[-6.44541,33.93835],[-6.44541,33.9406],[-6.4499,33.9406]],[[-6.37579,33.9406],[-6.37579,33.93611],[-6.37804,33.93386],[-6.3713,33.93835],[-6.37579,33.9406]],[[-6.40723,33.93835],[-6.40723,33.93611],[-6.40499,33.93611],[-6.40499,33.93835],[-6.40723,33.93835]],[[-6.25452,33.93835],[-6.25452,33.93611],[-6.25227,33.93611],[-6.25227,33.93835],[-6.25452,33.93835]],[[-6.38028,33.93386],[-6.38702,33.93611],[-6.396,33.93611],[-6.38478,33.93161],[-6.38253,33.92712],[-6.37579,33.92712],[-6.38028,33.93386]],[[-6.39151,33.93161],[-6.39151,33.92937],[-6.38927,33.92937],[-6.38927,33.93161],[-6.39151,33.93161]],[[-6.36681,33.93386],[-6.36681,33.93611],[-6.36906,33.93611],[-6.36906,33.93386],[-6.36681,33.93386]],[[-6.36681,33.93161],[-6.36456,33.93161],[-6.36456,33.93386],[-6.36681,33.93386],[-6.36681,33.93161]],[[-6.3713,33.93386],[-6.3713,33.93161],[-6.36906,33.93161],[-6.36906,33.93386],[-6.3713,33.93386]],[[-6.79126,33.93386],[-6.79126,33.93161],[-6.78902,33.93161],[-6.78902,33.93386],[-6.79126,33.93386]],[[-6.56668,33.93386],[-6.56668,33.93161],[-6.56444,33.93161],[-6.56444,33.93386],[-6.56668,33.93386]],[[-6.45889,33.93386],[-6.46338,33.93161],[-6.46338,33.92712],[-6.45215,33.92937],[-6.45215,33.93386],[-6.45889,33.93386]],[[-6.33537,33.93386],[-6.33537,33.93161],[-6.33312,33.93161],[-6.33312,33.93386],[-6.33537,33.93386]],[[-6.75084,33.93161],[-6.74859,33.92263],[-6.7441,33.92263],[-6.74635,33.93161],[-6.75084,33.93161]],[[-6.50605,33.93161],[-6.50605,33.92937],[-6.5038,33.92937],[-6.5038,33.93161],[-6.50605,33.93161]],[[-6.81597,33.92937],[-6.81597,33.92488],[-6.81372,33.92488],[-6.81372,33.92937],[-6.81597,33.92937]],[[-6.39825,33.92712],[-6.39376,33.92488],[-6.39376,33.92937],[-6.396,33.92712],[-6.39825,33.92712]],[[-6.36681,33.92488],[-6.36456,33.92488],[-6.36456,33.92937],[-6.36681,33.92937],[-6.36681,33.92488]],[[-6.36906,33.92488],[-6.36906,33.92263],[-6.36681,33.92263],[-6.36681,33.92488],[-6.36906,33.92488]],[[-6.36906,33.92712],[-6.3713,33.92712],[-6.3713,33.92488],[-6.36906,33.92488],[-6.36906,33.92712]],[[-6.32863,33.92712],[-6.32863,33.92488],[-6.32639,33.92488],[-6.32639,33.92712],[-6.32863,33.92712]],[[-6.45215,33.92039],[-6.45215,33.91365],[-6.46338,33.91589],[-6.47012,33.90916],[-6.46562,33.90691],[-6.46113,33.9114],[-6.46113,33.90466],[-6.4544,33.90017],[-6.45664,33.90916],[-6.4499,33.9114],[-6.44541,33.92039],[-6.44766,33.92488],[-6.45889,33.92488],[-6.45215,33.92039]],[[-6.44541,33.91589],[-6.44317,33.91589],[-6.44317,33.91814],[-6.44541,33.91814],[-6.44541,33.91589]],[[-6.44317,33.91365],[-6.43643,33.91365],[-6.43643,33.91589],[-6.44092,33.91814],[-6.44317,33.91365]],[[-6.42969,33.91589],[-6.42745,33.92039],[-6.43643,33.91814],[-6.43643,33.91589],[-6.42969,33.91589]],[[-6.4252,33.92039],[-6.4252,33.92263],[-6.42745,33.92263],[-6.42745,33.92039],[-6.4252,33.92039]],[[-6.38702,33.92488],[-6.38702,33.92263],[-6.38478,33.92263],[-6.38478,33.92488],[-6.38702,33.92488]],[[-6.88783,33.92263],[-6.88783,33.92039],[-6.88559,33.92039],[-6.88559,33.92263],[-6.88783,33.92263]],[[-6.47012,33.92263],[-6.47012,33.92039],[-6.46562,33.92039],[-6.46562,33.92263],[-6.47012,33.92263]],[[-6.43867,33.92263],[-6.43867,33.92039],[-6.43643,33.92039],[-6.43643,33.92263],[-6.43867,33.92263]],[[-6.40499,33.92263],[-6.40499,33.92039],[-6.39825,33.92039],[-6.39825,33.92263],[-6.40499,33.92263]],[[-6.48359,33.91814],[-6.48134,33.91814],[-6.48134,33.92039],[-6.48359,33.92039],[-6.48359,33.91814]],[[-6.48808,33.91814],[-6.48808,33.91589],[-6.48359,33.91589],[-6.48359,33.91814],[-6.48808,33.91814]],[[-6.46338,33.92039],[-6.46338,33.91814],[-6.46113,33.91814],[-6.46113,33.92039],[-6.46338,33.92039]],[[-6.33537,33.92039],[-6.33537,33.91814],[-6.33312,33.91814],[-6.33312,33.92039],[-6.33537,33.92039]],[[-6.46787,33.91814],[-6.46787,33.91589],[-6.46562,33.91589],[-6.46562,33.91814],[-6.46787,33.91814]],[[-6.45889,33.91814],[-6.45889,33.91589],[-6.45664,33.91589],[-6.45664,33.91814],[-6.45889,33.91814]],[[-6.88783,33.91589],[-6.88783,33.91365],[-6.88559,33.91365],[-6.88559,33.91589],[-6.88783,33.91589]],[[-6.76881,33.91589],[-6.76881,33.91365],[-6.76656,33.91365],[-6.76656,33.91589],[-6.76881,33.91589]],[[-6.37579,33.91589],[-6.37579,33.91365],[-6.37355,33.91365],[-6.37355,33.91589],[-6.37579,33.91589]],[[-6.3713,33.91589],[-6.3713,33.91365],[-6.36906,33.91365],[-6.36906,33.91589],[-6.3713,33.91589]],[[-6.4499,33.90916],[-6.4499,33.90691],[-6.44541,33.90691],[-6.44541,33.9114],[-6.4499,33.90916]],[[-6.40723,33.9114],[-6.40723,33.90916],[-6.40499,33.90916],[-6.40499,33.9114],[-6.40723,33.9114]],[[-6.43418,33.90466],[-6.43418,33.90242],[-6.43194,33.90242],[-6.43194,33.90466],[-6.43418,33.90466]],[[-6.44766,33.90242],[-6.44766,33.90017],[-6.44317,33.90017],[-6.44317,33.90242],[-6.44766,33.90242]],[[-5.76943,33.80136],[-5.76943,33.79911],[-5.76718,33.79911],[-5.76718,33.80136],[-5.76943,33.80136]],[[-5.76494,33.79013],[-5.76494,33.78788],[-5.76269,33.78788],[-5.76269,33.79013],[-5.76494,33.79013]],[[-5.77392,33.77216],[-5.77392,33.76992],[-5.77168,33.76992],[-5.77168,33.77216],[-5.77392,33.77216]],[[-5.76045,33.76767],[-5.76045,33.76543],[-5.7582,33.76543],[-5.7582,33.76767],[-5.76045,33.76767]],[[-5.76494,33.76093],[-5.76494,33.75869],[-5.76269,33.75869],[-5.76269,33.76093],[-5.76494,33.76093]],[[-5.7829,33.75195],[-5.7829,33.74971],[-5.78066,33.74971],[-5.78066,33.75195],[-5.7829,33.75195]],[[-5.77168,33.74521],[-5.77168,33.74297],[-5.76943,33.74297],[-5.76943,33.74521],[-5.77168,33.74521]],[[-5.75146,33.74297],[-5.75146,33.74072],[-5.74922,33.74072],[-5.74922,33.74297],[-5.75146,33.74297]],[[-5.74023,33.74072],[-5.74023,33.74297],[-5.74248,33.74297],[-5.74248,33.74072],[-5.74023,33.74072]],[[-5.74023,33.73848],[-5.73799,33.73848],[-5.73799,33.74072],[-5.74023,33.74072],[-5.74023,33.73848]],[[-5.76045,33.71377],[-5.76045,33.71153],[-5.7582,33.71153],[-5.7582,33.71377],[-5.76045,33.71377]],[[-6.97542,33.57453],[-6.97542,33.57229],[-6.97317,33.57229],[-6.97317,33.57453],[-6.97542,33.57453]],[[-5.90193,33.46449],[-5.90193,33.46224],[-5.89969,33.46224],[-5.89969,33.46449],[-5.90193,33.46449]],[[-5.94909,33.45775],[-5.94909,33.45551],[-5.94685,33.45551],[-5.94685,33.45775],[-5.94909,33.45775]],[[-6.01198,33.45102],[-6.01198,33.44652],[-6.00973,33.44652],[-6.00973,33.45102],[-6.01198,33.45102]],[[-6.04117,33.44877],[-6.04117,33.44652],[-6.03892,33.44652],[-6.03892,33.44877],[-6.04117,33.44877]],[[-5.93786,33.44652],[-5.93786,33.44428],[-5.93337,33.44428],[-5.93337,33.44652],[-5.93786,33.44652]],[[-6.0524,33.44203],[-6.0524,33.43979],[-6.05015,33.43979],[-6.05015,33.44203],[-6.0524,33.44203]],[[-5.99625,33.44203],[-5.99625,33.43979],[-5.99401,33.43979],[-5.99401,33.44203],[-5.99625,33.44203]],[[-6.05689,33.43979],[-6.05689,33.43754],[-6.05465,33.43754],[-6.05465,33.43979],[-6.05689,33.43979]],[[-6.03219,33.43979],[-6.03219,33.43754],[-6.02994,33.43754],[-6.02994,33.43979],[-6.03219,33.43979]],[[-6.00299,33.43529],[-6.00299,33.43305],[-6.00075,33.43305],[-6.00075,33.43529],[-6.00299,33.43529]],[[-5.99625,33.43305],[-5.99625,33.43529],[-5.9985,33.43529],[-5.9985,33.43305],[-5.99625,33.43305]],[[-5.99625,33.42856],[-5.99401,33.42856],[-5.99401,33.43305],[-5.99625,33.43305],[-5.99625,33.42856]],[[-6.04566,33.42407],[-6.04566,33.42182],[-6.04342,33.42182],[-6.04342,33.42407],[-6.04566,33.42407]],[[-5.98053,33.41733],[-5.98053,33.41508],[-5.97604,33.41508],[-5.97604,33.41733],[-5.98053,33.41733]],[[-6.04566,33.41508],[-6.04566,33.41284],[-6.04791,33.41059],[-6.04342,33.41059],[-6.04566,33.41508]],[[-6.04342,33.40835],[-6.04117,33.40835],[-6.04117,33.41059],[-6.04342,33.41059],[-6.04342,33.40835]],[[-6.04791,33.40835],[-6.04791,33.40385],[-6.04566,33.40385],[-6.04342,33.40835],[-6.04791,33.40835]],[[-5.98952,33.41284],[-5.98952,33.41059],[-5.98727,33.41059],[-5.98727,33.41508],[-5.99176,33.41508],[-5.98952,33.41284]],[[-5.98503,33.41508],[-5.98503,33.41284],[-5.98278,33.41284],[-5.98278,33.41508],[-5.98503,33.41508]],[[-5.98503,33.41059],[-5.98503,33.40835],[-5.98278,33.40835],[-5.98278,33.41059],[-5.98503,33.41059]],[[-6.05465,33.39038],[-6.05465,33.38813],[-6.0524,33.38813],[-6.0524,33.39038],[-6.05465,33.39038]],[[-6.06587,33.38364],[-6.06587,33.3814],[-6.06363,33.3814],[-6.06363,33.38364],[-6.06587,33.38364]],[[-5.97155,33.38364],[-5.97155,33.3814],[-5.96931,33.3814],[-5.96931,33.38364],[-5.97155,33.38364]],[[-6.07037,33.3814],[-6.07037,33.37915],[-6.06812,33.37915],[-6.06812,33.3814],[-6.07037,33.3814]],[[-5.80985,33.33648],[-5.80985,33.33423],[-5.80761,33.33423],[-5.80761,33.33648],[-5.80985,33.33648]]],[[[-6.26799,34.10229],[-6.26799,34.10454],[-6.26575,34.10454],[-6.26575,34.10229],[-6.26799,34.10229]]],[[[-6.25452,34.19662],[-6.25227,34.19662],[-6.25227,34.19437],[-6.25452,34.19437],[-6.25452,34.19662]]],[[[-6.2927,34.26399],[-6.2927,34.26174],[-6.29494,34.26174],[-6.29494,34.26399],[-6.2927,34.26399]]],[[[-6.29719,34.26399],[-6.29719,34.26848],[-6.29494,34.26848],[-6.29494,34.26399],[-6.29719,34.26399]]],[[[-6.30168,34.26848],[-6.29944,34.26848],[-6.29944,34.26624],[-6.30168,34.26624],[-6.30168,34.26848]]],[[[-6.29944,34.28645],[-6.29719,34.28645],[-6.29719,34.2842],[-6.29944,34.2842],[-6.29944,34.28645]]],[[[-6.29719,34.29094],[-6.29494,34.29094],[-6.29494,34.28869],[-6.29719,34.28869],[-6.29719,34.29094]]],[[[-6.30393,34.37179],[-6.30393,34.36954],[-6.30617,34.36954],[-6.30617,34.37179],[-6.30393,34.37179]]],[[[-6.26799,34.40997],[-6.26799,34.40772],[-6.27024,34.40772],[-6.27024,34.40997],[-6.26799,34.40997]]],[[[-6.24329,34.43467],[-6.23431,34.43467],[-6.23431,34.43018],[-6.2388,34.42793],[-6.24329,34.43467]]],[[[-6.2635,34.43467],[-6.25901,34.43467],[-6.25901,34.43018],[-6.2635,34.43018],[-6.2635,34.43467]]],[[[-6.22982,34.43692],[-6.22757,34.43692],[-6.22757,34.43467],[-6.22982,34.43467],[-6.22982,34.43692]]],[[[-6.24329,34.43467],[-6.25677,34.43467],[-6.25677,34.44141],[-6.2635,34.44365],[-6.2635,34.45039],[-6.25677,34.45264],[-6.25677,34.45713],[-6.24329,34.45713],[-6.24329,34.45039],[-6.23655,34.45039],[-6.23655,34.44365],[-6.24329,34.44141],[-6.24329,34.43467]]],[[[-6.2635,34.45713],[-6.26126,34.45713],[-6.26126,34.45488],[-6.2635,34.45488],[-6.2635,34.45713]]],[[[-6.18715,34.45713],[-6.1849,34.45713],[-6.1849,34.45488],[-6.18715,34.45488],[-6.18715,34.45713]]],[[[-6.24554,34.46611],[-6.24329,34.46611],[-6.24329,34.46387],[-6.24554,34.46387],[-6.24554,34.46611]]],[[[-6.28596,34.50878],[-6.28596,34.50429],[-6.28821,34.50429],[-6.28821,34.50878],[-6.28596,34.50878]]],[[[-6.30393,34.50878],[-6.30393,34.50654],[-6.30617,34.50654],[-6.30617,34.50878],[-6.30393,34.50878]]],[[[-6.27922,34.51552],[-6.27698,34.51552],[-6.27698,34.51327],[-6.27922,34.51327],[-6.27922,34.51552]]],[[[-6.26799,34.52001],[-6.2635,34.52001],[-6.2635,34.51327],[-6.27249,34.51552],[-6.26799,34.52001]]],[[[-6.26126,34.51776],[-6.25901,34.51776],[-6.25901,34.51552],[-6.26126,34.51552],[-6.26126,34.51776]]],[[[-6.27473,34.51776],[-6.27698,34.51776],[-6.27698,34.52001],[-6.27473,34.52001],[-6.27473,34.51776]]],[[[-6.27698,34.5245],[-6.27249,34.5245],[-6.27249,34.52001],[-6.27473,34.52001],[-6.27698,34.5245]]],[[[-6.27922,34.51552],[-6.28596,34.52001],[-6.28596,34.53124],[-6.27473,34.52899],[-6.27922,34.5245],[-6.27922,34.51552]]],[[[-6.25003,34.5245],[-6.24778,34.5245],[-6.24778,34.52226],[-6.25003,34.52226],[-6.25003,34.5245]]],[[[-6.29494,34.5245],[-6.2927,34.52226],[-6.29719,34.52226],[-6.29719,34.52675],[-6.29494,34.5245]]],[[[-6.24554,34.52226],[-6.24778,34.5245],[-6.24778,34.52675],[-6.24329,34.52675],[-6.24554,34.52226]]],[[[-6.27024,34.52675],[-6.27024,34.5245],[-6.27249,34.5245],[-6.27249,34.52675],[-6.27024,34.52675]]],[[[-6.30168,34.52899],[-6.29944,34.52899],[-6.29944,34.52675],[-6.30168,34.52675],[-6.30168,34.52899]]],[[[-6.2388,34.52899],[-6.23655,34.52899],[-6.23655,34.52675],[-6.2388,34.52675],[-6.2388,34.52899]]],[[[-6.25227,34.53349],[-6.24778,34.53124],[-6.25003,34.52675],[-6.25227,34.52675],[-6.25227,34.53349]]],[[[-6.24554,34.53573],[-6.24329,34.53573],[-6.24329,34.53124],[-6.24554,34.53124],[-6.24554,34.53573]]],[[[-6.28821,34.53573],[-6.28596,34.53573],[-6.28596,34.53349],[-6.28821,34.53349],[-6.28821,34.53573]]],[[[-6.25003,34.53573],[-6.24778,34.53573],[-6.24778,34.53349],[-6.25003,34.53349],[-6.25003,34.53573]]],[[[-6.2388,34.53798],[-6.23655,34.53798],[-6.23655,34.53573],[-6.2388,34.53573],[-6.2388,34.53798]]],[[[-6.25003,34.53798],[-6.25003,34.53573],[-6.25227,34.53573],[-6.25227,34.53798],[-6.25003,34.53798]]],[[[-6.27473,34.54247],[-6.27473,34.54022],[-6.27698,34.54022],[-6.27698,34.54247],[-6.27473,34.54247]]],[[[-6.25901,34.54247],[-6.25677,34.54247],[-6.25677,34.54022],[-6.25901,34.54022],[-6.25901,34.54247]]],[[[-6.1849,34.54471],[-6.18265,34.54471],[-6.18265,34.54247],[-6.1849,34.54247],[-6.1849,34.54471]]],[[[-6.24329,34.54696],[-6.24105,34.54696],[-6.24105,34.54471],[-6.24329,34.54471],[-6.24329,34.54696]]],[[[-6.2635,34.54696],[-6.2635,34.54471],[-6.26575,34.54471],[-6.26575,34.54696],[-6.2635,34.54696]]],[[[-6.23431,34.54696],[-6.23431,34.55145],[-6.22982,34.55145],[-6.22308,34.54471],[-6.23431,34.54696]]],[[[-6.21634,34.5537],[-6.2096,34.55819],[-6.20062,34.55594],[-6.19838,34.56043],[-6.18939,34.55819],[-6.19164,34.54471],[-6.19838,34.54247],[-6.19838,34.53573],[-6.20287,34.53798],[-6.20062,34.54471],[-6.20736,34.54696],[-6.2141,34.54471],[-6.2096,34.54022],[-6.21185,34.53349],[-6.22083,34.54247],[-6.22083,34.56942],[-6.2141,34.56717],[-6.2141,34.56268],[-6.21859,34.56268],[-6.21634,34.5537]],[[-6.19613,34.5537],[-6.19613,34.54921],[-6.19388,34.54921],[-6.19388,34.5537],[-6.19613,34.5537]]],[[[-6.22757,34.5537],[-6.22532,34.5537],[-6.22532,34.55145],[-6.22757,34.55145],[-6.22757,34.5537]]],[[[-6.24778,34.56268],[-6.24329,34.56268],[-6.24329,34.55819],[-6.24778,34.55819],[-6.24778,34.56268]]],[[[-6.19164,34.56268],[-6.19164,34.56043],[-6.19388,34.56043],[-6.19388,34.56268],[-6.19164,34.56268]]],[[[-6.17367,34.57616],[-6.17367,34.57391],[-6.18041,34.57391],[-6.18041,34.57616],[-6.17367,34.57616]]],[[[-6.17367,34.5784],[-6.17143,34.5784],[-6.17143,34.57616],[-6.17367,34.57616],[-6.17367,34.5784]]],[[[-5.96931,34.32463],[-5.96706,34.32463],[-5.96706,34.32238],[-5.96931,34.32238],[-5.96931,34.32463]]],[[[-5.96706,34.33361],[-5.96481,34.33361],[-5.96481,34.32687],[-5.96931,34.32912],[-5.96706,34.33361]]],[[[-5.96706,34.3381],[-5.96481,34.3381],[-5.96481,34.33586],[-5.96706,34.33586],[-5.96706,34.3381]]],[[[-5.92888,34.33586],[-5.93337,34.33361],[-5.93337,34.34259],[-5.92888,34.34259],[-5.92888,34.33586]]],[[[-5.96706,34.3381],[-5.97155,34.3381],[-5.96931,34.34484],[-5.96257,34.34259],[-5.96257,34.3381],[-5.96481,34.34035],[-5.96706,34.3381]]],[[[-5.97604,34.35382],[-5.97155,34.35382],[-5.97155,34.35158],[-5.97604,34.35158],[-5.97604,34.35382]]],[[[-5.97604,34.35831],[-5.97604,34.35382],[-5.97829,34.35382],[-5.97829,34.35831],[-5.97604,34.35831]]],[[[-5.9738,34.36505],[-5.97829,34.36281],[-5.97829,34.3673],[-5.97604,34.3673],[-5.9738,34.36505]]],[[[-5.98278,34.3673],[-5.98053,34.3673],[-5.98053,34.36505],[-5.98278,34.36505],[-5.98278,34.3673]]],[[[-5.94685,34.37403],[-5.9446,34.37403],[-5.9446,34.37179],[-5.94685,34.37179],[-5.94685,34.37403]]],[[[-5.95358,34.37628],[-5.94909,34.37628],[-5.94909,34.37179],[-5.95808,34.36954],[-5.95358,34.37628]]],[[[-5.9738,34.37853],[-5.9738,34.37403],[-5.97604,34.37403],[-5.97604,34.37853],[-5.9738,34.37853]]],[[[-5.97829,34.37853],[-5.97829,34.38077],[-5.97604,34.38077],[-5.97604,34.37853],[-5.97829,34.37853]]],[[[-5.98503,34.38077],[-5.98053,34.38302],[-5.97829,34.37628],[-5.98278,34.37628],[-5.98503,34.38077]]],[[[-5.98727,34.37853],[-5.98952,34.37853],[-5.99176,34.38302],[-5.98727,34.38302],[-5.98727,34.37853]]],[[[-6.05015,34.392],[-6.04791,34.392],[-6.04791,34.38751],[-6.05015,34.38751],[-6.05015,34.392]]],[[[-6.07037,34.39649],[-6.07037,34.39425],[-6.07261,34.39425],[-6.07261,34.39649],[-6.07037,34.39649]]],[[[-5.96032,34.40323],[-5.96032,34.40098],[-5.96257,34.40098],[-5.96257,34.40323],[-5.96032,34.40323]]],[[[-6.09956,34.40323],[-6.09731,34.40323],[-6.09731,34.40098],[-6.09956,34.40098],[-6.09956,34.40323]]],[[[-6.08609,34.40323],[-6.08384,34.40323],[-6.08384,34.40098],[-6.08609,34.40098],[-6.08609,34.40323]]],[[[-6.02096,34.40548],[-6.01871,34.40548],[-6.01871,34.40323],[-6.02096,34.40323],[-6.02096,34.40548]]],[[[-6.03892,34.40548],[-6.03668,34.40548],[-6.03668,34.40323],[-6.03892,34.40323],[-6.03892,34.40548]]],[[[-6.08159,34.40548],[-6.07935,34.40548],[-6.07935,34.40323],[-6.08159,34.40323],[-6.08159,34.40548]]],[[[-6.09507,34.40772],[-6.09282,34.40772],[-6.09282,34.40548],[-6.09507,34.40548],[-6.09507,34.40772]]],[[[-6.02545,34.40772],[-6.0232,34.40772],[-6.0232,34.40548],[-6.02545,34.40548],[-6.02545,34.40772]]],[[[-5.93113,34.44141],[-5.93113,34.43916],[-5.93337,34.43916],[-5.93337,34.44141],[-5.93113,34.44141]]],[[[-5.95808,34.4459],[-5.95808,34.44365],[-5.96257,34.44365],[-5.96257,34.4459],[-5.95808,34.4459]]],[[[-5.93562,34.45264],[-5.93113,34.45264],[-5.92664,34.45488],[-5.92888,34.44815],[-5.93786,34.44815],[-5.93562,34.45264]]],[[[-5.93786,34.45713],[-5.93562,34.45713],[-5.93562,34.45488],[-5.93786,34.45488],[-5.93786,34.45713]]],[[[-5.98727,34.45713],[-5.98503,34.45713],[-5.98503,34.45488],[-5.98727,34.45488],[-5.98727,34.45713]]],[[[-5.98503,34.46611],[-5.98503,34.46387],[-5.98727,34.46387],[-5.98727,34.46611],[-5.98503,34.46611]]],[[[-5.93562,34.48857],[-5.93562,34.48408],[-5.93786,34.48408],[-5.93786,34.48857],[-5.93562,34.48857]]],[[[-5.93562,34.49306],[-5.93337,34.49306],[-5.93337,34.49082],[-5.93562,34.49082],[-5.93562,34.49306]]],[[[-5.94011,34.49306],[-5.93786,34.49306],[-5.93786,34.49082],[-5.94236,34.49082],[-5.94236,34.49531],[-5.94011,34.49306]]],[[[-5.98727,34.50654],[-5.98503,34.50654],[-5.98503,34.50204],[-5.98727,34.50204],[-5.98727,34.50654]]],[[[-5.98278,34.51327],[-5.98278,34.50878],[-5.98727,34.50878],[-5.98727,34.51327],[-5.98278,34.51327]]],[[[-6.10181,34.52899],[-6.10181,34.52675],[-6.10405,34.52675],[-6.10405,34.52899],[-6.10181,34.52899]]],[[[-6.12202,34.52675],[-6.12651,34.52899],[-6.12651,34.53124],[-6.12202,34.53124],[-6.12202,34.52675]]],[[[-6.10181,34.53124],[-6.09956,34.53124],[-6.09956,34.52899],[-6.10181,34.52899],[-6.10181,34.53124]]],[[[-6.13998,34.53573],[-6.13774,34.53573],[-6.13774,34.53349],[-6.13998,34.53349],[-6.13998,34.53573]]],[[[-6.13998,34.54921],[-6.13549,34.54921],[-6.13774,34.54471],[-6.14223,34.54471],[-6.13998,34.54921]]],[[[-6.14448,34.54921],[-6.14223,34.54921],[-6.14223,34.54696],[-6.14448,34.54696],[-6.14448,34.54921]]],[[[-6.13325,34.54921],[-6.131,34.54921],[-6.131,34.54696],[-6.13325,34.54696],[-6.13325,34.54921]]],[[[-6.131,34.55145],[-6.12876,34.55145],[-6.12876,34.54921],[-6.131,34.54921],[-6.131,34.55145]]],[[[-6.13325,34.55145],[-6.13325,34.54921],[-6.13549,34.54921],[-6.13549,34.55145],[-6.13325,34.55145]]],[[[-6.13774,34.55145],[-6.13774,34.5537],[-6.13549,34.5537],[-6.13549,34.55145],[-6.13774,34.55145]]],[[[-6.08159,34.5537],[-6.07935,34.5537],[-6.07935,34.55145],[-6.08159,34.55145],[-6.08159,34.5537]]],[[[-6.1602,34.55145],[-6.17592,34.5537],[-6.17592,34.55819],[-6.16244,34.55819],[-6.1602,34.55145]]],[[[-6.15121,34.56493],[-6.14672,34.55819],[-6.15795,34.56043],[-6.15571,34.56493],[-6.15121,34.56493]]],[[[-6.14448,34.56493],[-6.14448,34.56268],[-6.14672,34.56268],[-6.14672,34.56493],[-6.14448,34.56493]]],[[[-6.15346,34.57166],[-6.15346,34.56942],[-6.15571,34.56942],[-6.15571,34.57166],[-6.15346,34.57166]]],[[[-5.80761,34.19213],[-5.80536,34.19213],[-5.80536,34.18988],[-5.80761,34.18988],[-5.80761,34.19213]]],[[[-5.83007,34.20335],[-5.82333,34.20335],[-5.82333,34.20111],[-5.83007,34.20111],[-5.83007,34.20335]]],[[[-5.83456,34.20785],[-5.83231,34.20785],[-5.83231,34.2056],[-5.83456,34.2056],[-5.83456,34.20785]]],[[[-5.866,34.22581],[-5.866,34.22357],[-5.86824,34.22357],[-5.86824,34.22581],[-5.866,34.22581]]],[[[-5.82557,34.22806],[-5.82557,34.22581],[-5.82782,34.22581],[-5.82782,34.22806],[-5.82557,34.22806]]],[[[-5.86824,34.2303],[-5.86375,34.2303],[-5.86151,34.22581],[-5.866,34.22581],[-5.86824,34.2303]]],[[[-5.82557,34.2303],[-5.82333,34.2303],[-5.82333,34.22806],[-5.82557,34.22806],[-5.82557,34.2303]]],[[[-5.86375,34.23255],[-5.86151,34.23255],[-5.86151,34.2303],[-5.86375,34.2303],[-5.86375,34.23255]]],[[[-5.82782,34.23704],[-5.82333,34.2348],[-5.82557,34.2303],[-5.82782,34.2303],[-5.82782,34.23704]]],[[[-5.81884,34.23704],[-5.81435,34.23704],[-5.81435,34.2348],[-5.81884,34.2348],[-5.81884,34.23704]]],[[[-5.83007,34.24153],[-5.83231,34.24602],[-5.82333,34.24602],[-5.82108,34.23704],[-5.83007,34.24153]]],[[[-5.86824,34.24378],[-5.86824,34.24153],[-5.87274,34.24153],[-5.87274,34.24378],[-5.86824,34.24378]]],[[[-5.866,34.24602],[-5.866,34.24378],[-5.86824,34.24378],[-5.86824,34.24602],[-5.866,34.24602]]],[[[-5.85702,34.24827],[-5.85702,34.24602],[-5.85926,34.24602],[-5.85926,34.24827],[-5.85702,34.24827]]],[[[-5.81659,34.25052],[-5.81435,34.25052],[-5.81435,34.24827],[-5.81659,34.24827],[-5.81659,34.25052]]],[[[-5.86375,34.25052],[-5.866,34.25501],[-5.85926,34.24827],[-5.86375,34.24827],[-5.86375,34.25052]]],[[[-5.86824,34.25725],[-5.866,34.25725],[-5.866,34.25501],[-5.86824,34.25501],[-5.86824,34.25725]]],[[[-5.82557,34.2595],[-5.82557,34.25725],[-5.83007,34.25725],[-5.83007,34.2595],[-5.82557,34.2595]]],[[[-5.87049,34.2595],[-5.87049,34.25725],[-5.87498,34.25725],[-5.87498,34.2595],[-5.87049,34.2595]]],[[[-5.82557,34.26174],[-5.82333,34.26174],[-5.82333,34.2595],[-5.82557,34.2595],[-5.82557,34.26174]]],[[[-5.81435,34.26399],[-5.80985,34.26399],[-5.80985,34.26174],[-5.81435,34.26174],[-5.81435,34.26399]]],[[[-5.81884,34.26399],[-5.81659,34.26399],[-5.81659,34.26174],[-5.81884,34.26174],[-5.81884,34.26399]]],[[[-5.83231,34.26624],[-5.83231,34.27522],[-5.82557,34.27297],[-5.82333,34.26399],[-5.83231,34.26624]]],[[[-5.84354,34.28196],[-5.84354,34.27971],[-5.84579,34.27971],[-5.84579,34.28196],[-5.84354,34.28196]]],[[[-5.80312,34.28196],[-5.80761,34.27971],[-5.80761,34.2842],[-5.80312,34.2842],[-5.80312,34.28196]]],[[[-5.82557,34.28645],[-5.82333,34.28645],[-5.82333,34.28196],[-5.82557,34.28196],[-5.82557,34.28645]]],[[[-5.86151,34.28645],[-5.85926,34.28645],[-5.85926,34.2842],[-5.86151,34.2842],[-5.86151,34.28645]]],[[[-5.80985,34.28645],[-5.80761,34.28645],[-5.80761,34.2842],[-5.80985,34.2842],[-5.80985,34.28645]]],[[[-5.84579,34.29543],[-5.84354,34.29543],[-5.84354,34.29319],[-5.84579,34.29319],[-5.84579,34.29543]]],[[[-5.80536,34.32687],[-5.80312,34.32687],[-5.80312,34.32463],[-5.80536,34.32463],[-5.80536,34.32687]]],[[[-5.90867,34.32912],[-5.90642,34.32912],[-5.90642,34.32687],[-5.90867,34.32687],[-5.90867,34.32912]]],[[[-5.82782,34.33136],[-5.82782,34.32912],[-5.83007,34.32912],[-5.83007,34.33136],[-5.82782,34.33136]]],[[[-5.90867,34.33361],[-5.90867,34.32912],[-5.91091,34.32912],[-5.91091,34.33361],[-5.90867,34.33361]]],[[[-5.80761,34.33361],[-5.80536,34.33361],[-5.80536,34.32912],[-5.80761,34.32912],[-5.80761,34.33361]]],[[[-5.8413,34.33361],[-5.83456,34.33361],[-5.83007,34.3381],[-5.83007,34.33136],[-5.83456,34.32912],[-5.8413,34.33361]]],[[[-5.81884,34.34035],[-5.81884,34.33586],[-5.82108,34.33586],[-5.82108,34.34035],[-5.81884,34.34035]]],[[[-5.81659,34.33586],[-5.81659,34.34035],[-5.81884,34.34259],[-5.81435,34.34259],[-5.81659,34.33586]]],[[[-5.87274,34.34484],[-5.87049,34.35158],[-5.86375,34.34933],[-5.866,34.34259],[-5.87274,34.34484]]],[[[-5.87498,34.35382],[-5.87274,34.35382],[-5.87274,34.35158],[-5.87498,34.35158],[-5.87498,34.35382]]],[[[-5.87947,34.35607],[-5.87723,34.35607],[-5.87723,34.35158],[-5.87947,34.35158],[-5.87947,34.35607]]],[[[-5.90193,34.36505],[-5.89969,34.36505],[-5.89969,34.36281],[-5.90193,34.36281],[-5.90193,34.36505]]],[[[-5.82333,34.38077],[-5.82333,34.37853],[-5.82557,34.37853],[-5.82557,34.38077],[-5.82333,34.38077]]],[[[-5.8413,34.39425],[-5.8413,34.392],[-5.84354,34.392],[-5.84354,34.39425],[-5.8413,34.39425]]],[[[-5.89744,34.44815],[-5.89519,34.44815],[-5.89519,34.44365],[-5.89744,34.44365],[-5.89744,34.44815]]],[[[-5.89295,34.45264],[-5.8907,34.45264],[-5.8907,34.45039],[-5.89295,34.45039],[-5.89295,34.45264]]],[[[-5.8907,34.45488],[-5.88846,34.45488],[-5.88846,34.45264],[-5.8907,34.45264],[-5.8907,34.45488]]],[[[-5.89744,34.46387],[-5.89519,34.46387],[-5.89519,34.46162],[-5.89744,34.46162],[-5.89744,34.46387]]],[[[-5.93337,34.47509],[-5.92888,34.47509],[-5.92888,34.47285],[-5.93337,34.47285],[-5.93337,34.47509]]],[[[-5.89519,34.47959],[-5.89295,34.47959],[-5.89295,34.47734],[-5.89519,34.47734],[-5.89519,34.47959]]],[[[-5.92439,34.48183],[-5.92214,34.48183],[-5.92214,34.47959],[-5.92439,34.47959],[-5.92439,34.48183]]],[[[-5.92888,34.48408],[-5.92888,34.48183],[-5.93113,34.48183],[-5.93113,34.48408],[-5.92888,34.48408]]],[[[-5.80087,34.18988],[-5.79863,34.19437],[-5.79413,34.19437],[-5.79413,34.18988],[-5.80087,34.18988]]],[[[-5.4932,34.19662],[-5.49095,34.19662],[-5.49095,34.19437],[-5.4932,34.19437],[-5.4932,34.19662]]],[[[-5.80087,34.19886],[-5.79413,34.19886],[-5.79413,34.19662],[-5.80087,34.19662],[-5.80087,34.19886]]],[[[-5.74922,34.20335],[-5.74697,34.20335],[-5.74697,34.20111],[-5.74922,34.20111],[-5.74922,34.20335]]],[[[-5.76269,34.2056],[-5.76269,34.20335],[-5.76943,34.20335],[-5.76943,34.2056],[-5.76269,34.2056]]],[[[-5.7829,34.21009],[-5.7829,34.20785],[-5.78515,34.20785],[-5.78515,34.21009],[-5.7829,34.21009]]],[[[-5.77617,34.21234],[-5.77392,34.21234],[-5.77392,34.21009],[-5.77617,34.21009],[-5.77617,34.21234]]],[[[-5.79189,34.21458],[-5.7874,34.21458],[-5.7874,34.21234],[-5.79189,34.21234],[-5.79189,34.21458]]],[[[-5.7829,34.21458],[-5.78066,34.21458],[-5.78066,34.21234],[-5.7829,34.21234],[-5.7829,34.21458]]],[[[-5.71778,34.22132],[-5.71778,34.21907],[-5.72002,34.21907],[-5.72002,34.22132],[-5.71778,34.22132]]],[[[-5.77841,34.22132],[-5.77841,34.21907],[-5.78066,34.21907],[-5.78066,34.22132],[-5.77841,34.22132]]],[[[-5.77168,34.22357],[-5.76494,34.22357],[-5.76494,34.22132],[-5.77168,34.22132],[-5.77168,34.22357]]],[[[-5.71778,34.22806],[-5.71329,34.22806],[-5.71329,34.22581],[-5.71778,34.22581],[-5.71778,34.22806]]],[[[-5.75371,34.22806],[-5.75146,34.22806],[-5.75146,34.22581],[-5.75371,34.22581],[-5.75371,34.22806]]],[[[-5.77841,34.22357],[-5.79189,34.21683],[-5.80312,34.22806],[-5.79413,34.22806],[-5.78964,34.22357],[-5.78964,34.22806],[-5.78515,34.22581],[-5.78515,34.23704],[-5.78066,34.23704],[-5.78066,34.2303],[-5.77392,34.22806],[-5.77841,34.22357]]],[[[-5.80536,34.2303],[-5.80312,34.2303],[-5.80312,34.22806],[-5.80536,34.22806],[-5.80536,34.2303]]],[[[-5.77168,34.2303],[-5.76943,34.2303],[-5.76943,34.22806],[-5.77168,34.22806],[-5.77168,34.2303]]],[[[-5.76718,34.23255],[-5.76494,34.23255],[-5.76494,34.2303],[-5.76718,34.2303],[-5.76718,34.23255]]],[[[-5.79638,34.2348],[-5.79638,34.2303],[-5.79863,34.2303],[-5.79863,34.2348],[-5.79638,34.2348]]],[[[-5.79189,34.23255],[-5.79189,34.23704],[-5.7874,34.23929],[-5.7874,34.23255],[-5.79189,34.23255]]],[[[-5.77841,34.23704],[-5.77617,34.23704],[-5.77617,34.2348],[-5.77841,34.2348],[-5.77841,34.23704]]],[[[-5.76943,34.23704],[-5.76718,34.23704],[-5.76718,34.2348],[-5.76943,34.2348],[-5.76943,34.23704]]],[[[-5.77617,34.23929],[-5.77392,34.23929],[-5.77392,34.23704],[-5.77617,34.23704],[-5.77617,34.23929]]],[[[-5.74248,34.24378],[-5.74473,34.24827],[-5.74023,34.25052],[-5.73799,34.23929],[-5.74248,34.23929],[-5.74248,34.24378]]],[[[-5.7829,34.25052],[-5.7829,34.24827],[-5.78515,34.24827],[-5.78515,34.25052],[-5.7829,34.25052]]],[[[-5.79863,34.25501],[-5.79189,34.25501],[-5.78964,34.24827],[-5.79863,34.25052],[-5.79863,34.25501]]],[[[-5.7829,34.25501],[-5.78066,34.25501],[-5.78066,34.25052],[-5.7829,34.25052],[-5.7829,34.25501]]],[[[-5.7874,34.25501],[-5.78515,34.25501],[-5.78515,34.25276],[-5.7874,34.25276],[-5.7874,34.25501]]],[[[-5.74248,34.25276],[-5.74697,34.25052],[-5.74697,34.2595],[-5.74473,34.2595],[-5.74248,34.25276]]],[[[-5.78964,34.25725],[-5.78964,34.25501],[-5.79189,34.25501],[-5.79189,34.25725],[-5.78964,34.25725]]],[[[-5.79638,34.2595],[-5.79638,34.25725],[-5.79863,34.25725],[-5.79863,34.2595],[-5.79638,34.2595]]],[[[-5.79638,34.2595],[-5.79638,34.26174],[-5.79413,34.26174],[-5.79413,34.2595],[-5.79638,34.2595]]],[[[-5.80312,34.26174],[-5.80087,34.2595],[-5.80761,34.2595],[-5.80761,34.26399],[-5.80312,34.26174]]],[[[-5.73799,34.26624],[-5.73799,34.2595],[-5.74023,34.2595],[-5.74023,34.26624],[-5.73799,34.26624]]],[[[-5.71778,34.26624],[-5.71778,34.26399],[-5.72002,34.26399],[-5.72002,34.26624],[-5.71778,34.26624]]],[[[-5.71329,34.26848],[-5.70879,34.26848],[-5.70879,34.26624],[-5.71329,34.26624],[-5.71329,34.26848]]],[[[-5.72002,34.27073],[-5.71778,34.27073],[-5.71778,34.26848],[-5.72002,34.26848],[-5.72002,34.27073]]],[[[-5.73799,34.27073],[-5.73574,34.27073],[-5.73574,34.26848],[-5.74023,34.26848],[-5.74023,34.27297],[-5.73799,34.27073]]],[[[-5.75371,34.26848],[-5.74922,34.26174],[-5.76494,34.26624],[-5.7582,34.2842],[-5.75371,34.27747],[-5.74697,34.27747],[-5.74697,34.26624],[-5.75371,34.26848]],[[-5.75596,34.27073],[-5.75371,34.27073],[-5.75371,34.27297],[-5.75596,34.27297],[-5.75596,34.27073]],[[-5.76269,34.26848],[-5.76045,34.26848],[-5.76045,34.27073],[-5.76269,34.27073],[-5.76269,34.26848]]],[[[-5.7335,34.27971],[-5.7335,34.27747],[-5.73574,34.27747],[-5.73574,34.27971],[-5.7335,34.27971]]],[[[-5.73125,34.28196],[-5.72901,34.28196],[-5.72901,34.27971],[-5.73125,34.27971],[-5.73125,34.28196]]],[[[-5.7874,34.27971],[-5.79413,34.27971],[-5.79413,34.28196],[-5.7874,34.2842],[-5.7874,34.27971]]],[[[-5.73574,34.2842],[-5.7335,34.2842],[-5.7335,34.28196],[-5.73574,34.28196],[-5.73574,34.2842]]],[[[-5.74248,34.27971],[-5.74248,34.2842],[-5.74922,34.28196],[-5.74697,34.28869],[-5.73799,34.2842],[-5.74248,34.27971]]],[[[-5.76045,34.28645],[-5.76045,34.2842],[-5.76269,34.2842],[-5.76269,34.28645],[-5.76045,34.28645]]],[[[-5.76045,34.28869],[-5.7582,34.28869],[-5.7582,34.28645],[-5.76045,34.28645],[-5.76045,34.28869]]],[[[-5.76718,34.29094],[-5.76494,34.29094],[-5.76494,34.28645],[-5.76718,34.28645],[-5.76718,34.29094]]],[[[-5.77168,34.29768],[-5.76943,34.29768],[-5.76943,34.29543],[-5.77168,34.29543],[-5.77168,34.29768]]],[[[-5.77168,34.30217],[-5.77617,34.29992],[-5.77617,34.30441],[-5.77392,34.30441],[-5.77168,34.30217]]],[[[-5.79638,34.32463],[-5.79638,34.32238],[-5.80312,34.32238],[-5.80312,34.32463],[-5.79638,34.32463]]]]}},{"type":"Feature","id":2,"properties":{"id":2,"risk_code":"low","risk_class":2,"name":"Susceptibilité faible","area_km2":188.0,"pct":1.06,"color":"#91cf60","border":"#4d7c2b","source":"Gradient Tree Boosting (GTB) — apprentissage automatique supervisé","model":"GTB (Gradient Boosting Trees), classification en 5 classes a partir de facteurs conditionnants (pluviometrie, pente, TWI, distance aux rivieres, occupation du sol, elevation, densite de drainage)","note":"Modele entraine sur inventaire d'inondations historiques ; sortie raster reclassee en 5 classes et vectorisee, decoupee sur la limite officielle RSK"},"geometry":{"type":"MultiPolygon","coordinates":[[[[-6.88559,33.91365],[-6.88783,33.91365],[-6.88783,33.91589],[-6.88559,33.91589],[-6.88559,33.91365]]],[[[-6.76881,33.91365],[-6.76881,33.91589],[-6.76656,33.91589],[-6.76656,33.91365],[-6.76881,33.91365]]],[[[-6.88783,33.92039],[-6.88783,33.92263],[-6.88559,33.92263],[-6.88559,33.92039],[-6.88783,33.92039]]],[[[-6.74635,33.92263],[-6.74635,33.92488],[-6.7441,33.92488],[-6.7441,33.92263],[-6.74635,33.92263]]],[[[-6.81597,33.92488],[-6.81597,33.92937],[-6.81372,33.92937],[-6.81372,33.92488],[-6.81597,33.92488]]],[[[-6.74859,33.92712],[-6.74859,33.92937],[-6.74635,33.92937],[-6.74635,33.92712],[-6.74859,33.92712]]],[[[-6.74859,33.93161],[-6.74859,33.92937],[-6.75084,33.92937],[-6.75084,33.93161],[-6.74859,33.93161]]],[[[-6.79126,33.93161],[-6.79126,33.93386],[-6.78902,33.93386],[-6.78902,33.93161],[-6.79126,33.93161]]],[[[-6.89008,33.93386],[-6.89008,33.93835],[-6.88783,33.93835],[-6.88783,33.93386],[-6.89008,33.93386]]],[[[-6.88783,33.93835],[-6.88783,33.9406],[-6.88559,33.9406],[-6.88559,33.93835],[-6.88783,33.93835]]],[[[-6.73063,33.93835],[-6.73063,33.9406],[-6.72838,33.9406],[-6.72838,33.93835],[-6.73063,33.93835]]],[[[-6.80025,33.9406],[-6.80025,33.94284],[-6.798,33.94284],[-6.798,33.9406],[-6.80025,33.9406]]],[[[-6.72389,33.9406],[-6.72389,33.94284],[-6.72164,33.94284],[-6.72164,33.9406],[-6.72389,33.9406]]],[[[-6.58914,33.94284],[-6.58914,33.94958],[-6.58241,33.94958],[-6.58465,33.94284],[-6.58914,33.94284]]],[[[-6.79351,33.94509],[-6.79351,33.94733],[-6.79126,33.94733],[-6.79126,33.94509],[-6.79351,33.94509]]],[[[-6.70592,33.94958],[-6.70817,33.94958],[-6.70817,33.95183],[-6.70592,33.95183],[-6.70592,33.94958]]],[[[-6.79126,33.94958],[-6.79126,33.95183],[-6.78902,33.95183],[-6.78902,33.94958],[-6.79126,33.94958]]],[[[-6.7441,33.94958],[-6.7441,33.95183],[-6.74186,33.95183],[-6.74186,33.94958],[-6.7441,33.94958]]],[[[-6.87436,33.95183],[-6.87436,33.95407],[-6.87211,33.95407],[-6.87211,33.95183],[-6.87436,33.95183]]],[[[-6.71491,33.95183],[-6.71491,33.95407],[-6.71266,33.95407],[-6.71266,33.95183],[-6.71491,33.95183]]],[[[-6.7194,33.95183],[-6.7194,33.95632],[-6.71715,33.95632],[-6.71715,33.95183],[-6.7194,33.95183]]],[[[-6.58914,33.95407],[-6.58914,33.95632],[-6.58465,33.95632],[-6.58465,33.95407],[-6.58914,33.95407]]],[[[-6.76431,33.95407],[-6.76431,33.95632],[-6.76207,33.95632],[-6.76207,33.95407],[-6.76431,33.95407]]],[[[-6.77779,33.95407],[-6.77779,33.95632],[-6.77554,33.95632],[-6.77554,33.95407],[-6.77779,33.95407]]],[[[-6.78677,33.95407],[-6.78677,33.95632],[-6.78453,33.95632],[-6.78453,33.95407],[-6.78677,33.95407]]],[[[-6.87211,33.95632],[-6.87211,33.95856],[-6.86987,33.95856],[-6.86987,33.95632],[-6.87211,33.95632]]],[[[-6.80474,33.95632],[-6.80474,33.95856],[-6.80249,33.95856],[-6.80249,33.95632],[-6.80474,33.95632]]],[[[-6.73961,33.95632],[-6.73961,33.95856],[-6.73512,33.95856],[-6.73512,33.95632],[-6.73961,33.95632]]],[[[-6.78228,33.95856],[-6.78228,33.96081],[-6.78003,33.96081],[-6.78003,33.95856],[-6.78228,33.95856]]],[[[-6.75982,33.95856],[-6.75982,33.96081],[-6.75758,33.96081],[-6.75758,33.95856],[-6.75982,33.95856]]],[[[-6.71491,33.96081],[-6.71715,33.96306],[-6.71266,33.96306],[-6.71266,33.95632],[-6.71491,33.96081]]],[[[-6.7733,33.95856],[-6.77554,33.95632],[-6.77105,33.96306],[-6.77105,33.95856],[-6.7733,33.95856]]],[[[-6.80249,33.96081],[-6.80249,33.96306],[-6.80025,33.96306],[-6.80025,33.96081],[-6.80249,33.96081]]],[[[-6.75758,33.96081],[-6.75758,33.96306],[-6.75533,33.96306],[-6.75533,33.96081],[-6.75758,33.96081]]],[[[-6.80025,33.96306],[-6.80025,33.9653],[-6.798,33.9653],[-6.798,33.96306],[-6.80025,33.96306]]],[[[-6.74186,33.96306],[-6.74186,33.9653],[-6.73961,33.9653],[-6.73961,33.96306],[-6.74186,33.96306]]],[[[-6.73063,33.96306],[-6.73063,33.9653],[-6.72838,33.9653],[-6.72838,33.96306],[-6.73063,33.96306]]],[[[-6.74635,33.96306],[-6.74635,33.9653],[-6.7441,33.9653],[-6.7441,33.96306],[-6.74635,33.96306]]],[[[-6.77105,33.96306],[-6.77105,33.96755],[-6.76656,33.96755],[-6.76656,33.9653],[-6.77105,33.96306]]],[[[-6.80249,33.9653],[-6.80249,33.96755],[-6.80025,33.96755],[-6.80025,33.9653],[-6.80249,33.9653]]],[[[-6.75309,33.9653],[-6.75309,33.96755],[-6.75084,33.96755],[-6.75084,33.9653],[-6.75309,33.9653]]],[[[-6.76431,33.9653],[-6.76431,33.96755],[-6.76207,33.96755],[-6.76207,33.9653],[-6.76431,33.9653]]],[[[-6.798,33.9653],[-6.798,33.96979],[-6.79576,33.96979],[-6.79576,33.9653],[-6.798,33.9653]]],[[[-6.89457,33.96755],[-6.89457,33.96979],[-6.89232,33.96979],[-6.89232,33.96755],[-6.89457,33.96755]]],[[[-6.76656,33.96755],[-6.76656,33.96979],[-6.76431,33.96979],[-6.76431,33.96755],[-6.76656,33.96755]]],[[[-6.73512,33.96755],[-6.73736,33.96755],[-6.73736,33.97204],[-6.73512,33.97204],[-6.73512,33.96755]]],[[[-6.89232,33.96979],[-6.89232,33.97204],[-6.89008,33.97204],[-6.89008,33.96979],[-6.89232,33.96979]]],[[[-6.7733,33.96979],[-6.7733,33.97204],[-6.77105,33.97204],[-6.77105,33.96979],[-6.7733,33.96979]]],[[[-6.76431,33.96979],[-6.76431,33.97204],[-6.76207,33.97204],[-6.76207,33.96979],[-6.76431,33.96979]]],[[[-6.7441,33.97204],[-6.74635,33.96755],[-6.74635,33.97428],[-6.74186,33.97653],[-6.7441,33.97204]]],[[[-6.88334,33.97204],[-6.88334,33.97428],[-6.8766,33.97428],[-6.8766,33.97204],[-6.88334,33.97204]]],[[[-6.81597,33.97428],[-6.81597,33.97653],[-6.81372,33.97653],[-6.81372,33.97428],[-6.81597,33.97428]]],[[[-6.77554,33.97428],[-6.77554,33.97653],[-6.7733,33.97653],[-6.7733,33.97428],[-6.77554,33.97428]]],[[[-6.75982,33.97428],[-6.75982,33.97653],[-6.75758,33.97653],[-6.75758,33.97428],[-6.75982,33.97428]]],[[[-6.73512,33.97653],[-6.73512,33.97878],[-6.73287,33.97878],[-6.73287,33.97653],[-6.73512,33.97653]]],[[[-6.77779,33.97653],[-6.77779,33.97878],[-6.77554,33.97878],[-6.77554,33.97653],[-6.77779,33.97653]]],[[[-6.87436,33.97878],[-6.87436,33.98102],[-6.87211,33.98102],[-6.87211,33.97878],[-6.87436,33.97878]]],[[[-6.78003,33.97878],[-6.78003,33.98102],[-6.77779,33.98102],[-6.77779,33.97878],[-6.78003,33.97878]]],[[[-6.78677,33.98102],[-6.79351,33.97878],[-6.79576,33.98551],[-6.78902,33.98551],[-6.78677,33.98102]]],[[[-6.8227,33.98102],[-6.8227,33.98327],[-6.82046,33.98327],[-6.82046,33.98102],[-6.8227,33.98102]]],[[[-6.76656,33.98102],[-6.76881,33.98102],[-6.76881,33.98327],[-6.76656,33.98327],[-6.76656,33.98102]]],[[[-6.77105,33.98327],[-6.77105,33.98551],[-6.76881,33.98551],[-6.76881,33.98327],[-6.77105,33.98327]]],[[[-6.78677,33.98102],[-6.78677,33.98776],[-6.78453,33.98776],[-6.78228,33.98102],[-6.78677,33.98102]]],[[[-6.87211,33.98551],[-6.87211,33.98776],[-6.86987,33.98776],[-6.86987,33.98551],[-6.87211,33.98551]]],[[[-6.77779,33.98551],[-6.77779,33.99],[-6.77105,33.98776],[-6.77105,33.98551],[-6.77779,33.98551]]],[[[-6.80249,33.98776],[-6.80249,33.99],[-6.80025,33.99],[-6.80025,33.98776],[-6.80249,33.98776]]],[[[-6.79126,33.98776],[-6.79126,33.99],[-6.78902,33.99],[-6.78902,33.98776],[-6.79126,33.98776]]],[[[-6.79351,33.99],[-6.798,33.98776],[-6.80025,33.99225],[-6.79576,33.99225],[-6.79351,33.99]]],[[[-6.8519,33.99225],[-6.8519,33.9945],[-6.84965,33.9945],[-6.84965,33.99225],[-6.8519,33.99225]]],[[[-6.78003,33.99225],[-6.78003,33.9945],[-6.77779,33.9945],[-6.77779,33.99225],[-6.78003,33.99225]]],[[[-6.78677,33.99225],[-6.78677,33.9945],[-6.78228,33.9945],[-6.78228,33.99225],[-6.78677,33.99225]]],[[[-6.86762,33.9945],[-6.86762,33.99674],[-6.86537,33.99674],[-6.86537,33.9945],[-6.86762,33.9945]]],[[[-6.79126,33.9945],[-6.79126,33.99674],[-6.78677,33.99674],[-6.78677,33.9945],[-6.79126,33.9945]]],[[[-6.798,33.9945],[-6.798,33.99899],[-6.79351,33.99899],[-6.79576,33.9945],[-6.798,33.9945]]],[[[-6.80698,33.99899],[-6.80698,34.00123],[-6.80249,34.00123],[-6.80249,33.99899],[-6.80698,33.99899]]],[[[-6.87211,33.99899],[-6.87211,34.00123],[-6.86987,34.00123],[-6.86987,33.99899],[-6.87211,33.99899]]],[[[-6.79351,33.99899],[-6.79351,34.00123],[-6.79126,34.00123],[-6.79126,33.99899],[-6.79351,33.99899]]],[[[-6.86987,34.00123],[-6.86762,34.00573],[-6.85639,34.00573],[-6.85864,33.9945],[-6.86313,34.00123],[-6.86987,34.00123]]],[[[-6.80698,34.00348],[-6.80698,34.00797],[-6.80025,34.00573],[-6.80025,34.00348],[-6.80698,34.00348]]],[[[-6.84292,34.01246],[-6.84292,34.01471],[-6.84067,34.01471],[-6.84067,34.01246],[-6.84292,34.01246]]],[[[-6.83169,34.02145],[-6.83169,34.02369],[-6.82944,34.02369],[-6.82944,34.02145],[-6.83169,34.02145]]],[[[-6.57791,34.07085],[-6.57567,34.06861],[-6.57567,34.06412],[-6.58241,34.06861],[-6.57791,34.07085]]],[[[-6.60262,34.0731],[-6.60262,34.07534],[-6.60037,34.07534],[-6.60037,34.0731],[-6.60262,34.0731]]],[[[-6.59588,34.07984],[-6.59588,34.08208],[-6.59363,34.08208],[-6.59363,34.07984],[-6.59588,34.07984]]],[[[-6.60037,34.07984],[-6.60037,34.08208],[-6.59813,34.08208],[-6.59813,34.07984],[-6.60037,34.07984]]],[[[-6.5869,34.08433],[-6.5869,34.08882],[-6.58465,34.08882],[-6.58465,34.08433],[-6.5869,34.08433]]],[[[-6.58465,34.08882],[-6.58465,34.09107],[-6.58241,34.09107],[-6.58241,34.08882],[-6.58465,34.08882]]],[[[-6.58465,34.10229],[-6.58465,34.10454],[-6.58016,34.10454],[-6.58016,34.10229],[-6.58465,34.10229]]],[[[-6.71042,34.11801],[-6.71042,34.12026],[-6.70817,34.12026],[-6.70817,34.11801],[-6.71042,34.11801]]],[[[-6.70817,34.12251],[-6.70817,34.12475],[-6.70368,34.12475],[-6.70368,34.12251],[-6.70817,34.12251]]],[[[-6.5869,34.12251],[-6.58914,34.12251],[-6.58914,34.12475],[-6.5869,34.12475],[-6.5869,34.12251]]],[[[-6.58914,34.127],[-6.58914,34.12924],[-6.5869,34.12924],[-6.5869,34.127],[-6.58914,34.127]]],[[[-6.65202,34.127],[-6.65202,34.12924],[-6.64978,34.12924],[-6.64978,34.127],[-6.65202,34.127]]],[[[-6.65876,34.12924],[-6.65652,34.13149],[-6.65652,34.127],[-6.66101,34.127],[-6.65876,34.12924]]],[[[-6.58016,34.13598],[-6.58016,34.13149],[-6.5869,34.12924],[-6.58465,34.13374],[-6.58016,34.13598]]],[[[-6.68796,34.14272],[-6.68796,34.14496],[-6.68571,34.14496],[-6.68571,34.14272],[-6.68796,34.14272]]],[[[-6.69919,34.14496],[-6.69919,34.14721],[-6.69694,34.14721],[-6.69694,34.14496],[-6.69919,34.14496]]],[[[-6.68796,34.14721],[-6.6902,34.14496],[-6.69469,34.14496],[-6.6902,34.1517],[-6.68796,34.14721]]],[[[-6.68347,34.1517],[-6.68796,34.1517],[-6.68796,34.15395],[-6.68347,34.15395],[-6.68347,34.1517]]],[[[-6.60037,34.15395],[-6.60037,34.15619],[-6.59813,34.15619],[-6.59813,34.15395],[-6.60037,34.15395]]],[[[-6.68347,34.15619],[-6.68347,34.15844],[-6.68122,34.15844],[-6.68122,34.15619],[-6.68347,34.15619]]],[[[-6.59588,34.15844],[-6.59588,34.16068],[-6.59363,34.16068],[-6.59363,34.15844],[-6.59588,34.15844]]],[[[-6.64304,34.16068],[-6.64304,34.16293],[-6.6408,34.16293],[-6.6408,34.16068],[-6.64304,34.16068]]],[[[-6.65876,34.16742],[-6.65652,34.16742],[-6.65652,34.16518],[-6.65876,34.16518],[-6.65876,34.16742]]],[[[-6.65427,34.16742],[-6.65652,34.16742],[-6.65652,34.16967],[-6.65427,34.16967],[-6.65427,34.16742]]],[[[-6.6363,34.16742],[-6.6363,34.16967],[-6.63406,34.16967],[-6.63406,34.16742],[-6.6363,34.16742]]],[[[-6.67673,34.18988],[-6.67673,34.19213],[-6.67448,34.19213],[-6.67448,34.18988],[-6.67673,34.18988]]],[[[-6.68796,34.19213],[-6.68796,34.19437],[-6.68571,34.19437],[-6.68571,34.19213],[-6.68796,34.19213]]],[[[-6.60711,34.19662],[-6.60711,34.19886],[-6.60486,34.19886],[-6.60486,34.19662],[-6.60711,34.19662]]],[[[-6.62283,34.2056],[-6.62283,34.20785],[-6.62058,34.20785],[-6.62058,34.2056],[-6.62283,34.2056]]],[[[-6.62508,34.21458],[-6.62508,34.21683],[-6.62283,34.21683],[-6.62283,34.21458],[-6.62508,34.21458]]],[[[-6.61385,34.21683],[-6.61385,34.21907],[-6.6116,34.21907],[-6.6116,34.21683],[-6.61385,34.21683]]],[[[-6.62058,34.2348],[-6.62058,34.23704],[-6.61834,34.23704],[-6.61834,34.2348],[-6.62058,34.2348]]],[[[-6.61609,34.23929],[-6.61609,34.24378],[-6.61385,34.24378],[-6.61385,34.23929],[-6.61609,34.23929]]],[[[-6.62732,34.24153],[-6.62732,34.24378],[-6.62508,34.24378],[-6.62508,34.24153],[-6.62732,34.24153]]],[[[-6.63181,34.24153],[-6.63181,34.24602],[-6.62957,34.24602],[-6.62957,34.24153],[-6.63181,34.24153]]],[[[-6.62508,34.24378],[-6.62508,34.24827],[-6.62283,34.24827],[-6.62283,34.24378],[-6.62508,34.24378]]],[[[-6.61385,34.24378],[-6.61385,34.24827],[-6.6116,34.24827],[-6.6116,34.24378],[-6.61385,34.24378]]],[[[-6.63181,34.24827],[-6.63181,34.25052],[-6.62957,34.25052],[-6.62957,34.24827],[-6.63181,34.24827]]],[[[-6.62732,34.24827],[-6.62732,34.25052],[-6.62508,34.25052],[-6.62508,34.24827],[-6.62732,34.24827]]],[[[-6.62283,34.25052],[-6.62283,34.25276],[-6.62058,34.25276],[-6.62058,34.25052],[-6.62283,34.25052]]],[[[-6.62508,34.25501],[-6.62508,34.25725],[-6.62283,34.25725],[-6.62283,34.25501],[-6.62508,34.25501]]],[[[-6.67673,34.25501],[-6.67673,34.25725],[-6.67448,34.25725],[-6.67448,34.25501],[-6.67673,34.25501]]],[[[-6.62283,34.25725],[-6.62283,34.2595],[-6.62058,34.2595],[-6.62058,34.25725],[-6.62283,34.25725]]],[[[-6.6408,34.25725],[-6.6408,34.2595],[-6.63855,34.2595],[-6.63855,34.25725],[-6.6408,34.25725]]],[[[-6.68122,34.2595],[-6.68122,34.26174],[-6.67897,34.26174],[-6.67897,34.2595],[-6.68122,34.2595]]],[[[-6.62957,34.2595],[-6.62957,34.26174],[-6.62732,34.26174],[-6.62732,34.2595],[-6.62957,34.2595]]],[[[-6.67897,34.26174],[-6.67897,34.26399],[-6.67673,34.26399],[-6.67673,34.26174],[-6.67897,34.26174]]],[[[-6.64753,34.26174],[-6.64753,34.26399],[-6.64529,34.26399],[-6.64529,34.26174],[-6.64753,34.26174]]],[[[-6.67673,34.26399],[-6.67673,34.26624],[-6.67448,34.26624],[-6.67448,34.26399],[-6.67673,34.26399]]],[[[-6.62957,34.26399],[-6.62957,34.26624],[-6.62732,34.26624],[-6.62732,34.26399],[-6.62957,34.26399]]],[[[-6.64753,34.26848],[-6.64753,34.27073],[-6.64529,34.27073],[-6.64529,34.26848],[-6.64753,34.26848]]],[[[-6.65202,34.26848],[-6.65202,34.27073],[-6.64978,34.27073],[-6.64978,34.26848],[-6.65202,34.26848]]],[[[-6.64529,34.27073],[-6.64529,34.27297],[-6.6408,34.27297],[-6.6408,34.27073],[-6.64529,34.27073]]],[[[-6.58914,34.27073],[-6.58914,34.27297],[-6.5869,34.27297],[-6.5869,34.27073],[-6.58914,34.27073]]],[[[-6.6408,34.27297],[-6.6408,34.27522],[-6.63855,34.27522],[-6.63855,34.27297],[-6.6408,34.27297]]],[[[-6.63855,34.27747],[-6.6408,34.27747],[-6.6408,34.27971],[-6.63855,34.27971],[-6.63855,34.27747]]],[[[-6.64529,34.27971],[-6.64529,34.28196],[-6.6408,34.28196],[-6.6408,34.27971],[-6.64529,34.27971]]],[[[-6.65427,34.2842],[-6.65427,34.28645],[-6.65202,34.28645],[-6.65202,34.2842],[-6.65427,34.2842]]],[[[-6.64753,34.29319],[-6.64753,34.29543],[-6.64529,34.29543],[-6.64529,34.29319],[-6.64753,34.29319]]],[[[-6.56668,33.93161],[-6.56668,33.93386],[-6.56444,33.93386],[-6.56444,33.93161],[-6.56668,33.93161]]],[[[-6.52177,33.93835],[-6.52177,33.9406],[-6.51952,33.9406],[-6.51952,33.93835],[-6.52177,33.93835]]],[[[-6.52626,33.96755],[-6.52626,33.96979],[-6.52401,33.96979],[-6.52401,33.96755],[-6.52626,33.96755]]],[[[-6.54872,33.96979],[-6.54872,33.97204],[-6.54423,33.97204],[-6.54423,33.96979],[-6.54872,33.96979]]],[[[-6.56893,33.97428],[-6.56893,33.97653],[-6.56668,33.97653],[-6.56668,33.97428],[-6.56893,33.97428]]],[[[-6.53749,33.97428],[-6.53749,33.97878],[-6.53524,33.97878],[-6.53524,33.97428],[-6.53749,33.97428]]],[[[-6.51728,33.97653],[-6.51503,33.97878],[-6.51503,33.97428],[-6.51952,33.97428],[-6.51728,33.97653]]],[[[-6.533,33.97653],[-6.533,33.97878],[-6.52851,33.97878],[-6.52851,33.97653],[-6.533,33.97653]]],[[[-6.51503,33.97878],[-6.51503,33.98102],[-6.51279,33.98102],[-6.51279,33.97878],[-6.51503,33.97878]]],[[[-6.55546,33.97878],[-6.55546,33.98102],[-6.55321,33.98102],[-6.55321,33.97878],[-6.55546,33.97878]]],[[[-6.52177,33.98102],[-6.52177,33.97878],[-6.52626,33.97878],[-6.51952,33.98327],[-6.52177,33.98102]]],[[[-6.53075,33.98102],[-6.533,33.98102],[-6.533,33.98327],[-6.53075,33.98327],[-6.53075,33.98102]]],[[[-6.5577,33.98327],[-6.5577,33.98551],[-6.55546,33.98551],[-6.55546,33.98327],[-6.5577,33.98327]]],[[[-6.51952,33.98327],[-6.51952,33.98551],[-6.51728,33.98551],[-6.51728,33.98327],[-6.51952,33.98327]]],[[[-6.52626,33.98327],[-6.52626,33.98776],[-6.52401,33.98776],[-6.52401,33.98327],[-6.52626,33.98327]]],[[[-6.54198,33.98551],[-6.54198,33.99],[-6.53749,33.99],[-6.53974,33.98551],[-6.54198,33.98551]]],[[[-6.53749,33.99],[-6.53749,33.99225],[-6.53524,33.99225],[-6.53524,33.99],[-6.53749,33.99]]],[[[-6.52401,33.99],[-6.52401,33.9945],[-6.52177,33.9945],[-6.52177,33.99],[-6.52401,33.99]]],[[[-6.52851,33.99],[-6.52851,33.99674],[-6.52626,33.99674],[-6.52626,33.98776],[-6.53075,33.98776],[-6.52851,33.99]]],[[[-6.51503,33.99225],[-6.51503,33.9945],[-6.51279,33.9945],[-6.51279,33.99225],[-6.51503,33.99225]]],[[[-6.54198,33.9945],[-6.54647,33.99225],[-6.55096,33.99674],[-6.54423,33.99674],[-6.54198,33.9945]]],[[[-6.52626,33.99674],[-6.52626,33.99899],[-6.52401,33.99899],[-6.52401,33.99674],[-6.52626,33.99674]]],[[[-6.53974,33.99674],[-6.53974,33.99899],[-6.53749,33.99899],[-6.53749,33.99674],[-6.53974,33.99674]]],[[[-6.533,33.99674],[-6.533,33.99899],[-6.52851,33.99899],[-6.52851,33.99674],[-6.533,33.99674]]],[[[-6.51952,33.99899],[-6.51952,34.00123],[-6.51728,34.00123],[-6.51728,33.99899],[-6.51952,33.99899]]],[[[-6.54423,33.99899],[-6.54423,34.00123],[-6.54198,34.00123],[-6.54198,33.99899],[-6.54423,33.99899]]],[[[-6.52401,34.00123],[-6.52401,34.00348],[-6.52177,34.00348],[-6.52177,34.00123],[-6.52401,34.00123]]],[[[-6.54872,34.00348],[-6.54872,34.00573],[-6.54647,34.00573],[-6.54647,34.00348],[-6.54872,34.00348]]],[[[-6.54423,34.00348],[-6.54423,34.00573],[-6.54198,34.00573],[-6.54198,34.00348],[-6.54423,34.00348]]],[[[-6.51279,34.00348],[-6.51279,34.00573],[-6.51054,34.00573],[-6.51054,34.00348],[-6.51279,34.00348]]],[[[-6.53974,34.00348],[-6.53974,34.01022],[-6.53749,34.01022],[-6.53749,34.00123],[-6.54198,34.00123],[-6.53974,34.00348]]],[[[-6.53524,34.00573],[-6.53524,34.00797],[-6.533,34.00797],[-6.533,34.00573],[-6.53524,34.00573]]],[[[-6.55321,34.00573],[-6.55321,34.00797],[-6.55096,34.00797],[-6.55096,34.00573],[-6.55321,34.00573]]],[[[-6.51728,34.00573],[-6.51728,34.00797],[-6.51503,34.00797],[-6.51503,34.00573],[-6.51728,34.00573]]],[[[-6.52177,34.00797],[-6.52177,34.01022],[-6.51952,34.01022],[-6.51952,34.00797],[-6.52177,34.00797]]],[[[-6.54423,34.00797],[-6.54423,34.01022],[-6.54198,34.01022],[-6.54198,34.00797],[-6.54423,34.00797]]],[[[-6.53524,34.01022],[-6.53524,34.01246],[-6.533,34.01246],[-6.533,34.01022],[-6.53524,34.01022]]],[[[-6.51952,34.01022],[-6.51952,34.01246],[-6.51728,34.01246],[-6.51728,34.01022],[-6.51952,34.01022]]],[[[-6.54198,34.01246],[-6.54198,34.01471],[-6.53974,34.01471],[-6.53974,34.01246],[-6.54198,34.01246]]],[[[-6.54872,34.01471],[-6.54872,34.01695],[-6.54647,34.01695],[-6.54647,34.01471],[-6.54872,34.01471]]],[[[-6.53749,34.01695],[-6.53075,34.0192],[-6.53075,34.01471],[-6.53524,34.01471],[-6.53749,34.01695]]],[[[-6.53075,34.02145],[-6.53075,34.02369],[-6.52851,34.02369],[-6.52851,34.02145],[-6.53075,34.02145]]],[[[-6.54423,34.02145],[-6.54647,34.02145],[-6.54647,34.02369],[-6.54423,34.02369],[-6.54423,34.02145]]],[[[-6.55096,34.02145],[-6.55096,34.02369],[-6.54872,34.02369],[-6.54872,34.02145],[-6.55096,34.02145]]],[[[-6.533,34.02369],[-6.533,34.02594],[-6.53075,34.02594],[-6.53075,34.02369],[-6.533,34.02369]]],[[[-6.53974,34.02369],[-6.53974,34.02594],[-6.53749,34.02594],[-6.53749,34.02369],[-6.53974,34.02369]]],[[[-6.53075,34.02594],[-6.53075,34.02818],[-6.52851,34.02818],[-6.52851,34.02594],[-6.53075,34.02594]]],[[[-6.51728,34.02818],[-6.51503,34.02818],[-6.51503,34.02594],[-6.51728,34.02594],[-6.51728,34.02818]]],[[[-6.51279,34.02818],[-6.51503,34.02818],[-6.51503,34.03043],[-6.51279,34.03043],[-6.51279,34.02818]]],[[[-6.54647,34.03043],[-6.54423,34.03043],[-6.54423,34.02818],[-6.54647,34.02818],[-6.54647,34.03043]]],[[[-6.54198,34.03043],[-6.54423,34.03043],[-6.54423,34.03267],[-6.54198,34.03267],[-6.54198,34.03043]]],[[[-6.54423,34.04166],[-6.54198,34.04166],[-6.54198,34.03941],[-6.54423,34.03941],[-6.54423,34.04166]]],[[[-6.53974,34.04166],[-6.54198,34.04166],[-6.54198,34.0439],[-6.53974,34.0439],[-6.53974,34.04166]]],[[[-6.533,34.04615],[-6.533,34.0484],[-6.53075,34.0484],[-6.53075,34.04615],[-6.533,34.04615]]],[[[-6.53974,34.04615],[-6.53974,34.0484],[-6.53749,34.0484],[-6.53749,34.04615],[-6.53974,34.04615]]],[[[-6.53524,34.05064],[-6.53524,34.05289],[-6.533,34.05289],[-6.533,34.05064],[-6.53524,34.05064]]],[[[-6.54198,34.05962],[-6.54198,34.05513],[-6.54647,34.05513],[-6.54423,34.06187],[-6.53974,34.06187],[-6.54198,34.05962]]],[[[-6.52626,34.05738],[-6.52851,34.05738],[-6.52851,34.05962],[-6.52626,34.05962],[-6.52626,34.05738]]],[[[-6.53974,34.06187],[-6.53974,34.06412],[-6.53749,34.06412],[-6.53749,34.06187],[-6.53974,34.06187]]],[[[-6.56668,34.06187],[-6.56668,34.06412],[-6.56444,34.06412],[-6.56444,34.06187],[-6.56668,34.06187]]],[[[-6.51503,34.06187],[-6.51503,34.06412],[-6.51279,34.06412],[-6.51279,34.06187],[-6.51503,34.06187]]],[[[-6.533,34.06412],[-6.533,34.06861],[-6.53075,34.06861],[-6.53075,34.06412],[-6.533,34.06412]]],[[[-6.56893,34.06636],[-6.56893,34.06861],[-6.56668,34.06861],[-6.56668,34.06636],[-6.56893,34.06636]]],[[[-6.57567,34.06861],[-6.57567,34.07085],[-6.57342,34.07085],[-6.57342,34.06861],[-6.57567,34.06861]]],[[[-6.53974,34.06861],[-6.53974,34.07085],[-6.53749,34.07085],[-6.53749,34.06861],[-6.53974,34.06861]]],[[[-6.5577,34.07085],[-6.5577,34.0731],[-6.55546,34.0731],[-6.55546,34.06861],[-6.55995,34.06861],[-6.5577,34.07085]]],[[[-6.54872,34.0731],[-6.54872,34.07534],[-6.54647,34.07534],[-6.54647,34.0731],[-6.54872,34.0731]]],[[[-6.57118,34.0731],[-6.57118,34.07534],[-6.56893,34.07534],[-6.56893,34.0731],[-6.57118,34.0731]]],[[[-6.55546,34.0731],[-6.55546,34.07534],[-6.55321,34.07534],[-6.55321,34.0731],[-6.55546,34.0731]]],[[[-6.53974,34.07534],[-6.53974,34.07759],[-6.53749,34.07759],[-6.53749,34.07534],[-6.53974,34.07534]]],[[[-6.56668,34.07534],[-6.56668,34.07759],[-6.56444,34.07759],[-6.56444,34.07534],[-6.56668,34.07534]]],[[[-6.533,34.07534],[-6.533,34.07759],[-6.53075,34.07759],[-6.53075,34.07534],[-6.533,34.07534]]],[[[-6.55546,34.07534],[-6.5577,34.07534],[-6.5577,34.07759],[-6.55546,34.07759],[-6.55546,34.07534]]],[[[-6.55321,34.07534],[-6.55321,34.07759],[-6.55096,34.07759],[-6.55096,34.07534],[-6.55321,34.07534]]],[[[-6.54872,34.07759],[-6.54872,34.07984],[-6.54647,34.07984],[-6.54647,34.07759],[-6.54872,34.07759]]],[[[-6.56893,34.07759],[-6.56893,34.07984],[-6.56668,34.07984],[-6.56668,34.07759],[-6.56893,34.07759]]],[[[-6.54198,34.07759],[-6.54198,34.07984],[-6.53974,34.07984],[-6.53974,34.07759],[-6.54198,34.07759]]],[[[-6.57118,34.08208],[-6.57118,34.08433],[-6.56893,34.08433],[-6.56893,34.08208],[-6.57118,34.08208]]],[[[-6.51279,34.08208],[-6.51279,34.08433],[-6.51054,34.08433],[-6.51054,34.08208],[-6.51279,34.08208]]],[[[-6.55321,34.08208],[-6.55321,34.08433],[-6.54872,34.08433],[-6.54872,34.08208],[-6.55321,34.08208]]],[[[-6.56668,34.08208],[-6.56668,34.08433],[-6.56444,34.08433],[-6.56444,34.08208],[-6.56668,34.08208]]],[[[-6.54423,34.08433],[-6.54423,34.08657],[-6.54198,34.08657],[-6.54198,34.08433],[-6.54423,34.08433]]],[[[-6.51952,34.08433],[-6.51952,34.08657],[-6.51728,34.08657],[-6.51728,34.08433],[-6.51952,34.08433]]],[[[-6.53524,34.08657],[-6.53524,34.08882],[-6.533,34.08882],[-6.533,34.08657],[-6.53524,34.08657]]],[[[-6.55995,34.08657],[-6.55995,34.09107],[-6.55546,34.09107],[-6.5577,34.08657],[-6.55995,34.08657]]],[[[-6.533,34.08882],[-6.533,34.09107],[-6.53075,34.09107],[-6.53075,34.08882],[-6.533,34.08882]]],[[[-6.53749,34.08882],[-6.53749,34.09331],[-6.53524,34.09331],[-6.53524,34.08882],[-6.53749,34.08882]]],[[[-6.54198,34.09107],[-6.54198,34.09331],[-6.53974,34.09331],[-6.53974,34.09107],[-6.54198,34.09107]]],[[[-6.51279,34.09107],[-6.51279,34.09331],[-6.51054,34.09331],[-6.51054,34.09107],[-6.51279,34.09107]]],[[[-6.55546,34.09331],[-6.55546,34.09556],[-6.55321,34.09556],[-6.55321,34.09331],[-6.55546,34.09331]]],[[[-6.53974,34.09556],[-6.53974,34.0978],[-6.53075,34.0978],[-6.53075,34.09556],[-6.53974,34.09556]]],[[[-6.57567,34.0978],[-6.57567,34.10005],[-6.57342,34.10005],[-6.57342,34.0978],[-6.57567,34.0978]]],[[[-6.52626,34.0978],[-6.52626,34.10005],[-6.52401,34.10005],[-6.52401,34.0978],[-6.52626,34.0978]]],[[[-6.533,34.10005],[-6.533,34.10229],[-6.53075,34.10229],[-6.53075,34.10005],[-6.533,34.10005]]],[[[-6.57118,34.10229],[-6.57118,34.10454],[-6.56893,34.10454],[-6.56893,34.10229],[-6.57118,34.10229]]],[[[-6.52177,34.10454],[-6.51952,34.10679],[-6.51952,34.10229],[-6.52401,34.10229],[-6.52177,34.10454]]],[[[-6.58016,34.10454],[-6.58016,34.10679],[-6.57791,34.10679],[-6.57791,34.10454],[-6.58016,34.10454]]],[[[-6.52177,34.10903],[-6.52401,34.10454],[-6.53075,34.10454],[-6.53075,34.10903],[-6.52177,34.10903]]],[[[-6.53524,34.10679],[-6.53524,34.10903],[-6.533,34.10903],[-6.533,34.10679],[-6.53524,34.10679]]],[[[-6.56444,34.10903],[-6.56444,34.11128],[-6.56219,34.11128],[-6.56219,34.10903],[-6.56444,34.10903]]],[[[-6.53749,34.10903],[-6.53749,34.11128],[-6.53524,34.11128],[-6.53524,34.10903],[-6.53749,34.10903]]],[[[-6.533,34.10903],[-6.533,34.11352],[-6.53075,34.11352],[-6.53075,34.10903],[-6.533,34.10903]]],[[[-6.57342,34.11128],[-6.57342,34.11352],[-6.57118,34.11352],[-6.57118,34.11128],[-6.57342,34.11128]]],[[[-6.52626,34.11128],[-6.52851,34.11128],[-6.52851,34.11352],[-6.52626,34.11352],[-6.52626,34.11128]]],[[[-6.54198,34.11352],[-6.54198,34.11577],[-6.53974,34.11577],[-6.53974,34.11352],[-6.54198,34.11352]]],[[[-6.52851,34.11577],[-6.52851,34.11801],[-6.52626,34.11801],[-6.52626,34.11577],[-6.52851,34.11577]]],[[[-6.53749,34.11577],[-6.53749,34.11801],[-6.533,34.11801],[-6.533,34.11577],[-6.53749,34.11577]]],[[[-6.55321,34.11801],[-6.55321,34.12026],[-6.55096,34.12026],[-6.55096,34.11801],[-6.55321,34.11801]]],[[[-6.57118,34.12026],[-6.57118,34.12251],[-6.56668,34.12251],[-6.56668,34.12026],[-6.57118,34.12026]]],[[[-6.52401,34.12026],[-6.52401,34.12251],[-6.52177,34.12251],[-6.52177,34.12026],[-6.52401,34.12026]]],[[[-6.52177,34.12251],[-6.52177,34.12475],[-6.51952,34.12475],[-6.51952,34.12251],[-6.52177,34.12251]]],[[[-6.54872,34.12251],[-6.54872,34.12475],[-6.54647,34.12475],[-6.54647,34.12251],[-6.54872,34.12251]]],[[[-6.52626,34.12924],[-6.52401,34.12924],[-6.52401,34.12475],[-6.52626,34.12475],[-6.52626,34.12924]]],[[[-6.52177,34.12924],[-6.52401,34.12924],[-6.52401,34.13374],[-6.52177,34.13374],[-6.52177,34.12924]]],[[[-6.51952,34.13149],[-6.51952,34.13374],[-6.51728,34.13374],[-6.51728,34.13149],[-6.51952,34.13149]]],[[[-6.52626,34.13374],[-6.52626,34.13598],[-6.52401,34.13598],[-6.52401,34.13374],[-6.52626,34.13374]]],[[[-6.57791,34.13823],[-6.57342,34.14047],[-6.57342,34.13598],[-6.58016,34.13598],[-6.57791,34.13823]]],[[[-6.53524,34.13823],[-6.53524,34.14047],[-6.533,34.14047],[-6.533,34.13823],[-6.53524,34.13823]]],[[[-6.51279,34.14047],[-6.51503,34.14047],[-6.51503,34.14272],[-6.51279,34.14272],[-6.51279,34.14047]]],[[[-6.55546,34.14496],[-6.55546,34.14721],[-6.55321,34.14721],[-6.55321,34.14496],[-6.55546,34.14496]]],[[[-6.533,34.16293],[-6.533,34.16518],[-6.53075,34.16518],[-6.53075,34.16293],[-6.533,34.16293]]],[[[-6.57567,34.16518],[-6.57567,34.16742],[-6.57342,34.16742],[-6.57342,34.16518],[-6.57567,34.16518]]],[[[-6.53524,34.16967],[-6.53524,34.17191],[-6.533,34.17191],[-6.533,34.16967],[-6.53524,34.16967]]],[[[-6.52851,34.1764],[-6.52851,34.17865],[-6.52626,34.17865],[-6.52626,34.1764],[-6.52851,34.1764]]],[[[-6.51952,34.18763],[-6.51952,34.18988],[-6.51728,34.18988],[-6.51728,34.18763],[-6.51952,34.18763]]],[[[-6.51503,34.19213],[-6.51503,34.19437],[-6.51279,34.19437],[-6.51279,34.19213],[-6.51503,34.19213]]],[[[-6.55546,34.19886],[-6.55546,34.20111],[-6.55321,34.20111],[-6.55321,34.19886],[-6.55546,34.19886]]],[[[-6.54872,34.20111],[-6.54872,34.20335],[-6.54423,34.20335],[-6.54423,34.20111],[-6.54872,34.20111]]],[[[-6.55546,34.2842],[-6.55546,34.28645],[-6.55321,34.28645],[-6.55321,34.2842],[-6.55546,34.2842]]],[[[-6.55546,34.28869],[-6.55546,34.29094],[-6.55321,34.29094],[-6.55321,34.28869],[-6.55546,34.28869]]],[[[-6.5577,34.29543],[-6.5577,34.29768],[-6.55546,34.29768],[-6.55546,34.29543],[-6.5577,34.29543]]],[[[-6.5577,34.29992],[-6.5577,34.30217],[-6.55546,34.30217],[-6.55546,34.29992],[-6.5577,34.29992]]],[[[-6.54872,34.30441],[-6.54872,34.30666],[-6.54423,34.30666],[-6.54423,34.30441],[-6.54872,34.30441]]],[[[-6.54423,34.30666],[-6.54423,34.30891],[-6.54198,34.30891],[-6.54198,34.30666],[-6.54423,34.30666]]],[[[-6.54198,34.30891],[-6.54198,34.31115],[-6.53974,34.31115],[-6.53974,34.30891],[-6.54198,34.30891]]],[[[-6.54198,34.3134],[-6.54198,34.31789],[-6.53974,34.31789],[-6.53974,34.3134],[-6.54198,34.3134]]],[[[-6.52626,34.31789],[-6.52177,34.32014],[-6.52177,34.31564],[-6.52401,34.31789],[-6.52626,34.31789]]],[[[-6.55546,34.31789],[-6.55546,34.32014],[-6.54872,34.32014],[-6.54872,34.31789],[-6.55546,34.31789]]],[[[-6.52851,34.32463],[-6.52851,34.31564],[-6.53075,34.31564],[-6.533,34.32463],[-6.52851,34.32463]]],[[[-6.54872,34.32912],[-6.54872,34.33136],[-6.54647,34.33136],[-6.54647,34.32912],[-6.54872,34.32912]]],[[[-6.44766,33.90017],[-6.44766,33.90242],[-6.44541,33.90242],[-6.44541,33.90017],[-6.44766,33.90017]]],[[[-6.45664,33.90017],[-6.45664,33.90466],[-6.4544,33.90466],[-6.4544,33.90017],[-6.45664,33.90017]]],[[[-6.43418,33.90242],[-6.43418,33.90466],[-6.43194,33.90466],[-6.43194,33.90242],[-6.43418,33.90242]]],[[[-6.45889,33.90691],[-6.45889,33.90916],[-6.45664,33.90916],[-6.45664,33.90466],[-6.46113,33.90466],[-6.45889,33.90691]]],[[[-6.46787,33.90691],[-6.46787,33.90916],[-6.46562,33.90916],[-6.46562,33.90691],[-6.46787,33.90691]]],[[[-6.44766,33.90916],[-6.44541,33.9114],[-6.44541,33.90691],[-6.4499,33.90691],[-6.44766,33.90916]]],[[[-6.47012,33.90916],[-6.47012,33.9114],[-6.46787,33.9114],[-6.46787,33.90916],[-6.47012,33.90916]]],[[[-6.45664,33.90916],[-6.45664,33.91365],[-6.4499,33.91365],[-6.45215,33.90916],[-6.45664,33.90916]]],[[[-6.46787,33.9114],[-6.46787,33.91365],[-6.46338,33.91365],[-6.46338,33.90916],[-6.46787,33.9114]]],[[[-6.44317,33.91365],[-6.44317,33.91589],[-6.44092,33.91589],[-6.44092,33.91365],[-6.44317,33.91365]]],[[[-6.44541,33.91589],[-6.44541,33.91814],[-6.44317,33.91814],[-6.44317,33.91589],[-6.44541,33.91589]]],[[[-6.45889,33.91589],[-6.45889,33.91814],[-6.45664,33.91814],[-6.45664,33.91589],[-6.45889,33.91589]]],[[[-6.45215,33.91589],[-6.45215,33.91814],[-6.4499,33.91814],[-6.4499,33.91589],[-6.45215,33.91589]]],[[[-6.48584,33.91589],[-6.48584,33.91814],[-6.48359,33.91814],[-6.48359,33.91589],[-6.48584,33.91589]]],[[[-6.46787,33.91589],[-6.46787,33.91814],[-6.46562,33.91814],[-6.46562,33.91589],[-6.46787,33.91589]]],[[[-6.43643,33.91589],[-6.43643,33.91814],[-6.43418,33.91814],[-6.43418,33.91589],[-6.43643,33.91589]]],[[[-6.44092,33.91589],[-6.44092,33.91814],[-6.43867,33.91814],[-6.43867,33.91589],[-6.44092,33.91589]]],[[[-6.46338,33.91814],[-6.46338,33.92039],[-6.46113,33.92039],[-6.46113,33.91814],[-6.46338,33.91814]]],[[[-6.44766,33.91814],[-6.44766,33.92039],[-6.44541,33.92039],[-6.44541,33.91814],[-6.44766,33.91814]]],[[[-6.48359,33.91814],[-6.48359,33.92039],[-6.48134,33.92039],[-6.48134,33.91814],[-6.48359,33.91814]]],[[[-6.47012,33.92039],[-6.47012,33.92263],[-6.46787,33.92263],[-6.46787,33.92039],[-6.47012,33.92039]]],[[[-6.45664,33.92039],[-6.45664,33.92263],[-6.4544,33.92263],[-6.4544,33.92039],[-6.45664,33.92039]]],[[[-6.43867,33.92039],[-6.43867,33.92263],[-6.43643,33.92263],[-6.43643,33.92039],[-6.43867,33.92039]]],[[[-6.4499,33.92263],[-6.4499,33.92488],[-6.44766,33.92488],[-6.44766,33.92263],[-6.4499,33.92263]]],[[[-6.45664,33.92263],[-6.45889,33.92263],[-6.45889,33.92488],[-6.45664,33.92488],[-6.45664,33.92263]]],[[[-6.4544,33.92263],[-6.4544,33.92488],[-6.45215,33.92488],[-6.45215,33.92263],[-6.4544,33.92263]]],[[[-6.46338,33.92712],[-6.46338,33.92937],[-6.46113,33.92937],[-6.46113,33.92712],[-6.46338,33.92712]]],[[[-6.45889,33.92712],[-6.45889,33.93161],[-6.45215,33.93161],[-6.45215,33.92937],[-6.45889,33.92712]]],[[[-6.50605,33.92937],[-6.50605,33.93161],[-6.5038,33.93161],[-6.5038,33.92937],[-6.50605,33.92937]]],[[[-6.43643,33.92937],[-6.43643,33.93161],[-6.43418,33.93161],[-6.43418,33.92937],[-6.43643,33.92937]]],[[[-6.44541,33.93386],[-6.44541,33.93611],[-6.44317,33.93611],[-6.44317,33.93386],[-6.44541,33.93386]]],[[[-6.46338,33.93386],[-6.46338,33.93611],[-6.46113,33.93611],[-6.46113,33.93386],[-6.46338,33.93386]]],[[[-6.47461,33.93386],[-6.47461,33.93835],[-6.47236,33.93835],[-6.47236,33.93386],[-6.47461,33.93386]]],[[[-6.43867,33.93611],[-6.43867,33.93835],[-6.43643,33.93835],[-6.43643,33.93386],[-6.44092,33.93386],[-6.43867,33.93611]]],[[[-6.46562,33.93611],[-6.46562,33.93835],[-6.46338,33.93835],[-6.46338,33.93611],[-6.46562,33.93611]]],[[[-6.43418,33.93611],[-6.43418,33.93835],[-6.43194,33.93835],[-6.43194,33.93611],[-6.43418,33.93611]]],[[[-6.4499,33.93835],[-6.4499,33.9406],[-6.44541,33.9406],[-6.44541,33.93835],[-6.4499,33.93835]]],[[[-6.51054,33.93835],[-6.51054,33.9406],[-6.50829,33.9406],[-6.50829,33.93835],[-6.51054,33.93835]]],[[[-6.47236,33.93835],[-6.47236,33.9406],[-6.47012,33.9406],[-6.47012,33.93835],[-6.47236,33.93835]]],[[[-6.45889,33.93835],[-6.46113,33.93835],[-6.46113,33.9406],[-6.45889,33.9406],[-6.45889,33.93835]]],[[[-6.46338,33.9406],[-6.46338,33.94284],[-6.46113,33.94284],[-6.46113,33.9406],[-6.46338,33.9406]]],[[[-6.46562,33.94509],[-6.46562,33.94733],[-6.46113,33.94733],[-6.46113,33.94509],[-6.46562,33.94509]]],[[[-6.44766,33.94733],[-6.44766,33.94958],[-6.44541,33.94958],[-6.44541,33.94733],[-6.44766,33.94733]]],[[[-6.49257,33.95183],[-6.49257,33.95407],[-6.49033,33.95407],[-6.49033,33.95183],[-6.49257,33.95183]]],[[[-6.43643,33.95183],[-6.43643,33.95407],[-6.43418,33.95407],[-6.43418,33.95183],[-6.43643,33.95183]]],[[[-6.44766,33.96755],[-6.44766,33.96979],[-6.44541,33.96979],[-6.44541,33.96755],[-6.44766,33.96755]]],[[[-6.51054,33.97204],[-6.51054,33.97428],[-6.50829,33.97428],[-6.50829,33.97204],[-6.51054,33.97204]]],[[[-6.46338,33.97204],[-6.46338,33.97428],[-6.46113,33.97428],[-6.46113,33.97204],[-6.46338,33.97204]]],[[[-6.50605,33.97428],[-6.50605,33.97653],[-6.5038,33.97653],[-6.5038,33.97428],[-6.50605,33.97428]]],[[[-6.45664,33.97878],[-6.45664,33.98327],[-6.4544,33.98327],[-6.4544,33.97878],[-6.45664,33.97878]]],[[[-6.43867,33.98102],[-6.43867,33.98327],[-6.43418,33.98327],[-6.43418,33.98102],[-6.43867,33.98102]]],[[[-6.49033,33.98102],[-6.49033,33.98551],[-6.48808,33.98551],[-6.48808,33.98102],[-6.49033,33.98102]]],[[[-6.43867,33.9945],[-6.43867,33.99674],[-6.43418,33.99674],[-6.43418,33.9945],[-6.43867,33.9945]]],[[[-6.49707,33.99674],[-6.49707,33.99899],[-6.49482,33.99899],[-6.49482,33.99674],[-6.49707,33.99674]]],[[[-6.50605,33.99899],[-6.50829,33.99899],[-6.50829,34.00123],[-6.50605,34.00123],[-6.50605,33.99899]]],[[[-6.45215,33.99899],[-6.45215,34.00123],[-6.4499,34.00123],[-6.4499,33.99899],[-6.45215,33.99899]]],[[[-6.49931,34.00573],[-6.49931,34.00797],[-6.49482,34.00797],[-6.49482,34.00573],[-6.49931,34.00573]]],[[[-6.45215,34.01022],[-6.45215,34.01246],[-6.4499,34.01246],[-6.4499,34.01022],[-6.45215,34.01022]]],[[[-6.51054,34.03492],[-6.51054,34.03941],[-6.50829,34.03941],[-6.50829,34.03492],[-6.51054,34.03492]]],[[[-6.5038,34.0439],[-6.5038,34.04615],[-6.49931,34.04615],[-6.49931,34.0439],[-6.5038,34.0439]]],[[[-6.50156,34.05064],[-6.50156,34.05289],[-6.49931,34.05289],[-6.49931,34.05064],[-6.50156,34.05064]]],[[[-6.47461,34.08208],[-6.47461,34.08433],[-6.47236,34.08433],[-6.47236,34.08208],[-6.47461,34.08208]]],[[[-6.46787,34.08208],[-6.46787,34.08433],[-6.46562,34.08433],[-6.46562,34.08208],[-6.46787,34.08208]]],[[[-6.49482,34.08657],[-6.49482,34.08882],[-6.49257,34.08882],[-6.49257,34.08657],[-6.49482,34.08657]]],[[[-6.50156,34.08882],[-6.50156,34.09107],[-6.49931,34.09107],[-6.49931,34.08882],[-6.50156,34.08882]]],[[[-6.46787,34.08882],[-6.46787,34.09107],[-6.46562,34.09107],[-6.46562,34.08882],[-6.46787,34.08882]]],[[[-6.49707,34.09556],[-6.49482,34.09331],[-6.49482,34.08882],[-6.50156,34.09331],[-6.49707,34.09556]]],[[[-6.49257,34.09556],[-6.49033,34.09556],[-6.49033,34.09331],[-6.49257,34.09331],[-6.49257,34.09556]]],[[[-6.48808,34.09556],[-6.49033,34.09556],[-6.49033,34.0978],[-6.48808,34.0978],[-6.48808,34.09556]]],[[[-6.50156,34.10005],[-6.49931,34.10005],[-6.49931,34.0978],[-6.50156,34.0978],[-6.50156,34.10005]]],[[[-6.49707,34.10005],[-6.49931,34.10005],[-6.49931,34.10454],[-6.49707,34.10454],[-6.49707,34.10005]]],[[[-6.49482,34.10903],[-6.49482,34.11128],[-6.49257,34.11128],[-6.49257,34.10903],[-6.49482,34.10903]]],[[[-6.49482,34.11352],[-6.49482,34.11128],[-6.49707,34.11128],[-6.49707,34.11352],[-6.49482,34.11352]]],[[[-6.49482,34.11352],[-6.49482,34.11577],[-6.49257,34.11577],[-6.49257,34.11352],[-6.49482,34.11352]]],[[[-6.4791,34.11577],[-6.4791,34.11801],[-6.47685,34.11801],[-6.47685,34.11352],[-6.48134,34.11352],[-6.4791,34.11577]]],[[[-6.48134,34.12026],[-6.48134,34.12251],[-6.4791,34.12251],[-6.4791,34.12026],[-6.48134,34.12026]]],[[[-6.47685,34.12251],[-6.47685,34.12475],[-6.47461,34.12475],[-6.47461,34.12251],[-6.47685,34.12251]]],[[[-6.46787,34.12251],[-6.46787,34.12475],[-6.46562,34.12475],[-6.46562,34.12251],[-6.46787,34.12251]]],[[[-6.49257,34.13149],[-6.49257,34.13374],[-6.49033,34.13374],[-6.49033,34.13149],[-6.49257,34.13149]]],[[[-6.47461,34.13374],[-6.47461,34.13598],[-6.47236,34.13598],[-6.47236,34.13374],[-6.47461,34.13374]]],[[[-6.47012,34.13598],[-6.47012,34.13823],[-6.46787,34.13823],[-6.46787,34.13598],[-6.47012,34.13598]]],[[[-6.51279,34.14272],[-6.51279,34.14496],[-6.51054,34.14496],[-6.51054,34.14272],[-6.51279,34.14272]]],[[[-6.5038,34.14496],[-6.50605,34.14272],[-6.50605,34.14721],[-6.49931,34.14946],[-6.49931,34.14496],[-6.5038,34.14496]]],[[[-6.48808,34.14946],[-6.48808,34.15395],[-6.48359,34.15395],[-6.48584,34.14946],[-6.48808,34.14946]]],[[[-6.48134,34.15619],[-6.48134,34.16068],[-6.4791,34.16068],[-6.4791,34.15619],[-6.48134,34.15619]]],[[[-6.48584,34.16518],[-6.48808,34.16518],[-6.48808,34.16742],[-6.48584,34.16742],[-6.48584,34.16518]]],[[[-6.48808,34.17191],[-6.48808,34.17416],[-6.48359,34.17416],[-6.48359,34.17191],[-6.48808,34.17191]]],[[[-6.49707,34.17191],[-6.49707,34.17416],[-6.49482,34.17416],[-6.49482,34.17191],[-6.49707,34.17191]]],[[[-6.49257,34.17191],[-6.49257,34.17416],[-6.49033,34.17416],[-6.49033,34.17191],[-6.49257,34.17191]]],[[[-6.48134,34.17191],[-6.48134,34.17416],[-6.4791,34.17416],[-6.4791,34.17191],[-6.48134,34.17191]]],[[[-6.4791,34.17416],[-6.4791,34.1764],[-6.47685,34.1764],[-6.47685,34.17416],[-6.4791,34.17416]]],[[[-6.48359,34.1764],[-6.48359,34.17865],[-6.48134,34.17865],[-6.48134,34.1764],[-6.48359,34.1764]]],[[[-6.47685,34.1764],[-6.47685,34.17865],[-6.47461,34.17865],[-6.47461,34.1764],[-6.47685,34.1764]]],[[[-6.48134,34.17865],[-6.48134,34.1809],[-6.4791,34.1809],[-6.4791,34.17865],[-6.48134,34.17865]]],[[[-6.47685,34.1809],[-6.47685,34.18314],[-6.47461,34.18314],[-6.47461,34.1809],[-6.47685,34.1809]]],[[[-6.51054,34.18988],[-6.51054,34.19213],[-6.50829,34.19213],[-6.50829,34.18988],[-6.51054,34.18988]]],[[[-6.51279,34.19886],[-6.51279,34.20111],[-6.50829,34.20111],[-6.50829,34.19886],[-6.51279,34.19886]]],[[[-6.44541,34.29992],[-6.44541,34.30217],[-6.44317,34.30217],[-6.44317,34.29992],[-6.44541,34.29992]]],[[[-6.44317,34.30666],[-6.43867,34.30666],[-6.43867,34.30441],[-6.44317,34.30441],[-6.44317,34.30666]]],[[[-6.43867,34.30891],[-6.43418,34.30891],[-6.42969,34.30217],[-6.43643,34.30217],[-6.43867,34.30891]]],[[[-6.43643,34.33361],[-6.43867,34.3381],[-6.43418,34.3381],[-6.43418,34.33586],[-6.43643,34.33361]]],[[[-6.43867,34.34035],[-6.43867,34.35158],[-6.43643,34.35158],[-6.43418,34.34035],[-6.43867,34.34035]]],[[[-6.47461,34.35831],[-6.47461,34.36056],[-6.47236,34.36056],[-6.47236,34.35831],[-6.47461,34.35831]]],[[[-6.44317,34.36281],[-6.44317,34.36505],[-6.44092,34.36505],[-6.44092,34.36281],[-6.44317,34.36281]]],[[[-6.44317,34.3673],[-6.44317,34.36505],[-6.44541,34.36505],[-6.44541,34.3673],[-6.44317,34.3673]]],[[[-6.46338,34.3673],[-6.46338,34.36954],[-6.46113,34.36954],[-6.46113,34.3673],[-6.46338,34.3673]]],[[[-6.4544,34.36954],[-6.4544,34.37179],[-6.45215,34.37179],[-6.45215,34.36954],[-6.4544,34.36954]]],[[[-6.45664,34.37179],[-6.45664,34.37403],[-6.4544,34.37403],[-6.4544,34.37179],[-6.45664,34.37179]]],[[[-6.46113,34.38302],[-6.45889,34.37853],[-6.4544,34.37628],[-6.46338,34.37853],[-6.46113,34.38302]]],[[[-6.43643,34.40098],[-6.43418,34.39874],[-6.4499,34.39874],[-6.44317,34.40323],[-6.43867,34.40098],[-6.43867,34.40548],[-6.43643,34.40098]]],[[[-6.43194,34.40098],[-6.43418,34.40098],[-6.43418,34.40323],[-6.43194,34.40323],[-6.43194,34.40098]]],[[[-6.45215,34.40548],[-6.45215,34.40772],[-6.44541,34.40772],[-6.44541,34.40548],[-6.45215,34.40548]]],[[[-6.49482,34.40548],[-6.49482,34.40997],[-6.49257,34.40997],[-6.49257,34.40548],[-6.49482,34.40548]]],[[[-6.49033,34.40772],[-6.49033,34.40997],[-6.48808,34.40997],[-6.48808,34.40772],[-6.49033,34.40772]]],[[[-6.43418,34.40772],[-6.43418,34.40997],[-6.43194,34.40997],[-6.43194,34.40772],[-6.43418,34.40772]]],[[[-6.50156,34.40997],[-6.5038,34.40997],[-6.5038,34.41221],[-6.50156,34.41221],[-6.50156,34.40997]]],[[[-6.50829,34.41221],[-6.50829,34.41446],[-6.50605,34.41446],[-6.50605,34.41221],[-6.50829,34.41221]]],[[[-6.50156,34.41446],[-6.49931,34.4212],[-6.49257,34.41895],[-6.49257,34.41221],[-6.49707,34.41221],[-6.49482,34.4167],[-6.50156,34.41446]]],[[[-6.43643,34.4167],[-6.43643,34.41895],[-6.43418,34.41895],[-6.43418,34.4167],[-6.43643,34.4167]]],[[[-6.43643,34.48183],[-6.43643,34.48408],[-6.43418,34.48408],[-6.43418,34.48183],[-6.43643,34.48183]]],[[[-6.4544,34.48408],[-6.4544,34.48632],[-6.45215,34.48632],[-6.45215,34.48408],[-6.4544,34.48408]]],[[[-6.4499,34.48408],[-6.4499,34.48632],[-6.44766,34.48632],[-6.44766,34.48408],[-6.4499,34.48408]]],[[[-6.44541,34.48632],[-6.44541,34.48857],[-6.44092,34.48857],[-6.44092,34.48632],[-6.44541,34.48632]]],[[[-6.43867,34.48632],[-6.43867,34.48857],[-6.43194,34.48857],[-6.43194,34.48632],[-6.43867,34.48632]]],[[[-6.44092,34.48857],[-6.44092,34.49082],[-6.43867,34.49082],[-6.43867,34.48857],[-6.44092,34.48857]]],[[[-6.46113,34.49306],[-6.46113,34.48857],[-6.46562,34.49082],[-6.46562,34.49531],[-6.46113,34.49306]]],[[[-6.43867,34.49082],[-6.43867,34.49306],[-6.43643,34.49306],[-6.43643,34.49082],[-6.43867,34.49082]]],[[[-6.43867,34.4998],[-6.44092,34.49531],[-6.4499,34.49306],[-6.45889,34.49531],[-6.46338,34.50429],[-6.4544,34.50654],[-6.45215,34.49755],[-6.4499,34.50204],[-6.44766,34.49755],[-6.43867,34.4998]]],[[[-6.45215,34.50429],[-6.45215,34.50654],[-6.4499,34.50654],[-6.4499,34.50429],[-6.45215,34.50429]]],[[[-6.44766,34.50429],[-6.44766,34.50654],[-6.44541,34.50654],[-6.44541,34.50429],[-6.44766,34.50429]]],[[[-6.4499,34.50654],[-6.4499,34.50878],[-6.44766,34.50878],[-6.44766,34.50654],[-6.4499,34.50654]]],[[[-6.43643,34.50654],[-6.43643,34.50878],[-6.43418,34.50878],[-6.43418,34.50654],[-6.43643,34.50654]]],[[[-6.45215,34.51327],[-6.45215,34.51552],[-6.44766,34.51552],[-6.44766,34.51327],[-6.45215,34.51327]]],[[[-6.46113,34.51776],[-6.46113,34.5245],[-6.45889,34.5245],[-6.45664,34.51776],[-6.46113,34.51776]]],[[[-6.4544,34.51552],[-6.4544,34.52899],[-6.45215,34.52899],[-6.45215,34.51552],[-6.4544,34.51552]]],[[[-6.4499,34.52675],[-6.4499,34.53124],[-6.44766,34.53124],[-6.44766,34.52675],[-6.4499,34.52675]]],[[[-6.43867,34.53124],[-6.44541,34.52899],[-6.44766,34.53349],[-6.44317,34.53124],[-6.43867,34.53124]]],[[[-6.45215,34.53124],[-6.45215,34.53349],[-6.4499,34.53349],[-6.4499,34.53124],[-6.45215,34.53124]]],[[[-6.48134,34.53349],[-6.48134,34.53573],[-6.4791,34.53573],[-6.4791,34.53349],[-6.48134,34.53349]]],[[[-6.44092,34.54696],[-6.44092,34.55145],[-6.43867,34.55145],[-6.43643,34.54696],[-6.44092,34.54696]]],[[[-6.41397,33.9114],[-6.41397,33.91365],[-6.41173,33.91365],[-6.41173,33.9114],[-6.41397,33.9114]]],[[[-6.40723,33.91365],[-6.40723,33.91589],[-6.40499,33.91589],[-6.40499,33.91365],[-6.40723,33.91365]]],[[[-6.41173,33.91589],[-6.41173,33.91814],[-6.40948,33.91814],[-6.40948,33.91589],[-6.41173,33.91589]]],[[[-6.42071,33.92039],[-6.41622,33.92263],[-6.41397,33.91365],[-6.42071,33.91589],[-6.42071,33.92039]]],[[[-6.43194,33.91814],[-6.43194,33.92039],[-6.42969,33.92039],[-6.42969,33.91814],[-6.43194,33.91814]]],[[[-6.41397,33.92039],[-6.41397,33.92263],[-6.41173,33.92263],[-6.41173,33.92039],[-6.41397,33.92039]]],[[[-6.40948,33.92263],[-6.41173,33.92263],[-6.41173,33.92712],[-6.40723,33.92712],[-6.40948,33.92263]]],[[[-6.42969,33.92488],[-6.42969,33.92712],[-6.42745,33.92712],[-6.42745,33.92488],[-6.42969,33.92488]]],[[[-6.4252,33.92712],[-6.4252,33.92937],[-6.42071,33.92937],[-6.42071,33.92488],[-6.4252,33.92712]]],[[[-6.43418,33.92712],[-6.43418,33.92937],[-6.43194,33.92937],[-6.43194,33.92712],[-6.43418,33.92712]]],[[[-6.41622,33.92937],[-6.41622,33.93161],[-6.40948,33.93161],[-6.40948,33.92937],[-6.41622,33.92937]]],[[[-6.40948,33.93161],[-6.40948,33.93386],[-6.40723,33.93386],[-6.40723,33.93161],[-6.40948,33.93161]]],[[[-6.41846,33.93386],[-6.41846,33.93611],[-6.41622,33.93611],[-6.41622,33.93386],[-6.41846,33.93386]]],[[[-6.42295,33.93611],[-6.42295,33.93835],[-6.42071,33.93835],[-6.42071,33.93611],[-6.42295,33.93611]]],[[[-6.40723,33.93611],[-6.40723,33.93835],[-6.40499,33.93835],[-6.40499,33.93611],[-6.40723,33.93611]]],[[[-6.43418,33.9406],[-6.43418,33.94284],[-6.43194,33.94284],[-6.43194,33.9406],[-6.43418,33.9406]]],[[[-6.41173,33.9406],[-6.41173,33.94284],[-6.40948,33.94284],[-6.40948,33.9406],[-6.41173,33.9406]]],[[[-6.42969,33.94284],[-6.42969,33.94509],[-6.42745,33.94509],[-6.42745,33.94284],[-6.42969,33.94284]]],[[[-6.42969,33.94733],[-6.42969,33.94509],[-6.43194,33.94509],[-6.43194,33.94733],[-6.42969,33.94733]]],[[[-6.4252,33.94509],[-6.4252,33.94733],[-6.42295,33.94733],[-6.42295,33.94509],[-6.4252,33.94509]]],[[[-6.40948,33.94958],[-6.40948,33.95183],[-6.40723,33.95183],[-6.40723,33.94958],[-6.40948,33.94958]]],[[[-6.4252,33.95407],[-6.42745,33.95407],[-6.42745,33.95632],[-6.42295,33.95632],[-6.42295,33.95183],[-6.4252,33.95407]]],[[[-6.43194,33.95407],[-6.43194,33.95632],[-6.42969,33.95632],[-6.42969,33.95407],[-6.43194,33.95407]]],[[[-6.40948,33.95407],[-6.40948,33.95632],[-6.40723,33.95632],[-6.40723,33.95407],[-6.40948,33.95407]]],[[[-6.41397,33.95407],[-6.41397,33.95632],[-6.41173,33.95632],[-6.41173,33.95407],[-6.41397,33.95407]]],[[[-6.40723,33.95632],[-6.40723,33.96306],[-6.40499,33.96306],[-6.40499,33.95632],[-6.40723,33.95632]]],[[[-6.41397,33.96081],[-6.41397,33.9653],[-6.40948,33.96306],[-6.40948,33.96081],[-6.41397,33.96081]]],[[[-6.41622,33.97204],[-6.41622,33.97428],[-6.41173,33.97428],[-6.41173,33.97204],[-6.41622,33.97204]]],[[[-6.41397,33.97653],[-6.41397,33.97878],[-6.41173,33.97878],[-6.41173,33.97653],[-6.41397,33.97653]]],[[[-6.42295,33.97878],[-6.42295,33.98102],[-6.42071,33.98102],[-6.42071,33.97878],[-6.42295,33.97878]]],[[[-6.42071,33.98102],[-6.42071,33.98327],[-6.41846,33.98327],[-6.41846,33.98102],[-6.42071,33.98102]]],[[[-6.42745,33.99674],[-6.4252,33.99899],[-6.4252,33.9945],[-6.42969,33.9945],[-6.42745,33.99674]]],[[[-6.41173,34.02594],[-6.41173,34.02818],[-6.40948,34.02818],[-6.40948,34.02594],[-6.41173,34.02594]]],[[[-6.41397,34.15395],[-6.41397,34.15619],[-6.41173,34.15619],[-6.41173,34.15395],[-6.41397,34.15395]]],[[[-6.4252,34.16742],[-6.4252,34.16967],[-6.42295,34.16967],[-6.42295,34.16742],[-6.4252,34.16742]]],[[[-6.40948,34.16742],[-6.40948,34.16967],[-6.40723,34.16967],[-6.40723,34.16742],[-6.40948,34.16742]]],[[[-6.40499,34.17191],[-6.40723,34.17191],[-6.40723,34.17416],[-6.40499,34.17416],[-6.40499,34.17191]]],[[[-6.40723,34.1764],[-6.40723,34.17865],[-6.40499,34.17865],[-6.40499,34.1764],[-6.40723,34.1764]]],[[[-6.42295,34.17865],[-6.42295,34.1809],[-6.41846,34.1809],[-6.41846,34.17865],[-6.42295,34.17865]]],[[[-6.42295,34.18314],[-6.42295,34.18539],[-6.42071,34.18539],[-6.42071,34.18314],[-6.42295,34.18314]]],[[[-6.43194,34.18539],[-6.43194,34.18763],[-6.42969,34.18763],[-6.42969,34.18539],[-6.43194,34.18539]]],[[[-6.42071,34.18539],[-6.42071,34.18763],[-6.41846,34.18763],[-6.41846,34.18539],[-6.42071,34.18539]]],[[[-6.42969,34.18763],[-6.42295,34.18988],[-6.42295,34.18539],[-6.4252,34.18763],[-6.42969,34.18763]]],[[[-6.41173,34.18763],[-6.41173,34.18988],[-6.40948,34.18988],[-6.40948,34.18763],[-6.41173,34.18763]]],[[[-6.41846,34.18763],[-6.41846,34.18988],[-6.41622,34.18988],[-6.41622,34.18763],[-6.41846,34.18763]]],[[[-6.42071,34.18988],[-6.42071,34.19213],[-6.41846,34.19213],[-6.41846,34.18988],[-6.42071,34.18988]]],[[[-6.42071,34.19437],[-6.42071,34.19213],[-6.4252,34.19213],[-6.4252,34.19437],[-6.42071,34.19437]]],[[[-6.41846,34.19213],[-6.41846,34.19437],[-6.41622,34.19437],[-6.41622,34.19213],[-6.41846,34.19213]]],[[[-6.41173,34.21009],[-6.41173,34.21234],[-6.40948,34.21234],[-6.40948,34.21009],[-6.41173,34.21009]]],[[[-6.40723,34.21234],[-6.40723,34.21458],[-6.40499,34.21458],[-6.40499,34.21234],[-6.40723,34.21234]]],[[[-6.4252,34.21234],[-6.4252,34.21458],[-6.42295,34.21458],[-6.42295,34.21234],[-6.4252,34.21234]]],[[[-6.42295,34.21458],[-6.42295,34.21683],[-6.42071,34.21683],[-6.42071,34.21458],[-6.42295,34.21458]]],[[[-6.41622,34.22806],[-6.41622,34.2303],[-6.41397,34.2303],[-6.41397,34.22806],[-6.41622,34.22806]]],[[[-6.41397,34.2303],[-6.41397,34.23255],[-6.41173,34.23255],[-6.41173,34.2303],[-6.41397,34.2303]]],[[[-6.41397,34.2348],[-6.41397,34.23929],[-6.40948,34.23929],[-6.40948,34.2348],[-6.41397,34.2348]]],[[[-6.41622,34.24378],[-6.41397,34.24378],[-6.41397,34.24153],[-6.41622,34.24153],[-6.41622,34.24378]]],[[[-6.41173,34.24378],[-6.41397,34.24378],[-6.41397,34.24602],[-6.41173,34.24602],[-6.41173,34.24378]]],[[[-6.41622,34.24602],[-6.41622,34.24827],[-6.41397,34.24827],[-6.41397,34.24602],[-6.41622,34.24602]]],[[[-6.41622,34.26399],[-6.41622,34.26624],[-6.41397,34.26624],[-6.41397,34.26399],[-6.41622,34.26399]]],[[[-6.41846,34.27073],[-6.41846,34.27747],[-6.41622,34.27747],[-6.41397,34.27073],[-6.41846,34.27073]]],[[[-6.42745,34.28196],[-6.42745,34.28645],[-6.4252,34.28645],[-6.4252,34.28196],[-6.42745,34.28196]]],[[[-6.41173,34.29543],[-6.41173,34.29768],[-6.40274,34.29768],[-6.40274,34.29543],[-6.41173,34.29543]]],[[[-6.42295,34.29768],[-6.42295,34.29543],[-6.42969,34.29543],[-6.42745,34.29992],[-6.42295,34.29768]]],[[[-6.43194,34.29768],[-6.43194,34.29992],[-6.42969,34.29992],[-6.42969,34.29768],[-6.43194,34.29768]]],[[[-6.4252,34.29992],[-6.4252,34.30217],[-6.42295,34.30217],[-6.42295,34.29992],[-6.4252,34.29992]]],[[[-6.42745,34.30217],[-6.42745,34.30441],[-6.4252,34.30441],[-6.4252,34.30217],[-6.42745,34.30217]]],[[[-6.40948,34.30891],[-6.40499,34.30217],[-6.41173,34.29992],[-6.41173,34.30891],[-6.40948,34.30891]]],[[[-6.42745,34.30441],[-6.42969,34.30441],[-6.42969,34.30666],[-6.42745,34.30666],[-6.42745,34.30441]]],[[[-6.41622,34.30666],[-6.41622,34.30891],[-6.41397,34.30891],[-6.41397,34.30666],[-6.41622,34.30666]]],[[[-6.43194,34.30666],[-6.43194,34.31115],[-6.42969,34.31115],[-6.42969,34.30666],[-6.43194,34.30666]]],[[[-6.4252,34.30891],[-6.42295,34.31115],[-6.42295,34.30666],[-6.42745,34.30666],[-6.4252,34.30891]]],[[[-6.40274,34.31789],[-6.40274,34.30666],[-6.40499,34.30666],[-6.40948,34.30891],[-6.40948,34.31564],[-6.40499,34.3134],[-6.40274,34.31789]]],[[[-6.41622,34.31564],[-6.41397,34.31564],[-6.41397,34.3134],[-6.41622,34.3134],[-6.41622,34.31564]]],[[[-6.40948,34.31564],[-6.41397,34.31564],[-6.41397,34.31789],[-6.40948,34.31789],[-6.40948,34.31564]]],[[[-6.40948,34.31789],[-6.40948,34.32014],[-6.40723,34.32014],[-6.40723,34.31789],[-6.40948,34.31789]]],[[[-6.43418,34.32238],[-6.43418,34.32463],[-6.43194,34.32463],[-6.43194,34.32238],[-6.43418,34.32238]]],[[[-6.40948,34.32463],[-6.40948,34.32687],[-6.40723,34.32687],[-6.40723,34.32463],[-6.40948,34.32463]]],[[[-6.40948,34.32912],[-6.40948,34.32687],[-6.41397,34.32687],[-6.41397,34.32912],[-6.40948,34.32912]]],[[[-6.42071,34.32014],[-6.4252,34.32463],[-6.41846,34.32463],[-6.41846,34.32912],[-6.42295,34.32912],[-6.42295,34.33586],[-6.41846,34.3381],[-6.41397,34.32014],[-6.42071,34.32014]]],[[[-6.40723,34.32912],[-6.40723,34.33136],[-6.40499,34.33136],[-6.40499,34.32912],[-6.40723,34.32912]]],[[[-6.42745,34.33136],[-6.42745,34.33361],[-6.4252,34.33361],[-6.4252,34.33136],[-6.42745,34.33136]]],[[[-6.41397,34.33136],[-6.41397,34.33361],[-6.41173,34.33361],[-6.41173,34.33136],[-6.41397,34.33136]]],[[[-6.41397,34.3381],[-6.41622,34.3381],[-6.41622,34.34035],[-6.41397,34.34035],[-6.41397,34.3381]]],[[[-6.42071,34.34035],[-6.42071,34.34259],[-6.41846,34.34259],[-6.41846,34.34035],[-6.42071,34.34035]]],[[[-6.42071,34.34484],[-6.42071,34.34259],[-6.42295,34.34259],[-6.42295,34.34484],[-6.42071,34.34484]]],[[[-6.43418,34.34484],[-6.43418,34.34708],[-6.43194,34.34708],[-6.43194,34.34484],[-6.43418,34.34484]]],[[[-6.41622,34.34708],[-6.42071,34.34484],[-6.42295,34.34933],[-6.41846,34.34933],[-6.41622,34.34708]]],[[[-6.41846,34.35382],[-6.41846,34.35607],[-6.41622,34.35607],[-6.41622,34.35382],[-6.41846,34.35382]]],[[[-6.4252,34.35831],[-6.4252,34.36056],[-6.42295,34.36056],[-6.42295,34.35831],[-6.4252,34.35831]]],[[[-6.42295,34.36281],[-6.42295,34.36505],[-6.41622,34.36505],[-6.41622,34.36281],[-6.42295,34.36281]]],[[[-6.41173,34.36281],[-6.41173,34.3673],[-6.40948,34.3673],[-6.40948,34.36281],[-6.41173,34.36281]]],[[[-6.41397,34.3673],[-6.41397,34.36954],[-6.41173,34.36954],[-6.41173,34.3673],[-6.41397,34.3673]]],[[[-6.42969,34.38077],[-6.42969,34.38302],[-6.42745,34.38302],[-6.42745,34.38077],[-6.42969,34.38077]]],[[[-6.43418,34.38526],[-6.43418,34.38751],[-6.43194,34.38751],[-6.43194,34.38526],[-6.43418,34.38526]]],[[[-6.42071,34.392],[-6.42071,34.39425],[-6.41846,34.39425],[-6.41846,34.392],[-6.42071,34.392]]],[[[-6.42969,34.39425],[-6.42745,34.39425],[-6.42745,34.392],[-6.42969,34.392],[-6.42969,34.39425]]],[[[-6.4252,34.39425],[-6.42745,34.39425],[-6.42745,34.39649],[-6.4252,34.39649],[-6.4252,34.39425]]],[[[-6.42745,34.39649],[-6.42969,34.39649],[-6.42969,34.39874],[-6.42745,34.39874],[-6.42745,34.39649]]],[[[-6.42071,34.40098],[-6.42295,34.40548],[-6.41846,34.40548],[-6.41397,34.40997],[-6.41173,34.40548],[-6.41846,34.40323],[-6.41622,34.39649],[-6.42071,34.40098]]],[[[-6.40948,34.40772],[-6.41173,34.40772],[-6.41173,34.40997],[-6.40948,34.40997],[-6.40948,34.40772]]],[[[-6.42295,34.40772],[-6.42295,34.41221],[-6.41846,34.40997],[-6.41846,34.40772],[-6.42295,34.40772]]],[[[-6.42969,34.40997],[-6.42969,34.41221],[-6.4252,34.41221],[-6.4252,34.40997],[-6.42969,34.40997]]],[[[-6.42071,34.41221],[-6.42071,34.41895],[-6.41846,34.41895],[-6.41846,34.41221],[-6.42071,34.41221]]],[[[-6.41397,34.41221],[-6.41622,34.4167],[-6.40723,34.41895],[-6.40723,34.41221],[-6.41397,34.41221]]],[[[-6.43194,34.41895],[-6.43194,34.4212],[-6.42969,34.4212],[-6.42969,34.41895],[-6.43194,34.41895]]],[[[-6.40723,34.42344],[-6.40723,34.42569],[-6.40499,34.42569],[-6.40499,34.42344],[-6.40723,34.42344]]],[[[-6.43194,34.42344],[-6.43194,34.42793],[-6.42969,34.42793],[-6.42969,34.42344],[-6.43194,34.42344]]],[[[-6.41173,34.42569],[-6.41173,34.42793],[-6.40948,34.42793],[-6.40948,34.42569],[-6.41173,34.42569]]],[[[-6.41622,34.42569],[-6.41622,34.42793],[-6.41397,34.42793],[-6.41397,34.42569],[-6.41622,34.42569]]],[[[-6.42969,34.42793],[-6.42969,34.43018],[-6.42745,34.43018],[-6.42745,34.42793],[-6.42969,34.42793]]],[[[-6.41622,34.43018],[-6.41622,34.43467],[-6.41173,34.43467],[-6.41173,34.43018],[-6.41622,34.43018]]],[[[-6.4252,34.43018],[-6.4252,34.44365],[-6.42295,34.44365],[-6.42295,34.43018],[-6.4252,34.43018]]],[[[-6.42071,34.44365],[-6.42295,34.44365],[-6.42295,34.4459],[-6.42071,34.4459],[-6.42071,34.44365]]],[[[-6.4252,34.4459],[-6.4252,34.44815],[-6.42295,34.44815],[-6.42295,34.4459],[-6.4252,34.4459]]],[[[-6.4252,34.45039],[-6.4252,34.45264],[-6.42295,34.45264],[-6.42295,34.45039],[-6.4252,34.45039]]],[[[-6.42071,34.45488],[-6.42071,34.45713],[-6.41622,34.45713],[-6.41622,34.45488],[-6.42071,34.45488]]],[[[-6.41622,34.45937],[-6.41622,34.46162],[-6.41397,34.46162],[-6.41397,34.45937],[-6.41622,34.45937]]],[[[-6.40499,34.46387],[-6.40723,34.45713],[-6.40948,34.45713],[-6.40948,34.46611],[-6.40499,34.46387]]],[[[-6.41397,34.46611],[-6.41397,34.46836],[-6.41173,34.46836],[-6.41173,34.46611],[-6.41397,34.46611]]],[[[-6.42745,34.47959],[-6.42295,34.48183],[-6.42295,34.45713],[-6.4252,34.45713],[-6.42745,34.47959]]],[[[-6.41622,34.4706],[-6.41622,34.47285],[-6.41397,34.47285],[-6.41397,34.4706],[-6.41622,34.4706]]],[[[-6.40948,34.47734],[-6.40723,34.47734],[-6.40723,34.47509],[-6.40948,34.47509],[-6.40948,34.47734]]],[[[-6.40499,34.47734],[-6.40723,34.47734],[-6.40723,34.47959],[-6.40499,34.47959],[-6.40499,34.47734]]],[[[-6.42969,34.47734],[-6.42969,34.47959],[-6.42745,34.47959],[-6.42745,34.47734],[-6.42969,34.47734]]],[[[-6.41622,34.47959],[-6.41846,34.47734],[-6.41622,34.48632],[-6.40499,34.48408],[-6.40723,34.47959],[-6.41622,34.47959]]],[[[-6.42295,34.48183],[-6.42295,34.48408],[-6.42071,34.48408],[-6.42071,34.48183],[-6.42295,34.48183]]],[[[-6.41173,34.48632],[-6.41173,34.48857],[-6.40948,34.48857],[-6.40948,34.48632],[-6.41173,34.48632]]],[[[-6.41846,34.48632],[-6.41846,34.48857],[-6.41622,34.48857],[-6.41622,34.48632],[-6.41846,34.48632]]],[[[-6.41622,34.48857],[-6.41622,34.49082],[-6.41397,34.49082],[-6.41397,34.48857],[-6.41622,34.48857]]],[[[-6.42071,34.50204],[-6.42071,34.50654],[-6.41397,34.50654],[-6.41622,34.50204],[-6.42071,34.50204]]],[[[-6.42969,34.50654],[-6.42969,34.50878],[-6.42745,34.50878],[-6.42745,34.50654],[-6.42969,34.50654]]],[[[-6.40499,34.51103],[-6.40948,34.50429],[-6.42071,34.51552],[-6.41397,34.51103],[-6.40723,34.51552],[-6.40499,34.51103]]],[[[-6.42295,34.51103],[-6.42295,34.51327],[-6.42071,34.51327],[-6.42071,34.51103],[-6.42295,34.51103]]],[[[-6.42969,34.51552],[-6.42969,34.51776],[-6.42745,34.51776],[-6.42745,34.51552],[-6.42969,34.51552]]],[[[-6.42745,34.51776],[-6.42745,34.52001],[-6.4252,34.52001],[-6.4252,34.51776],[-6.42745,34.51776]]],[[[-6.40948,34.52001],[-6.40948,34.52226],[-6.40723,34.52226],[-6.40723,34.52001],[-6.40948,34.52001]]],[[[-6.4252,34.52001],[-6.4252,34.52226],[-6.42295,34.52226],[-6.42295,34.52001],[-6.4252,34.52001]]],[[[-6.42745,34.5245],[-6.42745,34.52675],[-6.4252,34.52675],[-6.4252,34.5245],[-6.42745,34.5245]]],[[[-6.43194,34.52675],[-6.43194,34.52899],[-6.42969,34.52899],[-6.42969,34.52675],[-6.43194,34.52675]]],[[[-6.42969,34.53124],[-6.42969,34.53349],[-6.42745,34.53349],[-6.42745,34.53124],[-6.42969,34.53124]]],[[[-6.40723,33.90916],[-6.40723,33.9114],[-6.40499,33.9114],[-6.40499,33.90916],[-6.40723,33.90916]]],[[[-6.37579,33.91365],[-6.37579,33.91589],[-6.37355,33.91589],[-6.37355,33.91365],[-6.37579,33.91365]]],[[[-6.39825,33.92039],[-6.40499,33.92039],[-6.40499,33.92263],[-6.39825,33.92263],[-6.39825,33.92039]]],[[[-6.396,33.92712],[-6.396,33.92937],[-6.39376,33.92937],[-6.39376,33.92488],[-6.39825,33.92488],[-6.396,33.92712]]],[[[-6.38478,33.92937],[-6.38702,33.93386],[-6.37579,33.93161],[-6.37579,33.92712],[-6.38478,33.92937]]],[[[-6.39151,33.92937],[-6.39151,33.93161],[-6.38927,33.93161],[-6.38927,33.92937],[-6.39151,33.92937]]],[[[-6.396,33.93386],[-6.396,33.93611],[-6.38702,33.93611],[-6.38702,33.93386],[-6.396,33.93386]]],[[[-6.37355,33.93835],[-6.37355,33.93386],[-6.37804,33.93386],[-6.37579,33.9406],[-6.3713,33.9406],[-6.37355,33.93835]]],[[[-6.39376,33.93835],[-6.39376,33.9406],[-6.39151,33.9406],[-6.39151,33.93835],[-6.39376,33.93835]]],[[[-6.38253,33.93835],[-6.38253,33.9406],[-6.38028,33.9406],[-6.38028,33.93835],[-6.38253,33.93835]]],[[[-6.38702,33.93835],[-6.38702,33.9406],[-6.38478,33.9406],[-6.38478,33.93835],[-6.38702,33.93835]]],[[[-6.396,33.9406],[-6.396,33.94284],[-6.39376,33.94284],[-6.39376,33.9406],[-6.396,33.9406]]],[[[-6.38702,33.94284],[-6.38702,33.94509],[-6.38478,33.94509],[-6.38478,33.94284],[-6.38702,33.94284]]],[[[-6.38253,33.94284],[-6.38253,33.94733],[-6.38028,33.94733],[-6.37804,33.94284],[-6.38253,33.94284]]],[[[-6.39376,33.94509],[-6.39376,33.94733],[-6.39151,33.94733],[-6.39151,33.94509],[-6.39376,33.94509]]],[[[-6.39825,33.94509],[-6.39825,33.94733],[-6.396,33.94733],[-6.396,33.94509],[-6.39825,33.94509]]],[[[-6.4005,33.94958],[-6.4005,33.95183],[-6.39825,33.95183],[-6.39825,33.94958],[-6.4005,33.94958]]],[[[-6.3713,33.94958],[-6.37355,33.94958],[-6.37355,33.95183],[-6.3713,33.95183],[-6.3713,33.94958]]],[[[-6.40499,33.95183],[-6.40499,33.95407],[-6.4005,33.95407],[-6.4005,33.95183],[-6.40499,33.95183]]],[[[-6.39151,33.95183],[-6.39151,33.95632],[-6.38927,33.95632],[-6.38927,33.95183],[-6.39151,33.95183]]],[[[-6.37579,33.96081],[-6.37579,33.96306],[-6.37355,33.96306],[-6.37355,33.96081],[-6.37579,33.96081]]],[[[-6.38702,33.96306],[-6.38702,33.96755],[-6.38478,33.96755],[-6.38478,33.96306],[-6.38702,33.96306]]],[[[-6.39376,33.96755],[-6.39376,33.96979],[-6.38702,33.96979],[-6.38702,33.96755],[-6.39376,33.96755]]],[[[-6.37579,33.96755],[-6.37579,33.97204],[-6.3713,33.97204],[-6.3713,33.96979],[-6.37579,33.96755]]],[[[-6.4005,33.96979],[-6.4005,33.97204],[-6.39825,33.97204],[-6.39825,33.96979],[-6.4005,33.96979]]],[[[-6.396,33.96979],[-6.396,33.97204],[-6.39376,33.97204],[-6.39376,33.96979],[-6.396,33.96979]]],[[[-6.38253,33.97204],[-6.38253,33.97428],[-6.38028,33.97428],[-6.38028,33.97204],[-6.38253,33.97204]]],[[[-6.37804,33.97204],[-6.37804,33.97428],[-6.37579,33.97428],[-6.37579,33.97204],[-6.37804,33.97204]]],[[[-6.40274,33.97204],[-6.40274,33.97428],[-6.4005,33.97428],[-6.4005,33.97204],[-6.40274,33.97204]]],[[[-6.39376,33.97204],[-6.39376,33.97428],[-6.39151,33.97428],[-6.39151,33.97204],[-6.39376,33.97204]]],[[[-6.38478,33.97428],[-6.38478,33.97653],[-6.38253,33.97653],[-6.38253,33.97428],[-6.38478,33.97428]]],[[[-6.38028,33.97428],[-6.38028,33.97653],[-6.37804,33.97653],[-6.37804,33.97428],[-6.38028,33.97428]]],[[[-6.39376,33.97878],[-6.396,33.97653],[-6.4005,33.98102],[-6.38927,33.98102],[-6.39376,33.97878]]],[[[-6.37804,33.97878],[-6.37804,33.98102],[-6.37579,33.98102],[-6.37579,33.97878],[-6.37804,33.97878]]],[[[-6.38253,33.97878],[-6.38253,33.98102],[-6.38028,33.98102],[-6.38028,33.97878],[-6.38253,33.97878]]],[[[-6.37579,33.98327],[-6.37579,33.98551],[-6.37355,33.98551],[-6.37355,33.98327],[-6.37579,33.98327]]],[[[-6.38253,33.98551],[-6.38253,33.98776],[-6.38028,33.98776],[-6.38028,33.98551],[-6.38253,33.98551]]],[[[-6.396,33.98551],[-6.396,33.98776],[-6.39376,33.98776],[-6.39376,33.98551],[-6.396,33.98551]]],[[[-6.40274,33.98776],[-6.40274,33.99],[-6.39825,33.99],[-6.39825,33.98776],[-6.40274,33.98776]]],[[[-6.38028,33.98776],[-6.38028,33.99],[-6.37804,33.99],[-6.37804,33.98776],[-6.38028,33.98776]]],[[[-6.396,33.9945],[-6.396,33.99674],[-6.39376,33.99674],[-6.39376,33.9945],[-6.396,33.9945]]],[[[-6.396,34.00123],[-6.396,33.99674],[-6.4005,33.99674],[-6.39825,34.00123],[-6.396,34.00123]]],[[[-6.39151,33.99899],[-6.39151,34.00123],[-6.38927,34.00123],[-6.38927,33.99899],[-6.39151,33.99899]]],[[[-6.37579,34.00123],[-6.37579,34.00348],[-6.37355,34.00348],[-6.37355,34.00123],[-6.37579,34.00123]]],[[[-6.40274,34.00123],[-6.40274,34.00348],[-6.4005,34.00348],[-6.4005,34.00123],[-6.40274,34.00123]]],[[[-6.38927,34.00797],[-6.38927,34.01022],[-6.38702,34.01022],[-6.38702,34.00797],[-6.38927,34.00797]]],[[[-6.38702,34.01022],[-6.38702,34.01246],[-6.38478,34.01246],[-6.38478,34.01022],[-6.38702,34.01022]]],[[[-6.39376,34.01695],[-6.39376,34.0192],[-6.39151,34.0192],[-6.39151,34.01695],[-6.39376,34.01695]]],[[[-6.37579,34.0192],[-6.37804,34.0192],[-6.37804,34.02145],[-6.37579,34.02145],[-6.37579,34.0192]]],[[[-6.39825,34.0192],[-6.39825,34.02145],[-6.396,34.02145],[-6.396,34.0192],[-6.39825,34.0192]]],[[[-6.40499,34.0192],[-6.40499,34.02145],[-6.40274,34.02145],[-6.40274,34.0192],[-6.40499,34.0192]]],[[[-6.39376,34.02145],[-6.39376,34.02369],[-6.38927,34.02369],[-6.38927,34.02145],[-6.39376,34.02145]]],[[[-6.37804,34.02594],[-6.37804,34.02818],[-6.37579,34.02818],[-6.37579,34.02594],[-6.37804,34.02594]]],[[[-6.38702,34.02818],[-6.38702,34.03043],[-6.38478,34.03043],[-6.38478,34.02818],[-6.38702,34.02818]]],[[[-6.39376,34.02818],[-6.39376,34.03043],[-6.39151,34.03043],[-6.39151,34.02818],[-6.39376,34.02818]]],[[[-6.4005,34.03043],[-6.4005,34.03492],[-6.39825,34.03492],[-6.39825,34.03043],[-6.4005,34.03043]]],[[[-6.38927,34.03267],[-6.38927,34.03492],[-6.38702,34.03492],[-6.38702,34.03267],[-6.38927,34.03267]]],[[[-6.38702,34.03717],[-6.38702,34.03941],[-6.38478,34.03941],[-6.38478,34.03717],[-6.38702,34.03717]]],[[[-6.37804,34.19662],[-6.37804,34.19886],[-6.37579,34.19886],[-6.37579,34.19662],[-6.37804,34.19662]]],[[[-6.40499,34.21458],[-6.40499,34.21683],[-6.4005,34.21683],[-6.4005,34.21458],[-6.40499,34.21458]]],[[[-6.39825,34.21683],[-6.39825,34.21907],[-6.396,34.21907],[-6.396,34.21683],[-6.39825,34.21683]]],[[[-6.37804,34.21907],[-6.38028,34.21683],[-6.38028,34.22357],[-6.37579,34.22581],[-6.37804,34.21907]]],[[[-6.38478,34.23929],[-6.38478,34.24153],[-6.38253,34.24153],[-6.38253,34.23929],[-6.38478,34.23929]]],[[[-6.37579,34.24153],[-6.37804,34.24153],[-6.37804,34.24378],[-6.37579,34.24378],[-6.37579,34.24153]]],[[[-6.39151,34.25501],[-6.39151,34.25725],[-6.38927,34.25725],[-6.38927,34.25501],[-6.39151,34.25501]]],[[[-6.38478,34.29543],[-6.38478,34.29768],[-6.38253,34.29768],[-6.38253,34.29543],[-6.38478,34.29543]]],[[[-6.396,34.29543],[-6.396,34.29768],[-6.39376,34.29768],[-6.39376,34.29543],[-6.396,34.29543]]],[[[-6.38253,34.29992],[-6.38253,34.30217],[-6.37804,34.30217],[-6.37804,34.29768],[-6.38253,34.29992]]],[[[-6.37579,34.29992],[-6.37579,34.30217],[-6.37355,34.30217],[-6.37355,34.29992],[-6.37579,34.29992]]],[[[-6.37804,34.30441],[-6.37804,34.30666],[-6.3713,34.30666],[-6.3713,34.30441],[-6.37804,34.30441]]],[[[-6.38478,34.30441],[-6.38478,34.30666],[-6.38253,34.30666],[-6.38253,34.30441],[-6.38478,34.30441]]],[[[-6.38927,34.30891],[-6.38927,34.3134],[-6.38702,34.3134],[-6.38702,34.30891],[-6.38927,34.30891]]],[[[-6.396,34.32014],[-6.39151,34.3134],[-6.39376,34.30441],[-6.38702,34.30441],[-6.38927,34.29992],[-6.40274,34.30217],[-6.4005,34.30891],[-6.396,34.30891],[-6.4005,34.31115],[-6.39825,34.31564],[-6.4005,34.32463],[-6.396,34.32463],[-6.396,34.32014]],[[-6.4005,34.30441],[-6.39825,34.30441],[-6.39825,34.30666],[-6.4005,34.30666],[-6.4005,34.30441]]],[[[-6.37804,34.3134],[-6.37804,34.31564],[-6.37579,34.31564],[-6.37579,34.3134],[-6.37804,34.3134]]],[[[-6.39151,34.3134],[-6.39151,34.31789],[-6.38927,34.31789],[-6.38927,34.3134],[-6.39151,34.3134]]],[[[-6.38702,34.3134],[-6.38702,34.31789],[-6.38478,34.31789],[-6.38253,34.3134],[-6.38702,34.3134]]],[[[-6.40274,34.31789],[-6.40274,34.32014],[-6.4005,34.32014],[-6.4005,34.31789],[-6.40274,34.31789]]],[[[-6.39376,34.32014],[-6.39376,34.32463],[-6.38927,34.32463],[-6.38927,34.32014],[-6.39376,34.32014]]],[[[-6.39376,34.32463],[-6.396,34.32463],[-6.396,34.32687],[-6.39376,34.32687],[-6.39376,34.32463]]],[[[-6.38927,34.32463],[-6.38927,34.32687],[-6.38702,34.32687],[-6.38702,34.32463],[-6.38927,34.32463]]],[[[-6.37355,34.32912],[-6.37355,34.32687],[-6.38028,34.32687],[-6.37804,34.33136],[-6.37355,34.32912]]],[[[-6.40274,34.32912],[-6.40274,34.33361],[-6.4005,34.33361],[-6.4005,34.32912],[-6.40274,34.32912]]],[[[-6.37579,34.33136],[-6.37579,34.33361],[-6.37355,34.33361],[-6.37355,34.33136],[-6.37579,34.33136]]],[[[-6.38253,34.32687],[-6.38702,34.32687],[-6.38702,34.33586],[-6.37804,34.3381],[-6.37579,34.33361],[-6.38253,34.32687]],[[-6.38478,34.33361],[-6.38253,34.33361],[-6.38253,34.33586],[-6.38478,34.33586],[-6.38478,34.33361]]],[[[-6.39151,34.33136],[-6.39151,34.33586],[-6.38927,34.33586],[-6.38927,34.33136],[-6.39151,34.33136]]],[[[-6.39825,34.33586],[-6.39825,34.3381],[-6.396,34.3381],[-6.396,34.33586],[-6.39825,34.33586]]],[[[-6.37579,34.33586],[-6.37579,34.34259],[-6.37355,34.34259],[-6.3713,34.33586],[-6.37579,34.33586]]],[[[-6.39376,34.3381],[-6.39376,34.34035],[-6.39151,34.34035],[-6.39151,34.3381],[-6.39376,34.3381]]],[[[-6.38253,34.34035],[-6.38253,34.34259],[-6.38028,34.34259],[-6.38028,34.34035],[-6.38253,34.34035]]],[[[-6.38478,34.34259],[-6.38478,34.34708],[-6.38253,34.34708],[-6.38253,34.34259],[-6.38478,34.34259]]],[[[-6.38028,34.34259],[-6.38028,34.34933],[-6.37804,34.34933],[-6.37804,34.34259],[-6.38028,34.34259]]],[[[-6.39825,34.34708],[-6.39825,34.34933],[-6.396,34.34933],[-6.396,34.34708],[-6.39825,34.34708]]],[[[-6.37355,34.34708],[-6.37355,34.34933],[-6.3713,34.34933],[-6.3713,34.34708],[-6.37355,34.34708]]],[[[-6.37579,34.34933],[-6.37579,34.35158],[-6.37355,34.35158],[-6.37355,34.34933],[-6.37579,34.34933]]],[[[-6.37579,34.3673],[-6.37579,34.36954],[-6.37355,34.36954],[-6.37355,34.3673],[-6.37579,34.3673]]],[[[-6.38253,34.37403],[-6.38253,34.37628],[-6.38028,34.37628],[-6.38028,34.37403],[-6.38253,34.37403]]],[[[-6.37804,34.37628],[-6.37804,34.37853],[-6.37579,34.37853],[-6.37579,34.37628],[-6.37804,34.37628]]],[[[-6.38478,34.37853],[-6.38478,34.38077],[-6.38253,34.38077],[-6.38253,34.37853],[-6.38478,34.37853]]],[[[-6.38702,34.43018],[-6.38702,34.43242],[-6.38478,34.43242],[-6.38478,34.43018],[-6.38702,34.43018]]],[[[-6.40274,34.43692],[-6.40948,34.43692],[-6.40499,34.4459],[-6.4005,34.4459],[-6.40274,34.43692]]],[[[-6.39825,34.4459],[-6.4005,34.4459],[-6.4005,34.44815],[-6.39825,34.44815],[-6.39825,34.4459]]],[[[-6.40948,34.45039],[-6.40948,34.45488],[-6.40723,34.45264],[-6.4005,34.45488],[-6.40274,34.44815],[-6.40948,34.45039]]],[[[-6.39825,34.45264],[-6.39825,34.45488],[-6.396,34.45488],[-6.396,34.45264],[-6.39825,34.45264]]],[[[-6.396,34.45488],[-6.396,34.45713],[-6.39376,34.45713],[-6.39376,34.45488],[-6.396,34.45488]]],[[[-6.40499,34.45488],[-6.40499,34.45713],[-6.40274,34.45713],[-6.40274,34.45488],[-6.40499,34.45488]]],[[[-6.40274,34.47285],[-6.40274,34.46387],[-6.40499,34.46387],[-6.40723,34.47285],[-6.40274,34.47285]]],[[[-6.4005,34.46836],[-6.4005,34.47285],[-6.396,34.47285],[-6.396,34.4706],[-6.4005,34.46836]]],[[[-6.40274,34.47734],[-6.4005,34.47734],[-6.4005,34.47509],[-6.40274,34.47509],[-6.40274,34.47734]]],[[[-6.39825,34.47734],[-6.4005,34.47734],[-6.4005,34.47959],[-6.39825,34.47959],[-6.39825,34.47734]]],[[[-6.38927,34.48183],[-6.396,34.48183],[-6.396,34.48408],[-6.38927,34.48408],[-6.38927,34.48183]]],[[[-6.396,34.48632],[-6.396,34.48408],[-6.40499,34.48408],[-6.4005,34.48857],[-6.396,34.48632]]],[[[-6.38253,34.48632],[-6.38253,34.48857],[-6.38028,34.48857],[-6.38028,34.48632],[-6.38253,34.48632]]],[[[-6.40723,34.48632],[-6.40723,34.48857],[-6.40499,34.48857],[-6.40499,34.48632],[-6.40723,34.48632]]],[[[-6.39151,34.48632],[-6.39151,34.49082],[-6.38702,34.48857],[-6.38702,34.48632],[-6.39151,34.48632]]],[[[-6.39376,34.49306],[-6.39376,34.49531],[-6.39151,34.49531],[-6.39151,34.49306],[-6.39376,34.49306]]],[[[-6.37804,34.49531],[-6.37804,34.49755],[-6.37579,34.49755],[-6.37579,34.49531],[-6.37804,34.49531]]],[[[-6.39376,34.49755],[-6.39376,34.4998],[-6.39151,34.4998],[-6.39151,34.49755],[-6.39376,34.49755]]],[[[-6.37579,34.49755],[-6.37579,34.4998],[-6.37355,34.4998],[-6.37355,34.49755],[-6.37579,34.49755]]],[[[-6.40274,34.49755],[-6.40274,34.4998],[-6.396,34.4998],[-6.396,34.49755],[-6.40274,34.49755]]],[[[-6.38702,34.50204],[-6.38702,34.50654],[-6.38478,34.50654],[-6.38478,34.50204],[-6.38702,34.50204]]],[[[-6.40499,34.50429],[-6.40499,34.50654],[-6.40274,34.50654],[-6.40274,34.50429],[-6.40499,34.50429]]],[[[-6.37579,34.50429],[-6.37579,34.50654],[-6.37355,34.50654],[-6.37355,34.50429],[-6.37579,34.50429]]],[[[-6.39151,34.50654],[-6.39151,34.50878],[-6.38927,34.50878],[-6.38927,34.50654],[-6.39151,34.50654]]],[[[-6.38253,34.50654],[-6.38253,34.50878],[-6.38028,34.50878],[-6.38028,34.50654],[-6.38253,34.50654]]],[[[-6.4005,34.50654],[-6.40274,34.50654],[-6.40274,34.50878],[-6.4005,34.50878],[-6.4005,34.50654]]],[[[-6.38028,34.50878],[-6.38028,34.51103],[-6.37804,34.51103],[-6.37804,34.50878],[-6.38028,34.50878]]],[[[-6.38927,34.50878],[-6.38927,34.51327],[-6.38478,34.51327],[-6.38478,34.51103],[-6.38927,34.50878]]],[[[-6.396,34.50878],[-6.396,34.51327],[-6.39376,34.51327],[-6.39376,34.50878],[-6.396,34.50878]]],[[[-6.40499,34.51327],[-6.40499,34.51552],[-6.40274,34.51552],[-6.40274,34.51327],[-6.40499,34.51327]]],[[[-6.39825,34.51327],[-6.39825,34.51552],[-6.396,34.51552],[-6.396,34.51327],[-6.39825,34.51327]]],[[[-6.37804,34.51552],[-6.37804,34.51776],[-6.37579,34.51776],[-6.37579,34.51552],[-6.37804,34.51552]]],[[[-6.38478,34.51776],[-6.38028,34.52001],[-6.38028,34.51327],[-6.38253,34.51327],[-6.38478,34.51776]]],[[[-6.40274,34.51552],[-6.40274,34.51776],[-6.4005,34.51776],[-6.4005,34.51552],[-6.40274,34.51552]]],[[[-6.38927,34.52001],[-6.38927,34.52226],[-6.38478,34.52226],[-6.38478,34.52001],[-6.38927,34.52001]]],[[[-6.38028,34.52001],[-6.38028,34.52226],[-6.37579,34.52226],[-6.37579,34.52001],[-6.38028,34.52001]]],[[[-6.40499,34.52226],[-6.40499,34.5245],[-6.4005,34.5245],[-6.4005,34.52226],[-6.40499,34.52226]]],[[[-6.39825,34.5245],[-6.39825,34.52899],[-6.39376,34.52899],[-6.396,34.5245],[-6.39825,34.5245]]],[[[-6.40499,34.52675],[-6.40499,34.52899],[-6.4005,34.52899],[-6.4005,34.52675],[-6.40499,34.52675]]],[[[-6.40274,34.63455],[-6.40274,34.63679],[-6.4005,34.63679],[-6.4005,34.63455],[-6.40274,34.63455]]],[[[-6.37355,34.6615],[-6.37579,34.6615],[-6.37579,34.66374],[-6.37355,34.66374],[-6.37355,34.6615]]],[[[-6.3713,33.91365],[-6.3713,33.91589],[-6.36906,33.91589],[-6.36906,33.91365],[-6.3713,33.91365]]],[[[-6.36906,33.92263],[-6.36906,33.92488],[-6.36681,33.92488],[-6.36681,33.92263],[-6.36906,33.92263]]],[[[-6.3713,33.93161],[-6.3713,33.93386],[-6.36906,33.93386],[-6.36906,33.93161],[-6.3713,33.93161]]],[[[-6.36456,33.93611],[-6.36456,33.94284],[-6.36232,33.94284],[-6.36232,33.93611],[-6.36456,33.93611]]],[[[-6.35558,33.94284],[-6.35558,33.93835],[-6.35783,33.93835],[-6.36007,33.94509],[-6.35333,33.94509],[-6.35558,33.94284]]],[[[-6.36232,33.95183],[-6.36456,33.94284],[-6.36681,33.94284],[-6.36906,33.94958],[-6.36232,33.95183]]],[[[-6.35783,33.94733],[-6.35783,33.94958],[-6.35558,33.94958],[-6.35558,33.94733],[-6.35783,33.94733]]],[[[-6.34884,33.94733],[-6.34884,33.94958],[-6.3466,33.94958],[-6.3466,33.94733],[-6.34884,33.94733]]],[[[-6.3466,33.94958],[-6.3466,33.95183],[-6.34435,33.95183],[-6.34435,33.94958],[-6.3466,33.94958]]],[[[-6.33986,33.95407],[-6.33986,33.95632],[-6.33761,33.95632],[-6.33761,33.95407],[-6.33986,33.95407]]],[[[-6.36681,33.95407],[-6.36681,33.95632],[-6.36456,33.95632],[-6.36456,33.95407],[-6.36681,33.95407]]],[[[-6.36681,33.95856],[-6.36681,33.95632],[-6.3713,33.95632],[-6.3713,33.95856],[-6.36681,33.95856]]],[[[-6.35109,33.95632],[-6.35109,33.95856],[-6.34884,33.95856],[-6.34884,33.95632],[-6.35109,33.95632]]],[[[-6.35558,33.95632],[-6.35558,33.95856],[-6.35333,33.95856],[-6.35333,33.95632],[-6.35558,33.95632]]],[[[-6.34435,33.95632],[-6.34435,33.96081],[-6.34211,33.96081],[-6.34211,33.95632],[-6.34435,33.95632]]],[[[-6.36232,33.96306],[-6.36007,33.9653],[-6.36007,33.96081],[-6.36456,33.96081],[-6.36232,33.96306]]],[[[-6.34211,33.96306],[-6.34211,33.9653],[-6.33986,33.9653],[-6.33986,33.96306],[-6.34211,33.96306]]],[[[-6.36906,33.96306],[-6.36906,33.9653],[-6.36681,33.9653],[-6.36681,33.96306],[-6.36906,33.96306]]],[[[-6.35109,33.96306],[-6.35109,33.9653],[-6.3466,33.9653],[-6.3466,33.96306],[-6.35109,33.96306]]],[[[-6.36007,33.9653],[-6.36007,33.96755],[-6.35783,33.96755],[-6.35783,33.9653],[-6.36007,33.9653]]],[[[-6.33761,33.9653],[-6.33761,33.96755],[-6.33537,33.96755],[-6.33537,33.9653],[-6.33761,33.9653]]],[[[-6.3713,33.96755],[-6.3713,33.96979],[-6.36906,33.96979],[-6.36906,33.96755],[-6.3713,33.96755]]],[[[-6.34884,33.96979],[-6.34884,33.97204],[-6.3466,33.97204],[-6.3466,33.96979],[-6.34884,33.96979]]],[[[-6.36681,33.97204],[-6.36681,33.97428],[-6.36456,33.97428],[-6.36456,33.97204],[-6.36681,33.97204]]],[[[-6.35333,33.97428],[-6.35333,33.97653],[-6.3466,33.97653],[-6.3466,33.97428],[-6.35333,33.97428]]],[[[-6.34435,33.97428],[-6.34435,33.97653],[-6.34211,33.97653],[-6.34211,33.97428],[-6.34435,33.97428]]],[[[-6.36232,33.97428],[-6.36232,33.97653],[-6.36007,33.97653],[-6.36007,33.97428],[-6.36232,33.97428]]],[[[-6.36232,33.97878],[-6.36232,33.97653],[-6.36456,33.97653],[-6.36456,33.97878],[-6.36232,33.97878]]],[[[-6.35558,33.97878],[-6.35558,33.98102],[-6.35333,33.98102],[-6.35333,33.97878],[-6.35558,33.97878]]],[[[-6.36681,33.97878],[-6.36681,33.98102],[-6.36456,33.98102],[-6.36456,33.97878],[-6.36681,33.97878]]],[[[-6.34884,33.97878],[-6.35109,33.97878],[-6.35109,33.98327],[-6.34884,33.98327],[-6.34884,33.97878]]],[[[-6.34211,33.98327],[-6.34211,33.98551],[-6.33986,33.98551],[-6.33986,33.98327],[-6.34211,33.98327]]],[[[-6.35333,33.98327],[-6.35333,33.98551],[-6.35109,33.98551],[-6.35109,33.98327],[-6.35333,33.98327]]],[[[-6.34884,33.98551],[-6.34884,33.98776],[-6.34435,33.98776],[-6.34435,33.98551],[-6.34884,33.98551]]],[[[-6.37355,33.99],[-6.37355,33.99225],[-6.3713,33.99225],[-6.3713,33.99],[-6.37355,33.99]]],[[[-6.3466,33.99],[-6.3466,33.99225],[-6.34435,33.99225],[-6.34435,33.99],[-6.3466,33.99]]],[[[-6.33986,33.99225],[-6.33986,33.9945],[-6.33761,33.9945],[-6.33761,33.99225],[-6.33986,33.99225]]],[[[-6.3713,33.99674],[-6.36906,33.99674],[-6.36906,33.9945],[-6.3713,33.9945],[-6.3713,33.99674]]],[[[-6.36232,33.99674],[-6.36906,33.99674],[-6.36906,33.99899],[-6.36232,33.99899],[-6.36232,33.99674]]],[[[-6.37355,33.99899],[-6.3713,33.99899],[-6.3713,33.99674],[-6.37355,33.99674],[-6.37355,33.99899]]],[[[-6.36906,33.99899],[-6.3713,33.99899],[-6.3713,34.00123],[-6.36906,34.00123],[-6.36906,33.99899]]],[[[-6.36906,34.00348],[-6.36906,34.00573],[-6.36681,34.00573],[-6.36681,34.00348],[-6.36906,34.00348]]],[[[-6.33761,34.00573],[-6.33761,34.00797],[-6.33537,34.00797],[-6.33537,34.00573],[-6.33761,34.00573]]],[[[-6.36681,34.01022],[-6.36681,34.01246],[-6.36456,34.01246],[-6.36456,34.01022],[-6.36681,34.01022]]],[[[-6.35783,34.01246],[-6.35783,34.01471],[-6.35558,34.01471],[-6.35558,34.01246],[-6.35783,34.01246]]],[[[-6.34435,34.01471],[-6.3466,34.01471],[-6.3466,34.01695],[-6.34435,34.01695],[-6.34435,34.01471]]],[[[-6.34884,34.0192],[-6.34884,34.02145],[-6.3466,34.02145],[-6.3466,34.0192],[-6.34884,34.0192]]],[[[-6.34884,34.02594],[-6.34884,34.02818],[-6.3466,34.02818],[-6.3466,34.02594],[-6.34884,34.02594]]],[[[-6.3713,34.12251],[-6.3713,34.12475],[-6.36906,34.12475],[-6.36906,34.12251],[-6.3713,34.12251]]],[[[-6.34211,34.12924],[-6.34211,34.13149],[-6.33986,34.13149],[-6.33986,34.12924],[-6.34211,34.12924]]],[[[-6.33761,34.18539],[-6.33761,34.18763],[-6.33537,34.18763],[-6.33537,34.18539],[-6.33761,34.18539]]],[[[-6.34435,34.21009],[-6.34435,34.21234],[-6.34211,34.21234],[-6.34211,34.21009],[-6.34435,34.21009]]],[[[-6.34211,34.21234],[-6.34211,34.21458],[-6.33761,34.21458],[-6.33761,34.21234],[-6.34211,34.21234]]],[[[-6.34211,34.21683],[-6.34211,34.21458],[-6.34435,34.21458],[-6.34435,34.21683],[-6.34211,34.21683]]],[[[-6.34211,34.21907],[-6.33986,34.21907],[-6.33986,34.21683],[-6.34211,34.21683],[-6.34211,34.21907]]],[[[-6.33537,34.21907],[-6.33986,34.21907],[-6.33986,34.22132],[-6.33537,34.22132],[-6.33537,34.21907]]],[[[-6.3466,34.22132],[-6.3466,34.22581],[-6.34435,34.22581],[-6.34435,34.22132],[-6.3466,34.22132]]],[[[-6.33761,34.22357],[-6.33761,34.22806],[-6.33537,34.22806],[-6.33537,34.22357],[-6.33761,34.22357]]],[[[-6.34435,34.22806],[-6.34435,34.2303],[-6.34211,34.2303],[-6.34211,34.22806],[-6.34435,34.22806]]],[[[-6.36456,34.2303],[-6.36456,34.23255],[-6.36007,34.23255],[-6.36007,34.2303],[-6.36456,34.2303]]],[[[-6.33986,34.2303],[-6.34211,34.2303],[-6.34211,34.2348],[-6.33986,34.2348],[-6.33986,34.2303]]],[[[-6.36007,34.23255],[-6.36007,34.2348],[-6.35783,34.2348],[-6.35783,34.23255],[-6.36007,34.23255]]],[[[-6.3466,34.23704],[-6.3466,34.23929],[-6.34211,34.23929],[-6.34211,34.23704],[-6.3466,34.23704]]],[[[-6.35558,34.2348],[-6.35558,34.24153],[-6.35333,34.24153],[-6.35333,34.2348],[-6.35558,34.2348]]],[[[-6.36232,34.23929],[-6.36232,34.23704],[-6.36681,34.23704],[-6.36007,34.24153],[-6.36232,34.23929]]],[[[-6.34884,34.24378],[-6.34884,34.24602],[-6.3466,34.24602],[-6.3466,34.24378],[-6.34884,34.24378]]],[[[-6.33986,34.24378],[-6.33986,34.24602],[-6.33761,34.24602],[-6.33761,34.24378],[-6.33986,34.24378]]],[[[-6.35333,34.24378],[-6.35333,34.24602],[-6.35109,34.24602],[-6.35109,34.24378],[-6.35333,34.24378]]],[[[-6.35783,34.24602],[-6.35783,34.24827],[-6.35558,34.24827],[-6.35558,34.24602],[-6.35783,34.24602]]],[[[-6.3466,34.24602],[-6.3466,34.24827],[-6.34211,34.24827],[-6.34211,34.24602],[-6.3466,34.24602]]],[[[-6.3466,34.25276],[-6.3466,34.24827],[-6.35109,34.24827],[-6.35109,34.25052],[-6.3466,34.25276]]],[[[-6.3466,34.25501],[-6.34435,34.25501],[-6.34435,34.25276],[-6.3466,34.25276],[-6.3466,34.25501]]],[[[-6.34211,34.25501],[-6.34435,34.25501],[-6.34435,34.26174],[-6.34211,34.26174],[-6.34211,34.25501]]],[[[-6.33986,34.26399],[-6.33986,34.26624],[-6.33761,34.26624],[-6.33761,34.26399],[-6.33986,34.26399]]],[[[-6.35333,34.26399],[-6.35333,34.26624],[-6.34884,34.26624],[-6.34884,34.26399],[-6.35333,34.26399]]],[[[-6.34435,34.26624],[-6.34435,34.26848],[-6.34211,34.26848],[-6.34211,34.26624],[-6.34435,34.26624]]],[[[-6.34884,34.26624],[-6.34884,34.26848],[-6.3466,34.26848],[-6.3466,34.26624],[-6.34884,34.26624]]],[[[-6.34211,34.28196],[-6.34211,34.28645],[-6.33986,34.28645],[-6.33986,34.28196],[-6.34211,34.28196]]],[[[-6.34211,34.28869],[-6.34211,34.28645],[-6.34884,34.28645],[-6.34884,34.28869],[-6.34211,34.28869]]],[[[-6.33986,34.29319],[-6.33986,34.29543],[-6.33761,34.29543],[-6.33761,34.29319],[-6.33986,34.29319]]],[[[-6.35333,34.29768],[-6.35333,34.29992],[-6.35109,34.29992],[-6.35109,34.29768],[-6.35333,34.29768]]],[[[-6.33986,34.29768],[-6.33986,34.29992],[-6.33761,34.29992],[-6.33761,34.29768],[-6.33986,34.29768]]],[[[-6.36232,34.29992],[-6.36232,34.30217],[-6.36007,34.30217],[-6.36007,34.29992],[-6.36232,34.29992]]],[[[-6.34884,34.30217],[-6.34884,34.30441],[-6.3466,34.30441],[-6.3466,34.29992],[-6.35109,34.29992],[-6.34884,34.30217]]],[[[-6.34435,34.29992],[-6.34435,34.30441],[-6.33986,34.30441],[-6.33986,34.30217],[-6.34435,34.29992]]],[[[-6.36906,34.30441],[-6.36906,34.30666],[-6.36681,34.30666],[-6.36681,34.30441],[-6.36906,34.30441]]],[[[-6.36456,34.30441],[-6.36456,34.30666],[-6.36007,34.30666],[-6.36007,34.30441],[-6.36456,34.30441]]],[[[-6.36007,34.30891],[-6.36007,34.31115],[-6.35783,34.31115],[-6.35783,34.30891],[-6.36007,34.30891]]],[[[-6.36906,34.31115],[-6.36456,34.3134],[-6.36456,34.30666],[-6.36681,34.31115],[-6.36906,34.31115]]],[[[-6.35558,34.31115],[-6.35558,34.31564],[-6.35109,34.3134],[-6.35109,34.31115],[-6.35558,34.31115]]],[[[-6.34884,34.3134],[-6.34884,34.31564],[-6.34435,34.31564],[-6.34435,34.3134],[-6.34884,34.3134]]],[[[-6.36906,34.3134],[-6.3713,34.3134],[-6.3713,34.31789],[-6.36681,34.31789],[-6.36906,34.3134]]],[[[-6.35558,34.31789],[-6.35558,34.32238],[-6.35333,34.32238],[-6.35333,34.31789],[-6.35558,34.31789]]],[[[-6.37355,34.32014],[-6.37355,34.32238],[-6.36906,34.32238],[-6.36906,34.32014],[-6.37355,34.32014]]],[[[-6.35109,34.32238],[-6.3466,34.32238],[-6.3466,34.32014],[-6.35109,34.32014],[-6.35109,34.32238]]],[[[-6.34435,34.32238],[-6.3466,34.32238],[-6.3466,34.32463],[-6.34435,34.32463],[-6.34435,34.32238]]],[[[-6.33986,34.32238],[-6.33986,34.32463],[-6.33761,34.32463],[-6.33761,34.32238],[-6.33986,34.32238]]],[[[-6.35783,34.32687],[-6.35783,34.33136],[-6.35558,34.33136],[-6.35558,34.32687],[-6.35783,34.32687]]],[[[-6.33986,34.32912],[-6.34884,34.32912],[-6.34884,34.33361],[-6.34211,34.33361],[-6.33986,34.32912]]],[[[-6.33761,34.33136],[-6.33986,34.33136],[-6.33986,34.33361],[-6.33537,34.33361],[-6.33537,34.32912],[-6.33761,34.33136]]],[[[-6.3713,34.33361],[-6.3713,34.33586],[-6.36681,34.33586],[-6.36681,34.33361],[-6.3713,34.33361]]],[[[-6.34435,34.3381],[-6.33986,34.34035],[-6.33986,34.33361],[-6.34211,34.33361],[-6.34435,34.3381]]],[[[-6.35333,34.33586],[-6.35333,34.3381],[-6.35109,34.3381],[-6.35109,34.33586],[-6.35333,34.33586]]],[[[-6.36007,34.3381],[-6.36007,34.34035],[-6.35783,34.34035],[-6.35783,34.3381],[-6.36007,34.3381]]],[[[-6.34884,34.3381],[-6.34884,34.34035],[-6.3466,34.34035],[-6.3466,34.3381],[-6.34884,34.3381]]],[[[-6.36232,34.34035],[-6.36232,34.34259],[-6.36007,34.34259],[-6.36007,34.34035],[-6.36232,34.34035]]],[[[-6.36456,34.34035],[-6.36681,34.34035],[-6.36681,34.34708],[-6.36456,34.34708],[-6.36456,34.34035]]],[[[-6.34211,34.34259],[-6.34211,34.34484],[-6.33761,34.34484],[-6.33761,34.34259],[-6.34211,34.34259]]],[[[-6.3713,34.34259],[-6.3713,34.34708],[-6.36906,34.34708],[-6.36906,34.34259],[-6.3713,34.34259]]],[[[-6.36456,34.35158],[-6.36456,34.35382],[-6.35783,34.35607],[-6.35783,34.34708],[-6.36456,34.34708],[-6.36456,34.35158]]],[[[-6.3466,34.35607],[-6.3466,34.35158],[-6.34211,34.34708],[-6.35109,34.34933],[-6.35109,34.35607],[-6.3466,34.35607]]],[[[-6.34211,34.35158],[-6.34211,34.35382],[-6.33986,34.35382],[-6.33986,34.35158],[-6.34211,34.35158]]],[[[-6.35783,34.35607],[-6.35783,34.35831],[-6.35558,34.35831],[-6.35558,34.35607],[-6.35783,34.35607]]],[[[-6.34211,34.35831],[-6.34211,34.36056],[-6.33537,34.36056],[-6.33537,34.35831],[-6.34211,34.35831]]],[[[-6.36007,34.36056],[-6.36007,34.36281],[-6.35783,34.36281],[-6.35783,34.36056],[-6.36007,34.36056]]],[[[-6.35558,34.36281],[-6.35558,34.36505],[-6.35333,34.36505],[-6.35333,34.36281],[-6.35558,34.36281]]],[[[-6.34211,34.36505],[-6.34211,34.3673],[-6.33986,34.3673],[-6.33986,34.36505],[-6.34211,34.36505]]],[[[-6.3713,34.3673],[-6.3713,34.36954],[-6.36681,34.36954],[-6.36681,34.3673],[-6.3713,34.3673]]],[[[-6.34435,34.3673],[-6.3466,34.37179],[-6.34211,34.37403],[-6.34211,34.3673],[-6.34435,34.3673]]],[[[-6.36007,34.37179],[-6.36007,34.37403],[-6.35558,34.37403],[-6.35558,34.37179],[-6.36007,34.37179]]],[[[-6.3466,34.37403],[-6.3466,34.37628],[-6.34435,34.37628],[-6.34435,34.37403],[-6.3466,34.37403]]],[[[-6.34211,34.37628],[-6.34435,34.37628],[-6.34435,34.37853],[-6.34211,34.37853],[-6.34211,34.37628]]],[[[-6.36681,34.37853],[-6.36681,34.38077],[-6.36456,34.38077],[-6.36456,34.37853],[-6.36681,34.37853]]],[[[-6.35333,34.37853],[-6.35333,34.38077],[-6.35109,34.38077],[-6.35109,34.37853],[-6.35333,34.37853]]],[[[-6.33761,34.38526],[-6.33761,34.38751],[-6.33537,34.38751],[-6.33537,34.38526],[-6.33761,34.38526]]],[[[-6.36232,34.40098],[-6.36232,34.40323],[-6.36007,34.40323],[-6.36007,34.40098],[-6.36232,34.40098]]],[[[-6.33986,34.46387],[-6.33986,34.46611],[-6.33537,34.46611],[-6.33537,34.46387],[-6.33986,34.46387]]],[[[-6.33986,34.46836],[-6.33986,34.46611],[-6.34211,34.46611],[-6.34211,34.46836],[-6.33986,34.46836]]],[[[-6.36906,34.49306],[-6.36906,34.49531],[-6.36681,34.49531],[-6.36681,34.49306],[-6.36906,34.49306]]],[[[-6.35558,34.49306],[-6.35558,34.49531],[-6.35109,34.49531],[-6.35109,34.49306],[-6.35558,34.49306]]],[[[-6.34884,34.49531],[-6.3466,34.49531],[-6.3466,34.49306],[-6.34884,34.49306],[-6.34884,34.49531]]],[[[-6.34435,34.49531],[-6.3466,34.49531],[-6.3466,34.49755],[-6.34435,34.49755],[-6.34435,34.49531]]],[[[-6.36681,34.49531],[-6.37355,34.4998],[-6.3713,34.50654],[-6.36456,34.50654],[-6.36456,34.4998],[-6.36007,34.4998],[-6.36681,34.49531]],[[-6.36681,34.4998],[-6.36681,34.50429],[-6.36906,34.50429],[-6.3713,34.4998],[-6.36681,34.4998]]],[[[-6.36007,34.50429],[-6.35333,34.50654],[-6.3466,34.4998],[-6.36007,34.4998],[-6.36007,34.50429]]],[[[-6.35333,34.50654],[-6.35333,34.50878],[-6.35109,34.50878],[-6.35109,34.50654],[-6.35333,34.50654]]],[[[-6.36456,34.50654],[-6.36456,34.50878],[-6.36232,34.50878],[-6.36232,34.50654],[-6.36456,34.50654]]],[[[-6.36232,34.50878],[-6.36232,34.51103],[-6.36007,34.51103],[-6.36007,34.50878],[-6.36232,34.50878]]],[[[-6.37355,34.51552],[-6.37355,34.51776],[-6.3713,34.51776],[-6.3713,34.51552],[-6.37355,34.51552]]],[[[-6.33761,34.52001],[-6.33761,34.52226],[-6.33537,34.52226],[-6.33537,34.52001],[-6.33761,34.52001]]],[[[-6.34884,34.54696],[-6.34884,34.54921],[-6.3466,34.54921],[-6.3466,34.54696],[-6.34884,34.54696]]],[[[-6.33537,33.91814],[-6.33537,33.92039],[-6.33312,33.92039],[-6.33312,33.91814],[-6.33537,33.91814]]],[[[-6.32863,33.92488],[-6.32863,33.92712],[-6.32639,33.92712],[-6.32639,33.92488],[-6.32863,33.92488]]],[[[-6.33537,33.93161],[-6.33537,33.93386],[-6.33312,33.93386],[-6.33312,33.93161],[-6.33537,33.93161]]],[[[-6.33537,33.95856],[-6.33537,33.96081],[-6.33312,33.96081],[-6.33312,33.95856],[-6.33537,33.95856]]],[[[-6.32189,33.96979],[-6.32189,33.97204],[-6.31965,33.97204],[-6.31965,33.96979],[-6.32189,33.96979]]],[[[-6.31291,33.98102],[-6.31291,33.98327],[-6.31066,33.98327],[-6.31066,33.98102],[-6.31291,33.98102]]],[[[-6.30617,33.98327],[-6.30617,33.98551],[-6.30393,33.98551],[-6.30393,33.98327],[-6.30617,33.98327]]],[[[-6.33088,33.98776],[-6.33761,33.98551],[-6.33986,33.99],[-6.33537,33.98776],[-6.33088,33.98776]]],[[[-6.32414,33.99899],[-6.32189,33.99899],[-6.32189,33.99674],[-6.32414,33.99674],[-6.32414,33.99899]]],[[[-6.31965,33.99899],[-6.32189,33.99899],[-6.32189,34.00123],[-6.31965,34.00123],[-6.31965,33.99899]]],[[[-6.31965,34.00123],[-6.31965,34.00348],[-6.3174,34.00348],[-6.3174,34.00123],[-6.31965,34.00123]]],[[[-6.31516,34.00573],[-6.31516,34.00797],[-6.31291,34.00797],[-6.31291,34.00573],[-6.31516,34.00573]]],[[[-6.30617,34.00573],[-6.30842,34.00573],[-6.30842,34.01246],[-6.30617,34.01246],[-6.30617,34.00573]]],[[[-6.31291,34.00797],[-6.31291,34.01022],[-6.31066,34.01022],[-6.31066,34.00797],[-6.31291,34.00797]]],[[[-6.32189,34.01022],[-6.32189,34.01246],[-6.31965,34.01246],[-6.31965,34.01022],[-6.32189,34.01022]]],[[[-6.3174,34.01022],[-6.3174,34.01246],[-6.31516,34.01246],[-6.31516,34.01022],[-6.3174,34.01022]]],[[[-6.32863,34.01022],[-6.32863,34.01246],[-6.32414,34.01246],[-6.32414,34.01022],[-6.32863,34.01022]]],[[[-6.31291,34.01471],[-6.31291,34.01695],[-6.31066,34.01695],[-6.31066,34.01471],[-6.31291,34.01471]]],[[[-6.31516,34.0192],[-6.31516,34.02145],[-6.31291,34.02145],[-6.31291,34.0192],[-6.31516,34.0192]]],[[[-6.33537,34.02145],[-6.33537,34.02369],[-6.33312,34.02369],[-6.33312,34.02145],[-6.33537,34.02145]]],[[[-6.33088,34.0192],[-6.33088,34.02594],[-6.32863,34.02594],[-6.32863,34.0192],[-6.33088,34.0192]]],[[[-6.31516,34.03043],[-6.31516,34.03267],[-6.31291,34.03267],[-6.31291,34.03043],[-6.31516,34.03043]]],[[[-6.30617,34.03043],[-6.30617,34.03267],[-6.30393,34.03267],[-6.30393,34.03043],[-6.30617,34.03043]]],[[[-6.31291,34.03267],[-6.31291,34.03492],[-6.31066,34.03492],[-6.31066,34.03267],[-6.31291,34.03267]]],[[[-6.32189,34.03492],[-6.32189,34.03717],[-6.31965,34.03717],[-6.31965,34.03492],[-6.32189,34.03492]]],[[[-6.3174,34.03941],[-6.3174,34.04166],[-6.31066,34.04166],[-6.31066,34.03941],[-6.3174,34.03941]]],[[[-6.30842,34.0439],[-6.30842,34.04615],[-6.30617,34.04615],[-6.30617,34.0439],[-6.30842,34.0439]]],[[[-6.30842,34.05962],[-6.31066,34.05962],[-6.31066,34.06187],[-6.30842,34.06187],[-6.30842,34.05962]]],[[[-6.31291,34.06412],[-6.31291,34.06636],[-6.31066,34.06636],[-6.31066,34.06412],[-6.31291,34.06412]]],[[[-6.32189,34.06636],[-6.32189,34.06861],[-6.31965,34.06861],[-6.31965,34.06636],[-6.32189,34.06636]]],[[[-6.33088,34.1517],[-6.33088,34.15395],[-6.32863,34.15395],[-6.32863,34.1517],[-6.33088,34.1517]]],[[[-6.31291,34.15395],[-6.31291,34.15619],[-6.31066,34.15619],[-6.31066,34.15395],[-6.31291,34.15395]]],[[[-6.33312,34.15395],[-6.33312,34.15619],[-6.33088,34.15619],[-6.33088,34.15395],[-6.33312,34.15395]]],[[[-6.31965,34.15395],[-6.31965,34.15619],[-6.31516,34.15619],[-6.31516,34.15395],[-6.31965,34.15395]]],[[[-6.33088,34.15619],[-6.33088,34.15844],[-6.32863,34.15844],[-6.32863,34.15619],[-6.33088,34.15619]]],[[[-6.3174,34.16068],[-6.3174,34.16293],[-6.31516,34.16293],[-6.31516,34.16068],[-6.3174,34.16068]]],[[[-6.31291,34.16068],[-6.31291,34.16518],[-6.31066,34.16518],[-6.31066,34.16068],[-6.31291,34.16068]]],[[[-6.31516,34.18763],[-6.31516,34.18988],[-6.31291,34.18988],[-6.31291,34.18763],[-6.31516,34.18763]]],[[[-6.31291,34.19213],[-6.31291,34.19437],[-6.31066,34.19437],[-6.31066,34.19213],[-6.31291,34.19213]]],[[[-6.30617,34.19213],[-6.30617,34.19437],[-6.30168,34.19437],[-6.30168,34.19213],[-6.30617,34.19213]]],[[[-6.31066,34.19437],[-6.31066,34.19886],[-6.30842,34.19886],[-6.30842,34.19437],[-6.31066,34.19437]]],[[[-6.31965,34.19662],[-6.31965,34.19886],[-6.31516,34.19886],[-6.31516,34.19662],[-6.31965,34.19662]]],[[[-6.30393,34.20111],[-6.30617,34.20111],[-6.30617,34.20335],[-6.30393,34.20335],[-6.30393,34.20111]]],[[[-6.31516,34.20111],[-6.31516,34.2056],[-6.31291,34.2056],[-6.31291,34.20111],[-6.31516,34.20111]]],[[[-6.32863,34.20335],[-6.32863,34.2056],[-6.32639,34.2056],[-6.32639,34.20335],[-6.32863,34.20335]]],[[[-6.33088,34.2056],[-6.33088,34.20785],[-6.32863,34.20785],[-6.32863,34.2056],[-6.33088,34.2056]]],[[[-6.33088,34.21234],[-6.33088,34.20785],[-6.33312,34.20785],[-6.33312,34.21234],[-6.33088,34.21234]]],[[[-6.30393,34.21907],[-6.30393,34.22357],[-6.30168,34.22357],[-6.30168,34.21907],[-6.30393,34.21907]]],[[[-6.31291,34.22806],[-6.31291,34.2303],[-6.31066,34.2303],[-6.31066,34.22806],[-6.31291,34.22806]]],[[[-6.31965,34.2348],[-6.31965,34.23704],[-6.3174,34.23704],[-6.3174,34.2348],[-6.31965,34.2348]]],[[[-6.31516,34.23704],[-6.31516,34.23929],[-6.31291,34.23929],[-6.31291,34.23704],[-6.31516,34.23704]]],[[[-6.33537,34.23929],[-6.33537,34.24153],[-6.33312,34.24153],[-6.33312,34.23929],[-6.33537,34.23929]]],[[[-6.32639,34.24153],[-6.32639,34.24378],[-6.32414,34.24378],[-6.32414,34.24153],[-6.32639,34.24153]]],[[[-6.31965,34.24378],[-6.31965,34.24602],[-6.31516,34.24602],[-6.31516,34.24378],[-6.31965,34.24378]]],[[[-6.31066,34.24378],[-6.31066,34.24827],[-6.30842,34.24827],[-6.30842,34.24378],[-6.31066,34.24378]]],[[[-6.32414,34.24827],[-6.32414,34.25052],[-6.31965,34.25052],[-6.31965,34.24827],[-6.32414,34.24827]]],[[[-6.33537,34.25501],[-6.33537,34.24827],[-6.33312,34.24378],[-6.33986,34.25276],[-6.33537,34.25501]]],[[[-6.32863,34.24827],[-6.32863,34.25052],[-6.32639,34.25052],[-6.32639,34.24827],[-6.32863,34.24827]]],[[[-6.31066,34.25276],[-6.31066,34.25501],[-6.30842,34.25501],[-6.30842,34.25276],[-6.31066,34.25276]]],[[[-6.3174,34.25276],[-6.3174,34.25725],[-6.31291,34.25725],[-6.31291,34.25276],[-6.3174,34.25276]]],[[[-6.32414,34.25501],[-6.32414,34.25725],[-6.32189,34.25725],[-6.32189,34.25501],[-6.32414,34.25501]]],[[[-6.30617,34.2595],[-6.30617,34.26174],[-6.30393,34.26174],[-6.30393,34.2595],[-6.30617,34.2595]]],[[[-6.31291,34.27073],[-6.31291,34.27297],[-6.31066,34.27297],[-6.31066,34.26848],[-6.31516,34.26848],[-6.31291,34.27073]]],[[[-6.31516,34.27747],[-6.31516,34.27971],[-6.31291,34.27971],[-6.31291,34.27522],[-6.3174,34.27522],[-6.31516,34.27747]]],[[[-6.33088,34.28196],[-6.33088,34.2842],[-6.32863,34.2842],[-6.32863,34.28196],[-6.33088,34.28196]]],[[[-6.31291,34.28196],[-6.31291,34.2842],[-6.30617,34.2842],[-6.30617,34.28196],[-6.31291,34.28196]]],[[[-6.3174,34.28196],[-6.3174,34.2842],[-6.31516,34.2842],[-6.31516,34.28196],[-6.3174,34.28196]]],[[[-6.30617,34.2842],[-6.30617,34.28645],[-6.30393,34.28645],[-6.30393,34.2842],[-6.30617,34.2842]]],[[[-6.31965,34.2842],[-6.31965,34.28645],[-6.3174,34.28645],[-6.3174,34.2842],[-6.31965,34.2842]]],[[[-6.32414,34.28645],[-6.32414,34.28869],[-6.32189,34.28869],[-6.32189,34.28645],[-6.32414,34.28645]]],[[[-6.3174,34.28645],[-6.3174,34.28869],[-6.31516,34.28869],[-6.31516,34.28645],[-6.3174,34.28645]]],[[[-6.33537,34.28869],[-6.33537,34.28645],[-6.33986,34.28645],[-6.33312,34.29094],[-6.33537,34.28869]]],[[[-6.31291,34.28869],[-6.31291,34.29094],[-6.31066,34.29094],[-6.31066,34.28869],[-6.31291,34.28869]]],[[[-6.30393,34.29094],[-6.30617,34.29094],[-6.30617,34.29319],[-6.30393,34.29319],[-6.30393,34.29094]]],[[[-6.30842,34.29543],[-6.30842,34.29992],[-6.30617,34.29992],[-6.30617,34.29543],[-6.30842,34.29543]]],[[[-6.31516,34.29992],[-6.31516,34.30217],[-6.31291,34.30217],[-6.31291,34.29992],[-6.31516,34.29992]]],[[[-6.32639,34.30217],[-6.32639,34.30441],[-6.32414,34.30441],[-6.32414,34.30217],[-6.32639,34.30217]]],[[[-6.30617,34.30441],[-6.31066,34.30217],[-6.31291,34.30666],[-6.30842,34.30666],[-6.30617,34.30441]]],[[[-6.33088,34.30441],[-6.33088,34.30666],[-6.32863,34.30666],[-6.32863,34.30441],[-6.33088,34.30441]]],[[[-6.30617,34.30441],[-6.30617,34.30666],[-6.30393,34.30666],[-6.30393,34.30441],[-6.30617,34.30441]]],[[[-6.32639,34.30666],[-6.32639,34.31115],[-6.32414,34.31115],[-6.32414,34.30666],[-6.32639,34.30666]]],[[[-6.31516,34.30666],[-6.31516,34.31115],[-6.31291,34.31115],[-6.31291,34.30666],[-6.31516,34.30666]]],[[[-6.30842,34.30891],[-6.30842,34.3134],[-6.30617,34.3134],[-6.30617,34.30891],[-6.30842,34.30891]]],[[[-6.31516,34.31564],[-6.3174,34.30891],[-6.31965,34.3134],[-6.32639,34.3134],[-6.32863,34.30891],[-6.33537,34.3134],[-6.33537,34.30891],[-6.33986,34.30891],[-6.33986,34.31564],[-6.33537,34.31789],[-6.31516,34.31564]]],[[[-6.31516,34.31789],[-6.31516,34.32238],[-6.31291,34.32238],[-6.31291,34.31789],[-6.31516,34.31789]]],[[[-6.32414,34.32014],[-6.32414,34.32238],[-6.32189,34.32238],[-6.32189,34.32014],[-6.32414,34.32014]]],[[[-6.33312,34.32014],[-6.33312,34.32238],[-6.33088,34.32238],[-6.33088,34.32014],[-6.33312,34.32014]]],[[[-6.32863,34.32014],[-6.32863,34.32238],[-6.32639,34.32238],[-6.32639,34.32014],[-6.32863,34.32014]]],[[[-6.32863,34.32238],[-6.33088,34.32238],[-6.33088,34.32463],[-6.32863,34.32463],[-6.32863,34.32238]]],[[[-6.32189,34.32463],[-6.32189,34.32687],[-6.31965,34.32687],[-6.31965,34.32463],[-6.32189,34.32463]]],[[[-6.32863,34.32687],[-6.32863,34.32912],[-6.32639,34.32912],[-6.32639,34.32687],[-6.32863,34.32687]]],[[[-6.33537,34.32912],[-6.33312,34.32912],[-6.33312,34.32687],[-6.33537,34.32687],[-6.33537,34.32912]]],[[[-6.33088,34.32912],[-6.33312,34.32912],[-6.33312,34.33136],[-6.33088,34.33136],[-6.33088,34.32912]]],[[[-6.33088,34.33136],[-6.33088,34.33361],[-6.32863,34.33361],[-6.32863,34.33136],[-6.33088,34.33136]]],[[[-6.32639,34.33136],[-6.32639,34.33586],[-6.32414,34.33586],[-6.32414,34.33136],[-6.32639,34.33136]]],[[[-6.33312,34.33361],[-6.33312,34.33586],[-6.33088,34.33586],[-6.33088,34.33361],[-6.33312,34.33361]]],[[[-6.31516,34.33361],[-6.31516,34.3381],[-6.31291,34.3381],[-6.31291,34.33361],[-6.31516,34.33361]]],[[[-6.33088,34.3381],[-6.33088,34.34035],[-6.32863,34.34035],[-6.32863,34.3381],[-6.33088,34.3381]]],[[[-6.30842,34.3381],[-6.30842,34.34035],[-6.30617,34.34035],[-6.30617,34.3381],[-6.30842,34.3381]]],[[[-6.32189,34.34259],[-6.32189,34.34484],[-6.31965,34.34484],[-6.31965,34.34259],[-6.32189,34.34259]]],[[[-6.33312,34.34259],[-6.33312,34.34484],[-6.32863,34.34484],[-6.32863,34.34259],[-6.33312,34.34259]]],[[[-6.3174,34.34259],[-6.3174,34.34484],[-6.31516,34.34484],[-6.31516,34.34259],[-6.3174,34.34259]]],[[[-6.32863,34.34708],[-6.32863,34.34933],[-6.32639,34.34933],[-6.32639,34.34708],[-6.32863,34.34708]]],[[[-6.3174,34.34708],[-6.31965,34.34708],[-6.31965,34.34933],[-6.3174,34.34933],[-6.3174,34.34708]]],[[[-6.33312,34.34933],[-6.33312,34.35158],[-6.33088,34.35158],[-6.33088,34.34933],[-6.33312,34.34933]]],[[[-6.32414,34.35158],[-6.32414,34.35382],[-6.32189,34.35382],[-6.32189,34.35158],[-6.32414,34.35158]]],[[[-6.33761,34.35158],[-6.33761,34.35382],[-6.33312,34.35382],[-6.33312,34.35158],[-6.33761,34.35158]]],[[[-6.31516,34.35158],[-6.31516,34.35382],[-6.31291,34.35382],[-6.31291,34.35158],[-6.31516,34.35158]]],[[[-6.32863,34.35158],[-6.32863,34.35607],[-6.32639,34.35607],[-6.32639,34.35158],[-6.32863,34.35158]]],[[[-6.31965,34.35158],[-6.31965,34.35607],[-6.3174,34.35607],[-6.3174,34.35158],[-6.31965,34.35158]]],[[[-6.33537,34.35831],[-6.33312,34.35831],[-6.33312,34.35607],[-6.33537,34.35607],[-6.33537,34.35831]]],[[[-6.32639,34.35831],[-6.33088,34.35607],[-6.33312,34.36056],[-6.32639,34.36056],[-6.32639,34.35831]]],[[[-6.30842,34.35831],[-6.30842,34.36056],[-6.30617,34.36056],[-6.30617,34.35831],[-6.30842,34.35831]]],[[[-6.31965,34.36056],[-6.31291,34.36281],[-6.31291,34.35607],[-6.31516,34.36056],[-6.31965,34.36056]]],[[[-6.30617,34.36281],[-6.30617,34.36505],[-6.30393,34.36505],[-6.30393,34.36281],[-6.30617,34.36281]]],[[[-6.31291,34.36505],[-6.31291,34.3673],[-6.31066,34.3673],[-6.31066,34.36505],[-6.31291,34.36505]]],[[[-6.33088,34.37628],[-6.33088,34.37853],[-6.32863,34.37853],[-6.32863,34.37628],[-6.33088,34.37628]]],[[[-6.32189,34.38302],[-6.32189,34.38526],[-6.31965,34.38526],[-6.31965,34.38302],[-6.32189,34.38302]]],[[[-6.32639,34.38526],[-6.32639,34.38751],[-6.32189,34.38751],[-6.32189,34.38526],[-6.32639,34.38526]]],[[[-6.31965,34.38975],[-6.31965,34.392],[-6.3174,34.392],[-6.3174,34.38975],[-6.31965,34.38975]]],[[[-6.32189,34.392],[-6.32189,34.39425],[-6.31965,34.39425],[-6.31965,34.392],[-6.32189,34.392]]],[[[-6.30842,34.46387],[-6.30842,34.46611],[-6.30617,34.46611],[-6.30617,34.46387],[-6.30842,34.46387]]],[[[-6.33312,34.46836],[-6.33312,34.4706],[-6.33088,34.4706],[-6.33088,34.46836],[-6.33312,34.46836]]],[[[-6.31965,34.4998],[-6.31965,34.50204],[-6.31516,34.50204],[-6.31516,34.4998],[-6.31965,34.4998]]],[[[-6.31965,34.50429],[-6.31965,34.50654],[-6.3174,34.50654],[-6.3174,34.50429],[-6.31965,34.50429]]],[[[-6.32414,34.50429],[-6.32414,34.50654],[-6.32189,34.50654],[-6.32189,34.50429],[-6.32414,34.50429]]],[[[-6.30617,34.50429],[-6.30617,34.50654],[-6.30393,34.50654],[-6.30393,34.50429],[-6.30617,34.50429]]],[[[-6.33088,34.50429],[-6.33088,34.50654],[-6.32863,34.50654],[-6.32863,34.50429],[-6.33088,34.50429]]],[[[-6.33537,34.50429],[-6.33537,34.50878],[-6.33312,34.50878],[-6.33312,34.50429],[-6.33537,34.50429]]],[[[-6.32639,34.50654],[-6.32639,34.50878],[-6.32414,34.50878],[-6.32414,34.50654],[-6.32639,34.50654]]],[[[-6.32189,34.50654],[-6.32189,34.51103],[-6.31965,34.51103],[-6.31965,34.50654],[-6.32189,34.50654]]],[[[-6.30842,34.50878],[-6.30842,34.51103],[-6.30393,34.51103],[-6.30393,34.50878],[-6.30842,34.50878]]],[[[-6.31965,34.51327],[-6.31965,34.51552],[-6.3174,34.51552],[-6.3174,34.51327],[-6.31965,34.51327]]],[[[-6.31066,34.51552],[-6.31066,34.52001],[-6.30617,34.52001],[-6.30842,34.51552],[-6.31066,34.51552]]],[[[-6.31965,34.51776],[-6.31965,34.52001],[-6.3174,34.52001],[-6.3174,34.51776],[-6.31965,34.51776]]],[[[-6.3174,34.52001],[-6.3174,34.52226],[-6.31516,34.52226],[-6.31516,34.52001],[-6.3174,34.52001]]],[[[-6.30617,34.52001],[-6.30617,34.52226],[-6.30393,34.52226],[-6.30393,34.52001],[-6.30617,34.52001]]],[[[-6.32863,34.52226],[-6.32863,34.5245],[-6.32639,34.5245],[-6.32639,34.52226],[-6.32863,34.52226]]],[[[-6.32863,34.52675],[-6.33088,34.5245],[-6.33088,34.52899],[-6.32189,34.52899],[-6.32863,34.52675]]],[[[-6.32639,34.55594],[-6.32639,34.55819],[-6.32414,34.55819],[-6.32414,34.55594],[-6.32639,34.55594]]],[[[-6.28596,33.94733],[-6.28596,33.95183],[-6.27922,33.94958],[-6.27922,33.94733],[-6.28596,33.94733]]],[[[-6.27922,33.94958],[-6.27922,33.95183],[-6.27698,33.95183],[-6.27698,33.94958],[-6.27922,33.94958]]],[[[-6.28596,33.95856],[-6.28596,33.96081],[-6.28372,33.96081],[-6.28372,33.95856],[-6.28596,33.95856]]],[[[-6.2927,33.95856],[-6.2927,33.96081],[-6.29045,33.96081],[-6.29045,33.95856],[-6.2927,33.95856]]],[[[-6.27922,33.96081],[-6.27922,33.96306],[-6.27698,33.96306],[-6.27698,33.96081],[-6.27922,33.96081]]],[[[-6.27473,33.96306],[-6.27473,33.9653],[-6.27249,33.9653],[-6.27249,33.96306],[-6.27473,33.96306]]],[[[-6.28596,33.9653],[-6.28596,33.96755],[-6.28372,33.96755],[-6.28372,33.9653],[-6.28596,33.9653]]],[[[-6.28147,33.9653],[-6.28147,33.96755],[-6.27922,33.96755],[-6.27922,33.9653],[-6.28147,33.9653]]],[[[-6.27473,33.96755],[-6.27473,33.96979],[-6.27249,33.96979],[-6.27249,33.96755],[-6.27473,33.96755]]],[[[-6.2927,33.96755],[-6.2927,33.96979],[-6.29045,33.96979],[-6.29045,33.96755],[-6.2927,33.96755]]],[[[-6.29045,33.96979],[-6.29045,33.97204],[-6.28596,33.97204],[-6.28596,33.96755],[-6.29045,33.96979]]],[[[-6.29944,33.96979],[-6.29944,33.97204],[-6.29719,33.97204],[-6.29719,33.96979],[-6.29944,33.96979]]],[[[-6.27698,33.97428],[-6.27698,33.97653],[-6.27249,33.97653],[-6.27249,33.97204],[-6.27698,33.97428]]],[[[-6.28372,33.97204],[-6.28372,33.97653],[-6.27922,33.97653],[-6.27922,33.97428],[-6.28372,33.97204]]],[[[-6.29719,33.97653],[-6.29494,33.97653],[-6.29494,33.97428],[-6.29719,33.97428],[-6.29719,33.97653]]],[[[-6.28821,33.97653],[-6.29494,33.97653],[-6.29494,33.97878],[-6.28821,33.97878],[-6.28821,33.97653]]],[[[-6.27024,33.97878],[-6.27024,33.98102],[-6.26799,33.98102],[-6.26799,33.97878],[-6.27024,33.97878]]],[[[-6.28821,33.97878],[-6.28821,33.98327],[-6.28596,33.98327],[-6.28596,33.97878],[-6.28821,33.97878]]],[[[-6.27473,33.98102],[-6.27249,33.98327],[-6.27249,33.97878],[-6.27698,33.97878],[-6.27473,33.98102]]],[[[-6.2927,33.98102],[-6.2927,33.98327],[-6.29045,33.98327],[-6.29045,33.98102],[-6.2927,33.98102]]],[[[-6.28372,33.98102],[-6.28372,33.98327],[-6.28147,33.98327],[-6.28147,33.98102],[-6.28372,33.98102]]],[[[-6.29719,33.98102],[-6.29719,33.98327],[-6.29494,33.98327],[-6.29494,33.98102],[-6.29719,33.98102]]],[[[-6.30168,33.98327],[-6.30168,33.98551],[-6.29944,33.98551],[-6.29944,33.98327],[-6.30168,33.98327]]],[[[-6.29494,33.98551],[-6.29494,33.98776],[-6.2927,33.98776],[-6.2927,33.98551],[-6.29494,33.98551]]],[[[-6.28372,33.98776],[-6.28596,33.98776],[-6.28596,33.99],[-6.28372,33.99],[-6.28372,33.98776]]],[[[-6.2927,33.99],[-6.29045,33.99],[-6.29045,33.98776],[-6.2927,33.98776],[-6.2927,33.99]]],[[[-6.28821,33.99],[-6.29045,33.99],[-6.29045,33.99225],[-6.28821,33.99225],[-6.28821,33.99]]],[[[-6.27249,33.99225],[-6.27024,33.99225],[-6.27024,33.99],[-6.27249,33.99],[-6.27249,33.99225]]],[[[-6.26799,33.99225],[-6.27024,33.99225],[-6.27024,33.9945],[-6.26799,33.9945],[-6.26799,33.99225]]],[[[-6.28821,33.99225],[-6.28821,33.9945],[-6.28596,33.9945],[-6.28596,33.99225],[-6.28821,33.99225]]],[[[-6.29719,33.99225],[-6.29719,33.9945],[-6.29494,33.9945],[-6.29494,33.99225],[-6.29719,33.99225]]],[[[-6.26799,33.99674],[-6.26799,33.99899],[-6.26575,33.99899],[-6.26575,33.99674],[-6.26799,33.99674]]],[[[-6.29045,33.99674],[-6.29045,33.99899],[-6.28821,33.99899],[-6.28821,33.99674],[-6.29045,33.99674]]],[[[-6.27698,33.99899],[-6.27698,34.00123],[-6.27473,34.00123],[-6.27473,33.99899],[-6.27698,33.99899]]],[[[-6.28372,33.99899],[-6.28372,34.00123],[-6.28147,34.00123],[-6.28147,33.99899],[-6.28372,33.99899]]],[[[-6.28596,34.00123],[-6.28596,34.00348],[-6.28372,34.00348],[-6.28372,34.00123],[-6.28596,34.00123]]],[[[-6.2927,34.00573],[-6.2927,34.00797],[-6.29045,34.00797],[-6.29045,34.00573],[-6.2927,34.00573]]],[[[-6.30393,34.00348],[-6.30393,34.01022],[-6.29944,34.01471],[-6.29719,34.00573],[-6.30393,34.00348]]],[[[-6.27473,34.00797],[-6.27473,34.01022],[-6.27249,34.01022],[-6.27249,34.00797],[-6.27473,34.00797]]],[[[-6.28147,34.00797],[-6.28372,34.00797],[-6.28372,34.01022],[-6.28147,34.01022],[-6.28147,34.00797]]],[[[-6.29494,34.01246],[-6.2927,34.00797],[-6.29719,34.00797],[-6.29719,34.01022],[-6.29494,34.01246]]],[[[-6.29045,34.01246],[-6.2927,34.01246],[-6.2927,34.01471],[-6.29045,34.01471],[-6.29045,34.01246]]],[[[-6.29045,34.01471],[-6.29045,34.01695],[-6.28821,34.01695],[-6.28821,34.01471],[-6.29045,34.01471]]],[[[-6.27024,34.01695],[-6.27024,34.02145],[-6.26799,34.02145],[-6.26799,34.01695],[-6.27024,34.01695]]],[[[-6.28147,34.02145],[-6.28147,34.02369],[-6.27922,34.02369],[-6.27922,34.02145],[-6.28147,34.02145]]],[[[-6.28821,34.03492],[-6.28821,34.03717],[-6.28596,34.03717],[-6.28596,34.03492],[-6.28821,34.03492]]],[[[-6.2927,34.04166],[-6.2927,34.0439],[-6.29045,34.0439],[-6.29045,34.04166],[-6.2927,34.04166]]],[[[-6.29045,34.04615],[-6.29045,34.0484],[-6.28821,34.0484],[-6.28821,34.04615],[-6.29045,34.04615]]],[[[-6.30393,34.0484],[-6.30393,34.05064],[-6.30168,34.05064],[-6.30168,34.0484],[-6.30393,34.0484]]],[[[-6.29944,34.0484],[-6.29944,34.05289],[-6.29719,34.05289],[-6.29719,34.0484],[-6.29944,34.0484]]],[[[-6.28821,34.09331],[-6.28821,34.09556],[-6.28596,34.09556],[-6.28596,34.09331],[-6.28821,34.09331]]],[[[-6.28372,34.0978],[-6.28372,34.10005],[-6.27922,34.10005],[-6.27922,34.0978],[-6.28372,34.0978]]],[[[-6.29494,34.10005],[-6.29494,34.10229],[-6.2927,34.10229],[-6.2927,34.10005],[-6.29494,34.10005]]],[[[-6.27698,34.10229],[-6.27698,34.10454],[-6.27473,34.10454],[-6.27473,34.10229],[-6.27698,34.10229]]],[[[-6.26799,34.10229],[-6.27024,34.10229],[-6.27024,34.10454],[-6.26799,34.10454],[-6.26799,34.10229]]],[[[-6.28372,34.10229],[-6.28372,34.10454],[-6.28147,34.10454],[-6.28147,34.10229],[-6.28372,34.10229]]],[[[-6.29045,34.10454],[-6.29045,34.10679],[-6.28821,34.10679],[-6.28821,34.10454],[-6.29045,34.10454]]],[[[-6.27024,34.10679],[-6.27024,34.10903],[-6.26799,34.10903],[-6.26799,34.10679],[-6.27024,34.10679]]],[[[-6.28372,34.10903],[-6.28372,34.11128],[-6.28147,34.11128],[-6.28147,34.10903],[-6.28372,34.10903]]],[[[-6.29719,34.10903],[-6.29719,34.11128],[-6.29494,34.11128],[-6.29494,34.10903],[-6.29719,34.10903]]],[[[-6.2927,34.11128],[-6.2927,34.11577],[-6.28821,34.11577],[-6.29045,34.11128],[-6.2927,34.11128]]],[[[-6.27922,34.11352],[-6.27922,34.11577],[-6.27698,34.11577],[-6.27698,34.11352],[-6.27922,34.11352]]],[[[-6.27024,34.11352],[-6.27024,34.11577],[-6.26799,34.11577],[-6.26799,34.11352],[-6.27024,34.11352]]],[[[-6.28596,34.11352],[-6.28596,34.11577],[-6.28372,34.11577],[-6.28372,34.11352],[-6.28596,34.11352]]],[[[-6.29719,34.11352],[-6.29719,34.11801],[-6.29494,34.11801],[-6.29494,34.11352],[-6.29719,34.11352]]],[[[-6.28821,34.11801],[-6.28821,34.12026],[-6.28596,34.12026],[-6.28596,34.11801],[-6.28821,34.11801]]],[[[-6.27922,34.12026],[-6.27922,34.12251],[-6.27698,34.12251],[-6.27698,34.12026],[-6.27922,34.12026]]],[[[-6.28372,34.12251],[-6.28372,34.12475],[-6.28147,34.12475],[-6.28147,34.12251],[-6.28372,34.12251]]],[[[-6.28821,34.12475],[-6.28596,34.127],[-6.28596,34.12251],[-6.2927,34.12251],[-6.28821,34.12475]]],[[[-6.27922,34.12475],[-6.28147,34.12475],[-6.28147,34.127],[-6.27922,34.127],[-6.27922,34.12475]]],[[[-6.27249,34.12475],[-6.27249,34.127],[-6.27024,34.127],[-6.27024,34.12475],[-6.27249,34.12475]]],[[[-6.28596,34.12924],[-6.28596,34.13149],[-6.28372,34.13149],[-6.28372,34.12924],[-6.28596,34.12924]]],[[[-6.29045,34.12924],[-6.29045,34.13149],[-6.28821,34.13149],[-6.28821,34.12924],[-6.29045,34.12924]]],[[[-6.27249,34.12924],[-6.27249,34.13149],[-6.27024,34.13149],[-6.27024,34.12924],[-6.27249,34.12924]]],[[[-6.27698,34.12924],[-6.27698,34.13149],[-6.27473,34.13149],[-6.27473,34.12924],[-6.27698,34.12924]]],[[[-6.27249,34.14721],[-6.27249,34.1517],[-6.26799,34.1517],[-6.26799,34.14946],[-6.27249,34.14721]]],[[[-6.27249,34.17865],[-6.27024,34.17865],[-6.27024,34.17416],[-6.27249,34.17416],[-6.27249,34.17865]]],[[[-6.26575,34.17865],[-6.27024,34.17865],[-6.27024,34.1809],[-6.26575,34.1809],[-6.26575,34.17865]]],[[[-6.27922,34.1809],[-6.27922,34.18539],[-6.27698,34.18539],[-6.27698,34.1809],[-6.27922,34.1809]]],[[[-6.28596,34.19437],[-6.28596,34.19662],[-6.28372,34.19662],[-6.28372,34.19437],[-6.28596,34.19437]]],[[[-6.30168,34.19662],[-6.29944,34.19662],[-6.29944,34.19437],[-6.30168,34.19437],[-6.30168,34.19662]]],[[[-6.29719,34.19662],[-6.29944,34.19662],[-6.29944,34.19886],[-6.29719,34.19886],[-6.29719,34.19662]]],[[[-6.29719,34.19886],[-6.29719,34.20111],[-6.29494,34.20111],[-6.29494,34.19886],[-6.29719,34.19886]]],[[[-6.30168,34.20335],[-6.30168,34.2056],[-6.29944,34.2056],[-6.29944,34.20335],[-6.30168,34.20335]]],[[[-6.29719,34.21009],[-6.29494,34.20785],[-6.29944,34.2056],[-6.29944,34.21234],[-6.29719,34.21009]]],[[[-6.29045,34.21234],[-6.29045,34.21458],[-6.28821,34.21458],[-6.28821,34.21234],[-6.29045,34.21234]]],[[[-6.29494,34.21234],[-6.29494,34.21907],[-6.2927,34.21907],[-6.29045,34.21458],[-6.29494,34.21234]]],[[[-6.29719,34.2303],[-6.29719,34.23255],[-6.29494,34.23255],[-6.29494,34.2303],[-6.29719,34.2303]]],[[[-6.30393,34.25276],[-6.30393,34.25501],[-6.30168,34.25501],[-6.30168,34.25276],[-6.30393,34.25276]]],[[[-6.29719,34.2595],[-6.29944,34.26399],[-6.29494,34.26399],[-6.29045,34.25725],[-6.29494,34.25501],[-6.29719,34.2595]]],[[[-6.30393,34.26174],[-6.30393,34.26399],[-6.30168,34.26399],[-6.30168,34.26174],[-6.30393,34.26174]]],[[[-6.2927,34.26624],[-6.29045,34.26624],[-6.29045,34.26174],[-6.2927,34.26174],[-6.2927,34.26624]]],[[[-6.28821,34.26624],[-6.29045,34.26624],[-6.29045,34.26848],[-6.28821,34.26848],[-6.28821,34.26624]]],[[[-6.29944,34.26624],[-6.29944,34.26848],[-6.29719,34.26848],[-6.29719,34.26624],[-6.29944,34.26624]]],[[[-6.30393,34.26848],[-6.30393,34.27073],[-6.30168,34.27073],[-6.30168,34.26848],[-6.30393,34.26848]]],[[[-6.29045,34.27073],[-6.29494,34.26848],[-6.2927,34.27297],[-6.28596,34.27297],[-6.29045,34.27073]]],[[[-6.29045,34.27522],[-6.29045,34.27747],[-6.28821,34.27747],[-6.28821,34.27522],[-6.29045,34.27522]]],[[[-6.28821,34.27971],[-6.28821,34.28196],[-6.28596,34.28196],[-6.28596,34.27971],[-6.28821,34.27971]]],[[[-6.29045,34.2842],[-6.29494,34.28645],[-6.29494,34.28196],[-6.29944,34.28196],[-6.29494,34.27522],[-6.29719,34.27073],[-6.30168,34.27522],[-6.30168,34.2842],[-6.29719,34.2842],[-6.30168,34.29768],[-6.28596,34.28645],[-6.29045,34.2842]],[[-6.29494,34.29094],[-6.29719,34.29094],[-6.29719,34.28869],[-6.29494,34.28869],[-6.29494,34.29094]]],[[[-6.30393,34.28645],[-6.30393,34.29094],[-6.30168,34.29094],[-6.30168,34.28645],[-6.30393,34.28645]]],[[[-6.29494,34.29543],[-6.29494,34.29768],[-6.2927,34.29768],[-6.2927,34.29543],[-6.29494,34.29543]]],[[[-6.29719,34.29992],[-6.29719,34.30217],[-6.29494,34.30217],[-6.29494,34.29992],[-6.29719,34.29992]]],[[[-6.30393,34.30666],[-6.30393,34.30891],[-6.30168,34.30891],[-6.30168,34.30666],[-6.30393,34.30666]]],[[[-6.30168,34.36954],[-6.30393,34.37403],[-6.29944,34.37628],[-6.29944,34.3673],[-6.30168,34.36954]]],[[[-6.29719,34.37853],[-6.29494,34.37853],[-6.2927,34.38077],[-6.2927,34.37628],[-6.29944,34.37628],[-6.29944,34.38302],[-6.29719,34.37853]]],[[[-6.2927,34.38302],[-6.2927,34.38526],[-6.28596,34.38526],[-6.28596,34.38302],[-6.2927,34.38302]]],[[[-6.27922,34.392],[-6.27922,34.39874],[-6.27698,34.39874],[-6.27698,34.392],[-6.27922,34.392]]],[[[-6.27249,34.39874],[-6.27249,34.40098],[-6.27024,34.40098],[-6.27024,34.39874],[-6.27249,34.39874]]],[[[-6.27024,34.40548],[-6.27024,34.40772],[-6.26799,34.40772],[-6.26799,34.40548],[-6.27024,34.40548]]],[[[-6.29944,34.46387],[-6.29944,34.46611],[-6.29719,34.46611],[-6.29719,34.46387],[-6.29944,34.46387]]],[[[-6.29045,34.50429],[-6.29045,34.50654],[-6.28821,34.50654],[-6.28821,34.50429],[-6.29045,34.50429]]],[[[-6.30393,34.51103],[-6.30393,34.51327],[-6.30168,34.51327],[-6.30168,34.51103],[-6.30393,34.51103]]],[[[-6.29494,34.51327],[-6.29494,34.51552],[-6.2927,34.51552],[-6.2927,34.51327],[-6.29494,34.51327]]],[[[-6.30393,34.51776],[-6.30393,34.52001],[-6.30168,34.52001],[-6.30168,34.51776],[-6.30393,34.51776]]],[[[-6.28596,34.51776],[-6.28596,34.52001],[-6.28372,34.52001],[-6.28372,34.51776],[-6.28596,34.51776]]],[[[-6.28596,34.52001],[-6.28821,34.52001],[-6.28821,34.52226],[-6.28596,34.52226],[-6.28596,34.52001]]],[[[-6.29944,34.52001],[-6.29944,34.52226],[-6.2927,34.52226],[-6.2927,34.52001],[-6.29944,34.52001]]],[[[-6.27249,34.52001],[-6.27249,34.5245],[-6.26575,34.52226],[-6.26575,34.52001],[-6.27249,34.52001]]],[[[-6.28596,34.52226],[-6.28596,34.5245],[-6.28372,34.5245],[-6.28372,34.52226],[-6.28596,34.52226]]],[[[-6.27922,34.52226],[-6.27922,34.5245],[-6.27698,34.5245],[-6.27698,34.52226],[-6.27922,34.52226]]],[[[-6.30168,34.52226],[-6.30168,34.5245],[-6.29944,34.5245],[-6.29944,34.52226],[-6.30168,34.52226]]],[[[-6.27698,34.5245],[-6.27698,34.52675],[-6.27249,34.52675],[-6.27249,34.5245],[-6.27698,34.5245]]],[[[-6.30393,34.52675],[-6.30393,34.52899],[-6.30168,34.52899],[-6.30168,34.52675],[-6.30393,34.52675]]],[[[-6.28596,34.52675],[-6.28596,34.52899],[-6.28372,34.52899],[-6.28372,34.52675],[-6.28596,34.52675]]],[[[-6.2927,34.52899],[-6.2927,34.5245],[-6.29944,34.52675],[-6.29944,34.53124],[-6.2927,34.52899]]],[[[-6.27698,34.53124],[-6.27922,34.52899],[-6.28372,34.53349],[-6.27473,34.53349],[-6.27698,34.53124]]],[[[-6.27249,34.53124],[-6.27249,34.53349],[-6.27024,34.53349],[-6.27024,34.53124],[-6.27249,34.53124]]],[[[-6.29719,34.53349],[-6.29719,34.54022],[-6.29494,34.53798],[-6.28596,34.54022],[-6.28821,34.52899],[-6.29045,34.53349],[-6.29719,34.53349]]],[[[-6.28147,34.53798],[-6.28147,34.54022],[-6.27922,34.54022],[-6.27922,34.53798],[-6.28147,34.53798]]],[[[-6.27473,34.54022],[-6.27473,34.54247],[-6.27249,34.54247],[-6.27249,34.53798],[-6.27698,34.53798],[-6.27473,34.54022]]],[[[-6.2927,34.54022],[-6.2927,34.54471],[-6.28821,34.54471],[-6.29045,34.54022],[-6.2927,34.54022]]],[[[-6.27698,34.54247],[-6.27698,34.54471],[-6.27473,34.54471],[-6.27473,34.54247],[-6.27698,34.54247]]],[[[-6.28821,34.54471],[-6.28821,34.54696],[-6.28596,34.54696],[-6.28596,34.54471],[-6.28821,34.54471]]],[[[-6.30168,34.54921],[-6.30168,34.55819],[-6.29944,34.55819],[-6.29944,34.54921],[-6.30168,34.54921]]],[[[-6.27249,34.56268],[-6.2635,34.56493],[-6.2635,34.56043],[-6.27024,34.56043],[-6.27249,34.56268]]],[[[-6.30168,34.56268],[-6.30168,34.56493],[-6.29944,34.56493],[-6.29944,34.56268],[-6.30168,34.56268]]],[[[-6.27698,34.56268],[-6.27698,34.56493],[-6.27473,34.56493],[-6.27473,34.56268],[-6.27698,34.56268]]],[[[-6.2927,34.57166],[-6.2927,34.57391],[-6.29045,34.57391],[-6.29045,34.57166],[-6.2927,34.57166]]],[[[-6.27698,34.57166],[-6.27698,34.57391],[-6.27249,34.57391],[-6.27249,34.57166],[-6.27698,34.57166]]],[[[-6.27473,34.64577],[-6.27473,34.65027],[-6.27249,34.65027],[-6.27249,34.64577],[-6.27473,34.64577]]],[[[-6.25452,33.93611],[-6.25452,33.93835],[-6.25227,33.93835],[-6.25227,33.93611],[-6.25452,33.93611]]],[[[-6.25003,33.9406],[-6.25003,33.94284],[-6.24778,33.94284],[-6.24778,33.9406],[-6.25003,33.9406]]],[[[-6.2635,33.94284],[-6.2635,33.94509],[-6.26126,33.94509],[-6.26126,33.94284],[-6.2635,33.94284]]],[[[-6.25452,33.94284],[-6.25452,33.94733],[-6.25227,33.94733],[-6.25227,33.94284],[-6.25452,33.94284]]],[[[-6.25003,33.94733],[-6.25003,33.94958],[-6.24778,33.94958],[-6.24778,33.94733],[-6.25003,33.94733]]],[[[-6.26126,33.94733],[-6.2635,33.94733],[-6.2635,33.95407],[-6.26126,33.95407],[-6.26126,33.94733]]],[[[-6.26799,33.95407],[-6.26575,33.95407],[-6.26575,33.95183],[-6.26799,33.95183],[-6.26799,33.95407]]],[[[-6.2635,33.95407],[-6.26575,33.95407],[-6.26575,33.95632],[-6.2635,33.95632],[-6.2635,33.95407]]],[[[-6.25452,33.95632],[-6.25227,33.95632],[-6.25227,33.95407],[-6.25452,33.95407],[-6.25452,33.95632]]],[[[-6.25003,33.95632],[-6.25227,33.95632],[-6.25227,33.95856],[-6.25003,33.95856],[-6.25003,33.95632]]],[[[-6.25452,33.96081],[-6.25452,33.96306],[-6.25227,33.96306],[-6.25227,33.96081],[-6.25452,33.96081]]],[[[-6.26799,33.96081],[-6.26799,33.9653],[-6.2635,33.9653],[-6.26575,33.96081],[-6.26799,33.96081]]],[[[-6.26799,33.96755],[-6.26799,33.96979],[-6.26575,33.96979],[-6.26575,33.96755],[-6.26799,33.96755]]],[[[-6.25677,33.96979],[-6.25677,33.97204],[-6.25452,33.97204],[-6.25452,33.96979],[-6.25677,33.96979]]],[[[-6.25003,33.97204],[-6.25003,33.97428],[-6.24778,33.97428],[-6.24778,33.97204],[-6.25003,33.97204]]],[[[-6.24554,33.97428],[-6.24554,33.97653],[-6.24329,33.97653],[-6.24329,33.97428],[-6.24554,33.97428]]],[[[-6.25227,33.97878],[-6.25227,33.98102],[-6.25003,33.98102],[-6.25003,33.97878],[-6.25227,33.97878]]],[[[-6.26575,33.97878],[-6.26575,33.98102],[-6.2635,33.98102],[-6.2635,33.97878],[-6.26575,33.97878]]],[[[-6.23655,33.97878],[-6.23655,33.98102],[-6.23431,33.98102],[-6.23431,33.97878],[-6.23655,33.97878]]],[[[-6.24778,33.98102],[-6.24778,33.98327],[-6.24554,33.98327],[-6.24554,33.98102],[-6.24778,33.98102]]],[[[-6.2635,33.98102],[-6.2635,33.98327],[-6.26126,33.98327],[-6.26126,33.98102],[-6.2635,33.98102]]],[[[-6.25901,33.98327],[-6.25901,33.98551],[-6.25677,33.98551],[-6.25677,33.98327],[-6.25901,33.98327]]],[[[-6.26799,33.98327],[-6.26799,33.98776],[-6.26126,33.98776],[-6.26126,33.98551],[-6.26799,33.98327]]],[[[-6.25003,33.98327],[-6.25003,33.99],[-6.24778,33.99],[-6.24778,33.98327],[-6.25003,33.98327]]],[[[-6.25901,33.99],[-6.25901,33.99225],[-6.25452,33.99225],[-6.25452,33.99],[-6.25901,33.99]]],[[[-6.23655,33.99225],[-6.23655,33.99674],[-6.23431,33.99674],[-6.23431,33.99225],[-6.23655,33.99225]]],[[[-6.26575,33.9945],[-6.26575,33.99674],[-6.2635,33.99674],[-6.2635,33.9945],[-6.26575,33.9945]]],[[[-6.24105,33.9945],[-6.24105,33.99674],[-6.2388,33.99674],[-6.2388,33.9945],[-6.24105,33.9945]]],[[[-6.25452,33.99899],[-6.25452,34.00123],[-6.25227,34.00123],[-6.25227,33.99899],[-6.25452,33.99899]]],[[[-6.24554,33.99899],[-6.24554,34.00123],[-6.24329,34.00123],[-6.24329,33.99899],[-6.24554,33.99899]]],[[[-6.23655,33.99899],[-6.23655,34.00123],[-6.23431,34.00123],[-6.23431,33.99899],[-6.23655,33.99899]]],[[[-6.25901,33.99899],[-6.25901,34.00348],[-6.25452,34.00348],[-6.25677,33.99899],[-6.25901,33.99899]]],[[[-6.22757,34.00123],[-6.22757,34.00348],[-6.22532,34.00348],[-6.22532,34.00123],[-6.22757,34.00123]]],[[[-6.24554,34.00348],[-6.24554,34.00573],[-6.24105,34.00573],[-6.24105,34.00348],[-6.24554,34.00348]]],[[[-6.25677,34.00573],[-6.25677,34.00797],[-6.25452,34.00797],[-6.25452,34.00573],[-6.25677,34.00573]]],[[[-6.26799,34.00573],[-6.26799,34.00797],[-6.26575,34.00797],[-6.26575,34.00573],[-6.26799,34.00573]]],[[[-6.21634,34.00797],[-6.21859,34.00797],[-6.21859,34.01022],[-6.21634,34.01022],[-6.21634,34.00797]]],[[[-6.26126,34.01022],[-6.26126,34.01246],[-6.25901,34.01246],[-6.25901,34.01022],[-6.26126,34.01022]]],[[[-6.26799,34.01471],[-6.26799,34.01695],[-6.26575,34.01695],[-6.26575,34.01471],[-6.26799,34.01471]]],[[[-6.2096,34.02594],[-6.2096,34.02818],[-6.20736,34.02818],[-6.20736,34.02594],[-6.2096,34.02594]]],[[[-6.23431,34.02594],[-6.23431,34.02818],[-6.23206,34.02818],[-6.23206,34.02594],[-6.23431,34.02594]]],[[[-6.21859,34.05064],[-6.21859,34.05289],[-6.21634,34.05289],[-6.21634,34.05064],[-6.21859,34.05064]]],[[[-6.21634,34.06636],[-6.21634,34.06861],[-6.2141,34.06861],[-6.2141,34.06636],[-6.21634,34.06636]]],[[[-6.2635,34.10005],[-6.2635,34.10229],[-6.26126,34.10229],[-6.26126,34.10005],[-6.2635,34.10005]]],[[[-6.25901,34.10005],[-6.25901,34.10229],[-6.25677,34.10229],[-6.25677,34.10005],[-6.25901,34.10005]]],[[[-6.26799,34.10005],[-6.26799,34.10229],[-6.26575,34.10229],[-6.26575,34.10005],[-6.26799,34.10005]]],[[[-6.26799,34.10454],[-6.26799,34.10679],[-6.2635,34.10679],[-6.2635,34.10454],[-6.26799,34.10454]]],[[[-6.25677,34.10903],[-6.25677,34.11128],[-6.25452,34.11128],[-6.25452,34.10903],[-6.25677,34.10903]]],[[[-6.25677,34.11352],[-6.25677,34.11128],[-6.25901,34.11128],[-6.25901,34.11352],[-6.25677,34.11352]]],[[[-6.25452,34.11352],[-6.25227,34.11352],[-6.25227,34.11128],[-6.25452,34.11128],[-6.25452,34.11352]]],[[[-6.25003,34.11352],[-6.25227,34.11352],[-6.25227,34.11577],[-6.25003,34.11577],[-6.25003,34.11352]]],[[[-6.26126,34.11352],[-6.26575,34.11352],[-6.26575,34.11801],[-6.2635,34.11801],[-6.26126,34.11352]]],[[[-6.26799,34.11801],[-6.26799,34.12026],[-6.26575,34.12026],[-6.26575,34.11801],[-6.26799,34.11801]]],[[[-6.2635,34.12026],[-6.2635,34.12251],[-6.26126,34.12251],[-6.26126,34.12026],[-6.2635,34.12026]]],[[[-6.25677,34.12251],[-6.25677,34.12475],[-6.25452,34.12475],[-6.25452,34.12251],[-6.25677,34.12251]]],[[[-6.25227,34.127],[-6.25227,34.13149],[-6.25003,34.13149],[-6.25003,34.127],[-6.25227,34.127]]],[[[-6.21859,34.13374],[-6.21859,34.13598],[-6.21634,34.13598],[-6.21634,34.13374],[-6.21859,34.13374]]],[[[-6.25003,34.13374],[-6.25003,34.13598],[-6.24778,34.13598],[-6.24778,34.13374],[-6.25003,34.13374]]],[[[-6.25227,34.13823],[-6.25227,34.14047],[-6.25003,34.14047],[-6.25003,34.13823],[-6.25227,34.13823]]],[[[-6.24105,34.14047],[-6.24105,34.14272],[-6.2388,34.14272],[-6.2388,34.14047],[-6.24105,34.14047]]],[[[-6.24554,34.14047],[-6.24554,34.14272],[-6.24329,34.14272],[-6.24329,34.14047],[-6.24554,34.14047]]],[[[-6.25677,34.14272],[-6.25677,34.14496],[-6.25452,34.14496],[-6.25452,34.14272],[-6.25677,34.14272]]],[[[-6.23655,34.14496],[-6.23655,34.14721],[-6.23431,34.14721],[-6.23431,34.14272],[-6.2388,34.14272],[-6.23655,34.14496]]],[[[-6.26575,34.14946],[-6.26575,34.1517],[-6.2635,34.1517],[-6.2635,34.14946],[-6.26575,34.14946]]],[[[-6.24105,34.14946],[-6.24105,34.1517],[-6.2388,34.1517],[-6.2388,34.14946],[-6.24105,34.14946]]],[[[-6.22982,34.14946],[-6.22982,34.1517],[-6.22757,34.1517],[-6.22757,34.14946],[-6.22982,34.14946]]],[[[-6.25452,34.1517],[-6.25677,34.1517],[-6.25677,34.15395],[-6.25452,34.15395],[-6.25452,34.1517]]],[[[-6.2388,34.1517],[-6.2388,34.15395],[-6.23655,34.15395],[-6.23655,34.1517],[-6.2388,34.1517]]],[[[-6.2141,34.15619],[-6.2141,34.15395],[-6.21859,34.15395],[-6.21185,34.15844],[-6.2141,34.15619]]],[[[-6.25003,34.16293],[-6.24778,34.16293],[-6.24778,34.15619],[-6.25003,34.15619],[-6.25003,34.16293]]],[[[-6.24778,34.16742],[-6.24105,34.16293],[-6.24105,34.16068],[-6.24554,34.16068],[-6.24778,34.16742]]],[[[-6.26575,34.17416],[-6.26575,34.1764],[-6.2635,34.1764],[-6.2635,34.17416],[-6.26575,34.17416]]],[[[-6.25901,34.1809],[-6.25901,34.18314],[-6.25677,34.18314],[-6.25677,34.1809],[-6.25901,34.1809]]],[[[-6.26575,34.1809],[-6.26575,34.18314],[-6.2635,34.18314],[-6.2635,34.1809],[-6.26575,34.1809]]],[[[-6.24329,34.18763],[-6.24329,34.18988],[-6.24105,34.18988],[-6.24105,34.18763],[-6.24329,34.18763]]],[[[-6.24554,34.18988],[-6.24554,34.19437],[-6.24329,34.19437],[-6.24329,34.18988],[-6.24554,34.18988]]],[[[-6.26799,34.19213],[-6.26799,34.19437],[-6.26575,34.19437],[-6.26575,34.19213],[-6.26799,34.19213]]],[[[-6.25227,34.19437],[-6.25003,34.20335],[-6.24778,34.19213],[-6.25227,34.19213],[-6.25227,34.18539],[-6.25677,34.18539],[-6.25227,34.19437]]],[[[-6.23206,34.19213],[-6.23206,34.19662],[-6.22982,34.19662],[-6.22757,34.19213],[-6.23206,34.19213]]],[[[-6.26799,34.19662],[-6.26799,34.19886],[-6.26575,34.19886],[-6.26575,34.19662],[-6.26799,34.19662]]],[[[-6.2635,34.19662],[-6.2635,34.19886],[-6.26126,34.19886],[-6.26126,34.19662],[-6.2635,34.19662]]],[[[-6.25677,34.19886],[-6.25677,34.19213],[-6.25901,34.19213],[-6.25901,34.20111],[-6.25452,34.20335],[-6.25677,34.19886]]],[[[-6.26799,34.2056],[-6.26799,34.20785],[-6.26575,34.20785],[-6.26575,34.2056],[-6.26799,34.2056]]],[[[-6.2635,34.2056],[-6.2635,34.20785],[-6.26126,34.20785],[-6.26126,34.2056],[-6.2635,34.2056]]],[[[-6.26799,34.40772],[-6.26799,34.40997],[-6.2635,34.40997],[-6.2635,34.40772],[-6.26799,34.40772]]],[[[-6.2635,34.40997],[-6.25677,34.41221],[-6.25677,34.40772],[-6.26126,34.40772],[-6.2635,34.40997]]],[[[-6.20287,34.42569],[-6.19164,34.42793],[-6.19164,34.4212],[-6.20511,34.4212],[-6.20511,34.42793],[-6.20287,34.42569]],[[-6.20062,34.42344],[-6.19838,34.42344],[-6.19838,34.42569],[-6.20062,34.42569],[-6.20062,34.42344]]],[[[-6.22532,34.42569],[-6.22083,34.42793],[-6.22083,34.4212],[-6.22308,34.42569],[-6.22532,34.42569]]],[[[-6.26575,34.43018],[-6.26575,34.43467],[-6.2635,34.43467],[-6.2635,34.43018],[-6.26575,34.43018]]],[[[-6.2388,34.43018],[-6.2388,34.42793],[-6.25003,34.43018],[-6.25003,34.42344],[-6.25677,34.42344],[-6.25901,34.43467],[-6.2635,34.43467],[-6.2635,34.44365],[-6.25677,34.44141],[-6.25677,34.43467],[-6.24329,34.43467],[-6.24329,34.43018],[-6.2388,34.43018]],[[-6.25227,34.43242],[-6.25452,34.43242],[-6.25452,34.43018],[-6.25227,34.43018],[-6.25227,34.43242]]],[[[-6.21859,34.43242],[-6.21859,34.43467],[-6.2141,34.43467],[-6.2141,34.43242],[-6.21859,34.43242]]],[[[-6.24105,34.4212],[-6.23655,34.42344],[-6.2388,34.42793],[-6.23431,34.43467],[-6.24329,34.43467],[-6.24329,34.44141],[-6.23431,34.4459],[-6.23431,34.44141],[-6.22757,34.44141],[-6.22982,34.43467],[-6.22532,34.4212],[-6.24105,34.4212]]],[[[-6.25901,34.45264],[-6.2635,34.45039],[-6.2635,34.45488],[-6.25677,34.45713],[-6.25901,34.45264]]],[[[-6.24329,34.45039],[-6.24329,34.45713],[-6.23655,34.45713],[-6.23655,34.45264],[-6.24329,34.45039]]],[[[-6.2635,34.51327],[-6.2635,34.51552],[-6.25901,34.51552],[-6.25901,34.51327],[-6.2635,34.51327]]],[[[-6.24554,34.51327],[-6.24554,34.51552],[-6.24329,34.51552],[-6.24329,34.51327],[-6.24554,34.51327]]],[[[-6.25901,34.51552],[-6.25901,34.51776],[-6.25677,34.51776],[-6.25677,34.51552],[-6.25901,34.51552]]],[[[-6.2388,34.5245],[-6.2388,34.52675],[-6.23655,34.52675],[-6.23655,34.5245],[-6.2388,34.5245]]],[[[-6.25003,34.5245],[-6.25003,34.52899],[-6.24778,34.52899],[-6.24778,34.5245],[-6.25003,34.5245]]],[[[-6.23655,34.52675],[-6.23655,34.52899],[-6.24105,34.52675],[-6.24105,34.53124],[-6.23431,34.53124],[-6.23655,34.52675]]],[[[-6.24778,34.53349],[-6.24554,34.53573],[-6.24329,34.52675],[-6.25003,34.53124],[-6.24778,34.53349]]],[[[-6.2388,34.53349],[-6.2388,34.53573],[-6.23655,34.53573],[-6.23655,34.53349],[-6.2388,34.53349]]],[[[-6.24329,34.53124],[-6.24329,34.53798],[-6.2388,34.53798],[-6.24105,34.53124],[-6.24329,34.53124]]],[[[-6.21185,34.53349],[-6.21185,34.53573],[-6.2096,34.53573],[-6.2096,34.53349],[-6.21185,34.53349]]],[[[-6.25677,34.53349],[-6.25677,34.53573],[-6.25452,34.53573],[-6.25452,34.53349],[-6.25677,34.53349]]],[[[-6.20062,34.53349],[-6.20062,34.53573],[-6.19838,34.53573],[-6.19838,34.53349],[-6.20062,34.53349]]],[[[-6.20287,34.53349],[-6.20287,34.53124],[-6.2096,34.53124],[-6.20736,34.53798],[-6.20287,34.53349]]],[[[-6.25452,34.53573],[-6.25452,34.53798],[-6.25227,34.53798],[-6.25227,34.53573],[-6.25452,34.53573]]],[[[-6.25003,34.53573],[-6.25003,34.53798],[-6.24778,34.53798],[-6.24778,34.53573],[-6.25003,34.53573]]],[[[-6.20287,34.53573],[-6.20287,34.53798],[-6.20062,34.53798],[-6.20062,34.53573],[-6.20287,34.53573]]],[[[-6.21859,34.53798],[-6.21859,34.54022],[-6.21634,34.54022],[-6.21634,34.53798],[-6.21859,34.53798]]],[[[-6.2096,34.53798],[-6.2096,34.54022],[-6.20736,34.54022],[-6.20736,34.53798],[-6.2096,34.53798]]],[[[-6.23431,34.53798],[-6.23655,34.53798],[-6.23655,34.54247],[-6.23431,34.54247],[-6.23431,34.53798]]],[[[-6.20511,34.53798],[-6.20511,34.54247],[-6.20287,34.54247],[-6.20287,34.53798],[-6.20511,34.53798]]],[[[-6.25677,34.54022],[-6.25677,34.53798],[-6.26799,34.53798],[-6.26126,34.54247],[-6.25677,34.54022]]],[[[-6.22083,34.54022],[-6.22083,34.54247],[-6.21859,34.54247],[-6.21859,34.54022],[-6.22083,34.54022]]],[[[-6.20287,34.54247],[-6.20287,34.54471],[-6.20062,34.54471],[-6.20062,34.54247],[-6.20287,34.54247]]],[[[-6.24105,34.54471],[-6.24105,34.54696],[-6.2388,34.54696],[-6.2388,34.54471],[-6.24105,34.54471]]],[[[-6.22982,34.54471],[-6.22982,34.54696],[-6.22757,34.54696],[-6.22757,34.54471],[-6.22982,34.54471]]],[[[-6.21185,34.54471],[-6.21185,34.54696],[-6.20736,34.54696],[-6.20736,34.54471],[-6.21185,34.54471]]],[[[-6.22308,34.54471],[-6.22308,34.54921],[-6.22083,34.54921],[-6.22083,34.54471],[-6.22308,34.54471]]],[[[-6.23655,34.55594],[-6.22757,34.55819],[-6.22757,34.55145],[-6.22308,34.5537],[-6.22308,34.54921],[-6.22982,34.54921],[-6.23655,34.55594]]],[[[-6.2141,34.5537],[-6.2141,34.55594],[-6.21185,34.55594],[-6.21185,34.5537],[-6.2141,34.5537]]],[[[-6.2388,34.5537],[-6.2388,34.55594],[-6.23655,34.55594],[-6.23655,34.5537],[-6.2388,34.5537]]],[[[-6.21185,34.55594],[-6.21185,34.55819],[-6.2096,34.55819],[-6.2096,34.55594],[-6.21185,34.55594]]],[[[-6.20511,34.55594],[-6.20511,34.55819],[-6.20062,34.55819],[-6.20062,34.55594],[-6.20511,34.55594]]],[[[-6.24329,34.55819],[-6.24329,34.56043],[-6.24105,34.56043],[-6.24105,34.55819],[-6.24329,34.55819]]],[[[-6.23655,34.55819],[-6.2388,34.56268],[-6.23431,34.56268],[-6.23431,34.56043],[-6.23655,34.55819]]],[[[-6.2096,34.55819],[-6.2096,34.56268],[-6.20736,34.56268],[-6.20736,34.55819],[-6.2096,34.55819]]],[[[-6.22308,34.55594],[-6.22308,34.56717],[-6.22083,34.56717],[-6.22083,34.55594],[-6.22308,34.55594]]],[[[-6.24554,34.56268],[-6.24554,34.56493],[-6.24329,34.56493],[-6.24329,34.56268],[-6.24554,34.56268]]],[[[-6.26126,34.56268],[-6.26126,34.56493],[-6.25901,34.56493],[-6.25901,34.56268],[-6.26126,34.56268]]],[[[-6.20511,34.56493],[-6.20511,34.56717],[-6.20287,34.56717],[-6.20287,34.56493],[-6.20511,34.56493]]],[[[-6.20062,34.56493],[-6.20062,34.56717],[-6.19838,34.56717],[-6.19838,34.56493],[-6.20062,34.56493]]],[[[-6.2141,34.56717],[-6.2141,34.56942],[-6.2096,34.56942],[-6.2096,34.56717],[-6.2141,34.56717]]],[[[-6.21859,34.57166],[-6.21859,34.57391],[-6.20736,34.57391],[-6.20736,34.57166],[-6.21859,34.57166]]],[[[-6.22308,34.57391],[-6.22308,34.57616],[-6.22083,34.57616],[-6.22083,34.57391],[-6.22308,34.57391]]],[[[-6.22757,34.5784],[-6.22757,34.58065],[-6.22083,34.58065],[-6.22083,34.5784],[-6.22757,34.5784]]],[[[-6.26799,34.64577],[-6.26799,34.64802],[-6.2635,34.64802],[-6.2635,34.64577],[-6.26799,34.64577]]],[[[-6.26575,34.6615],[-6.26575,34.66374],[-6.2635,34.66374],[-6.2635,34.6615],[-6.26575,34.6615]]],[[[-6.07037,33.37915],[-6.07037,33.3814],[-6.06812,33.3814],[-6.06812,33.37915],[-6.07037,33.37915]]],[[[-6.06587,33.3814],[-6.06587,33.38364],[-6.06363,33.38364],[-6.06363,33.3814],[-6.06587,33.3814]]],[[[-6.05465,33.38813],[-6.05465,33.39038],[-6.0524,33.39038],[-6.0524,33.38813],[-6.05465,33.38813]]],[[[-6.04566,33.4061],[-6.04566,33.40835],[-6.04342,33.40835],[-6.04342,33.4061],[-6.04566,33.4061]]],[[[-6.04342,33.40835],[-6.04342,33.41059],[-6.04117,33.41059],[-6.04117,33.40835],[-6.04342,33.40835]]],[[[-6.04342,33.41508],[-6.04342,33.41059],[-6.04566,33.41059],[-6.04566,33.41508],[-6.04342,33.41508]]],[[[-6.04566,33.42182],[-6.04566,33.42407],[-6.04342,33.42407],[-6.04342,33.42182],[-6.04566,33.42182]]],[[[-6.03219,33.43754],[-6.03219,33.43979],[-6.02994,33.43979],[-6.02994,33.43754],[-6.03219,33.43754]]],[[[-6.05689,33.43754],[-6.05689,33.43979],[-6.05465,33.43979],[-6.05465,33.43754],[-6.05689,33.43754]]],[[[-6.0524,33.43979],[-6.0524,33.44203],[-6.05015,33.44203],[-6.05015,33.43979],[-6.0524,33.43979]]],[[[-6.04117,33.44652],[-6.04117,33.44877],[-6.03892,33.44877],[-6.03892,33.44652],[-6.04117,33.44652]]],[[[-6.19838,34.07984],[-6.19838,34.08208],[-6.19613,34.08208],[-6.19613,34.07984],[-6.19838,34.07984]]],[[[-6.01871,34.36954],[-6.01871,34.37179],[-6.01647,34.37179],[-6.01647,34.36954],[-6.01871,34.36954]]],[[[-6.01871,34.37403],[-6.01871,34.37628],[-6.01647,34.37628],[-6.01647,34.37403],[-6.01871,34.37403]]],[[[-6.02545,34.37628],[-6.02545,34.37853],[-6.01871,34.37853],[-6.01871,34.37628],[-6.02545,34.37628]]],[[[-6.03219,34.37853],[-6.03219,34.38302],[-6.0277,34.38302],[-6.0277,34.37853],[-6.03219,34.37853]]],[[[-6.04566,34.38302],[-6.04566,34.38526],[-6.04342,34.38526],[-6.04342,34.38302],[-6.04566,34.38302]]],[[[-6.04117,34.38302],[-6.04117,34.38526],[-6.03219,34.38526],[-6.03219,34.38302],[-6.04117,34.38302]]],[[[-6.05015,34.38751],[-6.04791,34.38526],[-6.05465,34.38526],[-6.0524,34.392],[-6.05015,34.38751]]],[[[-6.03892,34.38751],[-6.03892,34.38975],[-6.03668,34.38975],[-6.03668,34.38751],[-6.03892,34.38751]]],[[[-6.03892,34.392],[-6.03892,34.38975],[-6.04117,34.38975],[-6.04117,34.392],[-6.03892,34.392]]],[[[-6.0771,34.392],[-6.0771,34.39425],[-6.07486,34.39425],[-6.07486,34.392],[-6.0771,34.392]]],[[[-6.06587,34.39425],[-6.06587,34.392],[-6.07261,34.392],[-6.07037,34.39649],[-6.06587,34.39425]]],[[[-6.05689,34.39874],[-6.05914,34.392],[-6.06587,34.39425],[-6.06587,34.39649],[-6.05689,34.39874]]],[[[-6.07486,34.39425],[-6.07486,34.39649],[-6.07261,34.39649],[-6.07261,34.39425],[-6.07486,34.39425]]],[[[-6.03892,34.39425],[-6.03892,34.39649],[-6.03668,34.39649],[-6.03668,34.39425],[-6.03892,34.39425]]],[[[-6.03219,34.39649],[-6.03219,34.39874],[-6.02994,34.39874],[-6.02994,34.39649],[-6.03219,34.39649]]],[[[-6.09282,34.39874],[-6.09282,34.40098],[-6.09058,34.40098],[-6.09058,34.39874],[-6.09282,34.39874]]],[[[-6.08609,34.40323],[-6.07935,34.40098],[-6.0771,34.39649],[-6.08833,34.39874],[-6.08609,34.40323]]],[[[-6.09507,34.40098],[-6.09507,34.40323],[-6.09282,34.40323],[-6.09282,34.40098],[-6.09507,34.40098]]],[[[-6.03892,34.40098],[-6.03892,34.40323],[-6.03668,34.40323],[-6.03668,34.40098],[-6.03892,34.40098]]],[[[-6.09731,34.40772],[-6.09731,34.39874],[-6.10405,34.39874],[-6.10405,34.40548],[-6.09731,34.40772]]],[[[-6.08609,34.40323],[-6.08609,34.40548],[-6.08159,34.40548],[-6.08159,34.40323],[-6.08609,34.40323]]],[[[-6.13998,34.40548],[-6.14223,34.40548],[-6.14223,34.40772],[-6.13998,34.40772],[-6.13998,34.40548]]],[[[-6.11977,34.40548],[-6.11977,34.40772],[-6.11753,34.40772],[-6.11753,34.40548],[-6.11977,34.40548]]],[[[-6.12426,34.40548],[-6.12426,34.40772],[-6.12202,34.40772],[-6.12202,34.40548],[-6.12426,34.40548]]],[[[-6.01647,34.40548],[-6.01647,34.40772],[-6.01422,34.40772],[-6.01422,34.40548],[-6.01647,34.40548]]],[[[-6.07261,34.40548],[-6.07261,34.40772],[-6.06812,34.40772],[-6.06812,34.40548],[-6.07261,34.40548]]],[[[-6.10854,34.40548],[-6.10854,34.40997],[-6.1063,34.40997],[-6.1063,34.40548],[-6.10854,34.40548]]],[[[-6.15346,34.40997],[-6.14223,34.41221],[-6.14223,34.40772],[-6.15571,34.40548],[-6.15346,34.40997]]],[[[-6.10405,34.40772],[-6.10405,34.40997],[-6.10181,34.40997],[-6.10181,34.40772],[-6.10405,34.40772]]],[[[-6.12202,34.40772],[-6.12202,34.40997],[-6.11977,34.40997],[-6.11977,34.40772],[-6.12202,34.40772]]],[[[-6.16918,34.40548],[-6.16918,34.41221],[-6.16469,34.41221],[-6.16469,34.40548],[-6.16918,34.40548]]],[[[-6.1602,34.40997],[-6.1602,34.41221],[-6.15795,34.41221],[-6.15795,34.40997],[-6.1602,34.40997]]],[[[-6.09058,34.41221],[-6.09282,34.40772],[-6.09731,34.41446],[-6.09282,34.41446],[-6.09058,34.41221]]],[[[-6.04566,34.40997],[-6.04566,34.41221],[-6.04342,34.41221],[-6.04342,34.40997],[-6.04566,34.40997]]],[[[-6.11304,34.41221],[-6.11304,34.41446],[-6.10854,34.41446],[-6.10854,34.41221],[-6.11304,34.41221]]],[[[-6.09058,34.41446],[-6.09058,34.4167],[-6.08833,34.4167],[-6.08833,34.41446],[-6.09058,34.41446]]],[[[-6.10405,34.41446],[-6.10854,34.41446],[-6.10854,34.4167],[-6.10405,34.4167],[-6.10405,34.41446]]],[[[-6.18265,34.4167],[-6.18265,34.41895],[-6.17816,34.41895],[-6.17816,34.4167],[-6.18265,34.4167]]],[[[-6.11528,34.41895],[-6.11528,34.4212],[-6.10854,34.4212],[-6.10854,34.41895],[-6.11528,34.41895]]],[[[-6.12426,34.42793],[-6.12426,34.43018],[-6.12202,34.43018],[-6.12202,34.42793],[-6.12426,34.42793]]],[[[-6.131,34.43242],[-6.131,34.43467],[-6.12876,34.43467],[-6.12876,34.43242],[-6.131,34.43242]]],[[[-6.13998,34.43242],[-6.13998,34.43467],[-6.13774,34.43467],[-6.13774,34.43242],[-6.13998,34.43242]]],[[[-6.12651,34.43467],[-6.12651,34.43692],[-6.12426,34.43692],[-6.12426,34.43467],[-6.12651,34.43467]]],[[[-6.04566,34.44141],[-6.04566,34.44365],[-6.04342,34.44365],[-6.04342,34.44141],[-6.04566,34.44141]]],[[[-6.16693,34.44141],[-6.16693,34.44365],[-6.16469,34.44365],[-6.16469,34.44141],[-6.16693,34.44141]]],[[[-6.0771,34.4998],[-6.0771,34.50204],[-6.07486,34.50204],[-6.07486,34.4998],[-6.0771,34.4998]]],[[[-6.03219,34.51327],[-6.03219,34.51776],[-6.02994,34.51776],[-6.0277,34.51327],[-6.03219,34.51327]]],[[[-6.10405,34.51776],[-6.10405,34.52001],[-6.10181,34.52001],[-6.10181,34.51776],[-6.10405,34.51776]]],[[[-6.04117,34.52226],[-6.04117,34.5245],[-6.03892,34.5245],[-6.03892,34.52226],[-6.04117,34.52226]]],[[[-6.04342,34.5245],[-6.04342,34.52675],[-6.04117,34.52675],[-6.04117,34.5245],[-6.04342,34.5245]]],[[[-6.12876,34.5245],[-6.12876,34.52675],[-6.12651,34.52675],[-6.12651,34.5245],[-6.12876,34.5245]]],[[[-6.11304,34.5245],[-6.11304,34.52675],[-6.10854,34.52675],[-6.10854,34.5245],[-6.11304,34.5245]]],[[[-6.10181,34.52675],[-6.10181,34.52899],[-6.09956,34.52899],[-6.09956,34.52675],[-6.10181,34.52675]]],[[[-6.10854,34.52899],[-6.10854,34.53124],[-6.1063,34.53124],[-6.1063,34.52899],[-6.10854,34.52899]]],[[[-6.16469,34.52899],[-6.16469,34.53124],[-6.16244,34.53124],[-6.16244,34.52899],[-6.16469,34.52899]]],[[[-6.16244,34.53124],[-6.16244,34.53349],[-6.15795,34.53349],[-6.15795,34.52899],[-6.16244,34.53124]]],[[[-6.10405,34.52899],[-6.10405,34.53349],[-6.10181,34.53349],[-6.10181,34.52899],[-6.10405,34.52899]]],[[[-6.12651,34.52899],[-6.13998,34.52899],[-6.13998,34.53349],[-6.12651,34.53573],[-6.12202,34.53349],[-6.12651,34.52899]],[[-6.131,34.53349],[-6.13325,34.53349],[-6.13325,34.53124],[-6.131,34.53124],[-6.131,34.53349]]],[[[-6.11977,34.53349],[-6.11977,34.53573],[-6.11753,34.53573],[-6.11753,34.53349],[-6.11977,34.53349]]],[[[-6.1063,34.53349],[-6.1063,34.53573],[-6.10405,34.53573],[-6.10405,34.53349],[-6.1063,34.53349]]],[[[-6.19388,34.53573],[-6.19388,34.53798],[-6.19164,34.53798],[-6.19164,34.53573],[-6.19388,34.53573]]],[[[-6.12202,34.53798],[-6.12202,34.54022],[-6.11753,34.54022],[-6.11753,34.53798],[-6.12202,34.53798]]],[[[-6.15571,34.54022],[-6.15571,34.54247],[-6.15346,34.54247],[-6.15346,34.54022],[-6.15571,34.54022]]],[[[-6.17143,34.54022],[-6.17143,34.54247],[-6.16918,34.54247],[-6.16918,34.54022],[-6.17143,34.54022]]],[[[-6.13998,34.54247],[-6.13998,34.54471],[-6.13774,34.54471],[-6.13774,34.54247],[-6.13998,34.54247]]],[[[-6.15346,34.54247],[-6.15346,34.54471],[-6.15121,34.54471],[-6.15121,34.54247],[-6.15346,34.54247]]],[[[-6.18265,34.54247],[-6.18265,34.54471],[-6.18041,34.54471],[-6.18041,34.54247],[-6.18265,34.54247]]],[[[-6.12651,34.54247],[-6.12876,34.54247],[-6.12876,34.54471],[-6.12651,34.54471],[-6.12651,34.54247]]],[[[-6.01871,34.54247],[-6.01871,34.54471],[-6.01647,34.54471],[-6.01647,34.54247],[-6.01871,34.54247]]],[[[-6.02545,34.54471],[-6.02545,34.54696],[-6.0232,34.54696],[-6.0232,34.54471],[-6.02545,34.54471]]],[[[-6.13774,34.54471],[-6.13774,34.54696],[-6.13549,34.54696],[-6.13549,34.54471],[-6.13774,34.54471]]],[[[-6.17367,34.54471],[-6.17367,34.54696],[-6.17143,34.54696],[-6.17143,34.54471],[-6.17367,34.54471]]],[[[-6.16918,34.54696],[-6.16918,34.54921],[-6.16693,34.54921],[-6.16693,34.54696],[-6.16918,34.54696]]],[[[-6.13549,34.54696],[-6.13549,34.54921],[-6.13325,34.54921],[-6.13325,34.54696],[-6.13549,34.54696]]],[[[-6.18265,34.54696],[-6.18265,34.55145],[-6.18041,34.55145],[-6.17816,34.54696],[-6.18265,34.54696]]],[[[-6.12876,34.54921],[-6.12876,34.55145],[-6.12651,34.55145],[-6.12651,34.54921],[-6.12876,34.54921]]],[[[-6.16469,34.54921],[-6.16469,34.55145],[-6.16244,34.55145],[-6.16244,34.54921],[-6.16469,34.54921]]],[[[-6.13325,34.54921],[-6.13325,34.55145],[-6.131,34.55145],[-6.131,34.54921],[-6.13325,34.54921]]],[[[-6.14897,34.54471],[-6.14897,34.55145],[-6.14223,34.55145],[-6.13998,34.55819],[-6.13325,34.55819],[-6.13549,34.54921],[-6.14448,34.54921],[-6.14448,34.54471],[-6.14897,34.54471]],[[-6.13549,34.5537],[-6.13774,34.5537],[-6.13774,34.55145],[-6.13549,34.55145],[-6.13549,34.5537]]],[[[-6.03668,34.54921],[-6.03668,34.55145],[-6.03443,34.55145],[-6.03443,34.54921],[-6.03668,34.54921]]],[[[-6.19613,34.54921],[-6.19613,34.5537],[-6.19388,34.5537],[-6.19388,34.54921],[-6.19613,34.54921]]],[[[-6.18939,34.55145],[-6.18939,34.5537],[-6.18715,34.5537],[-6.18715,34.55145],[-6.18939,34.55145]]],[[[-6.16918,34.55145],[-6.17143,34.55145],[-6.17143,34.5537],[-6.16918,34.5537],[-6.16918,34.55145]]],[[[-6.1849,34.55145],[-6.1849,34.5537],[-6.18265,34.5537],[-6.18265,34.55145],[-6.1849,34.55145]]],[[[-6.19164,34.5537],[-6.19164,34.55594],[-6.18939,34.55594],[-6.18939,34.5537],[-6.19164,34.5537]]],[[[-6.18715,34.5537],[-6.18715,34.55594],[-6.1849,34.55594],[-6.1849,34.5537],[-6.18715,34.5537]]],[[[-6.17816,34.55594],[-6.17592,34.55819],[-6.17592,34.5537],[-6.18265,34.5537],[-6.17816,34.55594]]],[[[-6.12876,34.55594],[-6.12876,34.55819],[-6.12651,34.55819],[-6.12651,34.55594],[-6.12876,34.55594]]],[[[-6.16918,34.55594],[-6.16918,34.55819],[-6.16693,34.55819],[-6.16693,34.55594],[-6.16918,34.55594]]],[[[-6.08159,34.55594],[-6.08159,34.55819],[-6.07935,34.55819],[-6.07935,34.55594],[-6.08159,34.55594]]],[[[-6.15571,34.55819],[-6.15571,34.56043],[-6.15346,34.56043],[-6.15346,34.55819],[-6.15571,34.55819]]],[[[-6.05914,34.55819],[-6.05914,34.56043],[-6.05689,34.56043],[-6.05689,34.55819],[-6.05914,34.55819]]],[[[-6.05465,34.55819],[-6.05465,34.56043],[-6.0524,34.56043],[-6.0524,34.55819],[-6.05465,34.55819]]],[[[-6.14223,34.55819],[-6.14223,34.56043],[-6.13998,34.56043],[-6.13998,34.55819],[-6.14223,34.55819]]],[[[-6.1602,34.55819],[-6.16244,34.55594],[-6.15795,34.56268],[-6.15795,34.55819],[-6.1602,34.55819]]],[[[-6.17367,34.56043],[-6.17367,34.56268],[-6.17143,34.56268],[-6.17143,34.55819],[-6.17592,34.55819],[-6.17367,34.56043]]],[[[-6.19164,34.56043],[-6.19613,34.55819],[-6.19838,34.56268],[-6.19388,34.56268],[-6.19164,34.56043]]],[[[-6.05465,34.56043],[-6.05689,34.56043],[-6.05689,34.56268],[-6.05465,34.56268],[-6.05465,34.56043]]],[[[-6.14223,34.56268],[-6.14223,34.56043],[-6.14672,34.56043],[-6.13998,34.56493],[-6.14223,34.56268]]],[[[-6.05914,34.56268],[-6.05914,34.56493],[-6.05689,34.56493],[-6.05689,34.56268],[-6.05914,34.56268]]],[[[-6.15121,34.56268],[-6.15121,34.56493],[-6.14672,34.56493],[-6.14672,34.56268],[-6.15121,34.56268]]],[[[-6.15795,34.56268],[-6.15795,34.56493],[-6.15571,34.56493],[-6.15571,34.56268],[-6.15795,34.56268]]],[[[-6.19388,34.56493],[-6.19388,34.56717],[-6.18939,34.56717],[-6.18939,34.56493],[-6.19388,34.56493]]],[[[-6.18715,34.57166],[-6.18715,34.57391],[-6.1849,34.57391],[-6.1849,34.57166],[-6.18715,34.57166]]],[[[-6.12426,34.57166],[-6.12426,34.57391],[-6.11079,34.57391],[-6.11079,34.57166],[-6.12426,34.57166]]],[[[-6.13325,34.57166],[-6.13325,34.5784],[-6.131,34.5784],[-6.131,34.57166],[-6.13325,34.57166]]],[[[-6.17367,34.57391],[-6.17367,34.57616],[-6.17143,34.57616],[-6.17143,34.57391],[-6.17367,34.57391]]],[[[-6.18265,34.57391],[-6.18265,34.57616],[-6.18041,34.57616],[-6.18041,34.57391],[-6.18265,34.57391]]],[[[-6.17816,34.57616],[-6.17816,34.5784],[-6.17367,34.5784],[-6.17367,34.57616],[-6.17816,34.57616]]],[[[-6.12651,34.57616],[-6.12651,34.5784],[-6.12426,34.5784],[-6.12426,34.57616],[-6.12651,34.57616]]],[[[-6.1849,34.5784],[-6.1849,34.58065],[-6.18265,34.58065],[-6.18265,34.5784],[-6.1849,34.5784]]],[[[-6.17367,34.5784],[-6.17367,34.58065],[-6.16918,34.58065],[-6.16918,34.5784],[-6.17367,34.5784]]],[[[-6.12876,34.5784],[-6.12876,34.58065],[-6.12651,34.58065],[-6.12651,34.5784],[-6.12876,34.5784]]],[[[-6.18041,34.5784],[-6.18041,34.58065],[-6.17816,34.58065],[-6.17816,34.5784],[-6.18041,34.5784]]],[[[-6.15121,34.60086],[-6.15121,34.6031],[-6.14897,34.6031],[-6.14897,34.60086],[-6.15121,34.60086]]],[[[-6.18265,34.61433],[-6.18265,34.61658],[-6.18041,34.61658],[-6.18041,34.61433],[-6.18265,34.61433]]],[[[-6.07935,34.61658],[-6.07935,34.61883],[-6.0771,34.61883],[-6.0771,34.61658],[-6.07935,34.61658]]],[[[-6.14897,34.63455],[-6.14897,34.63679],[-6.14672,34.63679],[-6.14672,34.63455],[-6.14897,34.63455]]],[[[-6.14672,34.63679],[-6.14672,34.64128],[-6.14223,34.64128],[-6.14448,34.63679],[-6.14672,34.63679]]],[[[-6.15571,34.63904],[-6.15571,34.64128],[-6.15346,34.64128],[-6.15346,34.63904],[-6.15571,34.63904]]],[[[-6.14448,34.65251],[-6.14448,34.65476],[-6.13998,34.65476],[-6.13998,34.65251],[-6.14448,34.65251]]],[[[-6.13774,34.65251],[-6.13774,34.65476],[-6.131,34.65476],[-6.131,34.65251],[-6.13774,34.65251]]],[[[-6.131,34.65476],[-6.131,34.65925],[-6.12651,34.65925],[-6.12651,34.65476],[-6.131,34.65476]]],[[[-6.13549,34.657],[-6.13549,34.65925],[-6.13325,34.65925],[-6.13325,34.657],[-6.13549,34.657]]],[[[-6.12651,34.65925],[-6.12651,34.6615],[-6.12426,34.6615],[-6.12426,34.65925],[-6.12651,34.65925]]],[[[-6.18715,34.6615],[-6.18715,34.66374],[-6.18265,34.66374],[-6.18265,34.6615],[-6.18715,34.6615]]],[[[-6.12202,34.68395],[-6.12202,34.6862],[-6.11977,34.6862],[-6.11977,34.68395],[-6.12202,34.68395]]],[[[-6.15795,34.70192],[-6.15795,34.70417],[-6.15571,34.70417],[-6.15571,34.70192],[-6.15795,34.70192]]],[[[-5.96931,33.3814],[-5.97155,33.3814],[-5.97155,33.38364],[-5.96931,33.38364],[-5.96931,33.3814]]],[[[-5.98503,33.40835],[-5.98503,33.41059],[-5.98278,33.41059],[-5.98278,33.40835],[-5.98503,33.40835]]],[[[-5.98503,33.41284],[-5.98503,33.41508],[-5.98278,33.41508],[-5.98278,33.41284],[-5.98503,33.41284]]],[[[-5.99176,33.41284],[-5.99176,33.41508],[-5.98952,33.41508],[-5.98952,33.41284],[-5.99176,33.41284]]],[[[-5.98053,33.41508],[-5.98053,33.41733],[-5.97604,33.41733],[-5.97604,33.41508],[-5.98053,33.41508]]],[[[-5.99625,33.42856],[-5.99625,33.43305],[-5.99401,33.43305],[-5.99401,33.42856],[-5.99625,33.42856]]],[[[-6.00299,33.43305],[-6.00299,33.43529],[-6.00075,33.43529],[-6.00075,33.43305],[-6.00299,33.43305]]],[[[-5.9985,33.43305],[-5.9985,33.43529],[-5.99625,33.43529],[-5.99625,33.43305],[-5.9985,33.43305]]],[[[-5.99625,33.43979],[-5.99625,33.44203],[-5.99401,33.44203],[-5.99401,33.43979],[-5.99625,33.43979]]],[[[-5.93562,33.44428],[-5.93562,33.44652],[-5.93337,33.44652],[-5.93337,33.44428],[-5.93562,33.44428]]],[[[-6.01198,33.44652],[-6.01198,33.45102],[-6.00973,33.45102],[-6.00973,33.44652],[-6.01198,33.44652]]],[[[-5.94909,33.45551],[-5.94909,33.45775],[-5.94685,33.45775],[-5.94685,33.45551],[-5.94909,33.45551]]],[[[-5.91541,34.27297],[-5.91541,34.27747],[-5.91316,34.27747],[-5.91316,34.27297],[-5.91541,34.27297]]],[[[-5.91765,34.27747],[-5.91765,34.27971],[-5.91541,34.27971],[-5.91541,34.27747],[-5.91765,34.27747]]],[[[-5.91765,34.2842],[-5.91765,34.27971],[-5.92214,34.28196],[-5.92214,34.2842],[-5.91765,34.2842]]],[[[-5.91091,34.28196],[-5.91541,34.28196],[-5.91541,34.2842],[-5.91091,34.2842],[-5.91091,34.28196]]],[[[-5.91765,34.28645],[-5.91765,34.28869],[-5.91541,34.28869],[-5.91541,34.28645],[-5.91765,34.28645]]],[[[-5.93113,34.29094],[-5.93113,34.29319],[-5.92664,34.29319],[-5.92664,34.29094],[-5.93113,34.29094]]],[[[-5.92664,34.29768],[-5.92664,34.29992],[-5.92439,34.29992],[-5.92439,34.29768],[-5.92664,34.29768]]],[[[-5.93786,34.29768],[-5.93786,34.29992],[-5.93562,34.29992],[-5.93562,34.29768],[-5.93786,34.29768]]],[[[-5.93562,34.29992],[-5.93562,34.30217],[-5.93337,34.30217],[-5.93337,34.29992],[-5.93562,34.29992]]],[[[-5.93113,34.29992],[-5.93113,34.30217],[-5.92888,34.30217],[-5.92888,34.29992],[-5.93113,34.29992]]],[[[-5.91541,34.30217],[-5.91541,34.30441],[-5.91316,34.30441],[-5.91316,34.30217],[-5.91541,34.30217]]],[[[-5.94011,34.30441],[-5.94011,34.30891],[-5.93786,34.30891],[-5.93786,34.30441],[-5.94011,34.30441]]],[[[-5.95358,34.30891],[-5.95358,34.31115],[-5.95134,34.31115],[-5.95134,34.30891],[-5.95358,34.30891]]],[[[-5.93113,34.31115],[-5.93113,34.3134],[-5.92888,34.3134],[-5.92888,34.31115],[-5.93113,34.31115]]],[[[-5.92439,34.3134],[-5.92439,34.31564],[-5.92214,34.31564],[-5.92214,34.3134],[-5.92439,34.3134]]],[[[-5.91765,34.3134],[-5.91765,34.31564],[-5.91541,34.31564],[-5.91541,34.3134],[-5.91765,34.3134]]],[[[-5.93337,34.3134],[-5.93337,34.31789],[-5.93113,34.31789],[-5.93113,34.3134],[-5.93337,34.3134]]],[[[-5.95134,34.31789],[-5.95134,34.31564],[-5.95808,34.3134],[-5.95808,34.32014],[-5.94685,34.32014],[-5.95134,34.31789]]],[[[-5.92439,34.32014],[-5.92214,34.31789],[-5.92664,34.31564],[-5.92664,34.32238],[-5.92439,34.32014]]],[[[-5.96706,34.31789],[-5.96706,34.32014],[-5.96032,34.32014],[-5.96032,34.31789],[-5.96706,34.31789]]],[[[-5.91316,34.32238],[-5.91316,34.32014],[-5.91765,34.31789],[-5.91765,34.32463],[-5.91316,34.32238]]],[[[-5.92214,34.32014],[-5.92214,34.32238],[-5.9199,34.32238],[-5.9199,34.32014],[-5.92214,34.32014]]],[[[-5.97155,34.32014],[-5.97155,34.32463],[-5.96706,34.32238],[-5.96706,34.32014],[-5.97155,34.32014]]],[[[-5.93786,34.32463],[-5.93786,34.32687],[-5.93562,34.32687],[-5.93562,34.32463],[-5.93786,34.32463]]],[[[-5.96931,34.32463],[-5.96931,34.32687],[-5.96481,34.32687],[-5.96481,34.32463],[-5.96931,34.32463]]],[[[-5.91316,34.32687],[-5.91316,34.32912],[-5.91091,34.32912],[-5.91091,34.32687],[-5.91316,34.32687]]],[[[-5.9446,34.32687],[-5.9446,34.32912],[-5.94236,34.32912],[-5.94236,34.32687],[-5.9446,34.32687]]],[[[-5.9738,34.32687],[-5.9738,34.32912],[-5.97155,34.32912],[-5.97155,34.32687],[-5.9738,34.32687]]],[[[-5.96032,34.32687],[-5.96032,34.33136],[-5.95808,34.33136],[-5.95808,34.32687],[-5.96032,34.32687]]],[[[-5.9199,34.32687],[-5.9199,34.33136],[-5.91316,34.33136],[-5.91541,34.32687],[-5.9199,34.32687]]],[[[-5.92888,34.32912],[-5.92888,34.33136],[-5.92214,34.33136],[-5.92214,34.32912],[-5.92888,34.32912]]],[[[-5.97604,34.32912],[-5.97604,34.33361],[-5.9738,34.33361],[-5.9738,34.32912],[-5.97604,34.32912]]],[[[-5.95134,34.33361],[-5.94909,34.32687],[-5.95583,34.32687],[-5.95583,34.3381],[-5.95134,34.33361]]],[[[-5.96481,34.33586],[-5.96706,34.33136],[-5.96931,34.33136],[-5.96931,34.3381],[-5.96481,34.33586]]],[[[-5.92439,34.33361],[-5.92439,34.3381],[-5.9199,34.3381],[-5.9199,34.33586],[-5.92439,34.33361]]],[[[-5.96481,34.33586],[-5.96481,34.3381],[-5.96257,34.3381],[-5.96257,34.33586],[-5.96481,34.33586]]],[[[-5.92888,34.33586],[-5.92888,34.34035],[-5.92664,34.34035],[-5.92664,34.33361],[-5.93113,34.33361],[-5.92888,34.33586]]],[[[-5.94685,34.33586],[-5.94685,34.3381],[-5.9446,34.3381],[-5.9446,34.33586],[-5.94685,34.33586]]],[[[-5.9738,34.33361],[-5.9738,34.34035],[-5.97155,34.34035],[-5.97155,34.33361],[-5.9738,34.33361]]],[[[-5.93562,34.34035],[-5.94011,34.34708],[-5.93113,34.34708],[-5.92888,34.34259],[-5.93337,34.34259],[-5.93337,34.32912],[-5.93786,34.33136],[-5.93562,34.34035]]],[[[-5.98727,34.3381],[-5.98278,34.34035],[-5.98278,34.33586],[-5.98503,34.3381],[-5.98727,34.3381]]],[[[-5.96706,34.3381],[-5.96706,34.34035],[-5.96481,34.34035],[-5.96481,34.3381],[-5.96706,34.3381]]],[[[-5.95358,34.34035],[-5.95358,34.34259],[-5.95134,34.34259],[-5.95134,34.34035],[-5.95358,34.34035]]],[[[-5.94011,34.34259],[-5.94011,34.34035],[-5.94909,34.3381],[-5.94909,34.34484],[-5.94011,34.34259]]],[[[-5.99625,34.34035],[-5.99176,34.34259],[-5.99401,34.34708],[-5.98952,34.34708],[-5.98952,34.34035],[-5.99625,34.34035]]],[[[-5.94909,34.34708],[-5.94909,34.34933],[-5.94685,34.34933],[-5.94685,34.34708],[-5.94909,34.34708]]],[[[-5.97155,34.34933],[-5.97155,34.35158],[-5.96931,34.35158],[-5.96931,34.34933],[-5.97155,34.34933]]],[[[-5.99401,34.34933],[-5.99401,34.35158],[-5.98952,34.35158],[-5.98952,34.34933],[-5.99401,34.34933]]],[[[-5.96931,34.35607],[-5.96931,34.35831],[-5.96706,34.35831],[-5.96706,34.35607],[-5.96931,34.35607]]],[[[-5.95358,34.35607],[-5.95583,34.35607],[-5.95583,34.36056],[-5.95134,34.36056],[-5.95358,34.35607]]],[[[-5.96931,34.36056],[-5.9738,34.35831],[-5.97604,34.35382],[-5.97604,34.36281],[-5.96931,34.36056]]],[[[-5.98503,34.36056],[-5.98278,34.36281],[-5.98278,34.35831],[-5.99401,34.35831],[-5.98503,34.36056]]],[[[-5.95583,34.36281],[-5.95583,34.36505],[-5.95358,34.36505],[-5.95358,34.36281],[-5.95583,34.36281]]],[[[-5.99401,34.36281],[-5.99401,34.36505],[-5.99176,34.36505],[-5.99176,34.36281],[-5.99401,34.36281]]],[[[-6.00973,34.36505],[-6.00973,34.36954],[-6.00299,34.36954],[-6.00299,34.36281],[-6.00973,34.36505]]],[[[-5.97829,34.3673],[-5.97829,34.36281],[-5.98278,34.36281],[-5.98053,34.36954],[-5.97604,34.36954],[-5.97829,34.3673]]],[[[-5.95134,34.36954],[-5.95134,34.3673],[-5.95808,34.3673],[-5.95583,34.37179],[-5.94909,34.37179],[-5.95134,34.36954]]],[[[-5.97155,34.36954],[-5.97155,34.37179],[-5.96931,34.37179],[-5.96931,34.36954],[-5.97155,34.36954]]],[[[-5.96706,34.37179],[-5.96706,34.37403],[-5.96257,34.37403],[-5.96257,34.37179],[-5.96706,34.37179]]],[[[-5.98952,34.37179],[-5.98952,34.37403],[-5.98727,34.37403],[-5.98727,34.37179],[-5.98952,34.37179]]],[[[-5.96032,34.37179],[-5.96032,34.37403],[-5.95808,34.37403],[-5.95808,34.37179],[-5.96032,34.37179]]],[[[-5.94909,34.37179],[-5.94909,34.37628],[-5.94685,34.37628],[-5.94685,34.37179],[-5.94909,34.37179]]],[[[-5.98053,34.37403],[-5.98278,34.37179],[-5.98278,34.37628],[-5.97604,34.37853],[-5.97604,34.37403],[-5.98053,34.37403]]],[[[-5.98952,34.37628],[-5.98952,34.37853],[-5.98727,34.37853],[-5.98727,34.37628],[-5.98952,34.37628]]],[[[-5.96032,34.37403],[-5.96931,34.37628],[-5.9738,34.37179],[-5.9738,34.37853],[-5.97604,34.38077],[-5.98053,34.37853],[-5.98053,34.38302],[-5.96481,34.38302],[-5.96257,34.37853],[-5.96257,34.38751],[-5.95134,34.38751],[-5.95134,34.38302],[-5.95808,34.38302],[-5.95134,34.37628],[-5.96032,34.37403]],[[-5.96032,34.38077],[-5.96032,34.37853],[-5.95808,34.37853],[-5.95808,34.38077],[-5.96032,34.38077]]],[[[-5.99176,34.37853],[-5.99176,34.38077],[-5.98952,34.38077],[-5.98952,34.37853],[-5.99176,34.37853]]],[[[-5.98952,34.38526],[-5.98278,34.38526],[-5.98503,34.37853],[-5.98727,34.38302],[-5.99625,34.38302],[-5.98952,34.38526]]],[[[-5.93786,34.38751],[-5.93786,34.38975],[-5.93562,34.38975],[-5.93562,34.38751],[-5.93786,34.38751]]],[[[-5.9446,34.38975],[-5.9446,34.392],[-5.94236,34.392],[-5.94236,34.38975],[-5.9446,34.38975]]],[[[-5.98503,34.392],[-5.98503,34.39425],[-5.98278,34.39425],[-5.98278,34.392],[-5.98503,34.392]]],[[[-5.98952,34.392],[-5.98952,34.39425],[-5.98727,34.39425],[-5.98727,34.392],[-5.98952,34.392]]],[[[-6.00524,34.392],[-6.00524,34.39425],[-5.9985,34.39425],[-5.9985,34.392],[-6.00524,34.392]]],[[[-5.99401,34.392],[-5.99401,34.39649],[-5.98952,34.39649],[-5.98952,34.39425],[-5.99401,34.392]]],[[[-5.98727,34.39425],[-5.98727,34.39649],[-5.98503,34.39649],[-5.98503,34.39425],[-5.98727,34.39425]]],[[[-5.96257,34.39649],[-5.96257,34.39874],[-5.96032,34.39874],[-5.96032,34.39649],[-5.96257,34.39649]]],[[[-5.98952,34.39649],[-5.98952,34.40098],[-5.98727,34.40098],[-5.98727,34.39649],[-5.98952,34.39649]]],[[[-5.95134,34.39649],[-5.95134,34.40098],[-5.94909,34.40098],[-5.94909,34.39649],[-5.95134,34.39649]]],[[[-5.96032,34.40098],[-5.96032,34.40323],[-5.95808,34.40323],[-5.95808,34.40098],[-5.96032,34.40098]]],[[[-5.98952,34.40323],[-5.98952,34.40548],[-5.98503,34.40548],[-5.98503,34.40323],[-5.98952,34.40323]]],[[[-6.00748,34.41895],[-6.00973,34.41895],[-6.00973,34.4212],[-6.00748,34.4212],[-6.00748,34.41895]]],[[[-5.96931,34.43018],[-5.96931,34.43242],[-5.96706,34.43242],[-5.96706,34.43018],[-5.96931,34.43018]]],[[[-5.94909,34.43018],[-5.94909,34.43242],[-5.94685,34.43242],[-5.94685,34.43018],[-5.94909,34.43018]]],[[[-5.92439,34.43467],[-5.92439,34.43692],[-5.92214,34.43692],[-5.92214,34.43467],[-5.92439,34.43467]]],[[[-5.93337,34.43692],[-5.93337,34.43916],[-5.93113,34.43916],[-5.93113,34.43692],[-5.93337,34.43692]]],[[[-5.93562,34.43916],[-5.93562,34.44141],[-5.93337,34.44141],[-5.93337,34.43916],[-5.93562,34.43916]]],[[[-5.96257,34.44141],[-5.96257,34.44365],[-5.96032,34.44365],[-5.96032,34.44141],[-5.96257,34.44141]]],[[[-5.93562,34.4459],[-5.93562,34.44815],[-5.93337,34.44815],[-5.93337,34.4459],[-5.93562,34.4459]]],[[[-5.94011,34.45039],[-5.94011,34.45264],[-5.93562,34.45264],[-5.93562,34.45039],[-5.94011,34.45039]]],[[[-5.93562,34.45264],[-5.93562,34.45488],[-5.93113,34.45488],[-5.93113,34.45264],[-5.93562,34.45264]]],[[[-5.98952,34.45264],[-5.98952,34.45488],[-5.98727,34.45488],[-5.98727,34.45264],[-5.98952,34.45264]]],[[[-5.98278,34.45264],[-5.98278,34.45488],[-5.98053,34.45488],[-5.98053,34.45264],[-5.98278,34.45264]]],[[[-5.92664,34.45264],[-5.92664,34.45488],[-5.92439,34.45488],[-5.92439,34.45264],[-5.92664,34.45264]]],[[[-5.93113,34.45488],[-5.93113,34.45713],[-5.92664,34.45713],[-5.92664,34.45488],[-5.93113,34.45488]]],[[[-5.91316,34.45713],[-5.91316,34.45937],[-5.91091,34.45937],[-5.91091,34.45713],[-5.91316,34.45713]]],[[[-5.98727,34.45713],[-5.98952,34.45713],[-5.98952,34.45937],[-5.98727,34.45937],[-5.98727,34.45713]]],[[[-5.92439,34.46162],[-5.92439,34.4706],[-5.92214,34.4706],[-5.92214,34.46162],[-5.92439,34.46162]]],[[[-5.91765,34.46836],[-5.91765,34.47285],[-5.90642,34.4706],[-5.90642,34.46836],[-5.91765,34.46836]]],[[[-5.92214,34.47285],[-5.92214,34.47509],[-5.9199,34.47509],[-5.9199,34.47285],[-5.92214,34.47285]]],[[[-5.93113,34.47509],[-5.93113,34.47734],[-5.92888,34.47734],[-5.92888,34.47509],[-5.93113,34.47509]]],[[[-5.91541,34.47734],[-5.91541,34.47959],[-5.91316,34.47959],[-5.91316,34.47734],[-5.91541,34.47734]]],[[[-5.92214,34.47959],[-5.92214,34.48183],[-5.9199,34.48183],[-5.9199,34.47959],[-5.92214,34.47959]]],[[[-5.93337,34.48183],[-5.93562,34.47734],[-5.93786,34.48408],[-5.93562,34.48183],[-5.93337,34.48183]]],[[[-5.92439,34.48408],[-5.92214,34.47734],[-5.92888,34.47734],[-5.93113,34.48183],[-5.92439,34.48408]]],[[[-5.91765,34.48183],[-5.91765,34.48408],[-5.91541,34.48408],[-5.91541,34.48183],[-5.91765,34.48183]]],[[[-5.91316,34.48632],[-5.91316,34.48857],[-5.91091,34.48857],[-5.91091,34.48632],[-5.91316,34.48632]]],[[[-5.92888,34.48632],[-5.93562,34.48408],[-5.93337,34.49306],[-5.93113,34.49306],[-5.92888,34.48632]]],[[[-5.94236,34.48857],[-5.93786,34.49082],[-5.93786,34.48632],[-5.94011,34.48632],[-5.94236,34.48857]]],[[[-5.95358,34.48857],[-5.95358,34.49082],[-5.95134,34.49082],[-5.95134,34.48857],[-5.95358,34.48857]]],[[[-5.93786,34.49082],[-5.93786,34.49306],[-5.93562,34.49306],[-5.93562,34.49082],[-5.93786,34.49082]]],[[[-5.94236,34.49082],[-5.9446,34.49082],[-5.9446,34.49531],[-5.94236,34.49531],[-5.94236,34.49082]]],[[[-5.94011,34.49306],[-5.94011,34.49531],[-5.93786,34.49531],[-5.93786,34.49306],[-5.94011,34.49306]]],[[[-5.91765,34.49306],[-5.91765,34.4998],[-5.91541,34.4998],[-5.91541,34.49306],[-5.91765,34.49306]]],[[[-5.95134,34.49531],[-5.95134,34.49755],[-5.94909,34.49755],[-5.94909,34.49531],[-5.95134,34.49531]]],[[[-5.9446,34.49755],[-5.9446,34.4998],[-5.94236,34.4998],[-5.94236,34.49755],[-5.9446,34.49755]]],[[[-5.93786,34.49755],[-5.93786,34.4998],[-5.93562,34.4998],[-5.93562,34.49755],[-5.93786,34.49755]]],[[[-5.98503,34.50204],[-5.98503,34.50429],[-5.98278,34.50429],[-5.98278,34.50204],[-5.98503,34.50204]]],[[[-5.98952,34.50204],[-5.98952,34.50429],[-5.98727,34.50429],[-5.98727,34.50204],[-5.98952,34.50204]]],[[[-5.98727,34.50654],[-5.98727,34.50878],[-5.98053,34.50878],[-5.98053,34.50429],[-5.98727,34.50654]]],[[[-5.98952,34.51327],[-5.98727,34.51327],[-5.98727,34.50878],[-5.98952,34.50878],[-5.98952,34.51327]]],[[[-5.98503,34.51327],[-5.98727,34.51327],[-5.98727,34.51552],[-5.98503,34.51552],[-5.98503,34.51327]]],[[[-5.94685,34.51327],[-5.94685,34.51552],[-5.9446,34.51552],[-5.9446,34.51327],[-5.94685,34.51327]]],[[[-5.98053,34.51327],[-5.98053,34.51552],[-5.97604,34.51552],[-5.97604,34.51327],[-5.98053,34.51327]]],[[[-5.97155,34.51776],[-5.97155,34.52001],[-5.96706,34.52001],[-5.96706,34.51776],[-5.97155,34.51776]]],[[[-5.98278,34.52675],[-5.98278,34.52899],[-5.98053,34.52899],[-5.98053,34.52675],[-5.98278,34.52675]]],[[[-5.99625,34.53124],[-5.99401,34.53124],[-5.99176,34.53349],[-5.99176,34.52899],[-5.99625,34.53124]]],[[[-6.00973,34.53573],[-6.00748,34.53573],[-6.00748,34.53349],[-6.00973,34.53349],[-6.00973,34.53573]]],[[[-6.00299,34.53573],[-6.00748,34.53573],[-6.00748,34.53798],[-6.00299,34.53798],[-6.00299,34.53573]]],[[[-6.01647,34.53573],[-6.01647,34.53798],[-6.01422,34.53798],[-6.01422,34.53573],[-6.01647,34.53573]]],[[[-5.90193,33.46224],[-5.90193,33.46449],[-5.89969,33.46449],[-5.89969,33.46224],[-5.90193,33.46224]]],[[[-5.81884,34.18763],[-5.81884,34.18988],[-5.81659,34.18988],[-5.81659,34.18763],[-5.81884,34.18763]]],[[[-5.82782,34.19213],[-5.82557,34.19437],[-5.82557,34.18988],[-5.83007,34.18988],[-5.82782,34.19213]]],[[[-5.82557,34.19437],[-5.82557,34.19662],[-5.82108,34.19662],[-5.82108,34.19437],[-5.82557,34.19437]]],[[[-5.8368,34.19437],[-5.8368,34.19662],[-5.83456,34.19662],[-5.83456,34.19437],[-5.8368,34.19437]]],[[[-5.83456,34.19662],[-5.83456,34.19886],[-5.83231,34.19886],[-5.83231,34.19662],[-5.83456,34.19662]]],[[[-5.82333,34.19886],[-5.82333,34.20111],[-5.81884,34.20111],[-5.81884,34.19886],[-5.82333,34.19886]]],[[[-5.83007,34.19886],[-5.83007,34.20111],[-5.82557,34.20111],[-5.82557,34.19886],[-5.83007,34.19886]]],[[[-5.83007,34.2056],[-5.83007,34.20111],[-5.83231,34.20111],[-5.83231,34.2056],[-5.83007,34.2056]]],[[[-5.8368,34.20111],[-5.8368,34.21009],[-5.83007,34.21009],[-5.83456,34.20785],[-5.8368,34.20111]]],[[[-5.82108,34.20785],[-5.82108,34.21009],[-5.81884,34.21009],[-5.81884,34.20785],[-5.82108,34.20785]]],[[[-5.8413,34.21009],[-5.84354,34.21009],[-5.84354,34.21234],[-5.8413,34.21234],[-5.8413,34.21009]]],[[[-5.85702,34.21009],[-5.85702,34.21234],[-5.85252,34.21234],[-5.85252,34.21009],[-5.85702,34.21009]]],[[[-5.84803,34.21009],[-5.84803,34.21234],[-5.84579,34.21234],[-5.84579,34.21009],[-5.84803,34.21009]]],[[[-5.84579,34.21234],[-5.84579,34.21683],[-5.84354,34.21683],[-5.84354,34.21234],[-5.84579,34.21234]]],[[[-5.83905,34.21234],[-5.83905,34.21683],[-5.8368,34.21683],[-5.8368,34.21234],[-5.83905,34.21234]]],[[[-5.86151,34.21683],[-5.86151,34.22132],[-5.85702,34.22132],[-5.85702,34.21234],[-5.86151,34.21683]]],[[[-5.84354,34.21683],[-5.84354,34.21907],[-5.83905,34.21907],[-5.83905,34.21683],[-5.84354,34.21683]]],[[[-5.84803,34.21907],[-5.84803,34.22581],[-5.84579,34.22581],[-5.84579,34.21683],[-5.85028,34.21683],[-5.84803,34.21907]]],[[[-5.85702,34.2303],[-5.85702,34.22357],[-5.86375,34.22357],[-5.86375,34.21683],[-5.86824,34.21683],[-5.86824,34.22357],[-5.85926,34.22581],[-5.85702,34.2303]]],[[[-5.866,34.22806],[-5.86824,34.22357],[-5.87274,34.22132],[-5.87274,34.22581],[-5.866,34.22806]]],[[[-5.83007,34.22581],[-5.83007,34.22806],[-5.82782,34.22806],[-5.82782,34.22581],[-5.83007,34.22581]]],[[[-5.87498,34.22581],[-5.87498,34.22806],[-5.87274,34.22806],[-5.87274,34.22581],[-5.87498,34.22581]]],[[[-5.85252,34.22581],[-5.85252,34.2303],[-5.85028,34.2303],[-5.85028,34.22581],[-5.85252,34.22581]]],[[[-5.86375,34.22806],[-5.86375,34.2303],[-5.86151,34.2303],[-5.86151,34.22806],[-5.86375,34.22806]]],[[[-5.82782,34.22806],[-5.82782,34.2303],[-5.82557,34.2303],[-5.82557,34.22806],[-5.82782,34.22806]]],[[[-5.82557,34.2303],[-5.82557,34.23255],[-5.82333,34.23255],[-5.82333,34.2303],[-5.82557,34.2303]]],[[[-5.83007,34.2303],[-5.83007,34.23255],[-5.82782,34.23255],[-5.82782,34.2303],[-5.83007,34.2303]]],[[[-5.866,34.2303],[-5.866,34.23255],[-5.86375,34.23255],[-5.86375,34.2303],[-5.866,34.2303]]],[[[-5.87049,34.2303],[-5.87049,34.23255],[-5.86824,34.23255],[-5.86824,34.2303],[-5.87049,34.2303]]],[[[-5.82333,34.23255],[-5.82333,34.2348],[-5.8121,34.2348],[-5.8121,34.23255],[-5.82333,34.23255]]],[[[-5.86151,34.23255],[-5.86151,34.2348],[-5.85702,34.2348],[-5.85702,34.23255],[-5.86151,34.23255]]],[[[-5.82557,34.2348],[-5.82557,34.23704],[-5.82333,34.23704],[-5.82333,34.2348],[-5.82557,34.2348]]],[[[-5.866,34.2348],[-5.866,34.23704],[-5.86375,34.23704],[-5.86375,34.2348],[-5.866,34.2348]]],[[[-5.83007,34.2348],[-5.83007,34.23929],[-5.82557,34.23929],[-5.82557,34.23704],[-5.83007,34.2348]]],[[[-5.86375,34.23704],[-5.86375,34.23929],[-5.86151,34.23929],[-5.86151,34.23704],[-5.86375,34.23704]]],[[[-5.85702,34.23704],[-5.85702,34.23929],[-5.85477,34.23929],[-5.85477,34.23704],[-5.85702,34.23704]]],[[[-5.84579,34.23929],[-5.84579,34.24153],[-5.84354,34.24153],[-5.84354,34.23929],[-5.84579,34.23929]]],[[[-5.83231,34.23929],[-5.83231,34.24153],[-5.83007,34.24153],[-5.83007,34.23929],[-5.83231,34.23929]]],[[[-5.85028,34.24378],[-5.85477,34.24153],[-5.85926,34.24602],[-5.85252,34.24602],[-5.85028,34.24378]]],[[[-5.86824,34.24602],[-5.86824,34.24378],[-5.87049,34.24378],[-5.87049,34.24602],[-5.86824,34.24602]]],[[[-5.88846,34.24602],[-5.88172,34.24827],[-5.88172,34.25501],[-5.88846,34.25725],[-5.88172,34.26174],[-5.87723,34.24827],[-5.87274,34.24827],[-5.87274,34.24153],[-5.866,34.24378],[-5.866,34.23704],[-5.87049,34.23929],[-5.87049,34.2348],[-5.87723,34.2303],[-5.88172,34.24378],[-5.88846,34.24153],[-5.88846,34.24602]],[[-5.87498,34.23929],[-5.87723,34.23929],[-5.87723,34.2348],[-5.87498,34.2348],[-5.87498,34.23929]],[[-5.87498,34.24602],[-5.87723,34.24602],[-5.87723,34.24378],[-5.87498,34.24378],[-5.87498,34.24602]]],[[[-5.86151,34.24602],[-5.86375,34.24602],[-5.86375,34.24827],[-5.86151,34.24827],[-5.86151,34.24602]]],[[[-5.82333,34.24378],[-5.82557,34.24827],[-5.81435,34.25501],[-5.8121,34.25052],[-5.81659,34.25052],[-5.82333,34.24378]]],[[[-5.87049,34.24827],[-5.87049,34.25052],[-5.86824,34.25052],[-5.86824,34.24827],[-5.87049,34.24827]]],[[[-5.87498,34.25052],[-5.87498,34.25276],[-5.87274,34.25276],[-5.87274,34.25052],[-5.87498,34.25052]]],[[[-5.82782,34.25276],[-5.82782,34.25501],[-5.82333,34.25501],[-5.82333,34.25052],[-5.82782,34.25276]]],[[[-5.86375,34.25276],[-5.86375,34.25501],[-5.86151,34.25501],[-5.86151,34.25276],[-5.86375,34.25276]]],[[[-5.87498,34.25501],[-5.87498,34.25725],[-5.86824,34.25725],[-5.86824,34.25501],[-5.87498,34.25501]]],[[[-5.866,34.25501],[-5.866,34.25725],[-5.86375,34.25725],[-5.86375,34.25501],[-5.866,34.25501]]],[[[-5.82557,34.25725],[-5.82557,34.2595],[-5.82333,34.2595],[-5.82333,34.25725],[-5.82557,34.25725]]],[[[-5.87947,34.2595],[-5.87498,34.26174],[-5.87498,34.25725],[-5.87723,34.25725],[-5.87947,34.2595]]],[[[-5.90193,34.26174],[-5.90193,34.26399],[-5.89969,34.26399],[-5.89969,34.26174],[-5.90193,34.26174]]],[[[-5.89744,34.26624],[-5.89295,34.26399],[-5.89295,34.26174],[-5.89744,34.26174],[-5.89744,34.26624]]],[[[-5.89295,34.26624],[-5.89519,34.26624],[-5.89519,34.26848],[-5.89295,34.26848],[-5.89295,34.26624]]],[[[-5.82108,34.26848],[-5.82108,34.2595],[-5.83905,34.26399],[-5.8368,34.27522],[-5.83231,34.27522],[-5.83456,34.26848],[-5.83007,34.26399],[-5.82333,34.26399],[-5.82108,34.26848]]],[[[-5.91316,34.26848],[-5.91316,34.27073],[-5.91091,34.27073],[-5.91091,34.26848],[-5.91316,34.26848]]],[[[-5.90867,34.27073],[-5.91091,34.27073],[-5.91091,34.27522],[-5.90867,34.27522],[-5.90867,34.27073]]],[[[-5.82557,34.26848],[-5.82557,34.27297],[-5.83231,34.27522],[-5.82782,34.27971],[-5.8368,34.28645],[-5.83007,34.2842],[-5.83007,34.28869],[-5.82333,34.28869],[-5.82557,34.28196],[-5.82108,34.2842],[-5.82108,34.27747],[-5.82557,34.26848]]],[[[-5.84803,34.27747],[-5.84803,34.28196],[-5.84354,34.27971],[-5.84354,34.27747],[-5.84803,34.27747]]],[[[-5.86151,34.28196],[-5.86151,34.2842],[-5.85926,34.2842],[-5.85926,34.28196],[-5.86151,34.28196]]],[[[-5.86151,34.28869],[-5.86151,34.2842],[-5.866,34.28645],[-5.866,34.28869],[-5.86151,34.28869]]],[[[-5.84579,34.29094],[-5.84579,34.29319],[-5.84354,34.29319],[-5.84354,34.29094],[-5.84579,34.29094]]],[[[-5.8368,34.29094],[-5.8368,34.29768],[-5.83007,34.29768],[-5.83007,34.29319],[-5.8368,34.29094]]],[[[-5.89744,34.29992],[-5.89744,34.30441],[-5.89519,34.30441],[-5.89519,34.29992],[-5.89744,34.29992]]],[[[-5.90642,34.30441],[-5.90642,34.30891],[-5.90418,34.30891],[-5.90193,34.30441],[-5.90642,34.30441]]],[[[-5.84354,34.30891],[-5.8413,34.30891],[-5.8413,34.30666],[-5.84354,34.30666],[-5.84354,34.30891]]],[[[-5.83905,34.30891],[-5.8413,34.31115],[-5.8368,34.31115],[-5.8368,34.30666],[-5.83905,34.30891]]],[[[-5.91091,34.31115],[-5.91091,34.3134],[-5.90642,34.3134],[-5.90642,34.31115],[-5.91091,34.31115]]],[[[-5.88621,34.3134],[-5.88621,34.31564],[-5.88397,34.31564],[-5.88397,34.3134],[-5.88621,34.3134]]],[[[-5.86375,34.3134],[-5.86375,34.31564],[-5.85926,34.31564],[-5.85926,34.3134],[-5.86375,34.3134]]],[[[-5.91091,34.32014],[-5.91091,34.32238],[-5.90867,34.32238],[-5.90867,34.32014],[-5.91091,34.32014]]],[[[-5.90193,34.32014],[-5.90418,34.32014],[-5.90418,34.32238],[-5.90193,34.32238],[-5.90193,34.32014]]],[[[-5.91091,34.32463],[-5.91091,34.32687],[-5.90642,34.32687],[-5.90642,34.32463],[-5.91091,34.32463]]],[[[-5.82557,34.33136],[-5.82557,34.32687],[-5.83007,34.32463],[-5.83231,34.32912],[-5.82557,34.33136]]],[[[-5.90867,34.32912],[-5.90867,34.33136],[-5.90418,34.33136],[-5.90418,34.32687],[-5.90867,34.32912]]],[[[-5.83905,34.32912],[-5.83905,34.33136],[-5.8368,34.33136],[-5.8368,34.32912],[-5.83905,34.32912]]],[[[-5.83456,34.32912],[-5.83456,34.33136],[-5.83231,34.33136],[-5.83231,34.32912],[-5.83456,34.32912]]],[[[-5.82108,34.32912],[-5.82108,34.33136],[-5.81884,34.33136],[-5.81884,34.32912],[-5.82108,34.32912]]],[[[-5.83007,34.33136],[-5.83007,34.33361],[-5.82782,34.33361],[-5.82782,34.33136],[-5.83007,34.33136]]],[[[-5.85252,34.33136],[-5.85252,34.33361],[-5.85028,34.33361],[-5.85028,34.33136],[-5.85252,34.33136]]],[[[-5.84579,34.33361],[-5.84354,34.33586],[-5.84354,34.33136],[-5.84803,34.33136],[-5.84579,34.33361]]],[[[-5.8413,34.33361],[-5.8413,34.33586],[-5.83456,34.33586],[-5.83456,34.33361],[-5.8413,34.33361]]],[[[-5.85477,34.33361],[-5.85477,34.33586],[-5.85252,34.33586],[-5.85252,34.33361],[-5.85477,34.33361]]],[[[-5.91091,34.33361],[-5.91091,34.33586],[-5.90867,34.33586],[-5.90867,34.33361],[-5.91091,34.33361]]],[[[-5.83456,34.33586],[-5.83456,34.3381],[-5.83231,34.3381],[-5.83231,34.33586],[-5.83456,34.33586]]],[[[-5.85926,34.34259],[-5.85926,34.34484],[-5.85702,34.34484],[-5.85702,34.34259],[-5.85926,34.34259]]],[[[-5.866,34.34259],[-5.866,34.34708],[-5.86375,34.34708],[-5.86375,34.34259],[-5.866,34.34259]]],[[[-5.86151,34.34484],[-5.86151,34.34708],[-5.85926,34.34708],[-5.85926,34.34484],[-5.86151,34.34484]]],[[[-5.86375,34.34708],[-5.86375,34.34933],[-5.86151,34.34933],[-5.86151,34.34708],[-5.86375,34.34708]]],[[[-5.81884,34.34933],[-5.81884,34.35382],[-5.81659,34.35382],[-5.81659,34.34933],[-5.81884,34.34933]]],[[[-5.87274,34.34933],[-5.87274,34.35382],[-5.87049,34.35382],[-5.87049,34.34933],[-5.87274,34.34933]]],[[[-5.88172,34.34933],[-5.88172,34.35382],[-5.87947,34.35382],[-5.87947,34.34933],[-5.88172,34.34933]]],[[[-5.87723,34.35382],[-5.87723,34.35607],[-5.87498,34.35607],[-5.87498,34.35382],[-5.87723,34.35382]]],[[[-5.89969,34.36281],[-5.89969,34.36505],[-5.89744,34.36505],[-5.89744,34.36281],[-5.89969,34.36281]]],[[[-5.82557,34.38077],[-5.82108,34.38302],[-5.82108,34.37853],[-5.82333,34.38077],[-5.82557,34.38077]]],[[[-5.82108,34.392],[-5.82108,34.39425],[-5.81884,34.39425],[-5.81884,34.392],[-5.82108,34.392]]],[[[-5.8413,34.392],[-5.8413,34.39425],[-5.83905,34.39425],[-5.83905,34.392],[-5.8413,34.392]]],[[[-5.85477,34.39649],[-5.85477,34.39874],[-5.85252,34.39874],[-5.85252,34.39649],[-5.85477,34.39649]]],[[[-5.85028,34.39649],[-5.85028,34.39874],[-5.84803,34.39874],[-5.84803,34.39649],[-5.85028,34.39649]]],[[[-5.82557,34.39874],[-5.82557,34.40098],[-5.82108,34.40098],[-5.82108,34.39874],[-5.82557,34.39874]]],[[[-5.83905,34.40098],[-5.83905,34.40323],[-5.8368,34.40323],[-5.8368,34.40098],[-5.83905,34.40098]]],[[[-5.85028,34.40323],[-5.85028,34.40548],[-5.84803,34.40548],[-5.84803,34.40323],[-5.85028,34.40323]]],[[[-5.82782,34.40323],[-5.83007,34.40323],[-5.83007,34.41895],[-5.82782,34.41895],[-5.82782,34.40323]]],[[[-5.86151,34.40997],[-5.86151,34.41221],[-5.85926,34.41221],[-5.85926,34.40997],[-5.86151,34.40997]]],[[[-5.83456,34.4212],[-5.83456,34.42344],[-5.83231,34.42344],[-5.83231,34.4212],[-5.83456,34.4212]]],[[[-5.89519,34.43018],[-5.8907,34.43242],[-5.8907,34.42793],[-5.89295,34.42793],[-5.89519,34.43018]]],[[[-5.89969,34.43916],[-5.89969,34.44141],[-5.89744,34.44141],[-5.89744,34.43916],[-5.89969,34.43916]]],[[[-5.88846,34.43916],[-5.88846,34.44141],[-5.88397,34.44141],[-5.88397,34.43916],[-5.88846,34.43916]]],[[[-5.90867,34.44141],[-5.90867,34.4459],[-5.90193,34.44365],[-5.90193,34.44141],[-5.90867,34.44141]]],[[[-5.89519,34.44365],[-5.89519,34.44815],[-5.89295,34.44815],[-5.89295,34.44365],[-5.89519,34.44365]]],[[[-5.90642,34.4459],[-5.90642,34.44815],[-5.90418,34.44815],[-5.90418,34.4459],[-5.90642,34.4459]]],[[[-5.89744,34.44815],[-5.89744,34.4459],[-5.90193,34.4459],[-5.89519,34.45039],[-5.89744,34.44815]]],[[[-5.8907,34.45039],[-5.8907,34.45264],[-5.88846,34.45264],[-5.88846,34.45039],[-5.8907,34.45039]]],[[[-5.88397,34.45039],[-5.88397,34.45264],[-5.88172,34.45264],[-5.88172,34.45039],[-5.88397,34.45039]]],[[[-5.88846,34.45264],[-5.88846,34.45488],[-5.88621,34.45488],[-5.88621,34.45264],[-5.88846,34.45264]]],[[[-5.88621,34.45488],[-5.88621,34.45713],[-5.88397,34.45713],[-5.88397,34.45488],[-5.88621,34.45488]]],[[[-5.86824,34.45488],[-5.86824,34.45713],[-5.866,34.45713],[-5.866,34.45488],[-5.86824,34.45488]]],[[[-5.85926,34.45713],[-5.86151,34.45713],[-5.86151,34.45937],[-5.85926,34.45937],[-5.85926,34.45713]]],[[[-5.89295,34.45264],[-5.89519,34.45039],[-5.89744,34.45713],[-5.90193,34.45713],[-5.90867,34.46611],[-5.90193,34.46611],[-5.89969,34.45937],[-5.89519,34.46162],[-5.89519,34.45713],[-5.8907,34.45713],[-5.89295,34.45264]]],[[[-5.87947,34.46611],[-5.87498,34.46387],[-5.87947,34.46162],[-5.87498,34.45713],[-5.88172,34.45713],[-5.87947,34.46611]]],[[[-5.89969,34.46162],[-5.89969,34.46387],[-5.89744,34.46387],[-5.89744,34.46162],[-5.89969,34.46162]]],[[[-5.85252,34.46162],[-5.85252,34.46387],[-5.85028,34.46387],[-5.85028,34.46162],[-5.85252,34.46162]]],[[[-5.8907,34.46387],[-5.88846,34.46611],[-5.88846,34.46162],[-5.89519,34.46162],[-5.8907,34.46387]]],[[[-5.87498,34.46611],[-5.87498,34.46836],[-5.87274,34.46836],[-5.87274,34.46611],[-5.87498,34.46611]]],[[[-5.90418,34.46836],[-5.90418,34.4706],[-5.89969,34.4706],[-5.89969,34.46836],[-5.90418,34.46836]]],[[[-5.90418,34.47285],[-5.90418,34.4706],[-5.90642,34.4706],[-5.90642,34.47285],[-5.90418,34.47285]]],[[[-5.88397,34.46836],[-5.89295,34.46836],[-5.89519,34.47734],[-5.88172,34.4706],[-5.88172,34.46611],[-5.88397,34.46836]]],[[[-5.89744,34.4706],[-5.89969,34.4706],[-5.89969,34.47509],[-5.89519,34.46836],[-5.89744,34.4706]]],[[[-5.87498,34.4706],[-5.87498,34.47285],[-5.87274,34.47285],[-5.87274,34.4706],[-5.87498,34.4706]]],[[[-5.90418,34.47285],[-5.90418,34.47509],[-5.90193,34.47509],[-5.90193,34.47285],[-5.90418,34.47285]]],[[[-5.88846,34.47509],[-5.88846,34.47959],[-5.88621,34.47959],[-5.88621,34.47509],[-5.88846,34.47509]]],[[[-5.89744,34.47734],[-5.89744,34.47959],[-5.89519,34.47959],[-5.89519,34.47734],[-5.89744,34.47734]]],[[[-5.8907,34.47734],[-5.89295,34.47734],[-5.89295,34.47959],[-5.8907,34.47959],[-5.8907,34.47734]]],[[[-5.91316,34.47959],[-5.91316,34.48183],[-5.90867,34.48183],[-5.90867,34.47959],[-5.91316,34.47959]]],[[[-5.90642,34.47734],[-5.90642,34.48632],[-5.90418,34.48632],[-5.90193,34.47734],[-5.90642,34.47734]]],[[[-5.89519,34.47959],[-5.89519,34.48408],[-5.89295,34.48408],[-5.89295,34.47959],[-5.89519,34.47959]]],[[[-5.90193,34.48408],[-5.90193,34.48632],[-5.89969,34.48632],[-5.89969,34.48408],[-5.90193,34.48408]]],[[[-5.90867,34.48632],[-5.90867,34.48857],[-5.90642,34.48857],[-5.90642,34.48632],[-5.90867,34.48632]]],[[[-5.91091,34.49082],[-5.91091,34.49306],[-5.90642,34.49306],[-5.90642,34.49082],[-5.91091,34.49082]]],[[[-5.80985,33.33423],[-5.80985,33.33648],[-5.80761,33.33648],[-5.80761,33.33423],[-5.80985,33.33423]]],[[[-5.76045,33.71153],[-5.76045,33.71377],[-5.7582,33.71377],[-5.7582,33.71153],[-5.76045,33.71153]]],[[[-5.74248,33.74072],[-5.74248,33.74297],[-5.74023,33.74297],[-5.74023,33.74072],[-5.74248,33.74072]]],[[[-5.75146,33.74072],[-5.75146,33.74297],[-5.74922,33.74297],[-5.74922,33.74072],[-5.75146,33.74072]]],[[[-5.77168,33.74297],[-5.77168,33.74521],[-5.76943,33.74521],[-5.76943,33.74297],[-5.77168,33.74297]]],[[[-5.7829,33.74971],[-5.7829,33.75195],[-5.78066,33.75195],[-5.78066,33.74971],[-5.7829,33.74971]]],[[[-5.76494,33.75869],[-5.76494,33.76093],[-5.76269,33.76093],[-5.76269,33.75869],[-5.76494,33.75869]]],[[[-5.76045,33.76543],[-5.76045,33.76767],[-5.7582,33.76767],[-5.7582,33.76543],[-5.76045,33.76543]]],[[[-5.77392,33.76992],[-5.77392,33.77216],[-5.77168,33.77216],[-5.77168,33.76992],[-5.77392,33.76992]]],[[[-5.76494,33.78788],[-5.76494,33.79013],[-5.76269,33.79013],[-5.76269,33.78788],[-5.76494,33.78788]]],[[[-5.76943,33.79911],[-5.76943,33.80136],[-5.76718,33.80136],[-5.76718,33.79911],[-5.76943,33.79911]]],[[[-5.81659,34.19437],[-5.82108,34.19213],[-5.81884,34.19662],[-5.8121,34.19662],[-5.81659,34.19437]]],[[[-5.80312,34.19437],[-5.80312,34.19662],[-5.79638,34.19662],[-5.79638,34.19437],[-5.80312,34.19437]]],[[[-5.76718,34.19662],[-5.76718,34.19886],[-5.76494,34.19886],[-5.76494,34.19662],[-5.76718,34.19662]]],[[[-5.8121,34.19662],[-5.8121,34.19886],[-5.80985,34.19886],[-5.80985,34.19662],[-5.8121,34.19662]]],[[[-5.75596,34.19662],[-5.75596,34.20111],[-5.75146,34.20111],[-5.75146,34.19886],[-5.75596,34.19662]]],[[[-5.79863,34.19886],[-5.79863,34.20111],[-5.79413,34.20111],[-5.79413,34.19886],[-5.79863,34.19886]]],[[[-5.78066,34.19886],[-5.78066,34.20111],[-5.77617,34.20111],[-5.77617,34.19886],[-5.78066,34.19886]]],[[[-5.80985,34.19886],[-5.80985,34.20111],[-5.80761,34.20111],[-5.80761,34.19886],[-5.80985,34.19886]]],[[[-5.78964,34.19886],[-5.78964,34.20111],[-5.7874,34.20111],[-5.7874,34.19886],[-5.78964,34.19886]]],[[[-5.74922,34.19886],[-5.74922,34.20111],[-5.74697,34.20111],[-5.74697,34.19886],[-5.74922,34.19886]]],[[[-5.74473,34.20111],[-5.74473,34.20335],[-5.74248,34.20335],[-5.74248,34.20111],[-5.74473,34.20111]]],[[[-5.79189,34.20111],[-5.79189,34.20335],[-5.78964,34.20335],[-5.78964,34.20111],[-5.79189,34.20111]]],[[[-5.78515,34.20111],[-5.78515,34.20335],[-5.7829,34.20335],[-5.7829,34.20111],[-5.78515,34.20111]]],[[[-5.77617,34.20335],[-5.76943,34.2056],[-5.76045,34.20111],[-5.76494,34.19886],[-5.77617,34.20335]]],[[[-5.75596,34.20335],[-5.75596,34.2056],[-5.75371,34.2056],[-5.75371,34.20335],[-5.75596,34.20335]]],[[[-5.75146,34.20335],[-5.75146,34.2056],[-5.74922,34.2056],[-5.74922,34.20335],[-5.75146,34.20335]]],[[[-5.76494,34.2056],[-5.76494,34.20785],[-5.76269,34.20785],[-5.76269,34.2056],[-5.76494,34.2056]]],[[[-5.74697,34.20785],[-5.74697,34.21009],[-5.74473,34.21009],[-5.74473,34.2056],[-5.74922,34.2056],[-5.74697,34.20785]]],[[[-5.79189,34.20785],[-5.79189,34.21234],[-5.78515,34.21458],[-5.7874,34.2056],[-5.80087,34.20335],[-5.79189,34.20785]]],[[[-5.7582,34.20785],[-5.7582,34.21009],[-5.75596,34.21009],[-5.75596,34.20785],[-5.7582,34.20785]]],[[[-5.76718,34.20785],[-5.76718,34.21009],[-5.76494,34.21009],[-5.76494,34.20785],[-5.76718,34.20785]]],[[[-5.7829,34.20785],[-5.78066,34.21458],[-5.77617,34.21234],[-5.77617,34.2056],[-5.7829,34.20785]]],[[[-5.77392,34.20785],[-5.77392,34.21234],[-5.77168,34.21234],[-5.77168,34.20785],[-5.77392,34.20785]]],[[[-5.74248,34.21009],[-5.74248,34.21234],[-5.74023,34.21234],[-5.74023,34.21009],[-5.74248,34.21009]]],[[[-5.80312,34.21009],[-5.80312,34.21234],[-5.80087,34.21234],[-5.80087,34.21009],[-5.80312,34.21009]]],[[[-5.77168,34.21234],[-5.77168,34.21458],[-5.76943,34.21458],[-5.76943,34.21234],[-5.77168,34.21234]]],[[[-5.79189,34.21683],[-5.79189,34.21458],[-5.79863,34.21458],[-5.79638,34.21907],[-5.79189,34.21683]]],[[[-5.74248,34.21683],[-5.74248,34.21907],[-5.74023,34.21907],[-5.74023,34.21683],[-5.74248,34.21683]]],[[[-5.74697,34.21683],[-5.74922,34.21683],[-5.74922,34.21907],[-5.74697,34.21907],[-5.74697,34.21683]]],[[[-5.78964,34.21683],[-5.78964,34.21907],[-5.78515,34.21907],[-5.78515,34.21683],[-5.78964,34.21683]]],[[[-5.78066,34.21683],[-5.78066,34.21907],[-5.77841,34.21907],[-5.77841,34.21683],[-5.78066,34.21683]]],[[[-5.80985,34.21907],[-5.80985,34.22132],[-5.80087,34.22132],[-5.80087,34.21907],[-5.80985,34.21907]]],[[[-5.75596,34.21907],[-5.75596,34.22132],[-5.75371,34.22132],[-5.75371,34.21907],[-5.75596,34.21907]]],[[[-5.81435,34.22132],[-5.81435,34.22357],[-5.80985,34.22357],[-5.80985,34.22132],[-5.81435,34.22132]]],[[[-5.75146,34.22132],[-5.75146,34.22357],[-5.74922,34.22357],[-5.74922,34.22132],[-5.75146,34.22132]]],[[[-5.80087,34.22132],[-5.80087,34.22357],[-5.79863,34.22357],[-5.79863,34.22132],[-5.80087,34.22132]]],[[[-5.7829,34.22132],[-5.7829,34.22357],[-5.77841,34.22357],[-5.77841,34.22132],[-5.7829,34.22132]]],[[[-5.77841,34.22357],[-5.77841,34.22581],[-5.77617,34.22581],[-5.77617,34.22357],[-5.77841,34.22357]]],[[[-5.80312,34.22357],[-5.80312,34.22581],[-5.80087,34.22581],[-5.80087,34.22357],[-5.80312,34.22357]]],[[[-5.74697,34.22357],[-5.74697,34.22581],[-5.74473,34.22581],[-5.74473,34.22357],[-5.74697,34.22357]]],[[[-5.7582,34.22357],[-5.7582,34.22806],[-5.75596,34.22806],[-5.75596,34.22357],[-5.7582,34.22357]]],[[[-5.77392,34.22581],[-5.77392,34.22806],[-5.76943,34.22806],[-5.76943,34.22581],[-5.77392,34.22581]]],[[[-5.80761,34.22581],[-5.80761,34.22806],[-5.80312,34.22806],[-5.80312,34.22581],[-5.80761,34.22581]]],[[[-5.81435,34.22806],[-5.81659,34.22806],[-5.81659,34.2303],[-5.81435,34.2303],[-5.81435,34.22806]]],[[[-5.78964,34.2303],[-5.7874,34.23255],[-5.7874,34.22806],[-5.79189,34.22806],[-5.78964,34.2303]]],[[[-5.79638,34.22806],[-5.79638,34.23255],[-5.79413,34.23255],[-5.79413,34.22806],[-5.79638,34.22806]]],[[[-5.80312,34.23255],[-5.80312,34.2303],[-5.80536,34.2303],[-5.80536,34.23255],[-5.80312,34.23255]]],[[[-5.80312,34.22806],[-5.80087,34.2348],[-5.79863,34.2348],[-5.79863,34.22806],[-5.80312,34.22806]]],[[[-5.80985,34.23255],[-5.80985,34.2348],[-5.80761,34.2348],[-5.80761,34.2303],[-5.8121,34.2303],[-5.80985,34.23255]]],[[[-5.76943,34.23255],[-5.76943,34.2348],[-5.76718,34.2348],[-5.76718,34.23255],[-5.76943,34.23255]]],[[[-5.77392,34.23255],[-5.77392,34.2348],[-5.77168,34.2348],[-5.77168,34.23255],[-5.77392,34.23255]]],[[[-5.78066,34.23255],[-5.78066,34.2348],[-5.77841,34.2348],[-5.77841,34.23255],[-5.78066,34.23255]]],[[[-5.79863,34.2348],[-5.79863,34.23704],[-5.79638,34.23704],[-5.79638,34.2348],[-5.79863,34.2348]]],[[[-5.81435,34.23704],[-5.81435,34.23929],[-5.80985,34.23929],[-5.80985,34.23704],[-5.81435,34.23704]]],[[[-5.77392,34.23704],[-5.77392,34.23929],[-5.77168,34.23929],[-5.77168,34.23704],[-5.77392,34.23704]]],[[[-5.78066,34.23704],[-5.78066,34.23929],[-5.77617,34.23929],[-5.77617,34.23704],[-5.78066,34.23704]]],[[[-5.78964,34.23929],[-5.78964,34.24153],[-5.7874,34.24153],[-5.7874,34.23929],[-5.78964,34.23929]]],[[[-5.78515,34.23929],[-5.78515,34.24378],[-5.7829,34.24378],[-5.7829,34.23929],[-5.78515,34.23929]]],[[[-5.74248,34.24153],[-5.74248,34.24378],[-5.74023,34.24378],[-5.74023,34.24153],[-5.74248,34.24153]]],[[[-5.81884,34.24153],[-5.81884,34.24602],[-5.81659,34.24602],[-5.81659,34.24153],[-5.81884,34.24153]]],[[[-5.81435,34.24378],[-5.81435,34.24602],[-5.8121,34.24602],[-5.8121,34.24378],[-5.81435,34.24378]]],[[[-5.78515,34.24602],[-5.78515,34.24827],[-5.7829,34.24827],[-5.7829,34.24602],[-5.78515,34.24602]]],[[[-5.79413,34.24602],[-5.79413,34.24827],[-5.78964,34.24827],[-5.78964,34.24602],[-5.79413,34.24602]]],[[[-5.81659,34.24602],[-5.81659,34.24827],[-5.81435,34.24827],[-5.81435,34.24602],[-5.81659,34.24602]]],[[[-5.78066,34.25052],[-5.77841,34.25276],[-5.77841,34.24827],[-5.7829,34.24827],[-5.78066,34.25052]]],[[[-5.80087,34.24827],[-5.80087,34.25276],[-5.79413,34.25052],[-5.79413,34.24827],[-5.80087,34.24827]]],[[[-5.78964,34.25052],[-5.78964,34.25276],[-5.7829,34.25276],[-5.7829,34.25052],[-5.78964,34.25052]]],[[[-5.74248,34.25052],[-5.74248,34.24827],[-5.75146,34.24827],[-5.74922,34.25501],[-5.74248,34.25052]]],[[[-5.8121,34.25276],[-5.8121,34.25501],[-5.80985,34.25501],[-5.80985,34.25276],[-5.8121,34.25276]]],[[[-5.79189,34.25276],[-5.79189,34.25501],[-5.78964,34.25501],[-5.78964,34.25276],[-5.79189,34.25276]]],[[[-5.74473,34.25276],[-5.74473,34.25501],[-5.74248,34.25501],[-5.74248,34.25276],[-5.74473,34.25276]]],[[[-5.80536,34.25725],[-5.80536,34.2595],[-5.79863,34.2595],[-5.79863,34.25501],[-5.80536,34.25725]]],[[[-5.74922,34.2595],[-5.74922,34.26174],[-5.74697,34.26174],[-5.74697,34.2595],[-5.74922,34.2595]]],[[[-5.81659,34.26174],[-5.8121,34.26174],[-5.81435,34.25725],[-5.81884,34.2595],[-5.81659,34.26174]]],[[[-5.80761,34.2595],[-5.80985,34.2595],[-5.80985,34.26399],[-5.80761,34.26399],[-5.80761,34.2595]]],[[[-5.80312,34.26174],[-5.80312,34.26399],[-5.80087,34.26399],[-5.80087,34.26174],[-5.80312,34.26174]]],[[[-5.74248,34.2595],[-5.74248,34.26624],[-5.74023,34.26624],[-5.74023,34.2595],[-5.74248,34.2595]]],[[[-5.76269,34.26399],[-5.76269,34.26624],[-5.76045,34.26624],[-5.76045,34.26399],[-5.76269,34.26399]]],[[[-5.8121,34.26399],[-5.8121,34.26624],[-5.80985,34.26624],[-5.80985,34.26399],[-5.8121,34.26399]]],[[[-5.75146,34.26399],[-5.75146,34.26848],[-5.74922,34.26848],[-5.74922,34.26399],[-5.75146,34.26399]]],[[[-5.79863,34.26624],[-5.79863,34.26848],[-5.79189,34.26848],[-5.79189,34.26624],[-5.79863,34.26624]]],[[[-5.76269,34.26848],[-5.76269,34.27073],[-5.76045,34.27073],[-5.76045,34.26848],[-5.76269,34.26848]]],[[[-5.75596,34.27073],[-5.75596,34.27297],[-5.75371,34.27297],[-5.75371,34.27073],[-5.75596,34.27073]]],[[[-5.80761,34.27522],[-5.80761,34.26848],[-5.81435,34.26848],[-5.81435,34.27522],[-5.80761,34.27522]]],[[[-5.76494,34.27297],[-5.76494,34.27747],[-5.76045,34.27522],[-5.76045,34.27297],[-5.76494,34.27297]]],[[[-5.80536,34.27747],[-5.80761,34.27522],[-5.80312,34.28196],[-5.80312,34.27747],[-5.80536,34.27747]]],[[[-5.75146,34.27747],[-5.75146,34.28196],[-5.74473,34.27971],[-5.74473,34.27747],[-5.75146,34.27747]]],[[[-5.79638,34.27747],[-5.79638,34.28196],[-5.78964,34.27971],[-5.78964,34.27747],[-5.79638,34.27747]]],[[[-5.7874,34.27747],[-5.7874,34.2842],[-5.78515,34.2842],[-5.78515,34.27747],[-5.7874,34.27747]]],[[[-5.74473,34.28196],[-5.74697,34.28196],[-5.74697,34.2842],[-5.74248,34.2842],[-5.74248,34.27971],[-5.74473,34.28196]]],[[[-5.76269,34.27971],[-5.76269,34.2842],[-5.7582,34.2842],[-5.7582,34.27971],[-5.76269,34.27971]]],[[[-5.75596,34.27971],[-5.75596,34.28645],[-5.75371,34.28645],[-5.75371,34.27971],[-5.75596,34.27971]]],[[[-5.81659,34.28196],[-5.81659,34.2842],[-5.81435,34.2842],[-5.81435,34.28196],[-5.81659,34.28196]]],[[[-5.78964,34.2842],[-5.78964,34.28645],[-5.7874,34.28645],[-5.7874,34.2842],[-5.78964,34.2842]]],[[[-5.75146,34.2842],[-5.75146,34.28645],[-5.74922,34.28645],[-5.74922,34.2842],[-5.75146,34.2842]]],[[[-5.80761,34.2842],[-5.80761,34.28645],[-5.80536,34.28645],[-5.80536,34.2842],[-5.80761,34.2842]]],[[[-5.76718,34.2842],[-5.76718,34.28645],[-5.76494,34.28645],[-5.76494,34.2842],[-5.76718,34.2842]]],[[[-5.81435,34.28645],[-5.81435,34.28869],[-5.8121,34.28869],[-5.8121,34.28645],[-5.81435,34.28645]]],[[[-5.74922,34.28645],[-5.74922,34.29094],[-5.74697,34.29094],[-5.74697,34.28645],[-5.74922,34.28645]]],[[[-5.76943,34.28869],[-5.76943,34.29094],[-5.76718,34.29094],[-5.76718,34.28869],[-5.76943,34.28869]]],[[[-5.76494,34.29319],[-5.76269,34.28869],[-5.76943,34.29319],[-5.76943,34.29768],[-5.76494,34.29319]]],[[[-5.76045,34.29319],[-5.76269,34.29319],[-5.76269,34.29543],[-5.76045,34.29543],[-5.76045,34.29319]]],[[[-5.77392,34.29543],[-5.77392,34.29992],[-5.77168,34.29992],[-5.77168,34.29543],[-5.77392,34.29543]]],[[[-5.81884,34.29992],[-5.81884,34.30217],[-5.81659,34.30217],[-5.81659,34.29992],[-5.81884,34.29992]]],[[[-5.77617,34.29992],[-5.77841,34.29992],[-5.77841,34.30441],[-5.77617,34.30441],[-5.77617,34.29992]]],[[[-5.77392,34.30217],[-5.77392,34.30441],[-5.77168,34.30441],[-5.77168,34.30217],[-5.77392,34.30217]]],[[[-5.76269,34.30441],[-5.76269,34.30666],[-5.74248,34.30666],[-5.74248,34.30441],[-5.76269,34.30441]]],[[[-5.77617,34.30666],[-5.77617,34.30891],[-5.77392,34.30891],[-5.77392,34.30666],[-5.77617,34.30666]]],[[[-5.76494,34.30666],[-5.76494,34.31115],[-5.76269,34.31115],[-5.76269,34.30666],[-5.76494,34.30666]]],[[[-5.79863,34.30891],[-5.79863,34.31115],[-5.79638,34.31115],[-5.79638,34.30891],[-5.79863,34.30891]]],[[[-5.77841,34.31115],[-5.77841,34.3134],[-5.76494,34.3134],[-5.76494,34.31115],[-5.77841,34.31115]]],[[[-5.77841,34.31789],[-5.77841,34.32014],[-5.77617,34.32014],[-5.77617,34.31789],[-5.77841,34.31789]]],[[[-5.7874,34.31789],[-5.7874,34.32014],[-5.7829,34.32014],[-5.7829,34.31789],[-5.7874,34.31789]]],[[[-5.79638,34.32014],[-5.79638,34.32463],[-5.79413,34.32463],[-5.79413,34.32014],[-5.79638,34.32014]]],[[[-5.80536,34.32912],[-5.80312,34.32238],[-5.80761,34.32014],[-5.80985,34.32912],[-5.80536,34.32912]]],[[[-5.78066,34.32463],[-5.78066,34.32687],[-5.77841,34.32687],[-5.77841,34.32463],[-5.78066,34.32463]]],[[[-5.80312,34.32463],[-5.80312,34.32687],[-5.80087,34.32687],[-5.80087,34.32463],[-5.80312,34.32463]]],[[[-5.80536,34.32912],[-5.80536,34.33136],[-5.80312,34.33136],[-5.80312,34.32912],[-5.80536,34.32912]]],[[[-5.76943,34.33136],[-5.76943,34.33361],[-5.76718,34.33361],[-5.76718,34.33136],[-5.76943,34.33136]]],[[[-5.80536,34.33361],[-5.80536,34.33586],[-5.80087,34.33586],[-5.80087,34.33361],[-5.80536,34.33361]]],[[[-5.79189,34.33361],[-5.79189,34.33586],[-5.78515,34.33586],[-5.78515,34.33361],[-5.79189,34.33361]]],[[[-5.81659,34.34035],[-5.8121,34.33361],[-5.82108,34.33361],[-5.81884,34.34035],[-5.81659,34.34035]]],[[[-5.76718,34.34484],[-5.76718,34.34708],[-5.76494,34.34708],[-5.76494,34.34484],[-5.76718,34.34484]]],[[[-5.81659,34.34484],[-5.81659,34.34708],[-5.81435,34.34708],[-5.81435,34.34484],[-5.81659,34.34484]]],[[[-5.79413,34.33586],[-5.79413,34.36056],[-5.79189,34.36056],[-5.79189,34.33586],[-5.79413,34.33586]]],[[[-5.80087,34.36281],[-5.80087,34.36954],[-5.79863,34.36954],[-5.79863,34.36281],[-5.80087,34.36281]]],[[[-5.80087,34.37179],[-5.80087,34.36954],[-5.80761,34.36954],[-5.80761,34.37179],[-5.80087,34.37179]]],[[[-5.8121,34.50654],[-5.8121,34.50878],[-5.80985,34.50878],[-5.80985,34.50654],[-5.8121,34.50654]]],[[[-5.77617,34.52899],[-5.77617,34.53124],[-5.77392,34.53124],[-5.77392,34.52899],[-5.77617,34.52899]]],[[[-5.74023,33.73848],[-5.74023,33.74072],[-5.73799,33.74072],[-5.73799,33.73848],[-5.74023,33.73848]]],[[[-5.59201,34.10903],[-5.59201,34.11128],[-5.58977,34.11128],[-5.58977,34.10903],[-5.59201,34.10903]]],[[[-5.57854,34.10903],[-5.57854,34.11128],[-5.57629,34.11128],[-5.57629,34.10903],[-5.57854,34.10903]]],[[[-5.57629,34.11352],[-5.57629,34.11577],[-5.57405,34.11577],[-5.57405,34.11352],[-5.57629,34.11352]]],[[[-5.58078,34.11352],[-5.58078,34.11577],[-5.57854,34.11577],[-5.57854,34.11352],[-5.58078,34.11352]]],[[[-5.58752,34.11577],[-5.58752,34.11801],[-5.58528,34.11801],[-5.58528,34.11352],[-5.58977,34.11352],[-5.58752,34.11577]]],[[[-5.58078,34.11577],[-5.58303,34.11577],[-5.58303,34.11801],[-5.58078,34.11801],[-5.58078,34.11577]]],[[[-5.57405,34.11577],[-5.57405,34.11801],[-5.5718,34.11801],[-5.5718,34.11577],[-5.57405,34.11577]]],[[[-5.65714,34.11801],[-5.65714,34.12026],[-5.65265,34.12026],[-5.65265,34.11801],[-5.65714,34.11801]]],[[[-5.5965,34.12026],[-5.5965,34.12251],[-5.59426,34.12251],[-5.59426,34.12026],[-5.5965,34.12026]]],[[[-5.66837,34.12026],[-5.66837,34.12251],[-5.66163,34.12251],[-5.66163,34.12026],[-5.66837,34.12026]]],[[[-5.67735,34.12026],[-5.67735,34.12251],[-5.67511,34.12251],[-5.67511,34.12026],[-5.67735,34.12026]]],[[[-5.58303,34.12026],[-5.58303,34.12475],[-5.58078,34.12475],[-5.58078,34.12026],[-5.58303,34.12026]]],[[[-5.68409,34.12026],[-5.68409,34.12475],[-5.68184,34.12475],[-5.68184,34.12026],[-5.68409,34.12026]]],[[[-5.69307,34.12251],[-5.69307,34.12475],[-5.69083,34.12475],[-5.69083,34.12251],[-5.69307,34.12251]]],[[[-5.59201,34.12251],[-5.59201,34.12475],[-5.58977,34.12475],[-5.58977,34.12251],[-5.59201,34.12251]]],[[[-5.57854,34.12251],[-5.57854,34.12475],[-5.57629,34.12475],[-5.57629,34.12251],[-5.57854,34.12251]]],[[[-5.68858,34.12251],[-5.68858,34.12475],[-5.68634,34.12475],[-5.68634,34.12251],[-5.68858,34.12251]]],[[[-5.69756,34.12475],[-5.69756,34.127],[-5.69307,34.127],[-5.69307,34.12475],[-5.69756,34.12475]]],[[[-5.58528,34.12475],[-5.58528,34.127],[-5.58303,34.127],[-5.58303,34.12475],[-5.58528,34.12475]]],[[[-5.58528,34.12924],[-5.58528,34.127],[-5.58752,34.127],[-5.58752,34.12924],[-5.58528,34.12924]]],[[[-5.67735,34.13149],[-5.6796,34.13149],[-5.6796,34.13374],[-5.67735,34.13374],[-5.67735,34.13149]]],[[[-5.61896,34.13823],[-5.61447,34.13823],[-5.61447,34.13598],[-5.61896,34.13598],[-5.61896,34.13823]]],[[[-5.61222,34.13823],[-5.61447,34.13823],[-5.61447,34.14047],[-5.61222,34.14047],[-5.61222,34.13823]]],[[[-5.58303,34.14047],[-5.58303,34.14272],[-5.58078,34.14272],[-5.58078,34.14047],[-5.58303,34.14047]]],[[[-5.56057,34.14047],[-5.56057,34.14272],[-5.55833,34.14272],[-5.55833,34.14047],[-5.56057,34.14047]]],[[[-5.60998,34.14496],[-5.60998,34.14721],[-5.60773,34.14721],[-5.60773,34.14496],[-5.60998,34.14496]]],[[[-5.62121,34.14496],[-5.62121,34.14721],[-5.61896,34.14721],[-5.61896,34.14496],[-5.62121,34.14496]]],[[[-5.59875,34.14721],[-5.5965,34.14721],[-5.5965,34.14496],[-5.59875,34.14496],[-5.59875,34.14721]]],[[[-5.59426,34.14721],[-5.5965,34.14721],[-5.5965,34.14946],[-5.59426,34.14946],[-5.59426,34.14721]]],[[[-5.601,34.14721],[-5.601,34.14946],[-5.59875,34.14946],[-5.59875,34.14721],[-5.601,34.14721]]],[[[-5.59426,34.14946],[-5.59426,34.1517],[-5.59201,34.1517],[-5.59201,34.14946],[-5.59426,34.14946]]],[[[-5.63468,34.14946],[-5.63468,34.1517],[-5.63244,34.1517],[-5.63244,34.14946],[-5.63468,34.14946]]],[[[-5.47299,34.15395],[-5.47299,34.15619],[-5.47074,34.15619],[-5.47074,34.15395],[-5.47299,34.15395]]],[[[-5.70655,34.15619],[-5.70655,34.15844],[-5.69981,34.15844],[-5.69981,34.15619],[-5.70655,34.15619]]],[[[-5.49994,34.15844],[-5.49994,34.16068],[-5.49769,34.16068],[-5.49769,34.15844],[-5.49994,34.15844]]],[[[-5.49095,34.15619],[-5.4932,34.15619],[-5.4932,34.16293],[-5.49095,34.16293],[-5.49095,34.15619]]],[[[-5.49769,34.16068],[-5.49769,34.16293],[-5.49544,34.16293],[-5.49544,34.16068],[-5.49769,34.16068]]],[[[-5.7043,34.16068],[-5.7043,34.16293],[-5.70206,34.16293],[-5.70206,34.16068],[-5.7043,34.16068]]],[[[-5.56057,34.16068],[-5.56057,34.16293],[-5.55833,34.16293],[-5.55833,34.16068],[-5.56057,34.16068]]],[[[-5.54036,34.16068],[-5.54036,34.16293],[-5.53811,34.16293],[-5.53811,34.16068],[-5.54036,34.16068]]],[[[-5.60549,34.16068],[-5.60549,34.16293],[-5.60324,34.16293],[-5.60324,34.16068],[-5.60549,34.16068]]],[[[-5.64367,34.16068],[-5.64367,34.16293],[-5.64142,34.16293],[-5.64142,34.16068],[-5.64367,34.16068]]],[[[-5.65939,34.16293],[-5.65939,34.16518],[-5.65714,34.16518],[-5.65714,34.16293],[-5.65939,34.16293]]],[[[-5.4932,34.16518],[-5.4932,34.16742],[-5.49095,34.16742],[-5.49095,34.16518],[-5.4932,34.16518]]],[[[-5.62795,34.16742],[-5.62795,34.16967],[-5.6257,34.16967],[-5.6257,34.16742],[-5.62795,34.16742]]],[[[-5.50443,34.16742],[-5.50443,34.16967],[-5.50218,34.16967],[-5.50218,34.16742],[-5.50443,34.16742]]],[[[-5.49544,34.16967],[-5.49544,34.17191],[-5.4932,34.17191],[-5.4932,34.16967],[-5.49544,34.16967]]],[[[-5.49769,34.17416],[-5.49769,34.1764],[-5.49544,34.1764],[-5.49544,34.17416],[-5.49769,34.17416]]],[[[-5.53587,34.17191],[-5.53587,34.17865],[-5.53138,34.17865],[-5.53362,34.17191],[-5.53587,34.17191]]],[[[-5.69307,34.1764],[-5.69307,34.17865],[-5.69083,34.17865],[-5.69083,34.1764],[-5.69307,34.1764]]],[[[-5.56955,34.1764],[-5.56955,34.17865],[-5.56731,34.17865],[-5.56731,34.1764],[-5.56955,34.1764]]],[[[-5.4932,34.1764],[-5.4932,34.17865],[-5.49095,34.17865],[-5.49095,34.1764],[-5.4932,34.1764]]],[[[-5.63693,34.1764],[-5.63693,34.17865],[-5.63468,34.17865],[-5.63468,34.1764],[-5.63693,34.1764]]],[[[-5.47972,34.1764],[-5.47972,34.17865],[-5.47748,34.17865],[-5.47748,34.1764],[-5.47972,34.1764]]],[[[-5.67062,34.17865],[-5.67062,34.1809],[-5.66837,34.1809],[-5.66837,34.17865],[-5.67062,34.17865]]],[[[-5.53138,34.17865],[-5.53138,34.1809],[-5.52913,34.1809],[-5.52913,34.17865],[-5.53138,34.17865]]],[[[-5.48646,34.17865],[-5.48646,34.1809],[-5.48197,34.1809],[-5.48197,34.17865],[-5.48646,34.17865]]],[[[-5.69981,34.17865],[-5.69981,34.1809],[-5.69756,34.1809],[-5.69756,34.17865],[-5.69981,34.17865]]],[[[-5.49769,34.17865],[-5.49769,34.18314],[-5.4932,34.1809],[-5.4932,34.17865],[-5.49769,34.17865]]],[[[-5.65714,34.18314],[-5.65714,34.18539],[-5.65489,34.18539],[-5.65489,34.18314],[-5.65714,34.18314]]],[[[-5.66612,34.18314],[-5.66612,34.18539],[-5.66388,34.18539],[-5.66388,34.18314],[-5.66612,34.18314]]],[[[-5.46625,34.18314],[-5.46625,34.18539],[-5.464,34.18539],[-5.464,34.18314],[-5.46625,34.18314]]],[[[-5.67062,34.18314],[-5.67062,34.18763],[-5.66837,34.18763],[-5.66837,34.18314],[-5.67062,34.18314]]],[[[-5.49769,34.18539],[-5.49769,34.18763],[-5.49544,34.18763],[-5.49544,34.18539],[-5.49769,34.18539]]],[[[-5.48871,34.18539],[-5.48871,34.18763],[-5.48646,34.18763],[-5.48646,34.18539],[-5.48871,34.18539]]],[[[-5.49544,34.18763],[-5.49544,34.18988],[-5.4932,34.18988],[-5.4932,34.18763],[-5.49544,34.18763]]],[[[-5.66612,34.18988],[-5.66837,34.18988],[-5.66837,34.19213],[-5.66612,34.19213],[-5.66612,34.18988]]],[[[-5.4932,34.18988],[-5.4932,34.19437],[-5.49095,34.19437],[-5.49095,34.18988],[-5.4932,34.18988]]],[[[-5.72002,34.19662],[-5.72002,34.19886],[-5.71778,34.19886],[-5.71778,34.19662],[-5.72002,34.19662]]],[[[-5.49544,34.20111],[-5.49095,34.20335],[-5.49095,34.19662],[-5.4932,34.20111],[-5.49544,34.20111]]],[[[-5.72227,34.19886],[-5.72227,34.20111],[-5.72002,34.20111],[-5.72002,34.19886],[-5.72227,34.19886]]],[[[-5.66163,34.19662],[-5.66163,34.2056],[-5.65714,34.2056],[-5.65714,34.20111],[-5.66163,34.19662]]],[[[-5.72676,34.20111],[-5.72676,34.20335],[-5.72227,34.20335],[-5.72227,34.20111],[-5.72676,34.20111]]],[[[-5.7335,34.20111],[-5.7335,34.20335],[-5.73125,34.20335],[-5.73125,34.20111],[-5.7335,34.20111]]],[[[-5.73799,34.20335],[-5.73799,34.2056],[-5.73574,34.2056],[-5.73574,34.20335],[-5.73799,34.20335]]],[[[-5.47972,34.2056],[-5.47748,34.20785],[-5.47748,34.20335],[-5.48197,34.20335],[-5.47972,34.2056]]],[[[-5.71329,34.2056],[-5.71329,34.20785],[-5.71104,34.20785],[-5.71104,34.2056],[-5.71329,34.2056]]],[[[-5.71778,34.2056],[-5.71778,34.20785],[-5.71553,34.20785],[-5.71553,34.2056],[-5.71778,34.2056]]],[[[-5.73125,34.21009],[-5.73125,34.2056],[-5.73574,34.20785],[-5.73574,34.21234],[-5.73125,34.21009]]],[[[-5.48197,34.21009],[-5.47523,34.21234],[-5.47523,34.20785],[-5.47748,34.21009],[-5.48197,34.21009]]],[[[-5.63019,34.21009],[-5.63019,34.21234],[-5.62795,34.21234],[-5.62795,34.21009],[-5.63019,34.21009]]],[[[-5.49095,34.21009],[-5.4932,34.21009],[-5.4932,34.21234],[-5.49095,34.21234],[-5.49095,34.21009]]],[[[-5.65714,34.21234],[-5.65714,34.21683],[-5.65489,34.21683],[-5.65489,34.21234],[-5.65714,34.21234]]],[[[-5.74023,34.21458],[-5.74023,34.21683],[-5.73799,34.21683],[-5.73799,34.21458],[-5.74023,34.21458]]],[[[-5.63019,34.21458],[-5.63019,34.21907],[-5.62795,34.21907],[-5.62795,34.21458],[-5.63019,34.21458]]],[[[-5.72002,34.21683],[-5.72002,34.21907],[-5.71778,34.21907],[-5.71778,34.21683],[-5.72002,34.21683]]],[[[-5.71553,34.21907],[-5.71553,34.22132],[-5.71329,34.22132],[-5.71329,34.21907],[-5.71553,34.21907]]],[[[-5.72901,34.22581],[-5.72901,34.22806],[-5.72676,34.22806],[-5.72676,34.22581],[-5.72901,34.22581]]],[[[-5.70655,34.22806],[-5.70655,34.2303],[-5.7043,34.2303],[-5.7043,34.22806],[-5.70655,34.22806]]],[[[-5.70879,34.2303],[-5.70879,34.22806],[-5.71329,34.22581],[-5.71329,34.23255],[-5.70879,34.2303]]],[[[-5.6796,34.22806],[-5.6796,34.2303],[-5.67735,34.2303],[-5.67735,34.22806],[-5.6796,34.22806]]],[[[-5.7335,34.22806],[-5.7335,34.2303],[-5.72901,34.2303],[-5.72901,34.22806],[-5.7335,34.22806]]],[[[-5.72901,34.2303],[-5.72451,34.23255],[-5.72451,34.22806],[-5.72676,34.2303],[-5.72901,34.2303]]],[[[-5.74023,34.2303],[-5.74023,34.23255],[-5.73799,34.23255],[-5.73799,34.2303],[-5.74023,34.2303]]],[[[-5.7043,34.23255],[-5.7043,34.2348],[-5.70206,34.2348],[-5.70206,34.23255],[-5.7043,34.23255]]],[[[-5.73799,34.23255],[-5.73799,34.2348],[-5.73574,34.2348],[-5.73574,34.23255],[-5.73799,34.23255]]],[[[-5.69532,34.2348],[-5.69756,34.2348],[-5.69756,34.23929],[-5.69307,34.23929],[-5.69532,34.2348]]],[[[-5.74248,34.2348],[-5.74248,34.23929],[-5.73799,34.23929],[-5.73799,34.23704],[-5.74248,34.2348]]],[[[-5.68858,34.23704],[-5.68858,34.23929],[-5.68634,34.23929],[-5.68634,34.23704],[-5.68858,34.23704]]],[[[-5.69532,34.24153],[-5.69532,34.24378],[-5.69307,34.24378],[-5.69307,34.24153],[-5.69532,34.24153]]],[[[-5.69532,34.24602],[-5.69532,34.24378],[-5.69756,34.24378],[-5.69756,34.24602],[-5.69532,34.24602]]],[[[-5.70879,34.24602],[-5.70879,34.24827],[-5.70655,34.24827],[-5.70655,34.24602],[-5.70879,34.24602]]],[[[-5.72002,34.24602],[-5.72002,34.24827],[-5.71778,34.24827],[-5.71778,34.24602],[-5.72002,34.24602]]],[[[-5.74023,34.24602],[-5.74023,34.24827],[-5.73799,34.24827],[-5.73799,34.24602],[-5.74023,34.24602]]],[[[-5.70206,34.25052],[-5.70206,34.25276],[-5.69981,34.25276],[-5.69981,34.25052],[-5.70206,34.25052]]],[[[-5.70655,34.25725],[-5.70655,34.2595],[-5.70206,34.2595],[-5.70206,34.25725],[-5.70655,34.25725]]],[[[-5.71329,34.2595],[-5.71329,34.26174],[-5.71104,34.26174],[-5.71104,34.2595],[-5.71329,34.2595]]],[[[-5.71104,34.26174],[-5.71104,34.26399],[-5.70879,34.26399],[-5.70879,34.26174],[-5.71104,34.26174]]],[[[-5.73125,34.26174],[-5.73125,34.26624],[-5.72901,34.26624],[-5.72901,34.26174],[-5.73125,34.26174]]],[[[-5.72227,34.26624],[-5.72227,34.26399],[-5.72451,34.26399],[-5.72451,34.26624],[-5.72227,34.26624]]],[[[-5.72451,34.26174],[-5.71553,34.26399],[-5.72227,34.26848],[-5.71329,34.26848],[-5.71329,34.26174],[-5.72451,34.26174]]],[[[-5.69981,34.26174],[-5.69981,34.26848],[-5.69756,34.26848],[-5.69756,34.26174],[-5.69981,34.26174]]],[[[-5.73574,34.26848],[-5.7335,34.27073],[-5.7335,34.26624],[-5.73799,34.26624],[-5.73574,34.26848]]],[[[-5.70655,34.26848],[-5.70655,34.27522],[-5.7043,34.27522],[-5.7043,34.26848],[-5.70655,34.26848]]],[[[-5.71104,34.27073],[-5.71104,34.27297],[-5.70879,34.27297],[-5.70879,34.27073],[-5.71104,34.27073]]],[[[-5.73125,34.27522],[-5.73574,34.27522],[-5.73574,34.27073],[-5.74023,34.27297],[-5.74248,34.26848],[-5.74697,34.26848],[-5.74697,34.27522],[-5.74023,34.27522],[-5.73799,34.27971],[-5.73125,34.27522]],[[-5.74248,34.27297],[-5.74473,34.27297],[-5.74473,34.27073],[-5.74248,34.27073],[-5.74248,34.27297]]],[[[-5.71329,34.27522],[-5.71329,34.27747],[-5.70655,34.27747],[-5.70655,34.27522],[-5.71329,34.27522]]],[[[-5.72901,34.27747],[-5.72901,34.27971],[-5.72451,34.27971],[-5.72451,34.27747],[-5.72901,34.27747]]],[[[-5.73574,34.27971],[-5.73574,34.28196],[-5.73125,34.28196],[-5.73125,34.27971],[-5.73574,34.27971]]],[[[-5.74023,34.27971],[-5.74023,34.28196],[-5.73799,34.28196],[-5.73799,34.27971],[-5.74023,34.27971]]],[[[-5.72227,34.28196],[-5.72227,34.2842],[-5.72002,34.2842],[-5.72002,34.28196],[-5.72227,34.28196]]],[[[-5.71778,34.28196],[-5.71778,34.2842],[-5.71553,34.2842],[-5.71553,34.28196],[-5.71778,34.28196]]],[[[-5.74473,34.28645],[-5.74473,34.29094],[-5.73799,34.28869],[-5.73574,34.28196],[-5.74473,34.28645]]],[[[-5.72227,34.28869],[-5.72227,34.29094],[-5.72002,34.29094],[-5.72002,34.28869],[-5.72227,34.28869]]],[[[-5.44379,34.40548],[-5.44379,34.40772],[-5.44154,34.40772],[-5.44154,34.40548],[-5.44379,34.40548]]],[[[-5.464,34.47734],[-5.464,34.47959],[-5.46176,34.47959],[-5.46176,34.47734],[-5.464,34.47734]]],[[[-5.59426,34.55145],[-5.59426,34.5537],[-5.59201,34.5537],[-5.59201,34.55145],[-5.59426,34.55145]]]]}},{"type":"Feature","id":3,"properties":{"id":3,"risk_code":"moderate","risk_class":3,"name":"Susceptibilité modérée","area_km2":167.0,"pct":0.95,"color":"#fee08b","border":"#b8860b","source":"Gradient Tree Boosting (GTB) — apprentissage automatique supervisé","model":"GTB (Gradient Boosting Trees), classification en 5 classes a partir de facteurs conditionnants (pluviometrie, pente, TWI, distance aux rivieres, occupation du sol, elevation, densite de drainage)","note":"Modele entraine sur inventaire d'inondations historiques ; sortie raster reclassee en 5 classes et vectorisee, decoupee sur la limite officielle RSK"},"geometry":{"type":"MultiPolygon","coordinates":[[[[-6.48584,33.91589],[-6.48808,33.91589],[-6.48808,33.91814],[-6.48584,33.91814],[-6.48584,33.91589]]],[[[-6.74859,33.92263],[-6.74859,33.92712],[-6.74635,33.92712],[-6.74635,33.92263],[-6.74859,33.92263]]],[[[-6.74859,33.92937],[-6.74859,33.93161],[-6.74635,33.93161],[-6.74635,33.92937],[-6.74859,33.92937]]],[[[-6.72838,33.93611],[-6.73063,33.93611],[-6.73063,33.93835],[-6.72838,33.93835],[-6.72838,33.93611]]],[[[-6.72614,33.93835],[-6.72614,33.9406],[-6.72389,33.9406],[-6.72389,33.93835],[-6.72614,33.93835]]],[[[-6.58914,33.94958],[-6.58914,33.95183],[-6.5869,33.95183],[-6.5869,33.94958],[-6.58914,33.94958]]],[[[-6.71715,33.96081],[-6.71266,33.95632],[-6.71266,33.94958],[-6.71715,33.94958],[-6.71715,33.96081]]],[[[-6.77554,33.95407],[-6.77554,33.95632],[-6.7733,33.95632],[-6.7733,33.95407],[-6.77554,33.95407]]],[[[-6.86987,33.95407],[-6.86987,33.95856],[-6.86762,33.95856],[-6.86762,33.95407],[-6.86987,33.95407]]],[[[-6.76656,33.96081],[-6.77105,33.96081],[-6.77105,33.96306],[-6.76656,33.96306],[-6.76656,33.96081]]],[[[-6.7441,33.96306],[-6.7441,33.9653],[-6.74186,33.9653],[-6.74186,33.96306],[-6.7441,33.96306]]],[[[-6.80025,33.9653],[-6.80025,33.96755],[-6.798,33.96755],[-6.798,33.9653],[-6.80025,33.9653]]],[[[-6.75982,33.96755],[-6.76431,33.96755],[-6.76431,33.96979],[-6.75982,33.96979],[-6.75982,33.96755]]],[[[-6.73961,33.96755],[-6.73961,33.97204],[-6.73736,33.97204],[-6.73736,33.96755],[-6.73961,33.96755]]],[[[-6.76656,33.96979],[-6.76656,33.97204],[-6.76431,33.97204],[-6.76431,33.96979],[-6.76656,33.96979]]],[[[-6.88783,33.97204],[-6.89008,33.97204],[-6.89008,33.97428],[-6.88783,33.97428],[-6.88783,33.97204]]],[[[-6.76431,33.97204],[-6.76431,33.97428],[-6.76207,33.97428],[-6.76207,33.97204],[-6.76431,33.97204]]],[[[-6.77105,33.97204],[-6.77105,33.97653],[-6.76881,33.97653],[-6.76881,33.97204],[-6.77105,33.97204]]],[[[-6.50829,33.97428],[-6.51054,33.97428],[-6.51054,33.97653],[-6.50829,33.97653],[-6.50829,33.97428]]],[[[-6.57118,33.97428],[-6.57118,33.97653],[-6.56893,33.97653],[-6.56893,33.97428],[-6.57118,33.97428]]],[[[-6.53524,33.97653],[-6.53524,33.97878],[-6.533,33.97878],[-6.533,33.97653],[-6.53524,33.97653]]],[[[-6.77105,33.97653],[-6.7733,33.97653],[-6.7733,33.97878],[-6.77105,33.97878],[-6.77105,33.97653]]],[[[-6.76431,33.97653],[-6.76431,33.97878],[-6.76207,33.97878],[-6.76207,33.97653],[-6.76431,33.97653]]],[[[-6.51279,33.97878],[-6.51279,33.98102],[-6.51054,33.98102],[-6.51054,33.97878],[-6.51279,33.97878]]],[[[-6.76431,33.97878],[-6.76656,33.97878],[-6.76656,33.98102],[-6.76431,33.98102],[-6.76431,33.97878]]],[[[-6.7733,33.98102],[-6.77779,33.97878],[-6.78228,33.98327],[-6.77554,33.98327],[-6.7733,33.98102]]],[[[-6.87436,33.98102],[-6.87436,33.98327],[-6.87211,33.98327],[-6.87211,33.98102],[-6.87436,33.98102]]],[[[-6.51728,33.98102],[-6.51952,33.98102],[-6.51952,33.98327],[-6.51728,33.98327],[-6.51728,33.98102]]],[[[-6.77105,33.98102],[-6.77105,33.98327],[-6.76881,33.98327],[-6.76881,33.98102],[-6.77105,33.98102]]],[[[-6.87211,33.98327],[-6.87211,33.98551],[-6.86987,33.98551],[-6.86987,33.98327],[-6.87211,33.98327]]],[[[-6.52401,33.98327],[-6.52401,33.98551],[-6.52177,33.98551],[-6.52177,33.98327],[-6.52401,33.98327]]],[[[-6.52177,33.98551],[-6.52177,33.98776],[-6.51952,33.98776],[-6.51952,33.98551],[-6.52177,33.98551]]],[[[-6.77779,33.98776],[-6.78228,33.98551],[-6.78453,33.99],[-6.78003,33.99],[-6.77779,33.98776]]],[[[-6.79126,33.98776],[-6.79351,33.98776],[-6.79351,33.99],[-6.79126,33.99],[-6.79126,33.98776]]],[[[-6.78902,33.98327],[-6.78902,33.9945],[-6.78677,33.9945],[-6.78677,33.98327],[-6.78902,33.98327]]],[[[-6.52626,33.98776],[-6.52626,33.99],[-6.52177,33.99],[-6.52177,33.98776],[-6.52626,33.98776]]],[[[-6.53749,33.98776],[-6.53749,33.99],[-6.53524,33.99],[-6.53524,33.98776],[-6.53749,33.98776]]],[[[-6.51952,33.98776],[-6.51952,33.99],[-6.51728,33.99],[-6.51728,33.98776],[-6.51952,33.98776]]],[[[-6.53524,33.99],[-6.53524,33.99225],[-6.52851,33.99225],[-6.52851,33.99],[-6.53524,33.99]]],[[[-6.79351,33.99],[-6.79576,33.99674],[-6.79126,33.99674],[-6.79351,33.9945],[-6.79351,33.99]]],[[[-6.78228,33.99225],[-6.78228,33.9945],[-6.78003,33.9945],[-6.78003,33.99225],[-6.78228,33.99225]]],[[[-6.52626,33.99225],[-6.52626,33.9945],[-6.52401,33.9945],[-6.52401,33.99225],[-6.52626,33.99225]]],[[[-6.51503,33.99225],[-6.51728,33.99225],[-6.51728,33.9945],[-6.51503,33.9945],[-6.51503,33.99225]]],[[[-6.52177,33.99225],[-6.52177,33.9945],[-6.51952,33.9945],[-6.51952,33.99225],[-6.52177,33.99225]]],[[[-6.80698,33.99674],[-6.80249,33.99899],[-6.80249,33.99],[-6.80474,33.99],[-6.80698,33.99674]]],[[[-6.533,33.9945],[-6.533,33.99674],[-6.53075,33.99674],[-6.53075,33.9945],[-6.533,33.9945]]],[[[-6.52401,33.9945],[-6.52401,33.99674],[-6.52177,33.99674],[-6.52177,33.9945],[-6.52401,33.9945]]],[[[-6.52177,33.99674],[-6.52177,33.99899],[-6.51952,33.99899],[-6.51952,33.99674],[-6.52177,33.99674]]],[[[-6.52851,33.99674],[-6.52851,34.00123],[-6.52626,34.00123],[-6.52626,33.99674],[-6.52851,33.99674]]],[[[-6.85415,33.99899],[-6.85639,33.99899],[-6.85639,34.00348],[-6.85415,34.00348],[-6.85415,33.99899]]],[[[-6.80923,34.00123],[-6.80923,34.00348],[-6.80474,34.00348],[-6.80474,34.00123],[-6.80923,34.00123]]],[[[-6.51952,34.00123],[-6.51952,34.00348],[-6.51728,34.00348],[-6.51728,34.00123],[-6.51952,34.00123]]],[[[-6.53524,34.00123],[-6.53749,34.00123],[-6.53749,34.00573],[-6.533,34.00573],[-6.53524,34.00123]]],[[[-6.80474,34.00573],[-6.80474,34.00797],[-6.80025,34.00797],[-6.80025,34.00573],[-6.80474,34.00573]]],[[[-6.53075,34.00797],[-6.53075,34.01022],[-6.52851,34.01022],[-6.52851,34.00797],[-6.53075,34.00797]]],[[[-6.53524,34.00797],[-6.53749,34.00797],[-6.53749,34.01022],[-6.53524,34.01022],[-6.53524,34.00797]]],[[[-6.83169,34.01246],[-6.83169,34.01471],[-6.82944,34.01471],[-6.82944,34.01246],[-6.83169,34.01246]]],[[[-6.53749,34.01246],[-6.53749,34.01471],[-6.53075,34.01471],[-6.53075,34.01246],[-6.53749,34.01246]]],[[[-6.53749,34.01471],[-6.53974,34.01471],[-6.53974,34.01695],[-6.53749,34.01695],[-6.53749,34.01471]]],[[[-6.52851,34.0192],[-6.52851,34.02145],[-6.52626,34.02145],[-6.52626,34.0192],[-6.52851,34.0192]]],[[[-6.83393,34.02145],[-6.83393,34.02369],[-6.83169,34.02369],[-6.83169,34.02145],[-6.83393,34.02145]]],[[[-6.53974,34.02369],[-6.54198,34.02369],[-6.54198,34.02594],[-6.53974,34.02594],[-6.53974,34.02369]]],[[[-6.53749,34.02369],[-6.53749,34.02594],[-6.53524,34.02594],[-6.53524,34.02369],[-6.53749,34.02369]]],[[[-6.53075,34.02818],[-6.53075,34.03043],[-6.52851,34.03043],[-6.52851,34.02818],[-6.53075,34.02818]]],[[[-6.53075,34.03492],[-6.533,34.03492],[-6.533,34.03717],[-6.53075,34.03717],[-6.53075,34.03492]]],[[[-6.53974,34.05962],[-6.53974,34.06187],[-6.53749,34.06187],[-6.53749,34.05962],[-6.53974,34.05962]]],[[[-6.56444,34.05962],[-6.56444,34.06412],[-6.56219,34.06412],[-6.56219,34.05962],[-6.56444,34.05962]]],[[[-6.53524,34.06187],[-6.53749,34.06187],[-6.53749,34.06412],[-6.53524,34.06412],[-6.53524,34.06187]]],[[[-6.56219,34.06412],[-6.56219,34.06636],[-6.55995,34.06636],[-6.55995,34.06412],[-6.56219,34.06412]]],[[[-6.57567,34.06412],[-6.57567,34.06636],[-6.57342,34.06636],[-6.57342,34.06412],[-6.57567,34.06412]]],[[[-6.56668,34.06636],[-6.56668,34.06861],[-6.56444,34.06861],[-6.56444,34.06636],[-6.56668,34.06636]]],[[[-6.55321,34.07085],[-6.55321,34.07534],[-6.55096,34.07534],[-6.55096,34.07085],[-6.55321,34.07085]]],[[[-6.56668,34.0731],[-6.56668,34.07534],[-6.56444,34.07534],[-6.56444,34.0731],[-6.56668,34.0731]]],[[[-6.54647,34.07759],[-6.54647,34.07984],[-6.54198,34.07984],[-6.54198,34.07759],[-6.54647,34.07759]]],[[[-6.55546,34.07759],[-6.5577,34.07759],[-6.5577,34.07984],[-6.55546,34.07984],[-6.55546,34.07759]]],[[[-6.55096,34.07759],[-6.55096,34.07984],[-6.54872,34.07984],[-6.54872,34.07759],[-6.55096,34.07759]]],[[[-6.56444,34.07984],[-6.56444,34.08208],[-6.56219,34.08208],[-6.56219,34.07984],[-6.56444,34.07984]]],[[[-6.53749,34.07984],[-6.53974,34.07984],[-6.53974,34.08208],[-6.53749,34.08208],[-6.53749,34.07984]]],[[[-6.54647,34.08208],[-6.54647,34.08433],[-6.54423,34.08433],[-6.54423,34.08208],[-6.54647,34.08208]]],[[[-6.53749,34.08433],[-6.53749,34.08657],[-6.53524,34.08657],[-6.53524,34.08433],[-6.53749,34.08433]]],[[[-6.5577,34.08433],[-6.55995,34.08433],[-6.55995,34.08657],[-6.5577,34.08657],[-6.5577,34.08433]]],[[[-6.50829,34.08433],[-6.50829,34.08657],[-6.50605,34.08657],[-6.50605,34.08433],[-6.50829,34.08433]]],[[[-6.54198,34.08433],[-6.54198,34.08882],[-6.53749,34.08882],[-6.53749,34.08657],[-6.54198,34.08433]]],[[[-6.49482,34.08433],[-6.49707,34.08433],[-6.49707,34.08882],[-6.49482,34.08882],[-6.49482,34.08433]]],[[[-6.51054,34.08657],[-6.51054,34.08882],[-6.50829,34.08882],[-6.50829,34.08657],[-6.51054,34.08657]]],[[[-6.49931,34.08882],[-6.49931,34.09107],[-6.49707,34.09107],[-6.49707,34.08882],[-6.49931,34.08882]]],[[[-6.5038,34.08882],[-6.50829,34.08882],[-6.50829,34.09107],[-6.5038,34.09107],[-6.5038,34.08882]]],[[[-6.53075,34.09107],[-6.53075,34.09331],[-6.52851,34.09331],[-6.52851,34.09107],[-6.53075,34.09107]]],[[[-6.53749,34.09331],[-6.533,34.09556],[-6.533,34.09107],[-6.53524,34.09107],[-6.53749,34.09331]]],[[[-6.49257,34.09331],[-6.49482,34.09331],[-6.49482,34.09556],[-6.49257,34.09556],[-6.49257,34.09331]]],[[[-6.5038,34.09556],[-6.50156,34.09556],[-6.50156,34.09331],[-6.5038,34.09331],[-6.5038,34.09556]]],[[[-6.49707,34.09556],[-6.50156,34.09556],[-6.50156,34.0978],[-6.49707,34.0978],[-6.49707,34.09556]]],[[[-6.54647,34.0978],[-6.54872,34.09556],[-6.55321,34.09556],[-6.55096,34.10005],[-6.54647,34.0978]]],[[[-6.53974,34.0978],[-6.53974,34.10005],[-6.53524,34.10005],[-6.53524,34.0978],[-6.53974,34.0978]]],[[[-6.53075,34.0978],[-6.53075,34.10005],[-6.52851,34.10005],[-6.52851,34.0978],[-6.53075,34.0978]]],[[[-6.54423,34.10229],[-6.54423,34.10454],[-6.54198,34.10454],[-6.54198,34.10229],[-6.54423,34.10229]]],[[[-6.52851,34.10454],[-6.52851,34.10679],[-6.52626,34.10679],[-6.52626,34.10454],[-6.52851,34.10454]]],[[[-6.533,34.10454],[-6.533,34.10903],[-6.53075,34.10903],[-6.53075,34.10454],[-6.533,34.10454]]],[[[-6.53974,34.10679],[-6.53974,34.11128],[-6.53749,34.11128],[-6.53749,34.10679],[-6.53974,34.10679]]],[[[-6.533,34.10903],[-6.53524,34.10903],[-6.53524,34.11128],[-6.533,34.11128],[-6.533,34.10903]]],[[[-6.53075,34.10903],[-6.53075,34.11352],[-6.52851,34.11352],[-6.52851,34.10903],[-6.53075,34.10903]]],[[[-6.53524,34.11801],[-6.53524,34.12026],[-6.533,34.12026],[-6.533,34.11801],[-6.53524,34.11801]]],[[[-6.56893,34.11801],[-6.57118,34.11801],[-6.57118,34.12026],[-6.56893,34.12026],[-6.56893,34.11801]]],[[[-6.49257,34.11801],[-6.49257,34.12026],[-6.49033,34.12026],[-6.49033,34.11801],[-6.49257,34.11801]]],[[[-6.52401,34.12251],[-6.52401,34.12475],[-6.52177,34.12475],[-6.52177,34.12251],[-6.52401,34.12251]]],[[[-6.57791,34.13374],[-6.58016,34.13374],[-6.58016,34.13598],[-6.57791,34.13598],[-6.57791,34.13374]]],[[[-6.51503,34.13823],[-6.51503,34.14047],[-6.51279,34.14047],[-6.51279,34.13823],[-6.51503,34.13823]]],[[[-6.51054,34.14272],[-6.51054,34.14496],[-6.50605,34.14496],[-6.50605,34.14272],[-6.51054,34.14272]]],[[[-6.65652,34.16293],[-6.65876,34.16293],[-6.65876,34.16518],[-6.65652,34.16518],[-6.65652,34.16293]]],[[[-6.53075,34.16518],[-6.53075,34.16742],[-6.52851,34.16742],[-6.52851,34.16518],[-6.53075,34.16518]]],[[[-6.533,34.16967],[-6.533,34.17191],[-6.52851,34.17191],[-6.52851,34.16967],[-6.533,34.16967]]],[[[-6.61385,34.2056],[-6.61609,34.2056],[-6.61609,34.20785],[-6.61385,34.20785],[-6.61385,34.2056]]],[[[-6.6116,34.22581],[-6.6116,34.22806],[-6.60711,34.22806],[-6.60711,34.22581],[-6.6116,34.22581]]],[[[-6.61385,34.2303],[-6.61385,34.23255],[-6.60711,34.23255],[-6.60711,34.2303],[-6.61385,34.2303]]],[[[-6.61609,34.2348],[-6.61834,34.2348],[-6.61834,34.23704],[-6.61609,34.23704],[-6.61609,34.2348]]],[[[-6.62957,34.24602],[-6.62732,34.24602],[-6.62732,34.24378],[-6.62957,34.24378],[-6.62957,34.24602]]],[[[-6.62508,34.24602],[-6.62732,34.24602],[-6.62732,34.24827],[-6.62508,34.24827],[-6.62508,34.24602]]],[[[-6.62732,34.26174],[-6.62957,34.26174],[-6.62957,34.26399],[-6.62732,34.26399],[-6.62732,34.26174]]],[[[-6.64304,34.27522],[-6.6408,34.27522],[-6.6408,34.27297],[-6.64304,34.27297],[-6.64304,34.27522]]],[[[-6.63855,34.27522],[-6.6408,34.27522],[-6.6408,34.27747],[-6.63855,34.27747],[-6.63855,34.27522]]],[[[-6.6363,34.27747],[-6.63855,34.27747],[-6.63855,34.27971],[-6.6363,34.27971],[-6.6363,34.27747]]],[[[-6.6408,34.28196],[-6.6408,34.2842],[-6.63855,34.2842],[-6.63855,34.28196],[-6.6408,34.28196]]],[[[-6.44541,33.90017],[-6.44541,33.90242],[-6.44317,33.90242],[-6.44317,33.90017],[-6.44541,33.90017]]],[[[-6.45889,33.90691],[-6.46113,33.90691],[-6.46113,33.9114],[-6.45664,33.9114],[-6.45889,33.90691]]],[[[-6.46787,33.90916],[-6.46787,33.9114],[-6.46562,33.9114],[-6.46562,33.90916],[-6.46787,33.90916]]],[[[-6.43867,33.91365],[-6.43867,33.91589],[-6.43643,33.91589],[-6.43643,33.91365],[-6.43867,33.91365]]],[[[-6.46113,33.91365],[-6.46338,33.91365],[-6.46338,33.91589],[-6.46113,33.91589],[-6.46113,33.91365]]],[[[-6.45215,33.91365],[-6.45215,33.91589],[-6.4499,33.91589],[-6.4499,33.91365],[-6.45215,33.91365]]],[[[-6.43194,33.91589],[-6.43194,33.91814],[-6.42969,33.91814],[-6.42969,33.91589],[-6.43194,33.91589]]],[[[-6.44766,33.91589],[-6.4499,33.91589],[-6.4499,33.91814],[-6.44766,33.91814],[-6.44766,33.91589]]],[[[-6.42969,33.91814],[-6.42969,33.92039],[-6.42745,33.92039],[-6.42745,33.91814],[-6.42969,33.91814]]],[[[-6.45215,33.91814],[-6.45215,33.92039],[-6.4499,33.92039],[-6.4499,33.91814],[-6.45215,33.91814]]],[[[-6.46562,33.92039],[-6.46787,33.92039],[-6.46787,33.92263],[-6.46562,33.92263],[-6.46562,33.92039]]],[[[-6.42295,33.92039],[-6.42295,33.92263],[-6.42071,33.92263],[-6.42071,33.92039],[-6.42295,33.92039]]],[[[-6.42745,33.92039],[-6.42745,33.92263],[-6.4252,33.92263],[-6.4252,33.92039],[-6.42745,33.92039]]],[[[-6.45215,33.92039],[-6.4544,33.92039],[-6.4544,33.92263],[-6.45215,33.92263],[-6.45215,33.92039]]],[[[-6.4499,33.92039],[-6.4499,33.92263],[-6.44766,33.92263],[-6.44766,33.92039],[-6.4499,33.92039]]],[[[-6.42071,33.92263],[-6.42071,33.92488],[-6.41846,33.92488],[-6.41846,33.92263],[-6.42071,33.92263]]],[[[-6.4544,33.92263],[-6.45664,33.92263],[-6.45664,33.92488],[-6.4544,33.92488],[-6.4544,33.92263]]],[[[-6.4252,33.92488],[-6.4252,33.92712],[-6.42295,33.92712],[-6.42295,33.92488],[-6.4252,33.92488]]],[[[-6.43418,33.92937],[-6.42969,33.93161],[-6.42969,33.92488],[-6.43194,33.92488],[-6.43418,33.92937]]],[[[-6.46338,33.92937],[-6.46338,33.93161],[-6.45889,33.93161],[-6.45889,33.92937],[-6.46338,33.92937]]],[[[-6.4252,33.92937],[-6.4252,33.93161],[-6.42071,33.93161],[-6.42071,33.92937],[-6.4252,33.92937]]],[[[-6.45889,33.93161],[-6.45889,33.93386],[-6.4544,33.93386],[-6.4544,33.93161],[-6.45889,33.93161]]],[[[-6.43867,33.93161],[-6.43867,33.93386],[-6.43643,33.93386],[-6.43643,33.93161],[-6.43867,33.93161]]],[[[-6.44317,33.93611],[-6.44317,33.93835],[-6.43867,33.93835],[-6.43867,33.93611],[-6.44317,33.93611]]],[[[-6.46338,33.93611],[-6.46338,33.93835],[-6.46113,33.93835],[-6.46113,33.93611],[-6.46338,33.93611]]],[[[-6.43418,33.93835],[-6.43418,33.9406],[-6.43194,33.9406],[-6.43194,33.93835],[-6.43418,33.93835]]],[[[-6.46787,33.93835],[-6.47012,33.93835],[-6.47012,33.9406],[-6.46787,33.9406],[-6.46787,33.93835]]],[[[-6.43418,33.94284],[-6.43418,33.94509],[-6.42969,33.94509],[-6.42969,33.94284],[-6.43418,33.94284]]],[[[-6.47685,33.94284],[-6.47685,33.94509],[-6.47461,33.94509],[-6.47461,33.94284],[-6.47685,33.94284]]],[[[-6.44092,33.94509],[-6.44541,33.94509],[-6.44541,33.94733],[-6.44092,33.94733],[-6.44092,33.94509]]],[[[-6.42745,33.94733],[-6.4252,33.94733],[-6.4252,33.94509],[-6.42745,33.94509],[-6.42745,33.94733]]],[[[-6.42295,33.94733],[-6.4252,33.94733],[-6.4252,33.94958],[-6.42295,33.94958],[-6.42295,33.94733]]],[[[-6.43867,33.94733],[-6.44092,33.94733],[-6.44092,33.94958],[-6.43867,33.94958],[-6.43867,33.94733]]],[[[-6.43194,33.95183],[-6.43194,33.95407],[-6.42969,33.95407],[-6.42969,33.95183],[-6.43194,33.95183]]],[[[-6.42071,33.97653],[-6.42071,33.97878],[-6.41846,33.97878],[-6.41846,33.97653],[-6.42071,33.97653]]],[[[-6.45664,33.97653],[-6.45889,33.97653],[-6.45889,33.97878],[-6.45664,33.97878],[-6.45664,33.97653]]],[[[-6.4252,33.97878],[-6.4252,33.98102],[-6.42295,33.98102],[-6.42295,33.97878],[-6.4252,33.97878]]],[[[-6.43867,33.98551],[-6.43867,33.98776],[-6.43643,33.98776],[-6.43643,33.98551],[-6.43867,33.98551]]],[[[-6.46562,33.98776],[-6.46787,33.98776],[-6.46787,33.99],[-6.46562,33.99],[-6.46562,33.98776]]],[[[-6.42969,33.99225],[-6.42969,33.9945],[-6.42745,33.9945],[-6.42745,33.99225],[-6.42969,33.99225]]],[[[-6.48134,34.12251],[-6.48134,34.127],[-6.4791,34.127],[-6.4791,34.12251],[-6.48134,34.12251]]],[[[-6.4791,34.1809],[-6.47461,34.17865],[-6.48134,34.17416],[-6.48134,34.17865],[-6.4791,34.1809]]],[[[-6.42071,34.1764],[-6.42071,34.17865],[-6.41846,34.17865],[-6.41846,34.1764],[-6.42071,34.1764]]],[[[-6.42071,34.18314],[-6.42071,34.18539],[-6.41846,34.18539],[-6.41846,34.18314],[-6.42071,34.18314]]],[[[-6.4252,34.18539],[-6.42969,34.18539],[-6.42969,34.18763],[-6.4252,34.18763],[-6.4252,34.18539]]],[[[-6.42295,34.18539],[-6.42295,34.18763],[-6.42071,34.18763],[-6.42071,34.18539],[-6.42295,34.18539]]],[[[-6.42745,34.18988],[-6.42745,34.19213],[-6.4252,34.19213],[-6.4252,34.18988],[-6.42745,34.18988]]],[[[-6.42969,34.29768],[-6.42969,34.30217],[-6.4252,34.30217],[-6.4252,34.29992],[-6.42969,34.29768]]],[[[-6.43867,34.30441],[-6.43867,34.30666],[-6.43643,34.30666],[-6.43643,34.30441],[-6.43867,34.30441]]],[[[-6.42969,34.30666],[-6.42969,34.30891],[-6.42745,34.30891],[-6.42745,34.30666],[-6.42969,34.30666]]],[[[-6.44541,34.30441],[-6.44541,34.31115],[-6.44317,34.31115],[-6.44317,34.30441],[-6.44541,34.30441]]],[[[-6.43867,34.30666],[-6.44092,34.30666],[-6.44092,34.31115],[-6.43867,34.31115],[-6.43867,34.30666]]],[[[-6.43418,34.31115],[-6.43194,34.31115],[-6.43194,34.30891],[-6.43418,34.30891],[-6.43418,34.31115]]],[[[-6.42969,34.31115],[-6.43194,34.31564],[-6.42295,34.31789],[-6.4252,34.30891],[-6.42745,34.3134],[-6.42969,34.31115]]],[[[-6.42295,34.32014],[-6.4252,34.32014],[-6.4252,34.32238],[-6.42295,34.32238],[-6.42295,34.32014]]],[[[-6.43194,34.32238],[-6.43194,34.32463],[-6.4252,34.32463],[-6.4252,34.32238],[-6.43194,34.32238]]],[[[-6.43418,34.32687],[-6.44092,34.32463],[-6.43867,34.33361],[-6.43643,34.32687],[-6.43418,34.32687]]],[[[-6.4252,34.33361],[-6.42969,34.33586],[-6.42295,34.3381],[-6.42295,34.32463],[-6.42745,34.32912],[-6.4252,34.33361]]],[[[-6.43194,34.33586],[-6.43194,34.3381],[-6.42969,34.3381],[-6.42969,34.33586],[-6.43194,34.33586]]],[[[-6.42295,34.3381],[-6.42295,34.34035],[-6.41846,34.34035],[-6.41846,34.3381],[-6.42295,34.3381]]],[[[-6.43643,34.34035],[-6.43418,34.34035],[-6.43194,34.34259],[-6.43194,34.3381],[-6.43643,34.34035]]],[[[-6.42295,34.34484],[-6.42295,34.34708],[-6.42071,34.34708],[-6.42071,34.34484],[-6.42295,34.34484]]],[[[-6.43643,34.34708],[-6.43643,34.34933],[-6.42745,34.34933],[-6.42745,34.34708],[-6.43643,34.34708]]],[[[-6.41397,34.34933],[-6.41846,34.34708],[-6.42295,34.35158],[-6.41397,34.35158],[-6.41397,34.34933]]],[[[-6.43418,34.35158],[-6.43418,34.35382],[-6.43194,34.35382],[-6.43194,34.35158],[-6.43418,34.35158]]],[[[-6.4252,34.35607],[-6.4252,34.35831],[-6.42295,34.35831],[-6.42295,34.35607],[-6.4252,34.35607]]],[[[-6.43643,34.36056],[-6.43418,34.35831],[-6.43867,34.35158],[-6.43867,34.36281],[-6.43643,34.36056]]],[[[-6.42295,34.35831],[-6.42295,34.36281],[-6.41622,34.36281],[-6.41397,34.35607],[-6.42295,34.35382],[-6.42071,34.35607],[-6.42295,34.35831]]],[[[-6.42969,34.35831],[-6.42969,34.36056],[-6.42745,34.36056],[-6.42745,34.35831],[-6.42969,34.35831]]],[[[-6.42295,34.36954],[-6.4252,34.37179],[-6.42071,34.37403],[-6.41622,34.36505],[-6.42295,34.36505],[-6.42295,34.36954]]],[[[-6.4544,34.37179],[-6.4544,34.37853],[-6.45215,34.37853],[-6.45215,34.37179],[-6.4544,34.37179]]],[[[-6.4252,34.37853],[-6.42295,34.37403],[-6.42969,34.37179],[-6.42969,34.37628],[-6.4252,34.37853]]],[[[-6.42969,34.37853],[-6.42969,34.38077],[-6.42745,34.38077],[-6.42745,34.37853],[-6.42969,34.37853]]],[[[-6.45889,34.37853],[-6.45889,34.38077],[-6.45664,34.38077],[-6.45664,34.37853],[-6.45889,34.37853]]],[[[-6.44317,34.38077],[-6.44317,34.38302],[-6.44092,34.38302],[-6.44092,34.38077],[-6.44317,34.38077]]],[[[-6.43194,34.38302],[-6.43194,34.38751],[-6.42745,34.38526],[-6.42745,34.38302],[-6.43194,34.38302]]],[[[-6.42745,34.392],[-6.4252,34.39425],[-6.42745,34.39874],[-6.42295,34.39874],[-6.41846,34.38751],[-6.42969,34.38751],[-6.42745,34.392]],[[-6.42295,34.38975],[-6.42295,34.392],[-6.4252,34.392],[-6.4252,34.38975],[-6.42295,34.38975]]],[[[-6.43194,34.39425],[-6.43194,34.39874],[-6.42745,34.39649],[-6.42745,34.39425],[-6.43194,34.39425]]],[[[-6.45889,34.39425],[-6.45889,34.39874],[-6.45664,34.39874],[-6.45664,34.39425],[-6.45889,34.39425]]],[[[-6.44317,34.39649],[-6.44541,34.39649],[-6.44541,34.39874],[-6.44317,34.39874],[-6.44317,34.39649]]],[[[-6.42071,34.39649],[-6.42071,34.39874],[-6.41846,34.39874],[-6.41846,34.39649],[-6.42071,34.39649]]],[[[-6.42969,34.39874],[-6.42969,34.40098],[-6.42745,34.40098],[-6.42745,34.39874],[-6.42969,34.39874]]],[[[-6.42071,34.39874],[-6.42295,34.39874],[-6.42295,34.40098],[-6.42071,34.40098],[-6.42071,34.39874]]],[[[-6.43194,34.40098],[-6.43194,34.40323],[-6.42969,34.40323],[-6.42969,34.40098],[-6.43194,34.40098]]],[[[-6.44092,34.40098],[-6.44092,34.40323],[-6.43867,34.40323],[-6.43867,34.40098],[-6.44092,34.40098]]],[[[-6.4499,34.40098],[-6.4499,34.40323],[-6.44541,34.40323],[-6.44541,34.40098],[-6.4499,34.40098]]],[[[-6.43643,34.40098],[-6.43643,34.40548],[-6.43418,34.40548],[-6.43418,34.40098],[-6.43643,34.40098]]],[[[-6.44541,34.40323],[-6.44541,34.40548],[-6.44317,34.40548],[-6.44317,34.40323],[-6.44541,34.40323]]],[[[-6.4252,34.41221],[-6.41846,34.40772],[-6.42295,34.40098],[-6.42745,34.40098],[-6.4252,34.41221]]],[[[-6.43418,34.40548],[-6.43418,34.40772],[-6.43194,34.40772],[-6.43194,34.40548],[-6.43418,34.40548]]],[[[-6.42969,34.41221],[-6.43418,34.40997],[-6.44541,34.41446],[-6.43194,34.41446],[-6.42969,34.41221]]],[[[-6.42071,34.41221],[-6.42295,34.41221],[-6.42295,34.41446],[-6.42071,34.41446],[-6.42071,34.41221]]],[[[-6.43194,34.41446],[-6.43194,34.41895],[-6.42969,34.41895],[-6.42969,34.41446],[-6.43194,34.41446]]],[[[-6.4252,34.41895],[-6.4252,34.4212],[-6.42295,34.4212],[-6.42295,34.41895],[-6.4252,34.41895]]],[[[-6.42969,34.4212],[-6.43194,34.4212],[-6.43194,34.42344],[-6.42969,34.42344],[-6.42969,34.4212]]],[[[-6.42969,34.42569],[-6.4252,34.42793],[-6.4252,34.42344],[-6.42745,34.42344],[-6.42969,34.42569]]],[[[-6.42071,34.42793],[-6.42071,34.43018],[-6.41846,34.43018],[-6.41846,34.42793],[-6.42071,34.42793]]],[[[-6.42295,34.42793],[-6.4252,34.42793],[-6.4252,34.43018],[-6.42295,34.43018],[-6.42295,34.42793]]],[[[-6.41622,34.44815],[-6.41622,34.44141],[-6.41846,34.44141],[-6.42071,34.4459],[-6.41622,34.44815]]],[[[-6.42071,34.44815],[-6.42071,34.4459],[-6.42295,34.4459],[-6.42295,34.44815],[-6.42071,34.44815]]],[[[-6.42071,34.45488],[-6.41846,34.45488],[-6.41846,34.45039],[-6.42295,34.45713],[-6.42071,34.45488]]],[[[-6.42295,34.47959],[-6.42295,34.48183],[-6.41846,34.48183],[-6.41846,34.47959],[-6.42295,34.47959]]],[[[-6.43194,34.47959],[-6.43194,34.48857],[-6.42969,34.48857],[-6.42745,34.47959],[-6.43194,34.47959]]],[[[-6.42295,34.48408],[-6.42295,34.48632],[-6.42071,34.48632],[-6.42071,34.48408],[-6.42295,34.48408]]],[[[-6.42071,34.48632],[-6.42071,34.48857],[-6.41846,34.48857],[-6.41846,34.48632],[-6.42071,34.48632]]],[[[-6.43194,34.49082],[-6.43194,34.48857],[-6.43867,34.48857],[-6.43643,34.49306],[-6.42969,34.49306],[-6.43194,34.49082]]],[[[-6.43643,34.49306],[-6.43867,34.49306],[-6.43867,34.49755],[-6.43643,34.49755],[-6.43643,34.49306]]],[[[-6.4544,34.4998],[-6.4544,34.50429],[-6.4499,34.50429],[-6.4499,34.50204],[-6.4544,34.4998]]],[[[-6.43194,34.50429],[-6.43194,34.50654],[-6.42969,34.50654],[-6.42969,34.50429],[-6.43194,34.50429]]],[[[-6.44766,34.50429],[-6.4499,34.50429],[-6.4499,34.50654],[-6.44766,34.50654],[-6.44766,34.50429]]],[[[-6.43867,34.50429],[-6.43867,34.50878],[-6.43643,34.50878],[-6.43418,34.50429],[-6.43867,34.50429]]],[[[-6.4252,34.51103],[-6.41846,34.51103],[-6.41846,34.4998],[-6.42295,34.4998],[-6.43418,34.51327],[-6.42745,34.51552],[-6.4252,34.51103]],[[-6.42295,34.50429],[-6.42295,34.50654],[-6.4252,34.50654],[-6.4252,34.50429],[-6.42295,34.50429]]],[[[-6.43418,34.50878],[-6.43643,34.50878],[-6.43643,34.51103],[-6.43418,34.51103],[-6.43418,34.50878]]],[[[-6.44766,34.51327],[-6.44766,34.51552],[-6.44541,34.51552],[-6.44541,34.51327],[-6.44766,34.51327]]],[[[-6.4252,34.51552],[-6.4252,34.52001],[-6.42295,34.52001],[-6.42295,34.51552],[-6.4252,34.51552]]],[[[-6.44766,34.51776],[-6.45215,34.51776],[-6.45215,34.52226],[-6.4499,34.52226],[-6.44766,34.51776]]],[[[-6.42745,34.52001],[-6.42745,34.52226],[-6.4252,34.52226],[-6.4252,34.52001],[-6.42745,34.52001]]],[[[-6.43867,34.51327],[-6.43867,34.52899],[-6.43643,34.52899],[-6.43643,34.51327],[-6.43867,34.51327]]],[[[-6.45215,34.5245],[-6.45215,34.52675],[-6.44766,34.52675],[-6.44766,34.5245],[-6.45215,34.5245]]],[[[-6.4252,34.5245],[-6.4252,34.52675],[-6.42295,34.52675],[-6.42295,34.5245],[-6.4252,34.5245]]],[[[-6.44766,34.52675],[-6.44766,34.52899],[-6.44541,34.52899],[-6.44541,34.52675],[-6.44766,34.52675]]],[[[-6.47685,34.54247],[-6.47685,34.54471],[-6.47461,34.54471],[-6.47461,34.54247],[-6.47685,34.54247]]],[[[-6.41173,33.92039],[-6.41173,33.92263],[-6.40948,33.92263],[-6.40948,33.92039],[-6.41173,33.92039]]],[[[-6.40948,33.92712],[-6.40948,33.92937],[-6.40723,33.92937],[-6.40723,33.92712],[-6.40948,33.92712]]],[[[-6.41173,33.93161],[-6.41173,33.93386],[-6.40948,33.93386],[-6.40948,33.93161],[-6.41173,33.93161]]],[[[-6.41397,33.93161],[-6.41622,33.93161],[-6.41622,33.93611],[-6.41397,33.93611],[-6.41397,33.93161]]],[[[-6.41622,33.93835],[-6.41622,33.9406],[-6.41397,33.9406],[-6.41397,33.93835],[-6.41622,33.93835]]],[[[-6.39151,33.93835],[-6.39151,33.9406],[-6.38702,33.9406],[-6.38702,33.93835],[-6.39151,33.93835]]],[[[-6.39825,33.94509],[-6.4005,33.94509],[-6.4005,33.94733],[-6.39825,33.94733],[-6.39825,33.94509]]],[[[-6.396,33.94733],[-6.39376,33.94733],[-6.39376,33.94509],[-6.396,33.94509],[-6.396,33.94733]]],[[[-6.39151,33.94733],[-6.39376,33.94733],[-6.39376,33.94958],[-6.39151,33.94958],[-6.39151,33.94733]]],[[[-6.40274,33.94733],[-6.40499,33.94733],[-6.40499,33.94958],[-6.40274,33.94958],[-6.40274,33.94733]]],[[[-6.38927,33.95183],[-6.38702,33.95407],[-6.38702,33.94958],[-6.39151,33.94958],[-6.38927,33.95183]]],[[[-6.40948,33.95856],[-6.40948,33.96081],[-6.40723,33.96081],[-6.40723,33.95856],[-6.40948,33.95856]]],[[[-6.41173,33.96306],[-6.41173,33.9653],[-6.40948,33.9653],[-6.40948,33.96306],[-6.41173,33.96306]]],[[[-6.40948,33.9653],[-6.40948,33.96755],[-6.40723,33.96755],[-6.40723,33.9653],[-6.40948,33.9653]]],[[[-6.39376,33.9653],[-6.39376,33.96755],[-6.39151,33.96755],[-6.39151,33.9653],[-6.39376,33.9653]]],[[[-6.40948,33.96755],[-6.41173,33.96755],[-6.41173,33.96979],[-6.40948,33.96979],[-6.40948,33.96755]]],[[[-6.396,33.98327],[-6.396,33.98551],[-6.39376,33.98551],[-6.39376,33.98327],[-6.396,33.98327]]],[[[-6.39376,33.98776],[-6.39376,33.99],[-6.39151,33.99],[-6.39151,33.98776],[-6.39376,33.98776]]],[[[-6.38927,33.99225],[-6.39151,33.99225],[-6.39151,33.9945],[-6.38927,33.9945],[-6.38927,33.99225]]],[[[-6.41173,34.16967],[-6.41173,34.17191],[-6.40948,34.17191],[-6.40948,34.16967],[-6.41173,34.16967]]],[[[-6.40499,34.17416],[-6.40499,34.1764],[-6.40274,34.1764],[-6.40274,34.17416],[-6.40499,34.17416]]],[[[-6.41622,34.18988],[-6.41846,34.18988],[-6.41846,34.19213],[-6.41622,34.19213],[-6.41622,34.18988]]],[[[-6.41173,34.22357],[-6.41173,34.22581],[-6.40948,34.22581],[-6.40948,34.22357],[-6.41173,34.22357]]],[[[-6.40948,34.2348],[-6.40948,34.23704],[-6.40723,34.23704],[-6.40723,34.2348],[-6.40948,34.2348]]],[[[-6.41622,34.24378],[-6.41622,34.24602],[-6.41397,34.24602],[-6.41397,34.24378],[-6.41622,34.24378]]],[[[-6.40948,34.29319],[-6.40948,34.29543],[-6.40723,34.29543],[-6.40723,34.29319],[-6.40948,34.29319]]],[[[-6.40274,34.29543],[-6.40274,34.29768],[-6.4005,34.29768],[-6.4005,34.29543],[-6.40274,34.29543]]],[[[-6.41173,34.29768],[-6.41173,34.29992],[-6.40499,34.29992],[-6.40499,34.29768],[-6.41173,34.29768]]],[[[-6.39825,34.29992],[-6.4005,34.29992],[-6.4005,34.30217],[-6.39825,34.30217],[-6.39825,34.29992]]],[[[-6.4005,34.30441],[-6.4005,34.30666],[-6.39825,34.30666],[-6.39825,34.30441],[-6.4005,34.30441]]],[[[-6.40948,34.30441],[-6.40948,34.30891],[-6.40499,34.30891],[-6.40499,34.30666],[-6.40948,34.30441]]],[[[-6.39151,34.30666],[-6.39376,34.30666],[-6.39376,34.31115],[-6.39151,34.31115],[-6.39151,34.30666]]],[[[-6.396,34.31115],[-6.396,34.30891],[-6.40274,34.30666],[-6.40274,34.31564],[-6.396,34.31115]]],[[[-6.40723,34.3134],[-6.40723,34.31564],[-6.40499,34.31564],[-6.40499,34.3134],[-6.40723,34.3134]]],[[[-6.40499,34.31789],[-6.40723,34.31789],[-6.40723,34.32014],[-6.40499,34.32014],[-6.40499,34.31789]]],[[[-6.41622,34.31789],[-6.41622,34.32014],[-6.41397,34.32014],[-6.41397,34.31789],[-6.41622,34.31789]]],[[[-6.41173,34.31789],[-6.41173,34.32238],[-6.40948,34.32238],[-6.40948,34.31789],[-6.41173,34.31789]]],[[[-6.40499,34.32238],[-6.40499,34.32687],[-6.396,34.32687],[-6.40274,34.32014],[-6.40499,34.32238]]],[[[-6.41173,34.32463],[-6.41173,34.32687],[-6.40948,34.32687],[-6.40948,34.32463],[-6.41173,34.32463]]],[[[-6.41622,34.32463],[-6.41622,34.32687],[-6.41397,34.32687],[-6.41397,34.32463],[-6.41622,34.32463]]],[[[-6.41622,34.33361],[-6.40723,34.33136],[-6.40499,34.32687],[-6.41622,34.32912],[-6.41622,34.33361]]],[[[-6.4005,34.33136],[-6.40274,34.33586],[-6.39825,34.3381],[-6.39825,34.33136],[-6.4005,34.33136]]],[[[-6.39376,34.33586],[-6.39151,34.34259],[-6.38927,34.34259],[-6.38702,34.33586],[-6.39151,34.33586],[-6.39151,34.32912],[-6.396,34.33361],[-6.39376,34.33586]]],[[[-6.41397,34.33586],[-6.41622,34.33586],[-6.41622,34.3381],[-6.41397,34.3381],[-6.41397,34.33586]]],[[[-6.396,34.3381],[-6.396,34.34035],[-6.39376,34.34035],[-6.39376,34.3381],[-6.396,34.3381]]],[[[-6.41173,34.3381],[-6.41173,34.34035],[-6.40948,34.34035],[-6.40948,34.3381],[-6.41173,34.3381]]],[[[-6.40723,34.34035],[-6.40948,34.34035],[-6.40948,34.34259],[-6.40723,34.34259],[-6.40723,34.34035]]],[[[-6.42071,34.34259],[-6.41397,34.34484],[-6.41397,34.34035],[-6.41846,34.34035],[-6.42071,34.34259]]],[[[-6.396,34.34708],[-6.396,34.34933],[-6.39376,34.34933],[-6.39376,34.34708],[-6.396,34.34708]]],[[[-6.40274,34.35158],[-6.39825,34.35158],[-6.39825,34.34708],[-6.40274,34.34933],[-6.40274,34.35158]]],[[[-6.396,34.35607],[-6.38702,34.35607],[-6.38927,34.36281],[-6.37804,34.36056],[-6.38253,34.35607],[-6.38028,34.34708],[-6.38478,34.34484],[-6.39151,34.34484],[-6.39151,34.35158],[-6.40499,34.35382],[-6.40723,34.35831],[-6.396,34.35607]],[[-6.38253,34.35831],[-6.38478,34.35831],[-6.38478,34.35607],[-6.38253,34.35607],[-6.38253,34.35831]],[[-6.38478,34.35382],[-6.38702,34.35382],[-6.38702,34.34708],[-6.38478,34.34708],[-6.38478,34.35382]]],[[[-6.41173,34.34933],[-6.41173,34.36281],[-6.40948,34.36281],[-6.40948,34.34933],[-6.41173,34.34933]]],[[[-6.396,34.35831],[-6.396,34.36056],[-6.39376,34.36056],[-6.39376,34.35831],[-6.396,34.35831]]],[[[-6.40723,34.36281],[-6.40948,34.36281],[-6.40948,34.36505],[-6.40723,34.36505],[-6.40723,34.36281]]],[[[-6.38927,34.36505],[-6.39151,34.36056],[-6.39376,34.36056],[-6.39376,34.3673],[-6.38927,34.36505]]],[[[-6.41397,34.36505],[-6.41397,34.3673],[-6.41173,34.3673],[-6.41173,34.36281],[-6.41622,34.36281],[-6.41397,34.36505]]],[[[-6.39376,34.3673],[-6.396,34.3673],[-6.396,34.36954],[-6.39376,34.36954],[-6.39376,34.3673]]],[[[-6.41622,34.3673],[-6.41622,34.36954],[-6.41397,34.36954],[-6.41397,34.3673],[-6.41622,34.3673]]],[[[-6.39825,34.37179],[-6.396,34.37403],[-6.396,34.36954],[-6.4005,34.36954],[-6.39825,34.37179]]],[[[-6.41622,34.37853],[-6.41846,34.37853],[-6.41846,34.38077],[-6.41622,34.38077],[-6.41622,34.37853]]],[[[-6.41397,34.38975],[-6.41397,34.392],[-6.41173,34.392],[-6.41173,34.38975],[-6.41397,34.38975]]],[[[-6.41397,34.39425],[-6.41397,34.392],[-6.41846,34.392],[-6.41846,34.39425],[-6.41397,34.39425]]],[[[-6.41397,34.39649],[-6.41622,34.39649],[-6.41622,34.40098],[-6.41397,34.40098],[-6.41397,34.39649]]],[[[-6.40499,34.40323],[-6.40499,34.40548],[-6.40274,34.40548],[-6.40274,34.40323],[-6.40499,34.40323]]],[[[-6.41622,34.40323],[-6.41622,34.40548],[-6.41397,34.40548],[-6.41397,34.40323],[-6.41622,34.40323]]],[[[-6.40948,34.40548],[-6.41173,34.40548],[-6.41173,34.40772],[-6.40948,34.40772],[-6.40948,34.40548]]],[[[-6.396,34.40997],[-6.396,34.41221],[-6.39376,34.41221],[-6.39376,34.40997],[-6.396,34.40997]]],[[[-6.41622,34.40997],[-6.41846,34.40772],[-6.41846,34.4167],[-6.40948,34.41221],[-6.41173,34.40772],[-6.41622,34.40997]]],[[[-6.41397,34.4167],[-6.41622,34.4167],[-6.41622,34.41895],[-6.41397,34.41895],[-6.41397,34.4167]]],[[[-6.40499,34.41446],[-6.40948,34.42344],[-6.40274,34.42569],[-6.40274,34.40997],[-6.40499,34.41446]]],[[[-6.41173,34.4212],[-6.40948,34.4212],[-6.40948,34.41895],[-6.41173,34.41895],[-6.41173,34.4212]]],[[[-6.41173,34.43018],[-6.40723,34.43242],[-6.40723,34.42793],[-6.41173,34.42793],[-6.41173,34.43018]]],[[[-6.40948,34.43692],[-6.40274,34.43692],[-6.40274,34.43242],[-6.40948,34.43467],[-6.40948,34.43692]]],[[[-6.4005,34.43692],[-6.40274,34.43692],[-6.40274,34.43916],[-6.4005,34.43916],[-6.4005,34.43692]]],[[[-6.41397,34.43916],[-6.41173,34.44365],[-6.40499,34.4459],[-6.41173,34.43467],[-6.41622,34.43467],[-6.41397,34.43916]]],[[[-6.40274,34.44365],[-6.4005,34.44365],[-6.4005,34.44141],[-6.40274,34.44141],[-6.40274,34.44365]]],[[[-6.39825,34.44365],[-6.4005,34.44365],[-6.4005,34.4459],[-6.39825,34.4459],[-6.39825,34.44365]]],[[[-6.39376,34.4459],[-6.39825,34.4459],[-6.39825,34.44815],[-6.39376,34.44815],[-6.39376,34.4459]]],[[[-6.40723,34.45039],[-6.40723,34.4459],[-6.41397,34.44365],[-6.41397,34.44815],[-6.40723,34.45039]]],[[[-6.41397,34.45039],[-6.41397,34.44815],[-6.41622,34.44815],[-6.41622,34.45039],[-6.41397,34.45039]]],[[[-6.39825,34.45264],[-6.396,34.45039],[-6.4005,34.44815],[-6.4005,34.45488],[-6.39825,34.45264]]],[[[-6.41173,34.45039],[-6.41173,34.45488],[-6.40948,34.45488],[-6.40948,34.45039],[-6.41173,34.45039]]],[[[-6.39151,34.45264],[-6.39151,34.45488],[-6.38927,34.45488],[-6.38927,34.45264],[-6.39151,34.45264]]],[[[-6.40948,34.45713],[-6.40723,34.45937],[-6.40499,34.45937],[-6.40499,34.45488],[-6.40948,34.45713]]],[[[-6.39825,34.45488],[-6.39825,34.45937],[-6.396,34.45937],[-6.396,34.45488],[-6.39825,34.45488]]],[[[-6.41173,34.46162],[-6.40948,34.46387],[-6.40948,34.45937],[-6.41622,34.45488],[-6.41173,34.46162]]],[[[-6.396,34.46162],[-6.39825,34.46162],[-6.39825,34.46387],[-6.396,34.46387],[-6.396,34.46162]]],[[[-6.40499,34.46611],[-6.40499,34.46387],[-6.40723,34.46387],[-6.40723,34.46611],[-6.40499,34.46611]]],[[[-6.40499,34.46162],[-6.40274,34.47509],[-6.4005,34.47509],[-6.4005,34.45488],[-6.40499,34.46162]]],[[[-6.40948,34.46611],[-6.41173,34.46611],[-6.41173,34.46836],[-6.40948,34.46836],[-6.40948,34.46611]]],[[[-6.40723,34.46836],[-6.40723,34.4706],[-6.40499,34.4706],[-6.40499,34.46836],[-6.40723,34.46836]]],[[[-6.396,34.46836],[-6.396,34.4706],[-6.39376,34.4706],[-6.39376,34.46836],[-6.396,34.46836]]],[[[-6.41173,34.46836],[-6.41622,34.46836],[-6.41622,34.4706],[-6.41173,34.4706],[-6.41173,34.46836]]],[[[-6.41622,34.47509],[-6.41622,34.47959],[-6.41397,34.47959],[-6.41173,34.47509],[-6.41622,34.47509]]],[[[-6.40948,34.47734],[-6.40948,34.47959],[-6.40723,34.47959],[-6.40723,34.47734],[-6.40948,34.47734]]],[[[-6.4005,34.47734],[-6.40499,34.47959],[-6.39825,34.48408],[-6.396,34.47734],[-6.4005,34.47734]]],[[[-6.40499,34.48183],[-6.40499,34.48408],[-6.40274,34.48408],[-6.40274,34.48183],[-6.40499,34.48183]]],[[[-6.41173,34.48408],[-6.41173,34.48632],[-6.40948,34.48632],[-6.40948,34.48408],[-6.41173,34.48408]]],[[[-6.396,34.48408],[-6.396,34.48632],[-6.39151,34.48632],[-6.39151,34.48408],[-6.396,34.48408]]],[[[-6.41622,34.48632],[-6.41622,34.48857],[-6.41397,34.48857],[-6.41397,34.48632],[-6.41622,34.48632]]],[[[-6.4005,34.49082],[-6.39825,34.49306],[-6.396,34.48632],[-6.40274,34.48632],[-6.4005,34.49082]]],[[[-6.38927,34.48857],[-6.38927,34.49082],[-6.38702,34.49082],[-6.38702,34.48857],[-6.38927,34.48857]]],[[[-6.41397,34.49082],[-6.41622,34.49082],[-6.41622,34.49306],[-6.41397,34.49306],[-6.41397,34.49082]]],[[[-6.39376,34.49531],[-6.38927,34.49306],[-6.39151,34.48857],[-6.396,34.49082],[-6.39376,34.49531]]],[[[-6.40274,34.49531],[-6.40274,34.49755],[-6.4005,34.49755],[-6.4005,34.49531],[-6.40274,34.49531]]],[[[-6.38927,34.49531],[-6.39151,34.49531],[-6.39151,34.49755],[-6.38927,34.49755],[-6.38927,34.49531]]],[[[-6.40499,34.49755],[-6.40499,34.4998],[-6.40274,34.4998],[-6.40274,34.49755],[-6.40499,34.49755]]],[[[-6.396,34.49755],[-6.396,34.4998],[-6.39376,34.4998],[-6.39376,34.49755],[-6.396,34.49755]]],[[[-6.396,34.4998],[-6.39825,34.50429],[-6.39151,34.50429],[-6.39151,34.50204],[-6.396,34.4998]]],[[[-6.41622,34.4998],[-6.41622,34.50429],[-6.41397,34.50429],[-6.41397,34.4998],[-6.41622,34.4998]]],[[[-6.40723,34.50204],[-6.40723,34.50429],[-6.40499,34.50429],[-6.40499,34.50204],[-6.40723,34.50204]]],[[[-6.4005,34.50204],[-6.40274,34.50654],[-6.39825,34.50654],[-6.4005,34.50429],[-6.4005,34.50204]]],[[[-6.41397,34.50429],[-6.41397,34.50878],[-6.41173,34.50878],[-6.40948,34.50429],[-6.41397,34.50429]]],[[[-6.40499,34.50654],[-6.40499,34.51103],[-6.4005,34.51103],[-6.40274,34.50654],[-6.40499,34.50654]]],[[[-6.39376,34.51327],[-6.38927,34.51103],[-6.39151,34.50654],[-6.396,34.50654],[-6.39376,34.51327]]],[[[-6.39825,34.51103],[-6.39825,34.51327],[-6.396,34.51327],[-6.396,34.51103],[-6.39825,34.51103]]],[[[-6.41397,34.51103],[-6.41397,34.51327],[-6.41173,34.51327],[-6.41173,34.51103],[-6.41397,34.51103]]],[[[-6.40499,34.51327],[-6.40723,34.51327],[-6.40723,34.51552],[-6.40499,34.51552],[-6.40499,34.51327]]],[[[-6.38927,34.51327],[-6.38927,34.51552],[-6.38702,34.51552],[-6.38702,34.51327],[-6.38927,34.51327]]],[[[-6.39825,34.51552],[-6.39825,34.51776],[-6.396,34.51776],[-6.396,34.51552],[-6.39825,34.51552]]],[[[-6.41622,34.51552],[-6.41846,34.51552],[-6.41846,34.52001],[-6.41622,34.52001],[-6.41622,34.51552]]],[[[-6.396,34.52226],[-6.396,34.52675],[-6.39376,34.52675],[-6.39376,34.52226],[-6.396,34.52226]]],[[[-6.38702,33.92263],[-6.38702,33.92488],[-6.38478,33.92488],[-6.38478,33.92263],[-6.38702,33.92263]]],[[[-6.3713,33.92488],[-6.3713,33.92712],[-6.36906,33.92712],[-6.36906,33.92488],[-6.3713,33.92488]]],[[[-6.36681,33.92488],[-6.36681,33.92712],[-6.36456,33.92712],[-6.36456,33.92488],[-6.36681,33.92488]]],[[[-6.38028,33.92712],[-6.38028,33.92937],[-6.37804,33.92937],[-6.37804,33.92712],[-6.38028,33.92712]]],[[[-6.38253,33.93161],[-6.38253,33.93386],[-6.38028,33.93386],[-6.38028,33.93161],[-6.38253,33.93161]]],[[[-6.36681,33.93386],[-6.36906,33.93386],[-6.36906,33.93611],[-6.36681,33.93611],[-6.36681,33.93386]]],[[[-6.38478,33.9406],[-6.38478,33.94284],[-6.38253,33.94284],[-6.38253,33.9406],[-6.38478,33.9406]]],[[[-6.36681,33.9406],[-6.36681,33.94284],[-6.36456,33.94284],[-6.36456,33.9406],[-6.36681,33.9406]]],[[[-6.38702,33.94284],[-6.38927,33.94284],[-6.38927,33.94509],[-6.38702,33.94509],[-6.38702,33.94284]]],[[[-6.37355,33.94509],[-6.37355,33.94733],[-6.3713,33.94733],[-6.3713,33.94509],[-6.37355,33.94509]]],[[[-6.36456,33.94509],[-6.36456,33.94733],[-6.36232,33.94733],[-6.36232,33.94509],[-6.36456,33.94509]]],[[[-6.36906,33.95407],[-6.3713,33.95407],[-6.3713,33.95632],[-6.36906,33.95632],[-6.36906,33.95407]]],[[[-6.35333,33.95407],[-6.35333,33.95632],[-6.35109,33.95632],[-6.35109,33.95407],[-6.35333,33.95407]]],[[[-6.35783,33.95632],[-6.35783,33.95856],[-6.35558,33.95856],[-6.35558,33.95632],[-6.35783,33.95632]]],[[[-6.34435,33.95856],[-6.3466,33.95856],[-6.3466,33.96081],[-6.34435,33.96081],[-6.34435,33.95856]]],[[[-6.38253,33.96306],[-6.38253,33.96755],[-6.38028,33.96755],[-6.38028,33.96306],[-6.38253,33.96306]]],[[[-6.35783,33.96755],[-6.35783,33.96979],[-6.35558,33.96979],[-6.35558,33.96755],[-6.35783,33.96755]]],[[[-6.36232,33.96755],[-6.36456,33.96755],[-6.36456,33.96979],[-6.36232,33.96979],[-6.36232,33.96755]]],[[[-6.38028,33.97204],[-6.38028,33.97428],[-6.37804,33.97428],[-6.37804,33.97204],[-6.38028,33.97204]]],[[[-6.37579,33.97204],[-6.37579,33.97428],[-6.37355,33.97428],[-6.37355,33.97204],[-6.37579,33.97204]]],[[[-6.37804,33.97653],[-6.38028,33.97653],[-6.38028,33.98102],[-6.37804,33.98102],[-6.37804,33.97653]]],[[[-6.35333,33.97653],[-6.35333,33.98102],[-6.35109,33.98102],[-6.35109,33.97653],[-6.35333,33.97653]]],[[[-6.36456,33.97878],[-6.36456,33.98102],[-6.36232,33.98102],[-6.36232,33.97878],[-6.36456,33.97878]]],[[[-6.34435,33.98776],[-6.3466,33.98776],[-6.3466,33.99],[-6.34435,33.99],[-6.34435,33.98776]]],[[[-6.38927,33.99],[-6.38927,33.99225],[-6.38702,33.99225],[-6.38702,33.99],[-6.38927,33.99]]],[[[-6.36456,33.99899],[-6.36456,34.00123],[-6.36232,34.00123],[-6.36232,33.99899],[-6.36456,33.99899]]],[[[-6.3713,34.00123],[-6.3713,34.00348],[-6.36906,34.00348],[-6.36906,34.00123],[-6.3713,34.00123]]],[[[-6.36681,34.00797],[-6.36681,34.01022],[-6.36456,34.01022],[-6.36456,34.00797],[-6.36681,34.00797]]],[[[-6.35558,34.0439],[-6.35558,34.04615],[-6.35333,34.04615],[-6.35333,34.0439],[-6.35558,34.0439]]],[[[-6.34435,34.21907],[-6.34435,34.22132],[-6.34211,34.22132],[-6.34211,34.21907],[-6.34435,34.21907]]],[[[-6.34211,34.2348],[-6.34435,34.2348],[-6.34435,34.23704],[-6.34211,34.23704],[-6.34211,34.2348]]],[[[-6.34435,34.24153],[-6.34211,34.24378],[-6.34211,34.23929],[-6.3466,34.23929],[-6.34435,34.24153]]],[[[-6.35333,34.24153],[-6.35333,34.24378],[-6.35109,34.24378],[-6.35109,34.24153],[-6.35333,34.24153]]],[[[-6.34435,34.26174],[-6.3466,34.26174],[-6.3466,34.26399],[-6.34435,34.26399],[-6.34435,34.26174]]],[[[-6.34884,34.26399],[-6.34884,34.26624],[-6.3466,34.26624],[-6.3466,34.26399],[-6.34884,34.26399]]],[[[-6.3466,34.28869],[-6.3466,34.29094],[-6.34435,34.29094],[-6.34435,34.28869],[-6.3466,34.28869]]],[[[-6.38478,34.29543],[-6.38702,34.29543],[-6.38702,34.29768],[-6.38478,34.29768],[-6.38478,34.29543]]],[[[-6.35109,34.29768],[-6.35109,34.29992],[-6.34884,34.29992],[-6.34884,34.29768],[-6.35109,34.29768]]],[[[-6.38253,34.29768],[-6.38253,34.29992],[-6.38028,34.29992],[-6.38028,34.29768],[-6.38253,34.29768]]],[[[-6.38702,34.29768],[-6.38927,34.30217],[-6.38253,34.30217],[-6.38253,34.29992],[-6.38702,34.29768]]],[[[-6.3466,34.29992],[-6.3466,34.30217],[-6.34435,34.30217],[-6.34435,34.29992],[-6.3466,34.29992]]],[[[-6.35333,34.29992],[-6.35333,34.30217],[-6.35109,34.30217],[-6.35109,34.29992],[-6.35333,34.29992]]],[[[-6.36007,34.30217],[-6.36456,34.30217],[-6.36456,34.30441],[-6.36007,34.30441],[-6.36007,34.30217]]],[[[-6.36681,34.31564],[-6.36681,34.31789],[-6.36456,34.31789],[-6.36456,34.31564],[-6.36681,34.31564]]],[[[-6.34435,34.31564],[-6.34435,34.31789],[-6.34211,34.31789],[-6.34211,34.31564],[-6.34435,34.31564]]],[[[-6.35333,34.31564],[-6.35558,34.31564],[-6.35558,34.31789],[-6.35333,34.31789],[-6.35333,34.31564]]],[[[-6.36681,34.32014],[-6.36681,34.32238],[-6.36456,34.32238],[-6.36456,34.32014],[-6.36681,34.32014]]],[[[-6.35333,34.32014],[-6.35333,34.32238],[-6.35109,34.32238],[-6.35109,34.32014],[-6.35333,34.32014]]],[[[-6.3713,34.32238],[-6.37355,34.32238],[-6.37355,34.32463],[-6.3713,34.32463],[-6.3713,34.32238]]],[[[-6.36456,34.32238],[-6.36456,34.32463],[-6.36232,34.32463],[-6.36232,34.32238],[-6.36456,34.32238]]],[[[-6.35109,34.32238],[-6.35109,34.32463],[-6.34884,34.32463],[-6.34884,34.32238],[-6.35109,34.32238]]],[[[-6.34884,34.32463],[-6.34884,34.32687],[-6.3466,34.32687],[-6.3466,34.32463],[-6.34884,34.32463]]],[[[-6.35558,34.32463],[-6.35558,34.32687],[-6.35333,34.32687],[-6.35333,34.32463],[-6.35558,34.32463]]],[[[-6.3466,34.32687],[-6.3466,34.32912],[-6.34435,34.32912],[-6.34435,34.32687],[-6.3466,34.32687]]],[[[-6.38478,34.32912],[-6.38702,34.32912],[-6.38702,34.33136],[-6.38478,34.33136],[-6.38478,34.32912]]],[[[-6.38028,34.33136],[-6.37804,34.33136],[-6.37804,34.32912],[-6.38028,34.32912],[-6.38028,34.33136]]],[[[-6.37579,34.33136],[-6.37804,34.33136],[-6.37804,34.33361],[-6.37579,34.33361],[-6.37579,34.33136]]],[[[-6.35109,34.33361],[-6.35558,34.33361],[-6.35109,34.34035],[-6.34211,34.33586],[-6.34884,34.33361],[-6.34884,34.32687],[-6.35109,34.33361]]],[[[-6.37355,34.3381],[-6.37355,34.34035],[-6.36906,34.34035],[-6.36906,34.3381],[-6.37355,34.3381]]],[[[-6.35783,34.3381],[-6.35783,34.34035],[-6.35558,34.34035],[-6.35558,34.3381],[-6.35783,34.3381]]],[[[-6.38028,34.3381],[-6.38253,34.3381],[-6.38253,34.34035],[-6.38028,34.34035],[-6.38028,34.3381]]],[[[-6.38702,34.3381],[-6.38702,34.34035],[-6.38478,34.34035],[-6.38478,34.3381],[-6.38702,34.3381]]],[[[-6.36232,34.3381],[-6.36232,34.34035],[-6.36007,34.34035],[-6.36007,34.3381],[-6.36232,34.3381]]],[[[-6.37804,34.34035],[-6.38028,34.34035],[-6.38028,34.34259],[-6.37804,34.34259],[-6.37804,34.34035]]],[[[-6.38253,34.34259],[-6.38253,34.34484],[-6.38028,34.34484],[-6.38028,34.34259],[-6.38253,34.34259]]],[[[-6.36906,34.34933],[-6.37355,34.35158],[-6.3713,34.35607],[-6.36007,34.35607],[-6.36456,34.35382],[-6.36456,34.34708],[-6.36906,34.34933]]],[[[-6.37804,34.35382],[-6.37804,34.35607],[-6.37579,34.35607],[-6.37579,34.35382],[-6.37804,34.35382]]],[[[-6.37579,34.35607],[-6.37579,34.36056],[-6.37355,34.36056],[-6.37355,34.35607],[-6.37579,34.35607]]],[[[-6.35558,34.35831],[-6.35558,34.36056],[-6.35333,34.36056],[-6.35333,34.35831],[-6.35558,34.35831]]],[[[-6.35783,34.35831],[-6.36007,34.35831],[-6.36007,34.36056],[-6.35783,34.36056],[-6.35783,34.35831]]],[[[-6.36681,34.36056],[-6.36681,34.36281],[-6.36456,34.36281],[-6.36456,34.36056],[-6.36681,34.36056]]],[[[-6.36232,34.36056],[-6.36232,34.36281],[-6.36007,34.36281],[-6.36007,34.36056],[-6.36232,34.36056]]],[[[-6.35333,34.36281],[-6.34435,34.3673],[-6.34211,34.35831],[-6.3466,34.35831],[-6.3466,34.36281],[-6.35333,34.36281]]],[[[-6.38478,34.36281],[-6.38478,34.36505],[-6.38253,34.36505],[-6.38253,34.36281],[-6.38478,34.36281]]],[[[-6.35783,34.36281],[-6.35783,34.36505],[-6.35558,34.36505],[-6.35558,34.36281],[-6.35783,34.36281]]],[[[-6.38702,34.36505],[-6.38702,34.3673],[-6.38478,34.3673],[-6.38478,34.36505],[-6.38702,34.36505]]],[[[-6.36232,34.36505],[-6.36232,34.3673],[-6.36007,34.3673],[-6.36007,34.36505],[-6.36232,34.36505]]],[[[-6.35558,34.3673],[-6.35558,34.36954],[-6.35333,34.36954],[-6.35333,34.3673],[-6.35558,34.3673]]],[[[-6.35558,34.37179],[-6.35558,34.37403],[-6.35333,34.37403],[-6.35333,34.37179],[-6.35558,34.37179]]],[[[-6.36007,34.37179],[-6.36232,34.37179],[-6.36232,34.37403],[-6.36007,34.37403],[-6.36007,34.37179]]],[[[-6.37804,34.37403],[-6.37804,34.37628],[-6.37579,34.37628],[-6.37579,34.37179],[-6.38028,34.37179],[-6.37804,34.37403]]],[[[-6.34884,34.37179],[-6.34884,34.37628],[-6.3466,34.37628],[-6.3466,34.37179],[-6.34884,34.37179]]],[[[-6.34211,34.37403],[-6.34435,34.37403],[-6.34435,34.37628],[-6.34211,34.37628],[-6.34211,34.37403]]],[[[-6.37355,34.37403],[-6.37355,34.37628],[-6.36681,34.37628],[-6.36681,34.37403],[-6.37355,34.37403]]],[[[-6.35783,34.37403],[-6.35783,34.37628],[-6.35558,34.37628],[-6.35558,34.37403],[-6.35783,34.37403]]],[[[-6.38253,34.37628],[-6.38478,34.37628],[-6.38478,34.37853],[-6.38253,34.37853],[-6.38253,34.37628]]],[[[-6.3466,34.37628],[-6.3466,34.37853],[-6.34435,34.37853],[-6.34435,34.37628],[-6.3466,34.37628]]],[[[-6.36456,34.37628],[-6.36456,34.38077],[-6.36232,34.38077],[-6.36232,34.37628],[-6.36456,34.37628]]],[[[-6.38028,34.37853],[-6.38253,34.37853],[-6.38253,34.38077],[-6.38028,34.38077],[-6.38028,34.37853]]],[[[-6.35558,34.37853],[-6.35558,34.38077],[-6.35333,34.38077],[-6.35333,34.37853],[-6.35558,34.37853]]],[[[-6.37355,34.38975],[-6.37355,34.392],[-6.3713,34.392],[-6.3713,34.38975],[-6.37355,34.38975]]],[[[-6.36007,34.392],[-6.36232,34.392],[-6.36232,34.39649],[-6.36007,34.39649],[-6.36007,34.392]]],[[[-6.3713,34.39649],[-6.3713,34.40098],[-6.36906,34.40098],[-6.36906,34.39649],[-6.3713,34.39649]]],[[[-6.36007,34.39874],[-6.36007,34.40098],[-6.35783,34.40098],[-6.35783,34.39874],[-6.36007,34.39874]]],[[[-6.38478,34.41895],[-6.38702,34.41895],[-6.38702,34.4212],[-6.38478,34.4212],[-6.38478,34.41895]]],[[[-6.38702,34.45264],[-6.38702,34.45488],[-6.38478,34.45488],[-6.38478,34.45264],[-6.38702,34.45264]]],[[[-6.34884,34.46162],[-6.34884,34.46387],[-6.34435,34.46387],[-6.34435,34.46162],[-6.34884,34.46162]]],[[[-6.36232,34.4706],[-6.36456,34.4706],[-6.36456,34.47285],[-6.36232,34.47285],[-6.36232,34.4706]]],[[[-6.38253,34.47959],[-6.38253,34.48183],[-6.38028,34.48183],[-6.38028,34.47959],[-6.38253,34.47959]]],[[[-6.38702,34.48183],[-6.38702,34.48408],[-6.38478,34.48408],[-6.38478,34.48183],[-6.38702,34.48183]]],[[[-6.35109,34.48632],[-6.35109,34.48857],[-6.34884,34.48857],[-6.34884,34.48632],[-6.35109,34.48632]]],[[[-6.38028,34.48632],[-6.38028,34.48857],[-6.37804,34.48857],[-6.37804,34.48632],[-6.38028,34.48632]]],[[[-6.38478,34.48857],[-6.38478,34.49082],[-6.38028,34.49082],[-6.38028,34.48857],[-6.38478,34.48857]]],[[[-6.36906,34.48857],[-6.36906,34.49082],[-6.36681,34.49082],[-6.36681,34.48857],[-6.36906,34.48857]]],[[[-6.34435,34.49306],[-6.3466,34.49306],[-6.3466,34.49531],[-6.34435,34.49531],[-6.34435,34.49306]]],[[[-6.35109,34.49306],[-6.35109,34.49531],[-6.34884,34.49531],[-6.34884,34.49306],[-6.35109,34.49306]]],[[[-6.37804,34.48857],[-6.37579,34.49306],[-6.38028,34.49306],[-6.38478,34.4998],[-6.3713,34.4998],[-6.37355,34.49306],[-6.36906,34.49082],[-6.37804,34.48857]],[[-6.37804,34.49755],[-6.37804,34.49531],[-6.37579,34.49531],[-6.37579,34.49755],[-6.37804,34.49755]]],[[[-6.36007,34.4998],[-6.35558,34.4998],[-6.35333,34.49531],[-6.36456,34.49306],[-6.36007,34.4998]]],[[[-6.35109,34.50204],[-6.34884,34.50878],[-6.33986,34.4998],[-6.3466,34.49755],[-6.3466,34.50204],[-6.35109,34.50204]]],[[[-6.37804,34.50429],[-6.37804,34.50654],[-6.37579,34.50654],[-6.37579,34.50429],[-6.37804,34.50429]]],[[[-6.3713,34.50429],[-6.37355,34.50429],[-6.37355,34.50654],[-6.3713,34.50654],[-6.3713,34.50429]]],[[[-6.38028,34.50654],[-6.38028,34.50878],[-6.37804,34.50878],[-6.37804,34.50654],[-6.38028,34.50654]]],[[[-6.38253,34.51103],[-6.38253,34.50429],[-6.38927,34.50429],[-6.38927,34.50878],[-6.38253,34.51103]]],[[[-6.35333,34.50654],[-6.36007,34.50654],[-6.36007,34.50878],[-6.35333,34.50878],[-6.35333,34.50654]]],[[[-6.36681,34.50878],[-6.36456,34.50878],[-6.36456,34.50654],[-6.36681,34.50654],[-6.36681,34.50878]]],[[[-6.36232,34.50878],[-6.36456,34.50878],[-6.36456,34.51103],[-6.36232,34.51103],[-6.36232,34.50878]]],[[[-6.37579,34.51103],[-6.37804,34.51103],[-6.37804,34.51327],[-6.37579,34.51327],[-6.37579,34.51103]]],[[[-6.36232,34.51103],[-6.36232,34.51552],[-6.36007,34.51552],[-6.36007,34.51103],[-6.36232,34.51103]]],[[[-6.36681,34.51103],[-6.36681,34.51552],[-6.36456,34.51552],[-6.36456,34.51103],[-6.36681,34.51103]]],[[[-6.3466,34.51327],[-6.35109,34.51327],[-6.35109,34.51552],[-6.3466,34.51552],[-6.3466,34.51327]]],[[[-6.38478,34.51552],[-6.38478,34.51776],[-6.38253,34.51776],[-6.38253,34.51552],[-6.38478,34.51552]]],[[[-6.37579,34.51552],[-6.37579,34.52226],[-6.37355,34.52226],[-6.37355,34.51552],[-6.37579,34.51552]]],[[[-6.33986,33.95632],[-6.34211,33.95632],[-6.34211,33.95856],[-6.33986,33.95856],[-6.33986,33.95632]]],[[[-6.30393,33.98327],[-6.30393,33.98551],[-6.30168,33.98551],[-6.30168,33.98327],[-6.30393,33.98327]]],[[[-6.31965,33.99899],[-6.31965,34.00123],[-6.3174,34.00123],[-6.3174,33.99899],[-6.31965,33.99899]]],[[[-6.32639,34.01246],[-6.32639,34.01471],[-6.32414,34.01471],[-6.32414,34.01246],[-6.32639,34.01246]]],[[[-6.32863,34.02145],[-6.32863,34.02369],[-6.32639,34.02369],[-6.32639,34.02145],[-6.32863,34.02145]]],[[[-6.31291,34.03043],[-6.31291,34.03267],[-6.31066,34.03267],[-6.31066,34.03043],[-6.31291,34.03043]]],[[[-6.31291,34.03492],[-6.31291,34.03717],[-6.31066,34.03717],[-6.31066,34.03492],[-6.31291,34.03492]]],[[[-6.3174,34.06636],[-6.31965,34.06636],[-6.31965,34.06861],[-6.3174,34.06861],[-6.3174,34.06636]]],[[[-6.31516,34.15844],[-6.31516,34.16293],[-6.31291,34.16293],[-6.31291,34.15844],[-6.31516,34.15844]]],[[[-6.30842,34.18988],[-6.30842,34.19662],[-6.30617,34.19662],[-6.30617,34.18988],[-6.30842,34.18988]]],[[[-6.30842,34.2056],[-6.31066,34.2056],[-6.31066,34.20785],[-6.30842,34.20785],[-6.30842,34.2056]]],[[[-6.33761,34.21458],[-6.33761,34.21907],[-6.33537,34.21907],[-6.33537,34.21458],[-6.33761,34.21458]]],[[[-6.33986,34.22132],[-6.33986,34.22357],[-6.33761,34.22357],[-6.33761,34.22132],[-6.33986,34.22132]]],[[[-6.31965,34.22581],[-6.32189,34.22581],[-6.32189,34.22806],[-6.31965,34.22806],[-6.31965,34.22581]]],[[[-6.32639,34.22806],[-6.32639,34.2303],[-6.32414,34.2303],[-6.32414,34.22806],[-6.32639,34.22806]]],[[[-6.31516,34.23255],[-6.31516,34.2348],[-6.31066,34.2348],[-6.31066,34.23255],[-6.31516,34.23255]]],[[[-6.34211,34.23704],[-6.34211,34.23929],[-6.33986,34.23929],[-6.33986,34.23704],[-6.34211,34.23704]]],[[[-6.33986,34.23929],[-6.33986,34.24153],[-6.33761,34.24153],[-6.33761,34.23929],[-6.33986,34.23929]]],[[[-6.32189,34.23929],[-6.32189,34.24378],[-6.31516,34.24153],[-6.31516,34.23929],[-6.32189,34.23929]]],[[[-6.33088,34.24153],[-6.33312,34.24153],[-6.33312,34.24378],[-6.33088,34.24378],[-6.33088,34.24153]]],[[[-6.31965,34.24602],[-6.31291,34.24827],[-6.31291,34.24153],[-6.31516,34.24602],[-6.31965,34.24602]]],[[[-6.33761,34.25052],[-6.33761,34.24602],[-6.34435,34.24827],[-6.34435,34.25276],[-6.33761,34.25052]]],[[[-6.33537,34.24827],[-6.33537,34.25052],[-6.33312,34.25052],[-6.33312,34.24827],[-6.33537,34.24827]]],[[[-6.32189,34.25052],[-6.32189,34.25276],[-6.31965,34.25276],[-6.31965,34.25052],[-6.32189,34.25052]]],[[[-6.33312,34.25052],[-6.33312,34.25276],[-6.33088,34.25276],[-6.33088,34.25052],[-6.33312,34.25052]]],[[[-6.30617,34.25052],[-6.30842,34.25052],[-6.30842,34.25276],[-6.30617,34.25276],[-6.30617,34.25052]]],[[[-6.31516,34.25276],[-6.31291,34.25276],[-6.31291,34.25052],[-6.31516,34.25052],[-6.31516,34.25276]]],[[[-6.31066,34.25276],[-6.31291,34.25276],[-6.31291,34.25501],[-6.31066,34.25501],[-6.31066,34.25276]]],[[[-6.32189,34.25276],[-6.32639,34.25276],[-6.32639,34.25501],[-6.32189,34.25501],[-6.32189,34.25276]]],[[[-6.30617,34.25276],[-6.30617,34.25725],[-6.30393,34.25725],[-6.30393,34.25276],[-6.30617,34.25276]]],[[[-6.31066,34.25501],[-6.31066,34.2595],[-6.30842,34.2595],[-6.30842,34.25501],[-6.31066,34.25501]]],[[[-6.30617,34.2595],[-6.30842,34.2595],[-6.30842,34.26174],[-6.30617,34.26174],[-6.30617,34.2595]]],[[[-6.34211,34.26624],[-6.34211,34.27073],[-6.33986,34.27073],[-6.33986,34.26624],[-6.34211,34.26624]]],[[[-6.30617,34.27297],[-6.30617,34.27747],[-6.30393,34.27747],[-6.30393,34.27297],[-6.30617,34.27297]]],[[[-6.31291,34.27971],[-6.31516,34.27971],[-6.31516,34.28196],[-6.31291,34.28196],[-6.31291,34.27971]]],[[[-6.31066,34.2842],[-6.31066,34.28645],[-6.30842,34.28645],[-6.30842,34.2842],[-6.31066,34.2842]]],[[[-6.31516,34.28645],[-6.31516,34.28869],[-6.31291,34.28869],[-6.31291,34.28645],[-6.31516,34.28645]]],[[[-6.30617,34.28869],[-6.30842,34.28869],[-6.30842,34.29094],[-6.30617,34.29094],[-6.30617,34.28869]]],[[[-6.3174,34.29094],[-6.3174,34.29319],[-6.31516,34.29319],[-6.31516,34.29094],[-6.3174,34.29094]]],[[[-6.31291,34.29094],[-6.31291,34.29543],[-6.31066,34.29543],[-6.31066,34.29094],[-6.31291,34.29094]]],[[[-6.3174,34.29319],[-6.31965,34.29319],[-6.31965,34.29543],[-6.3174,34.29543],[-6.3174,34.29319]]],[[[-6.33537,34.29319],[-6.33537,34.29543],[-6.33312,34.29543],[-6.33312,34.29319],[-6.33537,34.29319]]],[[[-6.31291,34.29768],[-6.30842,34.29992],[-6.30842,34.29543],[-6.31066,34.29543],[-6.31291,34.29768]]],[[[-6.31965,34.29768],[-6.31965,34.29992],[-6.3174,34.29992],[-6.3174,34.29768],[-6.31965,34.29768]]],[[[-6.3174,34.29992],[-6.3174,34.30217],[-6.31516,34.30217],[-6.31516,34.29992],[-6.3174,34.29992]]],[[[-6.31516,34.30441],[-6.31516,34.30666],[-6.31291,34.30666],[-6.31291,34.30441],[-6.31516,34.30441]]],[[[-6.31516,34.30666],[-6.3174,34.30666],[-6.3174,34.30891],[-6.31516,34.30891],[-6.31516,34.30666]]],[[[-6.32863,34.30891],[-6.32863,34.31115],[-6.32639,34.31115],[-6.32639,34.30891],[-6.32863,34.30891]]],[[[-6.30617,34.30891],[-6.30617,34.31115],[-6.30168,34.31115],[-6.30168,34.30891],[-6.30617,34.30891]]],[[[-6.31516,34.31115],[-6.3174,34.31115],[-6.3174,34.3134],[-6.31516,34.3134],[-6.31516,34.31115]]],[[[-6.33537,34.31115],[-6.33537,34.3134],[-6.33312,34.3134],[-6.33312,34.31115],[-6.33537,34.31115]]],[[[-6.34211,34.3134],[-6.33986,34.31564],[-6.33986,34.31115],[-6.34435,34.31115],[-6.34211,34.3134]]],[[[-6.33761,34.31564],[-6.33761,34.31789],[-6.33537,34.31789],[-6.33537,34.31564],[-6.33761,34.31564]]],[[[-6.3174,34.32238],[-6.31291,34.31789],[-6.31291,34.3134],[-6.31965,34.31564],[-6.3174,34.32238]]],[[[-6.34211,34.32014],[-6.34211,34.32238],[-6.33986,34.32238],[-6.33986,34.32014],[-6.34211,34.32014]]],[[[-6.32189,34.32238],[-6.32189,34.32463],[-6.31965,34.32463],[-6.31965,34.32238],[-6.32189,34.32238]]],[[[-6.33312,34.32238],[-6.33537,34.32687],[-6.32639,34.32687],[-6.32639,34.32463],[-6.33312,34.32238]]],[[[-6.33088,34.32912],[-6.33088,34.33136],[-6.32863,34.33136],[-6.32863,34.32912],[-6.33088,34.32912]]],[[[-6.33986,34.32912],[-6.33986,34.33136],[-6.33761,34.33136],[-6.33761,34.32912],[-6.33986,34.32912]]],[[[-6.31516,34.33136],[-6.3174,34.33136],[-6.3174,34.33361],[-6.31516,34.33361],[-6.31516,34.33136]]],[[[-6.31965,34.33361],[-6.31965,34.3381],[-6.3174,34.3381],[-6.3174,34.33361],[-6.31965,34.33361]]],[[[-6.33986,34.33586],[-6.33986,34.34035],[-6.33312,34.3381],[-6.33312,34.33586],[-6.33986,34.33586]]],[[[-6.33088,34.34035],[-6.33312,34.34035],[-6.33312,34.34259],[-6.33088,34.34259],[-6.33088,34.34035]]],[[[-6.33761,34.34259],[-6.33761,34.34484],[-6.33312,34.34484],[-6.33312,34.34259],[-6.33761,34.34259]]],[[[-6.33088,34.34708],[-6.33088,34.34933],[-6.32863,34.34933],[-6.32863,34.34708],[-6.33088,34.34708]]],[[[-6.31965,34.34933],[-6.32414,34.34708],[-6.32639,34.35158],[-6.31965,34.35158],[-6.31965,34.34933]]],[[[-6.3174,34.35158],[-6.3174,34.35382],[-6.31516,34.35382],[-6.31516,34.35158],[-6.3174,34.35158]]],[[[-6.34435,34.35158],[-6.34435,34.35607],[-6.33986,34.35607],[-6.33986,34.35382],[-6.34435,34.35158]]],[[[-6.31965,34.35382],[-6.32414,34.35382],[-6.32414,34.35607],[-6.31965,34.35607],[-6.31965,34.35382]]],[[[-6.33986,34.35607],[-6.33088,34.35831],[-6.32863,34.35382],[-6.33761,34.35382],[-6.33986,34.35607]]],[[[-6.32639,34.35607],[-6.32639,34.35831],[-6.32414,34.35831],[-6.32414,34.35607],[-6.32639,34.35607]]],[[[-6.31516,34.35607],[-6.3174,34.35607],[-6.3174,34.36056],[-6.31516,34.36056],[-6.31516,34.35607]]],[[[-6.31291,34.35831],[-6.31291,34.36056],[-6.30842,34.36056],[-6.30842,34.35831],[-6.31291,34.35831]]],[[[-6.32414,34.35831],[-6.32414,34.36056],[-6.32189,34.36056],[-6.32189,34.35831],[-6.32414,34.35831]]],[[[-6.33088,34.36056],[-6.33986,34.36056],[-6.33986,34.36281],[-6.33088,34.36281],[-6.33088,34.36056]]],[[[-6.32639,34.36281],[-6.32414,34.36505],[-6.32414,34.36056],[-6.32863,34.36056],[-6.32639,34.36281]]],[[[-6.31516,34.36281],[-6.31516,34.36505],[-6.31291,34.36505],[-6.31291,34.36281],[-6.31516,34.36281]]],[[[-6.30168,34.36954],[-6.30617,34.36281],[-6.31291,34.3673],[-6.31291,34.36954],[-6.30168,34.36954]]],[[[-6.32414,34.3673],[-6.32414,34.36954],[-6.32189,34.36954],[-6.32189,34.3673],[-6.32414,34.3673]]],[[[-6.32639,34.37179],[-6.32639,34.37403],[-6.32414,34.37403],[-6.32414,34.37179],[-6.32639,34.37179]]],[[[-6.33088,34.37179],[-6.33088,34.37403],[-6.32863,34.37403],[-6.32863,34.37179],[-6.33088,34.37179]]],[[[-6.33537,34.37403],[-6.33761,34.37403],[-6.33761,34.37628],[-6.33537,34.37628],[-6.33537,34.37403]]],[[[-6.33312,34.37853],[-6.33312,34.38526],[-6.33088,34.38526],[-6.33088,34.37853],[-6.33312,34.37853]]],[[[-6.34435,34.38077],[-6.34435,34.38302],[-6.34211,34.38302],[-6.34211,34.38077],[-6.34435,34.38077]]],[[[-6.32189,34.37853],[-6.32414,34.37853],[-6.32414,34.38526],[-6.32189,34.38526],[-6.32189,34.37853]]],[[[-6.32863,34.38302],[-6.32863,34.38526],[-6.32639,34.38526],[-6.32639,34.38302],[-6.32863,34.38302]]],[[[-6.34211,34.38302],[-6.34211,34.38526],[-6.33986,34.38526],[-6.33986,34.38302],[-6.34211,34.38302]]],[[[-6.3174,34.38302],[-6.31965,34.38302],[-6.31965,34.38526],[-6.3174,34.38526],[-6.3174,34.38302]]],[[[-6.33761,34.38302],[-6.33761,34.38526],[-6.33537,34.38526],[-6.33537,34.38302],[-6.33761,34.38302]]],[[[-6.32189,34.38526],[-6.32189,34.38751],[-6.31965,34.38751],[-6.31965,34.38526],[-6.32189,34.38526]]],[[[-6.31965,34.38975],[-6.3174,34.38975],[-6.31516,34.392],[-6.31516,34.38751],[-6.31965,34.38975]]],[[[-6.32189,34.45264],[-6.32189,34.45488],[-6.31965,34.45488],[-6.31965,34.45264],[-6.32189,34.45264]]],[[[-6.33537,34.46611],[-6.33312,34.4706],[-6.32414,34.45713],[-6.33088,34.45488],[-6.33312,34.46162],[-6.33761,34.45937],[-6.33986,34.46387],[-6.33312,34.46387],[-6.33537,34.46611]],[[-6.32863,34.45937],[-6.32863,34.46162],[-6.33088,34.46162],[-6.33088,34.45937],[-6.32863,34.45937]]],[[[-6.33986,34.46387],[-6.34435,34.46387],[-6.34435,34.46611],[-6.33986,34.46611],[-6.33986,34.46387]]],[[[-6.30617,34.46387],[-6.30617,34.46611],[-6.30393,34.46611],[-6.30393,34.46387],[-6.30617,34.46387]]],[[[-6.33312,34.4706],[-6.33312,34.47285],[-6.33088,34.47285],[-6.33088,34.4706],[-6.33312,34.4706]]],[[[-6.32189,34.47285],[-6.32639,34.47285],[-6.32639,34.47509],[-6.32189,34.47509],[-6.32189,34.47285]]],[[[-6.32414,34.49306],[-6.32414,34.49531],[-6.32189,34.49531],[-6.32189,34.49306],[-6.32414,34.49306]]],[[[-6.3174,34.49306],[-6.3174,34.49531],[-6.31516,34.49531],[-6.31516,34.49306],[-6.3174,34.49306]]],[[[-6.30617,34.4998],[-6.31516,34.4998],[-6.31516,34.50204],[-6.30617,34.50204],[-6.30617,34.4998]]],[[[-6.32189,34.4998],[-6.32189,34.50204],[-6.31965,34.50204],[-6.31965,34.4998],[-6.32189,34.4998]]],[[[-6.33312,34.50429],[-6.32863,34.50429],[-6.32863,34.4998],[-6.33761,34.50204],[-6.33312,34.50429]]],[[[-6.31965,34.50204],[-6.31965,34.50429],[-6.3174,34.50429],[-6.3174,34.50204],[-6.31965,34.50204]]],[[[-6.32414,34.50204],[-6.32414,34.50429],[-6.32189,34.50429],[-6.32189,34.50204],[-6.32414,34.50204]]],[[[-6.33986,34.50429],[-6.33986,34.50654],[-6.33761,34.50654],[-6.33761,34.50429],[-6.33986,34.50429]]],[[[-6.32189,34.50429],[-6.32189,34.50654],[-6.31965,34.50654],[-6.31965,34.50429],[-6.32189,34.50429]]],[[[-6.30617,34.50654],[-6.30842,34.50654],[-6.30842,34.50878],[-6.30617,34.50878],[-6.30617,34.50654]]],[[[-6.33761,34.50654],[-6.33761,34.50878],[-6.33537,34.50878],[-6.33537,34.50654],[-6.33761,34.50654]]],[[[-6.32863,34.50429],[-6.32863,34.51103],[-6.32639,34.51103],[-6.32414,34.50429],[-6.32863,34.50429]]],[[[-6.33088,34.51327],[-6.33312,34.51327],[-6.33312,34.51552],[-6.33088,34.51552],[-6.33088,34.51327]]],[[[-6.34211,34.51327],[-6.34211,34.51552],[-6.33761,34.51552],[-6.33761,34.51327],[-6.34211,34.51327]]],[[[-6.32639,34.51327],[-6.32639,34.51552],[-6.32189,34.51552],[-6.32189,34.51327],[-6.32639,34.51327]]],[[[-6.31516,34.51327],[-6.3174,34.51552],[-6.31066,34.52001],[-6.31066,34.51552],[-6.30393,34.51552],[-6.30393,34.51103],[-6.31516,34.50878],[-6.31516,34.51327]],[[-6.30842,34.51327],[-6.31066,34.51327],[-6.31066,34.51103],[-6.30842,34.51103],[-6.30842,34.51327]]],[[[-6.32189,34.51552],[-6.32189,34.51776],[-6.31965,34.51776],[-6.31965,34.51552],[-6.32189,34.51552]]],[[[-6.3174,34.51776],[-6.3174,34.52001],[-6.31516,34.52001],[-6.31516,34.51776],[-6.3174,34.51776]]],[[[-6.32189,34.51776],[-6.32414,34.51776],[-6.32414,34.52001],[-6.32189,34.52001],[-6.32189,34.51776]]],[[[-6.33761,34.51776],[-6.33761,34.52001],[-6.33537,34.52001],[-6.33537,34.51776],[-6.33761,34.51776]]],[[[-6.31965,34.52001],[-6.31965,34.52226],[-6.3174,34.52226],[-6.3174,34.52001],[-6.31965,34.52001]]],[[[-6.32414,34.5245],[-6.32863,34.5245],[-6.32863,34.52675],[-6.32414,34.52675],[-6.32414,34.5245]]],[[[-6.30393,34.53349],[-6.30393,34.53573],[-6.30168,34.53573],[-6.30168,34.53349],[-6.30393,34.53349]]],[[[-6.32189,34.53573],[-6.32189,34.53798],[-6.31291,34.53798],[-6.31291,34.53573],[-6.32189,34.53573]]],[[[-6.31291,34.54247],[-6.31516,34.54247],[-6.31516,34.54471],[-6.31291,34.54471],[-6.31291,34.54247]]],[[[-6.28821,33.94733],[-6.28821,33.94958],[-6.28596,33.94958],[-6.28596,33.94733],[-6.28821,33.94733]]],[[[-6.28821,33.95856],[-6.28821,33.96081],[-6.28596,33.96081],[-6.28596,33.95856],[-6.28821,33.95856]]],[[[-6.28147,33.96306],[-6.28372,33.96306],[-6.28372,33.96755],[-6.28147,33.96755],[-6.28147,33.96306]]],[[[-6.29494,33.96755],[-6.29494,33.96979],[-6.2927,33.96979],[-6.2927,33.96755],[-6.29494,33.96755]]],[[[-6.28372,33.96979],[-6.28372,33.97204],[-6.28147,33.97204],[-6.28147,33.96979],[-6.28372,33.96979]]],[[[-6.28596,33.97653],[-6.28821,33.97653],[-6.28821,33.97878],[-6.28596,33.97878],[-6.28596,33.97653]]],[[[-6.29045,33.97878],[-6.29045,33.98102],[-6.28821,33.98102],[-6.28821,33.97878],[-6.29045,33.97878]]],[[[-6.26799,33.97878],[-6.26799,33.98102],[-6.26575,33.98102],[-6.26575,33.97878],[-6.26799,33.97878]]],[[[-6.27922,33.98102],[-6.28147,33.98102],[-6.28147,33.98327],[-6.27922,33.98327],[-6.27922,33.98102]]],[[[-6.27024,33.98102],[-6.27024,33.98327],[-6.26799,33.98327],[-6.26799,33.98102],[-6.27024,33.98102]]],[[[-6.28821,33.98327],[-6.28821,33.98551],[-6.28596,33.98551],[-6.28596,33.98327],[-6.28821,33.98327]]],[[[-6.2635,33.98327],[-6.26575,33.98327],[-6.26575,33.98551],[-6.2635,33.98551],[-6.2635,33.98327]]],[[[-6.27473,33.98327],[-6.27473,33.98551],[-6.27249,33.98551],[-6.27249,33.98327],[-6.27473,33.98327]]],[[[-6.27249,33.98776],[-6.27249,33.99],[-6.27024,33.99],[-6.27024,33.98776],[-6.27249,33.98776]]],[[[-6.2927,33.98776],[-6.29494,33.98776],[-6.29494,33.99],[-6.2927,33.99],[-6.2927,33.98776]]],[[[-6.26799,33.9945],[-6.26799,33.99674],[-6.26575,33.99674],[-6.26575,33.9945],[-6.26799,33.9945]]],[[[-6.26799,33.99899],[-6.26799,33.99674],[-6.27024,33.99674],[-6.27024,33.99899],[-6.26799,33.99899]]],[[[-6.28596,33.99674],[-6.28596,34.00123],[-6.28372,34.00123],[-6.28372,33.99674],[-6.28596,33.99674]]],[[[-6.2635,33.99899],[-6.2635,34.00123],[-6.26126,34.00123],[-6.26126,33.99899],[-6.2635,33.99899]]],[[[-6.28372,34.00123],[-6.28372,34.00573],[-6.28147,34.00573],[-6.28147,34.00123],[-6.28372,34.00123]]],[[[-6.2927,34.00573],[-6.29719,34.00573],[-6.29719,34.00797],[-6.2927,34.00797],[-6.2927,34.00573]]],[[[-6.29944,34.01246],[-6.29944,34.01471],[-6.29719,34.01471],[-6.29719,34.01246],[-6.29944,34.01246]]],[[[-6.27024,34.01471],[-6.27024,34.01695],[-6.26799,34.01695],[-6.26799,34.01471],[-6.27024,34.01471]]],[[[-6.26799,34.02594],[-6.27024,34.02594],[-6.27024,34.02818],[-6.26799,34.02818],[-6.26799,34.02594]]],[[[-6.28147,34.10005],[-6.28147,34.10229],[-6.27922,34.10229],[-6.27922,34.10005],[-6.28147,34.10005]]],[[[-6.29494,34.10229],[-6.29494,34.10454],[-6.2927,34.10454],[-6.2927,34.10229],[-6.29494,34.10229]]],[[[-6.2635,34.10229],[-6.26575,34.10229],[-6.26575,34.10454],[-6.2635,34.10454],[-6.2635,34.10229]]],[[[-6.26799,34.10679],[-6.26799,34.10903],[-6.26575,34.10903],[-6.26575,34.10679],[-6.26799,34.10679]]],[[[-6.28147,34.10903],[-6.28147,34.11128],[-6.27922,34.11128],[-6.27922,34.10903],[-6.28147,34.10903]]],[[[-6.28596,34.10903],[-6.28596,34.11352],[-6.28147,34.11352],[-6.28147,34.11128],[-6.28596,34.10903]]],[[[-6.29494,34.11352],[-6.29494,34.11577],[-6.2927,34.11577],[-6.2927,34.11352],[-6.29494,34.11352]]],[[[-6.2635,34.11577],[-6.2635,34.11801],[-6.26126,34.11801],[-6.26126,34.11577],[-6.2635,34.11577]]],[[[-6.2927,34.11577],[-6.2927,34.11801],[-6.29045,34.11801],[-6.29045,34.11577],[-6.2927,34.11577]]],[[[-6.28147,34.11577],[-6.28596,34.11577],[-6.28596,34.12026],[-6.28147,34.11801],[-6.28147,34.11577]]],[[[-6.27698,34.12251],[-6.27698,34.12475],[-6.27473,34.12475],[-6.27473,34.12251],[-6.27698,34.12251]]],[[[-6.28372,34.12475],[-6.28372,34.127],[-6.28147,34.127],[-6.28147,34.12475],[-6.28372,34.12475]]],[[[-6.27922,34.127],[-6.28147,34.127],[-6.28147,34.12924],[-6.27922,34.12924],[-6.27922,34.127]]],[[[-6.28372,34.13149],[-6.28372,34.13374],[-6.28147,34.13374],[-6.28147,34.13149],[-6.28372,34.13149]]],[[[-6.27473,34.14721],[-6.27473,34.14946],[-6.27249,34.14946],[-6.27249,34.14721],[-6.27473,34.14721]]],[[[-6.27024,34.17416],[-6.27024,34.1764],[-6.26575,34.1764],[-6.26575,34.17416],[-6.27024,34.17416]]],[[[-6.26575,34.1764],[-6.26575,34.17865],[-6.2635,34.17865],[-6.2635,34.1764],[-6.26575,34.1764]]],[[[-6.26126,34.18539],[-6.26126,34.18763],[-6.25901,34.18763],[-6.25901,34.18539],[-6.26126,34.18539]]],[[[-6.26575,34.18763],[-6.26799,34.18763],[-6.26799,34.18988],[-6.26575,34.18988],[-6.26575,34.18763]]],[[[-6.27473,34.18763],[-6.27473,34.18988],[-6.27249,34.18988],[-6.27249,34.18763],[-6.27473,34.18763]]],[[[-6.26126,34.19662],[-6.26126,34.19886],[-6.25901,34.19886],[-6.25901,34.19662],[-6.26126,34.19662]]],[[[-6.30168,34.19886],[-6.30393,34.19886],[-6.30393,34.20111],[-6.30168,34.20111],[-6.30168,34.19886]]],[[[-6.30393,34.20335],[-6.30393,34.2056],[-6.30168,34.2056],[-6.30168,34.20335],[-6.30393,34.20335]]],[[[-6.29719,34.2056],[-6.29719,34.20785],[-6.29494,34.20785],[-6.29494,34.2056],[-6.29719,34.2056]]],[[[-6.29944,34.2056],[-6.30168,34.2056],[-6.30168,34.20785],[-6.29944,34.20785],[-6.29944,34.2056]]],[[[-6.29719,34.21234],[-6.29719,34.21458],[-6.29494,34.21458],[-6.29494,34.21234],[-6.29719,34.21234]]],[[[-6.29944,34.21683],[-6.29944,34.21907],[-6.29719,34.21907],[-6.29719,34.21683],[-6.29944,34.21683]]],[[[-6.2927,34.22132],[-6.29719,34.22357],[-6.29045,34.22357],[-6.29045,34.21683],[-6.2927,34.22132]]],[[[-6.29719,34.25501],[-6.29719,34.25725],[-6.29494,34.25725],[-6.29494,34.25501],[-6.29719,34.25501]]],[[[-6.30393,34.2595],[-6.30393,34.26174],[-6.30168,34.26174],[-6.30168,34.2595],[-6.30393,34.2595]]],[[[-6.30393,34.26399],[-6.30393,34.26848],[-6.29719,34.26624],[-6.29719,34.26399],[-6.30393,34.26399]]],[[[-6.28821,34.26848],[-6.28821,34.27073],[-6.28596,34.27073],[-6.28596,34.26848],[-6.28821,34.26848]]],[[[-6.29719,34.26848],[-6.29719,34.27073],[-6.29494,34.27073],[-6.29494,34.26848],[-6.29719,34.26848]]],[[[-6.29045,34.27747],[-6.29045,34.27971],[-6.28596,34.27971],[-6.28596,34.27522],[-6.29045,34.27747]]],[[[-6.30168,34.27747],[-6.30393,34.27747],[-6.30393,34.27971],[-6.30168,34.27971],[-6.30168,34.27747]]],[[[-6.29944,34.27747],[-6.29944,34.28196],[-6.29719,34.28196],[-6.29719,34.27747],[-6.29944,34.27747]]],[[[-6.30168,34.2842],[-6.30168,34.28645],[-6.29944,34.28645],[-6.29944,34.2842],[-6.30168,34.2842]]],[[[-6.28596,34.28645],[-6.28821,34.28645],[-6.28821,34.28869],[-6.28596,34.28869],[-6.28596,34.28645]]],[[[-6.30168,34.28869],[-6.30168,34.29094],[-6.29944,34.29094],[-6.29944,34.28869],[-6.30168,34.28869]]],[[[-6.30168,34.29319],[-6.30168,34.29094],[-6.30393,34.29094],[-6.30393,34.29319],[-6.30168,34.29319]]],[[[-6.29494,34.29543],[-6.29719,34.29543],[-6.29719,34.29992],[-6.29494,34.29992],[-6.29494,34.29543]]],[[[-6.30168,34.36281],[-6.30168,34.3673],[-6.29944,34.3673],[-6.29944,34.36281],[-6.30168,34.36281]]],[[[-6.29719,34.37853],[-6.29719,34.38077],[-6.29494,34.38077],[-6.29494,34.37853],[-6.29719,34.37853]]],[[[-6.2927,34.38077],[-6.29494,34.38077],[-6.29494,34.38302],[-6.2927,34.38302],[-6.2927,34.38077]]],[[[-6.28372,34.39649],[-6.28372,34.39874],[-6.28147,34.39874],[-6.28147,34.39649],[-6.28372,34.39649]]],[[[-6.27698,34.39874],[-6.27698,34.40098],[-6.27249,34.40098],[-6.27249,34.39874],[-6.27698,34.39874]]],[[[-6.26575,34.40997],[-6.26575,34.41221],[-6.2635,34.41221],[-6.2635,34.40997],[-6.26575,34.40997]]],[[[-6.2635,34.41221],[-6.2635,34.41446],[-6.26126,34.41446],[-6.26126,34.41221],[-6.2635,34.41221]]],[[[-6.2635,34.41895],[-6.2635,34.4212],[-6.25901,34.4212],[-6.25901,34.41895],[-6.2635,34.41895]]],[[[-6.26575,34.4212],[-6.26799,34.4212],[-6.26799,34.42344],[-6.26575,34.42344],[-6.26575,34.4212]]],[[[-6.2635,34.42793],[-6.2635,34.43018],[-6.25677,34.43018],[-6.25677,34.42793],[-6.2635,34.42793]]],[[[-6.26799,34.43018],[-6.26799,34.43467],[-6.26575,34.43467],[-6.26575,34.43018],[-6.26799,34.43018]]],[[[-6.26799,34.43467],[-6.27249,34.43467],[-6.27249,34.43692],[-6.26799,34.43692],[-6.26799,34.43467]]],[[[-6.26575,34.43692],[-6.26575,34.44141],[-6.2635,34.44141],[-6.2635,34.43692],[-6.26575,34.43692]]],[[[-6.26575,34.44365],[-6.26575,34.4459],[-6.2635,34.4459],[-6.2635,34.44365],[-6.26575,34.44365]]],[[[-6.26575,34.45264],[-6.26575,34.45713],[-6.2635,34.45713],[-6.2635,34.45264],[-6.26575,34.45264]]],[[[-6.30168,34.46387],[-6.30168,34.46611],[-6.29944,34.46611],[-6.29944,34.46387],[-6.30168,34.46387]]],[[[-6.27698,34.48183],[-6.27698,34.48408],[-6.27473,34.48408],[-6.27473,34.48183],[-6.27698,34.48183]]],[[[-6.28596,34.48183],[-6.28596,34.48408],[-6.28372,34.48408],[-6.28372,34.48183],[-6.28596,34.48183]]],[[[-6.28147,34.4998],[-6.28372,34.4998],[-6.28372,34.50429],[-6.28147,34.50429],[-6.28147,34.4998]]],[[[-6.29719,34.50654],[-6.29719,34.50878],[-6.29494,34.50878],[-6.29494,34.50654],[-6.29719,34.50654]]],[[[-6.29045,34.50654],[-6.29045,34.50878],[-6.28821,34.50878],[-6.28821,34.50654],[-6.29045,34.50654]]],[[[-6.29944,34.50878],[-6.30168,34.50878],[-6.30168,34.51103],[-6.29944,34.51103],[-6.29944,34.50878]]],[[[-6.27922,34.51103],[-6.27922,34.51327],[-6.27249,34.51327],[-6.27249,34.51103],[-6.27922,34.51103]]],[[[-6.2927,34.51327],[-6.2927,34.50878],[-6.29719,34.51103],[-6.29719,34.51552],[-6.2927,34.51327]]],[[[-6.25901,34.51103],[-6.2635,34.51103],[-6.2635,34.51327],[-6.25901,34.51327],[-6.25901,34.51103]]],[[[-6.28372,34.51327],[-6.28372,34.51552],[-6.28147,34.51552],[-6.28147,34.51327],[-6.28372,34.51327]]],[[[-6.27922,34.51552],[-6.27922,34.51776],[-6.27698,34.51776],[-6.27698,34.51552],[-6.27922,34.51552]]],[[[-6.29045,34.51552],[-6.29494,34.51552],[-6.29494,34.52001],[-6.29045,34.52001],[-6.29045,34.51552]]],[[[-6.2635,34.51552],[-6.2635,34.52001],[-6.26126,34.52001],[-6.26126,34.51552],[-6.2635,34.51552]]],[[[-6.27024,34.51776],[-6.27024,34.52001],[-6.26799,34.52001],[-6.26799,34.51776],[-6.27024,34.51776]]],[[[-6.27473,34.52001],[-6.27698,34.52001],[-6.27698,34.52226],[-6.27473,34.52226],[-6.27473,34.52001]]],[[[-6.30168,34.52001],[-6.30842,34.52001],[-6.30842,34.52899],[-6.29719,34.52675],[-6.29944,34.51327],[-6.30393,34.51552],[-6.30168,34.52001]],[[-6.29944,34.5245],[-6.30168,34.5245],[-6.30168,34.52226],[-6.29944,34.52226],[-6.29944,34.5245]]],[[[-6.2927,34.52226],[-6.28821,34.5245],[-6.28821,34.52001],[-6.29045,34.52001],[-6.2927,34.52226]]],[[[-6.26799,34.5245],[-6.27024,34.5245],[-6.27024,34.52675],[-6.26799,34.52675],[-6.26799,34.5245]]],[[[-6.30168,34.52899],[-6.30168,34.53124],[-6.29944,34.53124],[-6.29944,34.52899],[-6.30168,34.52899]]],[[[-6.29494,34.53124],[-6.29494,34.53349],[-6.29045,34.53349],[-6.29045,34.52899],[-6.29719,34.52899],[-6.29494,34.53124]]],[[[-6.29719,34.53124],[-6.29944,34.53124],[-6.29944,34.53349],[-6.29719,34.53349],[-6.29719,34.53124]]],[[[-6.28596,34.53124],[-6.28821,34.52675],[-6.28372,34.54022],[-6.28372,34.53124],[-6.28596,34.53124]]],[[[-6.27024,34.52899],[-6.27698,34.52899],[-6.27473,34.53573],[-6.27249,34.53124],[-6.26799,34.53349],[-6.27249,34.54022],[-6.25901,34.53798],[-6.25901,34.53124],[-6.27024,34.52899]],[[-6.2635,34.53573],[-6.26575,34.53573],[-6.26575,34.53349],[-6.2635,34.53349],[-6.2635,34.53573]]],[[[-6.28147,34.53349],[-6.28147,34.53798],[-6.27922,34.53798],[-6.27698,34.53349],[-6.28147,34.53349]]],[[[-6.28821,34.54022],[-6.28821,34.53798],[-6.29494,34.53798],[-6.28596,34.54247],[-6.28821,34.54022]]],[[[-6.27922,34.53798],[-6.28147,34.54247],[-6.27698,34.54471],[-6.27698,34.53798],[-6.27922,34.53798]]],[[[-6.26126,34.54471],[-6.25677,34.54247],[-6.2635,34.54022],[-6.2635,34.54696],[-6.26126,34.54471]]],[[[-6.27473,34.54247],[-6.27473,34.54696],[-6.27249,34.54696],[-6.27249,34.54247],[-6.27473,34.54247]]],[[[-6.26799,34.54471],[-6.26799,34.54696],[-6.26575,34.54696],[-6.26575,34.54471],[-6.26799,34.54471]]],[[[-6.28372,34.54471],[-6.28596,34.54471],[-6.28596,34.54696],[-6.28372,34.54696],[-6.28372,34.54471]]],[[[-6.30168,34.54247],[-6.30168,34.54921],[-6.29944,34.54921],[-6.29944,34.54247],[-6.30168,34.54247]]],[[[-6.26575,34.54696],[-6.26575,34.54921],[-6.2635,34.54921],[-6.2635,34.54696],[-6.26575,34.54696]]],[[[-6.26799,34.55145],[-6.26799,34.5537],[-6.2635,34.5537],[-6.2635,34.55145],[-6.26799,34.55145]]],[[[-6.25901,34.56043],[-6.25901,34.56493],[-6.25452,34.56493],[-6.25677,34.5537],[-6.2635,34.5537],[-6.2635,34.55819],[-6.27024,34.55594],[-6.27024,34.56043],[-6.25901,34.56043]]],[[[-6.2927,34.56493],[-6.2927,34.56717],[-6.27922,34.56717],[-6.27922,34.56493],[-6.2927,34.56493]]],[[[-6.27473,34.56493],[-6.27698,34.56493],[-6.27698,34.56717],[-6.27473,34.56717],[-6.27473,34.56493]]],[[[-6.27249,34.56493],[-6.27249,34.56717],[-6.26799,34.56717],[-6.26799,34.56493],[-6.27249,34.56493]]],[[[-6.27922,34.56942],[-6.27922,34.57166],[-6.27698,34.57166],[-6.27698,34.56942],[-6.27922,34.56942]]],[[[-6.27249,34.57166],[-6.27249,34.57391],[-6.27024,34.57391],[-6.27024,34.57166],[-6.27249,34.57166]]],[[[-6.26575,34.57616],[-6.26799,34.57166],[-6.27024,34.58065],[-6.26799,34.58065],[-6.26575,34.57616]]],[[[-6.2635,34.5784],[-6.2635,34.58065],[-6.25677,34.58065],[-6.25677,34.5784],[-6.2635,34.5784]]],[[[-6.25677,33.94509],[-6.25452,33.94284],[-6.26126,33.94284],[-6.2635,33.94733],[-6.25677,33.94509]]],[[[-6.23655,33.98327],[-6.23655,33.98551],[-6.23431,33.98551],[-6.23431,33.98327],[-6.23655,33.98327]]],[[[-6.25003,33.99225],[-6.25003,33.9945],[-6.24778,33.9945],[-6.24778,33.99225],[-6.25003,33.99225]]],[[[-6.25901,33.99674],[-6.26126,33.99674],[-6.26126,33.99899],[-6.25901,33.99899],[-6.25901,33.99674]]],[[[-6.24778,33.99674],[-6.24778,33.99899],[-6.24554,33.99899],[-6.24554,33.99674],[-6.24778,33.99674]]],[[[-6.26126,34.00123],[-6.26126,34.00348],[-6.25901,34.00348],[-6.25901,34.00123],[-6.26126,34.00123]]],[[[-6.24554,34.00123],[-6.24554,34.00348],[-6.24329,34.00348],[-6.24329,34.00123],[-6.24554,34.00123]]],[[[-6.25677,34.00348],[-6.25677,34.00573],[-6.25452,34.00573],[-6.25452,34.00348],[-6.25677,34.00348]]],[[[-6.25452,34.00573],[-6.25452,34.00797],[-6.25227,34.00797],[-6.25227,34.00573],[-6.25452,34.00573]]],[[[-6.24105,34.00797],[-6.24105,34.01022],[-6.2388,34.01022],[-6.2388,34.00797],[-6.24105,34.00797]]],[[[-6.25677,34.10454],[-6.25901,34.10679],[-6.25452,34.10679],[-6.25452,34.10229],[-6.25677,34.10454]]],[[[-6.22308,34.12924],[-6.22308,34.13149],[-6.22083,34.13149],[-6.22083,34.12924],[-6.22308,34.12924]]],[[[-6.25003,34.13598],[-6.25003,34.13823],[-6.24778,34.13823],[-6.24778,34.13598],[-6.25003,34.13598]]],[[[-6.25003,34.14047],[-6.25227,34.14047],[-6.25227,34.14272],[-6.25003,34.14272],[-6.25003,34.14047]]],[[[-6.25452,34.14272],[-6.25452,34.14496],[-6.25227,34.14496],[-6.25227,34.14272],[-6.25452,34.14272]]],[[[-6.24105,34.14272],[-6.24105,34.14496],[-6.2388,34.14496],[-6.2388,34.14272],[-6.24105,34.14272]]],[[[-6.23655,34.14496],[-6.2388,34.14496],[-6.2388,34.14721],[-6.23655,34.14721],[-6.23655,34.14496]]],[[[-6.24778,34.14496],[-6.24778,34.14721],[-6.24554,34.14721],[-6.24554,34.14496],[-6.24778,34.14496]]],[[[-6.25452,34.14721],[-6.25452,34.14946],[-6.25003,34.14946],[-6.25003,34.14721],[-6.25452,34.14721]]],[[[-6.24554,34.14946],[-6.24778,34.14946],[-6.24778,34.1517],[-6.24554,34.1517],[-6.24554,34.14946]]],[[[-6.25677,34.15395],[-6.25677,34.15844],[-6.25452,34.15844],[-6.25452,34.15395],[-6.25677,34.15395]]],[[[-6.24778,34.15844],[-6.24778,34.16068],[-6.24554,34.16068],[-6.24554,34.15844],[-6.24778,34.15844]]],[[[-6.25227,34.18314],[-6.25452,34.18314],[-6.25452,34.18539],[-6.25227,34.18539],[-6.25227,34.18314]]],[[[-6.25901,34.18763],[-6.25901,34.18988],[-6.25677,34.18988],[-6.25677,34.18763],[-6.25901,34.18763]]],[[[-6.25227,34.18988],[-6.25227,34.19213],[-6.25003,34.19213],[-6.25003,34.18988],[-6.25227,34.18988]]],[[[-6.25227,34.19662],[-6.25677,34.19213],[-6.25452,34.20335],[-6.25227,34.20335],[-6.25227,34.19662]]],[[[-6.25901,34.41221],[-6.25901,34.41446],[-6.25677,34.41446],[-6.25677,34.41221],[-6.25901,34.41221]]],[[[-6.22532,34.4212],[-6.22532,34.42569],[-6.22308,34.42569],[-6.22308,34.4212],[-6.22532,34.4212]]],[[[-6.19838,34.42344],[-6.20062,34.42344],[-6.20062,34.42569],[-6.19838,34.42569],[-6.19838,34.42344]]],[[[-6.22757,34.42569],[-6.22757,34.42793],[-6.22532,34.42793],[-6.22532,34.42569],[-6.22757,34.42569]]],[[[-6.22083,34.42569],[-6.22083,34.42793],[-6.2141,34.42793],[-6.2141,34.42569],[-6.22083,34.42569]]],[[[-6.20287,34.42569],[-6.20287,34.42793],[-6.20062,34.42793],[-6.20062,34.42569],[-6.20287,34.42569]]],[[[-6.20736,34.42569],[-6.20736,34.42793],[-6.20511,34.42793],[-6.20511,34.42569],[-6.20736,34.42569]]],[[[-6.22532,34.42793],[-6.22532,34.43018],[-6.22308,34.43018],[-6.22308,34.42793],[-6.22532,34.42793]]],[[[-6.25452,34.43018],[-6.25452,34.43242],[-6.25227,34.43242],[-6.25227,34.43018],[-6.25452,34.43018]]],[[[-6.21634,34.43018],[-6.21859,34.43018],[-6.21859,34.43242],[-6.21634,34.43242],[-6.21634,34.43018]]],[[[-6.18939,34.43242],[-6.18939,34.43467],[-6.18715,34.43467],[-6.18715,34.43242],[-6.18939,34.43242]]],[[[-6.21634,34.43467],[-6.21634,34.43692],[-6.2141,34.43692],[-6.2141,34.43467],[-6.21634,34.43467]]],[[[-6.22308,34.43467],[-6.22757,34.43467],[-6.22757,34.43692],[-6.22308,34.43692],[-6.22308,34.43467]]],[[[-6.23206,34.44141],[-6.23206,34.44365],[-6.22757,34.44365],[-6.22757,34.44141],[-6.23206,34.44141]]],[[[-6.22532,34.4459],[-6.22532,34.44815],[-6.22308,34.44815],[-6.22308,34.4459],[-6.22532,34.4459]]],[[[-6.23431,34.4459],[-6.2388,34.45039],[-6.23655,34.45713],[-6.23431,34.45713],[-6.23431,34.4459]]],[[[-6.23206,34.45488],[-6.23206,34.45713],[-6.22982,34.45713],[-6.22982,34.45488],[-6.23206,34.45488]]],[[[-6.1849,34.45488],[-6.1849,34.45713],[-6.18041,34.45713],[-6.18041,34.45488],[-6.1849,34.45488]]],[[[-6.18939,34.45488],[-6.19164,34.45488],[-6.19164,34.45937],[-6.18939,34.45937],[-6.18939,34.45488]]],[[[-6.19613,34.45937],[-6.19613,34.46162],[-6.19388,34.46162],[-6.19388,34.45937],[-6.19613,34.45937]]],[[[-6.24778,34.46162],[-6.24778,34.46387],[-6.24329,34.46387],[-6.24329,34.46162],[-6.24778,34.46162]]],[[[-6.2388,34.46162],[-6.24105,34.46162],[-6.24105,34.46387],[-6.2388,34.46387],[-6.2388,34.46162]]],[[[-6.23655,34.48632],[-6.23655,34.48857],[-6.23431,34.48857],[-6.23431,34.48632],[-6.23655,34.48632]]],[[[-6.25677,34.50429],[-6.25677,34.50654],[-6.25452,34.50654],[-6.25452,34.50429],[-6.25677,34.50429]]],[[[-6.24778,34.50654],[-6.25003,34.50654],[-6.25003,34.50878],[-6.24778,34.50878],[-6.24778,34.50654]]],[[[-6.24329,34.50654],[-6.24329,34.50878],[-6.24105,34.50878],[-6.24105,34.50654],[-6.24329,34.50654]]],[[[-6.25452,34.50878],[-6.25452,34.51327],[-6.25227,34.51327],[-6.25003,34.50878],[-6.25452,34.50878]]],[[[-6.25677,34.51327],[-6.25901,34.51327],[-6.25901,34.51552],[-6.25677,34.51552],[-6.25677,34.51327]]],[[[-6.22308,34.51327],[-6.22308,34.51552],[-6.22083,34.51552],[-6.22083,34.51327],[-6.22308,34.51327]]],[[[-6.24778,34.51776],[-6.24778,34.52226],[-6.24329,34.52226],[-6.24329,34.52001],[-6.24778,34.51776]]],[[[-6.25227,34.52226],[-6.25227,34.52675],[-6.25003,34.52675],[-6.25003,34.52226],[-6.25227,34.52226]]],[[[-6.23655,34.52226],[-6.23655,34.52675],[-6.23431,34.52675],[-6.23206,34.52226],[-6.23655,34.52226]]],[[[-6.24329,34.52226],[-6.24329,34.52675],[-6.2388,34.52675],[-6.2388,34.52226],[-6.24329,34.52226]]],[[[-6.24778,34.52675],[-6.24778,34.52899],[-6.24554,34.52899],[-6.24554,34.52675],[-6.24778,34.52675]]],[[[-6.22757,34.52675],[-6.22982,34.52675],[-6.22982,34.52899],[-6.22757,34.52899],[-6.22757,34.52675]]],[[[-6.21185,34.52899],[-6.21185,34.53124],[-6.20736,34.53124],[-6.20736,34.52899],[-6.21185,34.52899]]],[[[-6.24329,34.52899],[-6.24329,34.53124],[-6.24105,34.53124],[-6.24105,34.52899],[-6.24329,34.52899]]],[[[-6.25452,34.53573],[-6.25003,34.53573],[-6.25227,34.52675],[-6.25677,34.52899],[-6.25452,34.53573]]],[[[-6.19388,34.53349],[-6.19388,34.53573],[-6.19164,34.53573],[-6.19164,34.53349],[-6.19388,34.53349]]],[[[-6.22982,34.53349],[-6.22982,34.53573],[-6.22757,34.53573],[-6.22757,34.53349],[-6.22982,34.53349]]],[[[-6.20287,34.53573],[-6.20062,34.53573],[-6.20062,34.53124],[-6.20511,34.53798],[-6.20287,34.53573]]],[[[-6.22083,34.53349],[-6.22083,34.53573],[-6.21859,34.53573],[-6.21859,34.53349],[-6.22083,34.53349]]],[[[-6.23431,34.53798],[-6.23206,34.53124],[-6.24105,34.53124],[-6.24105,34.53573],[-6.23655,34.53349],[-6.23431,34.53798]]],[[[-6.20736,34.53349],[-6.2096,34.53349],[-6.2096,34.53798],[-6.20736,34.53798],[-6.20736,34.53349]]],[[[-6.24778,34.53573],[-6.24778,34.53798],[-6.24554,34.53798],[-6.24554,34.53573],[-6.24778,34.53573]]],[[[-6.19613,34.54247],[-6.19164,34.53798],[-6.19838,34.53124],[-6.19838,34.54247],[-6.19613,34.54247]]],[[[-6.24778,34.53798],[-6.25003,34.53798],[-6.25003,34.54022],[-6.24778,34.54022],[-6.24778,34.53798]]],[[[-6.20736,34.53798],[-6.20736,34.54022],[-6.20511,34.54022],[-6.20511,34.53798],[-6.20736,34.53798]]],[[[-6.2388,34.53798],[-6.2388,34.54022],[-6.23655,34.54022],[-6.23655,34.53798],[-6.2388,34.53798]]],[[[-6.2096,34.54022],[-6.21185,34.54022],[-6.21185,34.54247],[-6.2096,34.54247],[-6.2096,34.54022]]],[[[-6.24105,34.54247],[-6.24105,34.54471],[-6.2388,34.54471],[-6.2388,34.54247],[-6.24105,34.54247]]],[[[-6.20511,34.54247],[-6.20511,34.54471],[-6.20287,34.54471],[-6.20287,34.54247],[-6.20511,34.54247]]],[[[-6.19164,34.54247],[-6.19388,34.54247],[-6.19388,34.54471],[-6.19164,34.54471],[-6.19164,34.54247]]],[[[-6.23655,34.54471],[-6.23431,34.54471],[-6.23431,34.54247],[-6.23655,34.54247],[-6.23655,34.54471]]],[[[-6.23206,34.54471],[-6.23431,34.54471],[-6.23431,34.54696],[-6.22982,34.54696],[-6.22982,34.54247],[-6.23206,34.54471]]],[[[-6.23655,34.54471],[-6.2388,34.54471],[-6.2388,34.54696],[-6.23655,34.54696],[-6.23655,34.54471]]],[[[-6.24554,34.54471],[-6.24554,34.54696],[-6.24329,34.54696],[-6.24329,34.54471],[-6.24554,34.54471]]],[[[-6.22532,34.54696],[-6.22532,34.54921],[-6.22308,34.54921],[-6.22308,34.54696],[-6.22532,34.54696]]],[[[-6.2388,34.54696],[-6.24329,34.54696],[-6.24329,34.54921],[-6.2388,34.54921],[-6.2388,34.54696]]],[[[-6.19164,34.54696],[-6.19164,34.55145],[-6.18715,34.55145],[-6.18715,34.54921],[-6.19164,34.54696]]],[[[-6.22308,34.54921],[-6.22308,34.55145],[-6.22083,34.55145],[-6.22083,34.54921],[-6.22308,34.54921]]],[[[-6.18265,34.54921],[-6.1849,34.54921],[-6.1849,34.55145],[-6.18265,34.55145],[-6.18265,34.54921]]],[[[-6.23655,34.54921],[-6.23655,34.55594],[-6.23431,34.55594],[-6.23431,34.54921],[-6.23655,34.54921]]],[[[-6.24105,34.55145],[-6.24105,34.55594],[-6.2388,34.55594],[-6.2388,34.55145],[-6.24105,34.55145]]],[[[-6.2141,34.5537],[-6.21634,34.5537],[-6.21634,34.55594],[-6.2141,34.55594],[-6.2141,34.5537]]],[[[-6.18939,34.5537],[-6.18939,34.55594],[-6.18715,34.55594],[-6.18715,34.5537],[-6.18939,34.5537]]],[[[-6.22308,34.5537],[-6.22308,34.55594],[-6.22083,34.55594],[-6.22083,34.5537],[-6.22308,34.5537]]],[[[-6.18265,34.5537],[-6.1849,34.5537],[-6.1849,34.55594],[-6.18265,34.55594],[-6.18265,34.5537]]],[[[-6.21859,34.55594],[-6.21859,34.55819],[-6.21634,34.55819],[-6.21634,34.55594],[-6.21859,34.55594]]],[[[-6.2388,34.55594],[-6.2388,34.55819],[-6.23655,34.55819],[-6.23655,34.55594],[-6.2388,34.55594]]],[[[-6.21185,34.55594],[-6.2141,34.55594],[-6.2141,34.55819],[-6.21185,34.55819],[-6.21185,34.55594]]],[[[-6.22757,34.55594],[-6.22757,34.55819],[-6.22532,34.55819],[-6.22532,34.55594],[-6.22757,34.55594]]],[[[-6.24329,34.55594],[-6.24329,34.55819],[-6.24105,34.55819],[-6.24105,34.55594],[-6.24329,34.55594]]],[[[-6.23206,34.55819],[-6.23655,34.55819],[-6.23655,34.56043],[-6.23206,34.56043],[-6.23206,34.55819]]],[[[-6.20736,34.55819],[-6.20736,34.56268],[-6.20511,34.56268],[-6.20511,34.55819],[-6.20736,34.55819]]],[[[-6.24329,34.56043],[-6.24329,34.56268],[-6.2388,34.56268],[-6.2388,34.55819],[-6.24329,34.56043]]],[[[-6.2096,34.56043],[-6.21185,34.56043],[-6.21185,34.56268],[-6.2096,34.56268],[-6.2096,34.56043]]],[[[-6.20062,34.56043],[-6.20062,34.56268],[-6.19838,34.56268],[-6.19838,34.56043],[-6.20062,34.56043]]],[[[-6.1849,34.56043],[-6.1849,34.56268],[-6.18265,34.56268],[-6.18265,34.56043],[-6.1849,34.56043]]],[[[-6.21859,34.56043],[-6.21859,34.56268],[-6.21634,34.56268],[-6.21634,34.56043],[-6.21859,34.56043]]],[[[-6.19388,34.56268],[-6.19388,34.56493],[-6.18939,34.56493],[-6.18939,34.56268],[-6.19388,34.56268]]],[[[-6.22532,34.56717],[-6.22532,34.56043],[-6.22982,34.56493],[-6.23431,34.56268],[-6.23431,34.56717],[-6.22532,34.56717]]],[[[-6.24778,34.56268],[-6.24778,34.56493],[-6.24554,34.56493],[-6.24554,34.56268],[-6.24778,34.56268]]],[[[-6.20062,34.56493],[-6.20287,34.56493],[-6.20287,34.56717],[-6.20062,34.56717],[-6.20062,34.56493]]],[[[-6.24554,34.56493],[-6.24554,34.56717],[-6.24329,34.56717],[-6.24329,34.56493],[-6.24554,34.56493]]],[[[-6.19838,34.56493],[-6.19838,34.56717],[-6.19388,34.56717],[-6.19388,34.56493],[-6.19838,34.56493]]],[[[-6.21185,34.56717],[-6.20511,34.56942],[-6.20511,34.56493],[-6.21185,34.56493],[-6.21185,34.56717]]],[[[-6.21634,34.56717],[-6.21634,34.56942],[-6.2141,34.56942],[-6.2141,34.56717],[-6.21634,34.56717]]],[[[-6.22308,34.56717],[-6.22308,34.56942],[-6.22083,34.56942],[-6.22083,34.56717],[-6.22308,34.56717]]],[[[-6.1849,34.56717],[-6.18715,34.56717],[-6.18715,34.56942],[-6.1849,34.56942],[-6.1849,34.56717]]],[[[-6.2141,34.56942],[-6.2141,34.57166],[-6.2096,34.57166],[-6.2096,34.56942],[-6.2141,34.56942]]],[[[-6.22308,34.57166],[-6.22308,34.57391],[-6.21859,34.57391],[-6.21859,34.57166],[-6.22308,34.57166]]],[[[-6.18265,34.57166],[-6.1849,34.57166],[-6.1849,34.57391],[-6.18265,34.57391],[-6.18265,34.57166]]],[[[-6.19164,34.57166],[-6.19164,34.57391],[-6.18939,34.57391],[-6.18939,34.57166],[-6.19164,34.57166]]],[[[-6.22757,34.57391],[-6.22757,34.5784],[-6.22532,34.5784],[-6.22532,34.57391],[-6.22757,34.57391]]],[[[-6.24329,34.5784],[-6.25003,34.5784],[-6.25003,34.58065],[-6.24329,34.58065],[-6.24329,34.5784]]],[[[-6.05465,34.392],[-6.05465,34.39425],[-6.0524,34.39425],[-6.0524,34.392],[-6.05465,34.392]]],[[[-6.06812,34.39425],[-6.06812,34.39649],[-6.06587,34.39649],[-6.06587,34.39425],[-6.06812,34.39425]]],[[[-6.07037,34.39649],[-6.07261,34.39649],[-6.07261,34.39874],[-6.07037,34.39874],[-6.07037,34.39649]]],[[[-6.0771,34.39649],[-6.0771,34.39874],[-6.07486,34.39874],[-6.07486,34.39649],[-6.0771,34.39649]]],[[[-6.06363,34.39649],[-6.06363,34.40098],[-6.05914,34.40098],[-6.05914,34.39874],[-6.06363,34.39649]]],[[[-6.09507,34.39874],[-6.09507,34.40098],[-6.09282,34.40098],[-6.09282,34.39874],[-6.09507,34.39874]]],[[[-6.09058,34.39874],[-6.09058,34.40098],[-6.08833,34.40098],[-6.08833,34.39874],[-6.09058,34.39874]]],[[[-6.09058,34.40323],[-6.09058,34.40098],[-6.09282,34.40098],[-6.09282,34.40323],[-6.09058,34.40323]]],[[[-6.09731,34.40098],[-6.09731,34.40323],[-6.09507,34.40323],[-6.09507,34.40098],[-6.09731,34.40098]]],[[[-6.0771,34.40098],[-6.0771,34.40548],[-6.07486,34.40548],[-6.07486,34.40098],[-6.0771,34.40098]]],[[[-6.09282,34.40548],[-6.09282,34.40772],[-6.09058,34.40772],[-6.09058,34.40548],[-6.09282,34.40548]]],[[[-6.11753,34.40548],[-6.11753,34.40772],[-6.11079,34.40772],[-6.11079,34.40548],[-6.11753,34.40548]]],[[[-6.12426,34.40548],[-6.12651,34.40548],[-6.12651,34.40772],[-6.12426,34.40772],[-6.12426,34.40548]]],[[[-6.06812,34.40548],[-6.06812,34.40772],[-6.06587,34.40772],[-6.06587,34.40548],[-6.06812,34.40548]]],[[[-6.13998,34.40548],[-6.13998,34.40772],[-6.13325,34.40772],[-6.13325,34.40548],[-6.13998,34.40548]]],[[[-6.08833,34.40772],[-6.09058,34.40772],[-6.09058,34.40997],[-6.08833,34.40997],[-6.08833,34.40772]]],[[[-6.0524,34.40772],[-6.0524,34.40997],[-6.05015,34.40997],[-6.05015,34.40772],[-6.0524,34.40772]]],[[[-6.09956,34.40997],[-6.09731,34.41221],[-6.09282,34.40772],[-6.09731,34.40548],[-6.10181,34.40772],[-6.09956,34.40997]]],[[[-6.12202,34.40772],[-6.12426,34.41221],[-6.11977,34.41221],[-6.12202,34.40997],[-6.12202,34.40772]]],[[[-6.14223,34.40772],[-6.14223,34.41221],[-6.13998,34.41221],[-6.13998,34.40772],[-6.14223,34.40772]]],[[[-6.1063,34.41446],[-6.10405,34.40772],[-6.11304,34.40997],[-6.11304,34.41221],[-6.1063,34.41446]]],[[[-6.14672,34.40997],[-6.14672,34.41221],[-6.14448,34.41221],[-6.14448,34.40997],[-6.14672,34.40997]]],[[[-6.14448,34.41221],[-6.14448,34.41446],[-6.14223,34.41446],[-6.14223,34.41221],[-6.14448,34.41221]]],[[[-6.17592,34.41221],[-6.17592,34.41446],[-6.15121,34.41446],[-6.15121,34.41221],[-6.17592,34.41221]]],[[[-6.10181,34.41446],[-6.10405,34.41446],[-6.10405,34.4167],[-6.10181,34.4167],[-6.10181,34.41446]]],[[[-6.0524,34.41446],[-6.0524,34.4167],[-6.05015,34.4167],[-6.05015,34.41446],[-6.0524,34.41446]]],[[[-6.11304,34.41446],[-6.11304,34.41895],[-6.10405,34.41895],[-6.10854,34.41446],[-6.11304,34.41446]]],[[[-6.17592,34.41446],[-6.17816,34.41446],[-6.17816,34.4212],[-6.17592,34.4212],[-6.17592,34.41446]]],[[[-6.08833,34.41895],[-6.08833,34.4212],[-6.08609,34.4212],[-6.08609,34.41895],[-6.08833,34.41895]]],[[[-6.09731,34.41895],[-6.09731,34.4212],[-6.09507,34.4212],[-6.09507,34.41895],[-6.09731,34.41895]]],[[[-6.17143,34.41895],[-6.17367,34.41895],[-6.17367,34.4212],[-6.17143,34.4212],[-6.17143,34.41895]]],[[[-6.11753,34.42569],[-6.12202,34.42344],[-6.12426,34.42793],[-6.11977,34.42793],[-6.11753,34.42569]]],[[[-6.17816,34.42569],[-6.17816,34.42793],[-6.17592,34.42793],[-6.17592,34.42569],[-6.17816,34.42569]]],[[[-6.18041,34.43018],[-6.18041,34.43242],[-6.17816,34.43242],[-6.17816,34.43018],[-6.18041,34.43018]]],[[[-6.12651,34.43018],[-6.12651,34.43242],[-6.12426,34.43242],[-6.12426,34.43018],[-6.12651,34.43018]]],[[[-6.17816,34.43242],[-6.17816,34.43467],[-6.17592,34.43467],[-6.17592,34.43242],[-6.17816,34.43242]]],[[[-6.12876,34.43467],[-6.12876,34.43692],[-6.12651,34.43692],[-6.12651,34.43467],[-6.12876,34.43467]]],[[[-6.17816,34.46387],[-6.18041,34.46387],[-6.18041,34.46611],[-6.17816,34.46611],[-6.17816,34.46387]]],[[[-6.0771,34.47959],[-6.0771,34.48183],[-6.07486,34.48183],[-6.07486,34.47959],[-6.0771,34.47959]]],[[[-6.1602,34.49306],[-6.1602,34.49531],[-6.15795,34.49531],[-6.15795,34.49306],[-6.1602,34.49306]]],[[[-6.17816,34.50429],[-6.18041,34.50654],[-6.17592,34.50654],[-6.17592,34.50204],[-6.17816,34.50429]]],[[[-6.05015,34.51552],[-6.05015,34.51776],[-6.04791,34.51776],[-6.04791,34.51552],[-6.05015,34.51552]]],[[[-6.07935,34.51552],[-6.07935,34.51776],[-6.07486,34.51776],[-6.07486,34.51552],[-6.07935,34.51552]]],[[[-6.07261,34.51776],[-6.07486,34.51776],[-6.07486,34.52001],[-6.07261,34.52001],[-6.07261,34.51776]]],[[[-6.06587,34.52001],[-6.06587,34.52226],[-6.06363,34.52226],[-6.06363,34.52001],[-6.06587,34.52001]]],[[[-6.11079,34.52226],[-6.11079,34.5245],[-6.10854,34.5245],[-6.10854,34.52226],[-6.11079,34.52226]]],[[[-6.16469,34.52226],[-6.16693,34.52226],[-6.16693,34.5245],[-6.16469,34.5245],[-6.16469,34.52226]]],[[[-6.17143,34.52226],[-6.17143,34.5245],[-6.16918,34.5245],[-6.16918,34.52226],[-6.17143,34.52226]]],[[[-6.14448,34.52226],[-6.14448,34.5245],[-6.14223,34.5245],[-6.14223,34.52226],[-6.14448,34.52226]]],[[[-6.17816,34.52226],[-6.18041,34.52226],[-6.18041,34.5245],[-6.17816,34.5245],[-6.17816,34.52226]]],[[[-6.13774,34.52899],[-6.13549,34.52226],[-6.13998,34.52226],[-6.14223,34.52675],[-6.13774,34.52899]]],[[[-6.16244,34.5245],[-6.16244,34.52675],[-6.1602,34.52675],[-6.1602,34.5245],[-6.16244,34.5245]]],[[[-6.12876,34.5245],[-6.13549,34.5245],[-6.13549,34.52675],[-6.12876,34.52675],[-6.12876,34.5245]]],[[[-6.12426,34.5245],[-6.12426,34.52675],[-6.11977,34.52675],[-6.11977,34.5245],[-6.12426,34.5245]]],[[[-6.16469,34.52675],[-6.16469,34.52899],[-6.16244,34.52899],[-6.16244,34.52675],[-6.16469,34.52675]]],[[[-6.12426,34.52675],[-6.12651,34.52675],[-6.12651,34.52899],[-6.12426,34.52899],[-6.12426,34.52675]]],[[[-6.15795,34.52899],[-6.15795,34.53124],[-6.15571,34.53124],[-6.15571,34.52899],[-6.15795,34.52899]]],[[[-6.16244,34.52899],[-6.16244,34.53124],[-6.1602,34.53124],[-6.1602,34.52899],[-6.16244,34.52899]]],[[[-6.12876,34.52899],[-6.131,34.52899],[-6.131,34.53124],[-6.12876,34.53124],[-6.12876,34.52899]]],[[[-6.13325,34.53124],[-6.13325,34.53349],[-6.131,34.53349],[-6.131,34.53124],[-6.13325,34.53124]]],[[[-6.09507,34.53124],[-6.09507,34.53573],[-6.09282,34.53573],[-6.09282,34.52899],[-6.09731,34.52899],[-6.09507,34.53124]]],[[[-6.09956,34.53124],[-6.10181,34.53124],[-6.10181,34.53349],[-6.09956,34.53349],[-6.09956,34.53124]]],[[[-6.1063,34.53573],[-6.10181,34.52226],[-6.1063,34.52226],[-6.1063,34.52675],[-6.12202,34.52899],[-6.12202,34.53349],[-6.13325,34.53798],[-6.131,34.54247],[-6.11304,34.54247],[-6.11304,34.53124],[-6.11079,34.53798],[-6.1063,34.53573]],[[-6.12202,34.54022],[-6.12202,34.53798],[-6.11753,34.53798],[-6.11753,34.54022],[-6.12202,34.54022]],[[-6.12426,34.53798],[-6.12426,34.53573],[-6.12202,34.53573],[-6.12202,34.53798],[-6.12426,34.53798]],[[-6.11753,34.53573],[-6.11977,34.53573],[-6.11977,34.53349],[-6.11753,34.53349],[-6.11753,34.53573]],[[-6.1063,34.53124],[-6.10854,34.53124],[-6.10854,34.52899],[-6.1063,34.52899],[-6.1063,34.53124]]],[[[-6.16693,34.53798],[-6.16244,34.53124],[-6.16918,34.52899],[-6.16918,34.53798],[-6.16693,34.53798]]],[[[-6.13998,34.53349],[-6.14223,34.53349],[-6.14223,34.53573],[-6.13998,34.53573],[-6.13998,34.53349]]],[[[-6.16244,34.53349],[-6.16244,34.53573],[-6.1602,34.53573],[-6.1602,34.53349],[-6.16244,34.53349]]],[[[-6.10405,34.53349],[-6.10405,34.53573],[-6.10181,34.53573],[-6.10181,34.53349],[-6.10405,34.53349]]],[[[-6.10405,34.53573],[-6.1063,34.53573],[-6.1063,34.53798],[-6.10405,34.53798],[-6.10405,34.53573]]],[[[-6.13774,34.53573],[-6.13774,34.53798],[-6.13549,34.53798],[-6.13549,34.53573],[-6.13774,34.53573]]],[[[-6.15571,34.53798],[-6.15571,34.54022],[-6.15346,34.54022],[-6.15346,34.53798],[-6.15571,34.53798]]],[[[-6.15121,34.54022],[-6.15346,34.54022],[-6.15346,34.54247],[-6.15121,34.54247],[-6.15121,34.54022]]],[[[-6.16918,34.54022],[-6.16918,34.54247],[-6.16693,34.54247],[-6.16693,34.54022],[-6.16918,34.54022]]],[[[-6.1602,34.54022],[-6.1602,34.54471],[-6.15571,34.54247],[-6.15571,34.54022],[-6.1602,34.54022]]],[[[-6.1849,34.53798],[-6.18715,34.54921],[-6.17367,34.54696],[-6.1849,34.54471],[-6.1849,34.53798]]],[[[-6.15571,34.54247],[-6.15571,34.54471],[-6.15346,34.54471],[-6.15346,34.54247],[-6.15571,34.54247]]],[[[-6.15121,34.54247],[-6.15121,34.54471],[-6.14897,34.54471],[-6.14897,34.54247],[-6.15121,34.54247]]],[[[-6.13774,34.54247],[-6.13774,34.54471],[-6.13549,34.54471],[-6.13549,34.54247],[-6.13774,34.54247]]],[[[-6.13325,34.54247],[-6.13325,34.54471],[-6.131,34.54471],[-6.131,34.54247],[-6.13325,34.54247]]],[[[-6.13325,34.54696],[-6.13325,34.54471],[-6.13549,34.54471],[-6.13549,34.54696],[-6.13325,34.54696]]],[[[-6.14223,34.54471],[-6.14448,34.54471],[-6.14448,34.54696],[-6.14223,34.54696],[-6.14223,34.54471]]],[[[-6.16918,34.54921],[-6.16693,34.54471],[-6.17367,34.54247],[-6.17143,34.54921],[-6.16918,34.54921]]],[[[-6.14897,34.54696],[-6.14897,34.54921],[-6.14672,34.54921],[-6.14672,34.54696],[-6.14897,34.54696]]],[[[-6.131,34.54696],[-6.131,34.54921],[-6.12876,34.54921],[-6.12876,34.54696],[-6.131,34.54696]]],[[[-6.16244,34.54696],[-6.16244,34.54921],[-6.1602,34.54921],[-6.1602,34.54696],[-6.16244,34.54696]]],[[[-6.12651,34.54696],[-6.12651,34.55145],[-6.12426,34.55145],[-6.12426,34.54696],[-6.12651,34.54696]]],[[[-6.15346,34.55145],[-6.15121,34.5537],[-6.14897,34.54921],[-6.15346,34.54696],[-6.15346,34.55145]]],[[[-6.16469,34.54921],[-6.16918,34.54921],[-6.16918,34.55145],[-6.16469,34.55145],[-6.16469,34.54921]]],[[[-6.17592,34.55145],[-6.17592,34.5537],[-6.17143,34.5537],[-6.17143,34.55145],[-6.17592,34.55145]]],[[[-6.08384,34.55145],[-6.08384,34.5537],[-6.08159,34.5537],[-6.08159,34.55145],[-6.08384,34.55145]]],[[[-6.18041,34.55145],[-6.18265,34.55145],[-6.18265,34.5537],[-6.18041,34.5537],[-6.18041,34.55145]]],[[[-6.07486,34.5537],[-6.07935,34.55145],[-6.08159,34.55594],[-6.0771,34.55594],[-6.07486,34.5537]]],[[[-6.14672,34.5537],[-6.14672,34.55594],[-6.14223,34.55594],[-6.14223,34.55145],[-6.14897,34.55145],[-6.14672,34.5537]]],[[[-6.12876,34.55594],[-6.12651,34.55145],[-6.13325,34.55145],[-6.13325,34.55594],[-6.12876,34.55594]]],[[[-6.16244,34.5537],[-6.16244,34.55594],[-6.1602,34.55594],[-6.1602,34.5537],[-6.16244,34.5537]]],[[[-6.07037,34.55145],[-6.07261,34.55594],[-6.0771,34.55819],[-6.06812,34.55819],[-6.07037,34.55145]]],[[[-6.17816,34.55594],[-6.18265,34.55594],[-6.18265,34.55819],[-6.17816,34.55819],[-6.17816,34.55594]]],[[[-6.15346,34.55594],[-6.15346,34.55819],[-6.14672,34.55819],[-6.14672,34.55594],[-6.15346,34.55594]]],[[[-6.14223,34.55594],[-6.14223,34.55819],[-6.13998,34.55819],[-6.13998,34.55594],[-6.14223,34.55594]]],[[[-6.08159,34.55594],[-6.08384,34.55594],[-6.08384,34.55819],[-6.08159,34.55819],[-6.08159,34.55594]]],[[[-6.13998,34.55819],[-6.13998,34.56043],[-6.13774,34.56043],[-6.13774,34.55819],[-6.13998,34.55819]]],[[[-6.05689,34.55819],[-6.05689,34.56043],[-6.05465,34.56043],[-6.05465,34.55819],[-6.05689,34.55819]]],[[[-6.14223,34.55819],[-6.14672,34.55819],[-6.14672,34.56043],[-6.14223,34.56043],[-6.14223,34.55819]]],[[[-6.15795,34.55819],[-6.15795,34.56043],[-6.15571,34.56043],[-6.15571,34.55819],[-6.15795,34.55819]]],[[[-6.17592,34.56043],[-6.17592,34.56268],[-6.17367,34.56268],[-6.17367,34.56043],[-6.17592,34.56043]]],[[[-6.13998,34.56043],[-6.14223,34.56043],[-6.14223,34.56268],[-6.13998,34.56268],[-6.13998,34.56043]]],[[[-6.17143,34.55819],[-6.17143,34.56493],[-6.16469,34.56493],[-6.16918,34.56268],[-6.17143,34.55819]]],[[[-6.05914,34.56043],[-6.05914,34.56268],[-6.05689,34.56268],[-6.05689,34.56043],[-6.05914,34.56043]]],[[[-6.13549,34.56268],[-6.13549,34.56493],[-6.13325,34.56493],[-6.13325,34.56268],[-6.13549,34.56268]]],[[[-6.11079,34.56493],[-6.11079,34.56717],[-6.09731,34.56717],[-6.09731,34.56493],[-6.11079,34.56493]]],[[[-6.15571,34.56493],[-6.15571,34.56717],[-6.14897,34.56717],[-6.14897,34.56493],[-6.15571,34.56493]]],[[[-6.14672,34.56493],[-6.14672,34.56717],[-6.14223,34.56717],[-6.14223,34.56493],[-6.14672,34.56493]]],[[[-6.11079,34.56717],[-6.11304,34.56717],[-6.11304,34.56942],[-6.11079,34.56942],[-6.11079,34.56717]]],[[[-6.16918,34.56717],[-6.16918,34.57166],[-6.16693,34.57166],[-6.16693,34.56717],[-6.16918,34.56717]]],[[[-6.15571,34.57166],[-6.15571,34.57391],[-6.15346,34.57391],[-6.15346,34.57166],[-6.15571,34.57166]]],[[[-6.17592,34.57166],[-6.18041,34.57166],[-6.18041,34.57391],[-6.17592,34.57391],[-6.17592,34.57166]]],[[[-6.17367,34.57166],[-6.17367,34.57391],[-6.17143,34.57391],[-6.17143,34.57166],[-6.17367,34.57166]]],[[[-6.131,34.57166],[-6.131,34.5784],[-6.12876,34.5784],[-6.12876,34.56942],[-6.13325,34.56942],[-6.131,34.57166]]],[[[-6.12426,34.57166],[-6.12651,34.57166],[-6.12651,34.57616],[-6.12426,34.57616],[-6.12426,34.57166]]],[[[-6.14448,34.57391],[-6.14448,34.57616],[-6.14223,34.57616],[-6.14223,34.57391],[-6.14448,34.57391]]],[[[-6.18265,34.57616],[-6.18265,34.58065],[-6.18041,34.58065],[-6.17816,34.57616],[-6.18265,34.57616]]],[[[-6.14223,34.5784],[-6.15121,34.5784],[-6.15121,34.58065],[-6.14223,34.58065],[-6.14223,34.5784]]],[[[-6.16244,34.5784],[-6.16244,34.58065],[-6.1602,34.58065],[-6.1602,34.5784],[-6.16244,34.5784]]],[[[-6.04791,33.40385],[-6.04791,33.40835],[-6.04566,33.40835],[-6.04566,33.40385],[-6.04791,33.40385]]],[[[-6.04566,33.41059],[-6.04791,33.41059],[-6.04791,33.41284],[-6.04566,33.41284],[-6.04566,33.41059]]],[[[-5.98952,33.41059],[-5.98952,33.41508],[-5.98727,33.41508],[-5.98727,33.41059],[-5.98952,33.41059]]],[[[-5.95358,34.31115],[-5.95358,34.31564],[-5.94685,34.3134],[-5.94685,34.31115],[-5.95358,34.31115]]],[[[-5.95808,34.31789],[-5.96032,34.31789],[-5.96032,34.32014],[-5.95808,34.32014],[-5.95808,34.31789]]],[[[-5.96706,34.32014],[-5.96706,34.32238],[-5.96481,34.32238],[-5.96481,34.32014],[-5.96706,34.32014]]],[[[-5.95583,34.32463],[-5.95583,34.32687],[-5.95358,34.32687],[-5.95358,34.32463],[-5.95583,34.32463]]],[[[-5.95583,34.32687],[-5.95808,34.32687],[-5.95808,34.33136],[-5.95583,34.33136],[-5.95583,34.32687]]],[[[-5.96257,34.32912],[-5.96257,34.33136],[-5.96032,34.33136],[-5.96032,34.32687],[-5.96481,34.32687],[-5.96257,34.32912]]],[[[-5.97155,34.32912],[-5.97155,34.33136],[-5.96931,34.33136],[-5.96931,34.32912],[-5.97155,34.32912]]],[[[-5.96481,34.33136],[-5.96481,34.33586],[-5.96257,34.33586],[-5.96257,34.33136],[-5.96481,34.33136]]],[[[-5.97155,34.33361],[-5.97155,34.33586],[-5.96931,34.33586],[-5.96931,34.33361],[-5.97155,34.33361]]],[[[-5.97604,34.33586],[-5.9738,34.3381],[-5.9738,34.33361],[-5.98278,34.33361],[-5.98278,34.34035],[-5.97604,34.33586]]],[[[-5.98278,34.34259],[-5.98278,34.34035],[-5.98503,34.34035],[-5.98503,34.34259],[-5.98278,34.34259]]],[[[-5.96257,34.34259],[-5.96481,34.34259],[-5.96481,34.34484],[-5.96257,34.34484],[-5.96257,34.34259]]],[[[-5.95134,34.34484],[-5.95134,34.34708],[-5.94909,34.34708],[-5.94909,34.34484],[-5.95134,34.34484]]],[[[-5.95583,34.34259],[-5.95583,34.34933],[-5.95358,34.34933],[-5.95358,34.34259],[-5.95583,34.34259]]],[[[-5.98727,34.34035],[-5.98952,34.34035],[-5.98952,34.35607],[-5.98727,34.35607],[-5.98727,34.34035]]],[[[-5.9738,34.34933],[-5.9738,34.35158],[-5.97155,34.35158],[-5.97155,34.34933],[-5.9738,34.34933]]],[[[-5.97829,34.35158],[-5.97829,34.35382],[-5.97604,34.35382],[-5.97604,34.35158],[-5.97829,34.35158]]],[[[-5.96257,34.35158],[-5.96481,34.35158],[-5.96481,34.35382],[-5.96257,34.35382],[-5.96257,34.35158]]],[[[-5.9738,34.35382],[-5.9738,34.35831],[-5.96931,34.35831],[-5.97155,34.35382],[-5.9738,34.35382]]],[[[-5.98503,34.35607],[-5.98503,34.35831],[-5.98278,34.35831],[-5.98278,34.35607],[-5.98503,34.35607]]],[[[-5.98053,34.35831],[-5.98278,34.36281],[-5.97604,34.36281],[-5.97604,34.36056],[-5.98053,34.35831]]],[[[-5.95358,34.36056],[-5.95358,34.36281],[-5.95134,34.36281],[-5.95134,34.36056],[-5.95358,34.36056]]],[[[-5.99625,34.36281],[-5.99625,34.36505],[-5.99401,34.36505],[-5.99401,34.36281],[-5.99625,34.36281]]],[[[-6.00075,34.36281],[-6.00299,34.3673],[-5.99625,34.3673],[-5.99625,34.36505],[-6.00075,34.36281]]],[[[-5.99176,34.36281],[-5.99176,34.3673],[-5.98952,34.3673],[-5.98952,34.36281],[-5.99176,34.36281]]],[[[-5.97604,34.36505],[-5.97604,34.3673],[-5.9738,34.3673],[-5.9738,34.36505],[-5.97604,34.36505]]],[[[-5.9738,34.36505],[-5.97155,34.36505],[-5.96931,34.36954],[-5.96931,34.36281],[-5.9738,34.36505]]],[[[-5.98503,34.36505],[-5.98503,34.3673],[-5.98278,34.3673],[-5.98278,34.36505],[-5.98503,34.36505]]],[[[-5.95134,34.3673],[-5.95134,34.36954],[-5.94909,34.36954],[-5.94909,34.3673],[-5.95134,34.3673]]],[[[-5.95808,34.36954],[-5.96032,34.36954],[-5.96032,34.37179],[-5.95808,34.37179],[-5.95808,34.36954]]],[[[-6.01647,34.36954],[-6.01647,34.37179],[-6.00973,34.37179],[-6.00973,34.36954],[-6.01647,34.36954]]],[[[-5.98053,34.37179],[-5.9738,34.37403],[-5.97155,34.36954],[-5.98503,34.36954],[-5.98053,34.37179]]],[[[-5.96032,34.37179],[-5.96257,34.37179],[-5.96257,34.37403],[-5.96032,34.37403],[-5.96032,34.37179]]],[[[-6.01871,34.37179],[-6.01871,34.37403],[-6.01647,34.37403],[-6.01647,34.37179],[-6.01871,34.37179]]],[[[-5.96706,34.37403],[-5.97155,34.37179],[-5.96931,34.37628],[-5.96257,34.37628],[-5.96706,34.37403]]],[[[-5.95808,34.37403],[-5.96032,34.37403],[-5.96032,34.37628],[-5.95808,34.37628],[-5.95808,34.37403]]],[[[-5.98727,34.37403],[-5.98727,34.37628],[-5.98503,34.37628],[-5.98503,34.37403],[-5.98727,34.37403]]],[[[-5.99625,34.37853],[-5.99625,34.38077],[-5.99401,34.38077],[-5.99401,34.37853],[-5.99625,34.37853]]],[[[-6.00524,34.37853],[-6.00748,34.37853],[-6.00748,34.38077],[-6.00524,34.38077],[-6.00524,34.37853]]],[[[-5.96032,34.37853],[-5.96032,34.38077],[-5.95808,34.38077],[-5.95808,34.37853],[-5.96032,34.37853]]],[[[-5.99401,34.38077],[-5.99401,34.38302],[-5.99176,34.38302],[-5.99176,34.38077],[-5.99401,34.38077]]],[[[-5.95583,34.38077],[-5.95808,34.38077],[-5.95808,34.38302],[-5.95583,34.38302],[-5.95583,34.38077]]],[[[-6.03219,34.38302],[-6.02545,34.38526],[-6.02545,34.37853],[-6.0277,34.38302],[-6.03219,34.38302]]],[[[-5.96931,34.38751],[-5.96257,34.38751],[-5.96257,34.37853],[-5.96481,34.38302],[-5.97155,34.38302],[-5.96931,34.38751]]],[[[-5.9985,34.38526],[-5.99625,34.38526],[-5.99625,34.38077],[-6.00075,34.38751],[-5.9985,34.38526]]],[[[-5.98278,34.38302],[-5.98278,34.38526],[-5.97604,34.38526],[-5.97604,34.38302],[-5.98278,34.38302]]],[[[-5.96032,34.38526],[-5.96032,34.38751],[-5.95808,34.38751],[-5.95808,34.38526],[-5.96032,34.38526]]],[[[-5.98503,34.38526],[-5.98727,34.38526],[-5.98727,34.38751],[-5.98503,34.38751],[-5.98503,34.38526]]],[[[-6.04791,34.38526],[-6.04791,34.392],[-6.04117,34.392],[-6.04117,34.38975],[-6.04791,34.38526]]],[[[-5.95358,34.38751],[-5.95358,34.38975],[-5.95134,34.38975],[-5.95134,34.38751],[-5.95358,34.38751]]],[[[-5.99625,34.38975],[-5.99176,34.39425],[-5.98727,34.392],[-5.98952,34.38526],[-5.99625,34.38526],[-5.99625,34.38975]],[[-5.99401,34.38751],[-5.99176,34.38751],[-5.99176,34.38975],[-5.99401,34.38975],[-5.99401,34.38751]]],[[[-6.03892,34.38975],[-6.03892,34.39425],[-6.02994,34.392],[-6.02994,34.38751],[-6.03892,34.38975]]],[[[-5.9985,34.392],[-5.9985,34.39425],[-5.99401,34.39425],[-5.99401,34.392],[-5.9985,34.392]]],[[[-5.98503,34.392],[-5.98727,34.392],[-5.98727,34.39425],[-5.98503,34.39425],[-5.98503,34.392]]],[[[-6.00524,34.39425],[-6.00524,34.39649],[-6.00299,34.39649],[-6.00299,34.39425],[-6.00524,34.39425]]],[[[-6.00075,34.39425],[-6.00075,34.39649],[-5.9985,34.39649],[-5.9985,34.39425],[-6.00075,34.39425]]],[[[-6.03668,34.39425],[-6.03668,34.39874],[-6.03443,34.39874],[-6.03443,34.39425],[-6.03668,34.39425]]],[[[-5.99176,34.39874],[-5.99176,34.40098],[-5.98952,34.40098],[-5.98952,34.39874],[-5.99176,34.39874]]],[[[-5.96032,34.39874],[-5.96032,34.40098],[-5.95808,34.40098],[-5.95808,34.39874],[-5.96032,34.39874]]],[[[-5.95583,34.39874],[-5.95583,34.40098],[-5.95358,34.40098],[-5.95358,34.39874],[-5.95583,34.39874]]],[[[-6.00524,34.39874],[-6.01422,34.39874],[-6.01422,34.40323],[-6.00524,34.40098],[-6.00524,34.39874]]],[[[-5.96481,34.40098],[-5.96481,34.40323],[-5.96257,34.40323],[-5.96257,34.40098],[-5.96481,34.40098]]],[[[-6.03668,34.40098],[-6.03668,34.40323],[-6.03443,34.40323],[-6.03443,34.40098],[-6.03668,34.40098]]],[[[-6.02096,34.40548],[-6.0232,34.40548],[-6.0232,34.40772],[-6.02096,34.40772],[-6.02096,34.40548]]],[[[-5.96257,34.40548],[-5.96257,34.40772],[-5.96032,34.40772],[-5.96032,34.40548],[-5.96257,34.40548]]],[[[-5.98727,34.40548],[-5.98727,34.40772],[-5.98503,34.40772],[-5.98503,34.40548],[-5.98727,34.40548]]],[[[-6.01422,34.40772],[-6.01647,34.40772],[-6.01647,34.40997],[-6.01422,34.40997],[-6.01422,34.40772]]],[[[-5.95583,34.40772],[-5.95583,34.40997],[-5.95358,34.40997],[-5.95358,34.40772],[-5.95583,34.40772]]],[[[-6.04342,34.40772],[-6.04342,34.41221],[-6.04117,34.41221],[-6.04117,34.40772],[-6.04342,34.40772]]],[[[-5.9985,34.4167],[-6.00075,34.4167],[-6.00075,34.41895],[-5.9985,34.41895],[-5.9985,34.4167]]],[[[-5.9738,34.43018],[-5.9738,34.43242],[-5.97155,34.43242],[-5.97155,34.43018],[-5.9738,34.43018]]],[[[-5.96931,34.43242],[-5.96931,34.43467],[-5.96706,34.43467],[-5.96706,34.43242],[-5.96931,34.43242]]],[[[-5.96481,34.43916],[-5.96706,34.43916],[-5.96706,34.44141],[-5.96481,34.44141],[-5.96481,34.43916]]],[[[-5.99625,34.44365],[-5.99625,34.4459],[-5.99401,34.4459],[-5.99401,34.44365],[-5.99625,34.44365]]],[[[-5.96706,34.44365],[-5.96706,34.4459],[-5.96481,34.4459],[-5.96481,34.44365],[-5.96706,34.44365]]],[[[-5.97829,34.45264],[-5.98053,34.45264],[-5.98053,34.45488],[-5.97829,34.45488],[-5.97829,34.45264]]],[[[-5.98727,34.45713],[-5.98727,34.45937],[-5.98503,34.45937],[-5.98503,34.45713],[-5.98727,34.45713]]],[[[-5.98727,34.46162],[-5.98727,34.46387],[-5.98503,34.46387],[-5.98503,34.46162],[-5.98727,34.46162]]],[[[-6.01647,34.46387],[-6.01871,34.46387],[-6.01871,34.46611],[-6.01647,34.46611],[-6.01647,34.46387]]],[[[-6.00524,34.46387],[-6.00524,34.46611],[-6.00299,34.46611],[-6.00299,34.46387],[-6.00524,34.46387]]],[[[-5.98727,34.46611],[-5.98727,34.46836],[-5.98503,34.46836],[-5.98503,34.46611],[-5.98727,34.46611]]],[[[-5.99176,34.46836],[-5.99176,34.4706],[-5.98952,34.4706],[-5.98952,34.46836],[-5.99176,34.46836]]],[[[-6.03892,34.48408],[-6.03892,34.48632],[-6.03668,34.48632],[-6.03668,34.48408],[-6.03892,34.48408]]],[[[-5.98952,34.48632],[-5.98952,34.49082],[-5.98727,34.49082],[-5.98727,34.48632],[-5.98952,34.48632]]],[[[-5.95134,34.48857],[-5.95134,34.49082],[-5.94909,34.49082],[-5.94909,34.48857],[-5.95134,34.48857]]],[[[-5.95583,34.49082],[-5.95808,34.49082],[-5.95808,34.49306],[-5.95583,34.49306],[-5.95583,34.49082]]],[[[-5.96706,34.49531],[-5.96481,34.49531],[-5.96481,34.49306],[-5.96706,34.49306],[-5.96706,34.49531]]],[[[-5.95808,34.49306],[-5.96481,34.49531],[-5.96706,34.4998],[-5.95134,34.4998],[-5.95134,34.49531],[-5.95583,34.49755],[-5.95808,34.49306]]],[[[-5.96706,34.49531],[-5.97155,34.49531],[-5.97155,34.49755],[-5.96706,34.49755],[-5.96706,34.49531]]],[[[-5.98952,34.4998],[-5.98952,34.50204],[-5.98278,34.50204],[-5.98278,34.4998],[-5.98952,34.4998]]],[[[-5.98503,34.50429],[-5.98503,34.50654],[-5.98278,34.50654],[-5.98278,34.50429],[-5.98503,34.50429]]],[[[-5.97829,34.50429],[-5.98053,34.50429],[-5.98053,34.50654],[-5.97829,34.50654],[-5.97829,34.50429]]],[[[-5.98278,34.50878],[-5.98278,34.51327],[-5.98053,34.51327],[-5.98053,34.50878],[-5.98278,34.50878]]],[[[-5.98278,34.51552],[-5.98278,34.51327],[-5.98503,34.51327],[-5.98503,34.51552],[-5.98278,34.51552]]],[[[-6.0232,34.51327],[-6.02545,34.51327],[-6.02545,34.51552],[-6.0232,34.51552],[-6.0232,34.51327]]],[[[-6.03892,34.51552],[-6.03892,34.51776],[-6.03668,34.51776],[-6.03668,34.51552],[-6.03892,34.51552]]],[[[-6.00973,34.51552],[-6.00973,34.51776],[-6.00748,34.51776],[-6.00748,34.51552],[-6.00973,34.51552]]],[[[-5.97155,34.51552],[-5.97604,34.51552],[-5.97604,34.51776],[-5.97155,34.51776],[-5.97155,34.51552]]],[[[-6.02994,34.51552],[-6.02994,34.51776],[-6.0277,34.51776],[-6.0277,34.51552],[-6.02994,34.51552]]],[[[-6.01422,34.51776],[-6.01422,34.52001],[-6.00973,34.52001],[-6.00973,34.51776],[-6.01422,34.51776]]],[[[-6.00524,34.51776],[-6.00748,34.51776],[-6.00748,34.52001],[-6.00524,34.52001],[-6.00524,34.51776]]],[[[-6.05015,34.52001],[-6.05015,34.52226],[-6.04566,34.52226],[-6.04566,34.51776],[-6.05015,34.52001]]],[[[-6.00299,34.52001],[-6.00299,34.52226],[-5.9985,34.52226],[-5.9985,34.52001],[-6.00299,34.52001]]],[[[-6.03443,34.52001],[-6.03668,34.52001],[-6.03668,34.52226],[-6.03443,34.52226],[-6.03443,34.52001]]],[[[-5.9738,34.52001],[-5.9738,34.52226],[-5.96706,34.52226],[-5.96706,34.52001],[-5.9738,34.52001]]],[[[-6.04342,34.52226],[-6.04342,34.5245],[-6.04117,34.5245],[-6.04117,34.52226],[-6.04342,34.52226]]],[[[-5.98278,34.52226],[-5.98278,34.5245],[-5.98053,34.5245],[-5.98053,34.52226],[-5.98278,34.52226]]],[[[-6.04566,34.5245],[-6.04566,34.52675],[-6.04342,34.52675],[-6.04342,34.5245],[-6.04566,34.5245]]],[[[-6.03668,34.52675],[-6.04117,34.5245],[-6.04342,34.52899],[-6.03892,34.52899],[-6.03668,34.52675]]],[[[-6.02545,34.52675],[-6.02545,34.52899],[-6.0232,34.52899],[-6.0232,34.52675],[-6.02545,34.52675]]],[[[-5.99401,34.53124],[-5.99625,34.53124],[-5.99625,34.53349],[-5.99401,34.53349],[-5.99401,34.53124]]],[[[-6.00748,34.53349],[-6.00299,34.53573],[-6.00299,34.52899],[-6.00524,34.52899],[-6.00748,34.53349]]],[[[-6.0277,34.53124],[-6.0277,34.53349],[-6.02545,34.53349],[-6.02545,34.53124],[-6.0277,34.53124]]],[[[-6.00748,34.53573],[-6.01198,34.53124],[-6.01422,34.53798],[-6.00748,34.53798],[-6.00748,34.53573]]],[[[-6.01871,34.53798],[-6.01871,34.54247],[-6.01647,34.54247],[-6.01647,34.53798],[-6.01871,34.53798]]],[[[-6.04566,34.54471],[-6.04566,34.54696],[-6.04117,34.54696],[-6.04117,34.54471],[-6.04566,34.54471]]],[[[-6.03668,34.54921],[-6.03892,34.54921],[-6.03892,34.55145],[-6.03668,34.55145],[-6.03668,34.54921]]],[[[-6.03219,34.54921],[-6.03219,34.55145],[-6.0277,34.55145],[-6.0277,34.54921],[-6.03219,34.54921]]],[[[-6.04342,34.5537],[-6.04342,34.55594],[-6.04117,34.55594],[-6.04117,34.5537],[-6.04342,34.5537]]],[[[-5.93562,33.44428],[-5.93786,33.44428],[-5.93786,33.44652],[-5.93562,33.44652],[-5.93562,33.44428]]],[[[-5.87947,34.2303],[-5.87947,34.23255],[-5.87723,34.23255],[-5.87723,34.2303],[-5.87947,34.2303]]],[[[-5.88172,34.25725],[-5.88172,34.26174],[-5.87947,34.26174],[-5.87947,34.25725],[-5.88172,34.25725]]],[[[-5.88397,34.2595],[-5.88621,34.2595],[-5.88621,34.26174],[-5.88397,34.26174],[-5.88397,34.2595]]],[[[-5.88846,34.26174],[-5.88846,34.26399],[-5.88621,34.26399],[-5.88621,34.26174],[-5.88846,34.26174]]],[[[-5.89744,34.26624],[-5.89969,34.26174],[-5.90193,34.26848],[-5.89969,34.26848],[-5.89744,34.26624]]],[[[-5.89519,34.26624],[-5.89744,34.26624],[-5.89744,34.27073],[-5.89519,34.27073],[-5.89519,34.26624]]],[[[-5.91091,34.27073],[-5.90867,34.27073],[-5.90867,34.26848],[-5.91091,34.26848],[-5.91091,34.27073]]],[[[-5.90418,34.27073],[-5.90867,34.27073],[-5.90867,34.27522],[-5.90642,34.27522],[-5.90418,34.27073]]],[[[-5.89969,34.27297],[-5.90193,34.27297],[-5.90193,34.27522],[-5.89969,34.27522],[-5.89969,34.27297]]],[[[-5.91316,34.27522],[-5.91316,34.27747],[-5.90867,34.27747],[-5.90867,34.27522],[-5.91316,34.27522]]],[[[-5.91541,34.27971],[-5.91541,34.28196],[-5.91316,34.28196],[-5.91316,34.27971],[-5.91541,34.27971]]],[[[-5.90642,34.28196],[-5.91091,34.28196],[-5.91091,34.2842],[-5.90642,34.2842],[-5.90642,34.28196]]],[[[-5.92214,34.28869],[-5.91765,34.29094],[-5.91765,34.28645],[-5.92439,34.28645],[-5.92214,34.28869]]],[[[-5.90193,34.29094],[-5.90193,34.29319],[-5.89969,34.29319],[-5.89969,34.29094],[-5.90193,34.29094]]],[[[-5.89744,34.29768],[-5.89969,34.29768],[-5.89969,34.30217],[-5.89744,34.30217],[-5.89744,34.29768]]],[[[-5.89519,34.30217],[-5.89519,34.30441],[-5.89295,34.30441],[-5.89295,34.30217],[-5.89519,34.30217]]],[[[-5.93786,34.30441],[-5.93786,34.30666],[-5.93562,34.30666],[-5.93562,34.30441],[-5.93786,34.30441]]],[[[-5.89295,34.30666],[-5.89744,34.30666],[-5.89744,34.30891],[-5.89295,34.30891],[-5.89295,34.30666]]],[[[-5.93337,34.30441],[-5.93113,34.31115],[-5.92888,34.31115],[-5.92888,34.30441],[-5.93337,34.30441]]],[[[-5.93337,34.30891],[-5.93337,34.30666],[-5.93562,34.30666],[-5.93562,34.30891],[-5.93337,34.30891]]],[[[-5.94236,34.31115],[-5.9446,34.31115],[-5.9446,34.3134],[-5.94236,34.3134],[-5.94236,34.31115]]],[[[-5.94011,34.3134],[-5.94011,34.31564],[-5.93786,34.31564],[-5.93786,34.3134],[-5.94011,34.3134]]],[[[-5.95134,34.31564],[-5.95134,34.31789],[-5.94685,34.31789],[-5.94685,34.31564],[-5.95134,34.31564]]],[[[-5.94236,34.31789],[-5.9446,34.31789],[-5.9446,34.32014],[-5.94236,34.32014],[-5.94236,34.31789]]],[[[-5.90193,34.32014],[-5.90193,34.32238],[-5.89969,34.32238],[-5.89969,34.32014],[-5.90193,34.32014]]],[[[-5.92439,34.32014],[-5.92439,34.32238],[-5.92214,34.32238],[-5.92214,34.32014],[-5.92439,34.32014]]],[[[-5.90418,34.32463],[-5.90642,34.32463],[-5.90642,34.32687],[-5.90418,34.32687],[-5.90418,34.32463]]],[[[-5.94236,34.32687],[-5.94236,34.32912],[-5.94011,34.32912],[-5.94011,34.32687],[-5.94236,34.32687]]],[[[-5.91091,34.32687],[-5.91091,34.32912],[-5.90867,34.32912],[-5.90867,34.32687],[-5.91091,34.32687]]],[[[-5.94685,34.32687],[-5.94909,34.32687],[-5.94909,34.32912],[-5.94685,34.32912],[-5.94685,34.32687]]],[[[-5.91316,34.32912],[-5.91316,34.33361],[-5.91091,34.33361],[-5.91091,34.32912],[-5.91316,34.32912]]],[[[-5.93337,34.32912],[-5.93337,34.33361],[-5.92214,34.33361],[-5.92214,34.33136],[-5.93337,34.32912]]],[[[-5.90418,34.33136],[-5.90867,34.33136],[-5.90867,34.33361],[-5.90418,34.33361],[-5.90418,34.33136]]],[[[-5.92664,34.3381],[-5.92664,34.34035],[-5.92439,34.34035],[-5.92439,34.3381],[-5.92664,34.3381]]],[[[-5.87947,34.34933],[-5.87947,34.35158],[-5.87723,34.35158],[-5.87723,34.34933],[-5.87947,34.34933]]],[[[-5.88397,34.34933],[-5.88397,34.35158],[-5.88172,34.35158],[-5.88172,34.34933],[-5.88397,34.34933]]],[[[-5.94685,34.35158],[-5.94685,34.35382],[-5.9446,34.35382],[-5.9446,34.35158],[-5.94685,34.35158]]],[[[-5.94909,34.35382],[-5.94909,34.35607],[-5.94685,34.35607],[-5.94685,34.35382],[-5.94909,34.35382]]],[[[-5.89744,34.35382],[-5.89744,34.35607],[-5.89519,34.35607],[-5.89519,34.35382],[-5.89744,34.35382]]],[[[-5.91091,34.35382],[-5.91316,34.35382],[-5.91316,34.35607],[-5.91091,34.35607],[-5.91091,34.35382]]],[[[-5.87947,34.35607],[-5.87947,34.35831],[-5.87723,34.35831],[-5.87723,34.35607],[-5.87947,34.35607]]],[[[-5.93786,34.36056],[-5.93786,34.36281],[-5.93562,34.36281],[-5.93562,34.36056],[-5.93786,34.36056]]],[[[-5.89744,34.36056],[-5.89969,34.36056],[-5.89969,34.36281],[-5.89744,34.36281],[-5.89744,34.36056]]],[[[-5.94909,34.36954],[-5.94909,34.37179],[-5.94685,34.37179],[-5.94685,34.36954],[-5.94909,34.36954]]],[[[-5.89744,34.37403],[-5.89744,34.37628],[-5.89519,34.37628],[-5.89519,34.37403],[-5.89744,34.37403]]],[[[-5.89744,34.37853],[-5.89969,34.37853],[-5.89969,34.38077],[-5.89744,34.38077],[-5.89744,34.37853]]],[[[-5.95134,34.38751],[-5.94685,34.38751],[-5.94909,34.38077],[-5.95134,34.38077],[-5.95134,34.38751]]],[[[-5.94011,34.38751],[-5.94685,34.38751],[-5.94685,34.392],[-5.94011,34.392],[-5.93786,34.38526],[-5.94011,34.38751]]],[[[-5.94685,34.39649],[-5.94909,34.39649],[-5.94909,34.40098],[-5.94685,34.40098],[-5.94685,34.39649]]],[[[-5.92214,34.4167],[-5.92214,34.41895],[-5.9199,34.41895],[-5.9199,34.4167],[-5.92214,34.4167]]],[[[-5.90867,34.4167],[-5.90867,34.41895],[-5.90642,34.41895],[-5.90642,34.4167],[-5.90867,34.4167]]],[[[-5.88621,34.42793],[-5.8907,34.42793],[-5.8907,34.43018],[-5.88621,34.43018],[-5.88621,34.42793]]],[[[-5.89519,34.42793],[-5.89519,34.43018],[-5.89295,34.43018],[-5.89295,34.42793],[-5.89519,34.42793]]],[[[-5.89519,34.43242],[-5.89519,34.43018],[-5.89744,34.43018],[-5.89744,34.43242],[-5.89519,34.43242]]],[[[-5.94909,34.43018],[-5.95134,34.43018],[-5.95134,34.43242],[-5.94909,34.43242],[-5.94909,34.43018]]],[[[-5.89295,34.43916],[-5.88621,34.43916],[-5.88172,34.43467],[-5.88846,34.43242],[-5.89295,34.43916]]],[[[-5.89744,34.43692],[-5.89295,34.43692],[-5.89295,34.43467],[-5.89744,34.43467],[-5.89744,34.43692]]],[[[-5.93337,34.43692],[-5.93786,34.43692],[-5.93786,34.44141],[-5.93337,34.43916],[-5.93337,34.43692]]],[[[-5.88621,34.44141],[-5.88621,34.44365],[-5.88397,34.44365],[-5.88397,34.44141],[-5.88621,34.44141]]],[[[-5.9199,34.44141],[-5.9199,34.4459],[-5.91765,34.4459],[-5.91765,34.44141],[-5.9199,34.44141]]],[[[-5.93562,34.44141],[-5.93562,34.4459],[-5.93337,34.4459],[-5.93113,34.44141],[-5.93562,34.44141]]],[[[-5.90642,34.44365],[-5.90642,34.4459],[-5.89295,34.44365],[-5.89519,34.45039],[-5.88846,34.45039],[-5.88846,34.44141],[-5.90193,34.43916],[-5.90193,34.44365],[-5.90642,34.44365]]],[[[-5.93786,34.4459],[-5.93786,34.44815],[-5.93562,34.44815],[-5.93562,34.4459],[-5.93786,34.4459]]],[[[-5.93337,34.4459],[-5.93337,34.44815],[-5.92664,34.44815],[-5.92664,34.4459],[-5.93337,34.4459]]],[[[-5.92664,34.45039],[-5.92888,34.45264],[-5.92439,34.45264],[-5.92439,34.44815],[-5.92664,34.45039]]],[[[-5.88172,34.45039],[-5.88172,34.45264],[-5.87947,34.45264],[-5.87947,34.45039],[-5.88172,34.45039]]],[[[-5.88621,34.45039],[-5.88621,34.45264],[-5.88397,34.45264],[-5.88397,34.45039],[-5.88621,34.45039]]],[[[-5.89969,34.45713],[-5.89519,34.45039],[-5.90193,34.44815],[-5.90193,34.45488],[-5.89969,34.45713]]],[[[-5.94011,34.45264],[-5.94011,34.45488],[-5.93786,34.45488],[-5.93786,34.45264],[-5.94011,34.45264]]],[[[-5.92439,34.45264],[-5.92439,34.45488],[-5.92214,34.45488],[-5.92214,34.45264],[-5.92439,34.45264]]],[[[-5.88846,34.45488],[-5.8907,34.45488],[-5.8907,34.45713],[-5.88846,34.45713],[-5.88846,34.45488]]],[[[-5.91541,34.45713],[-5.91541,34.45937],[-5.91316,34.45937],[-5.91316,34.45713],[-5.91541,34.45713]]],[[[-5.90418,34.45713],[-5.90418,34.45937],[-5.90193,34.45937],[-5.90193,34.45713],[-5.90418,34.45713]]],[[[-5.89295,34.45713],[-5.89295,34.45937],[-5.8907,34.45937],[-5.8907,34.45713],[-5.89295,34.45713]]],[[[-5.8907,34.45937],[-5.8907,34.46162],[-5.88846,34.46162],[-5.88846,34.45937],[-5.8907,34.45937]]],[[[-5.90642,34.45937],[-5.90642,34.46162],[-5.90418,34.46162],[-5.90418,34.45937],[-5.90642,34.45937]]],[[[-5.92439,34.45937],[-5.92664,34.45937],[-5.92664,34.46162],[-5.92439,34.46162],[-5.92439,34.45937]]],[[[-5.89969,34.45937],[-5.89969,34.46162],[-5.89744,34.46162],[-5.89744,34.45937],[-5.89969,34.45937]]],[[[-5.89969,34.46387],[-5.89969,34.46162],[-5.90193,34.46162],[-5.90193,34.46387],[-5.89969,34.46387]]],[[[-5.9199,34.46162],[-5.92214,34.46611],[-5.91541,34.46387],[-5.91541,34.46162],[-5.9199,34.46162]]],[[[-5.91541,34.46387],[-5.91541,34.46611],[-5.91316,34.46611],[-5.91316,34.46387],[-5.91541,34.46387]]],[[[-5.89969,34.46387],[-5.89969,34.46611],[-5.89744,34.46611],[-5.89744,34.46387],[-5.89969,34.46387]]],[[[-5.89295,34.46387],[-5.89519,34.46387],[-5.89519,34.46611],[-5.89295,34.46611],[-5.89295,34.46387]]],[[[-5.92664,34.46387],[-5.92664,34.46611],[-5.92439,34.46611],[-5.92439,34.46387],[-5.92664,34.46387]]],[[[-5.89519,34.46836],[-5.89519,34.47285],[-5.89295,34.47285],[-5.89295,34.46836],[-5.89519,34.46836]]],[[[-5.91541,34.4706],[-5.91541,34.47285],[-5.91316,34.47285],[-5.91316,34.4706],[-5.91541,34.4706]]],[[[-5.90418,34.4706],[-5.90418,34.47285],[-5.89969,34.47285],[-5.89969,34.4706],[-5.90418,34.4706]]],[[[-5.93337,34.4706],[-5.93337,34.47285],[-5.92888,34.47285],[-5.92888,34.4706],[-5.93337,34.4706]]],[[[-5.90867,34.4706],[-5.90867,34.47509],[-5.90642,34.47509],[-5.90642,34.4706],[-5.90867,34.4706]]],[[[-5.88846,34.47285],[-5.8907,34.47285],[-5.8907,34.47509],[-5.88846,34.47509],[-5.88846,34.47285]]],[[[-5.92888,34.47285],[-5.92888,34.47734],[-5.92214,34.47509],[-5.92214,34.47285],[-5.92888,34.47285]]],[[[-5.9199,34.47509],[-5.9199,34.47734],[-5.91765,34.47734],[-5.91765,34.47509],[-5.9199,34.47509]]],[[[-5.8907,34.47509],[-5.89295,34.47509],[-5.89295,34.47734],[-5.8907,34.47734],[-5.8907,34.47509]]],[[[-5.94236,34.47509],[-5.94236,34.47734],[-5.94011,34.47734],[-5.94011,34.47509],[-5.94236,34.47509]]],[[[-5.91765,34.47734],[-5.91765,34.47959],[-5.91541,34.47959],[-5.91541,34.47734],[-5.91765,34.47734]]],[[[-5.88846,34.47734],[-5.8907,34.47734],[-5.8907,34.47959],[-5.88846,34.47959],[-5.88846,34.47734]]],[[[-5.89744,34.47959],[-5.89744,34.48183],[-5.89519,34.48183],[-5.89519,34.47959],[-5.89744,34.47959]]],[[[-5.90418,34.47959],[-5.90418,34.48183],[-5.89969,34.48183],[-5.89969,34.47959],[-5.90418,34.47959]]],[[[-5.91765,34.47959],[-5.9199,34.47959],[-5.9199,34.48183],[-5.91765,34.48183],[-5.91765,34.47959]]],[[[-5.91541,34.47959],[-5.91541,34.48183],[-5.91316,34.48183],[-5.91316,34.47959],[-5.91541,34.47959]]],[[[-5.90867,34.47959],[-5.90867,34.48183],[-5.90642,34.48183],[-5.90642,34.47959],[-5.90867,34.47959]]],[[[-5.93337,34.48183],[-5.93562,34.48183],[-5.93562,34.48408],[-5.93113,34.48408],[-5.93113,34.47959],[-5.93337,34.48183]]],[[[-5.92439,34.48183],[-5.92888,34.48183],[-5.92888,34.48632],[-5.9199,34.48632],[-5.9199,34.48183],[-5.92439,34.48183]]],[[[-5.89969,34.48408],[-5.89969,34.48632],[-5.89744,34.48632],[-5.89744,34.48408],[-5.89969,34.48408]]],[[[-5.89295,34.48408],[-5.89519,34.48408],[-5.89519,34.48632],[-5.89295,34.48632],[-5.89295,34.48408]]],[[[-5.93113,34.48632],[-5.93113,34.48857],[-5.92888,34.48857],[-5.92888,34.48632],[-5.93113,34.48632]]],[[[-5.90642,34.48632],[-5.90642,34.48857],[-5.90193,34.48857],[-5.90193,34.48632],[-5.90642,34.48632]]],[[[-5.9446,34.48632],[-5.94685,34.48632],[-5.94685,34.48857],[-5.9446,34.48857],[-5.9446,34.48632]]],[[[-5.91091,34.48857],[-5.91091,34.49082],[-5.90867,34.49082],[-5.90867,34.48857],[-5.91091,34.48857]]],[[[-5.9199,34.48632],[-5.92214,34.49082],[-5.91765,34.49306],[-5.91765,34.48632],[-5.9199,34.48632]]],[[[-5.93562,34.48857],[-5.93786,34.48857],[-5.93786,34.49082],[-5.93562,34.49082],[-5.93562,34.48857]]],[[[-5.92664,34.49082],[-5.92664,34.49306],[-5.92439,34.49306],[-5.92439,34.49082],[-5.92664,34.49082]]],[[[-5.93113,34.49082],[-5.93113,34.49306],[-5.92888,34.49306],[-5.92888,34.49082],[-5.93113,34.49082]]],[[[-5.90418,34.49082],[-5.90642,34.49082],[-5.90642,34.49306],[-5.90418,34.49306],[-5.90418,34.49082]]],[[[-5.93786,34.49306],[-5.93786,34.49531],[-5.93337,34.49531],[-5.93337,34.49306],[-5.93786,34.49306]]],[[[-5.94685,34.49306],[-5.94685,34.49531],[-5.9446,34.49531],[-5.9446,34.49306],[-5.94685,34.49306]]],[[[-5.93786,34.49531],[-5.94236,34.49531],[-5.94236,34.4998],[-5.93786,34.4998],[-5.93786,34.49531]]],[[[-5.94909,34.49531],[-5.94909,34.4998],[-5.9446,34.4998],[-5.94685,34.49531],[-5.94909,34.49531]]],[[[-5.9199,34.49755],[-5.9199,34.4998],[-5.91765,34.4998],[-5.91765,34.49755],[-5.9199,34.49755]]],[[[-5.93113,34.50654],[-5.9446,34.50654],[-5.9446,34.50878],[-5.93113,34.50878],[-5.93113,34.50654]]],[[[-5.94909,34.51327],[-5.94909,34.51552],[-5.94685,34.51552],[-5.94685,34.51327],[-5.94909,34.51327]]],[[[-5.83456,34.20335],[-5.83456,34.2056],[-5.83231,34.2056],[-5.83231,34.20335],[-5.83456,34.20335]]],[[[-5.83007,34.2056],[-5.83231,34.2056],[-5.83231,34.20785],[-5.83007,34.20785],[-5.83007,34.2056]]],[[[-5.82782,34.20785],[-5.82782,34.21009],[-5.82557,34.21009],[-5.82557,34.20785],[-5.82782,34.20785]]],[[[-5.85028,34.21009],[-5.85028,34.21234],[-5.84803,34.21234],[-5.84803,34.21009],[-5.85028,34.21009]]],[[[-5.85477,34.21234],[-5.85702,34.21234],[-5.85702,34.21458],[-5.85477,34.21458],[-5.85477,34.21234]]],[[[-5.84354,34.21234],[-5.84354,34.21683],[-5.83905,34.21683],[-5.83905,34.21234],[-5.84354,34.21234]]],[[[-5.83456,34.21458],[-5.83456,34.21683],[-5.83007,34.21683],[-5.83007,34.21458],[-5.83456,34.21458]]],[[[-5.84354,34.21683],[-5.84579,34.21683],[-5.84579,34.22132],[-5.84354,34.22132],[-5.84354,34.21683]]],[[[-5.87049,34.21907],[-5.87274,34.21683],[-5.86824,34.22357],[-5.86824,34.21907],[-5.87049,34.21907]]],[[[-5.83905,34.21907],[-5.83905,34.22132],[-5.8368,34.22132],[-5.8368,34.21907],[-5.83905,34.21907]]],[[[-5.86151,34.21907],[-5.86375,34.21907],[-5.86375,34.22357],[-5.86151,34.22357],[-5.86151,34.21907]]],[[[-5.8368,34.22132],[-5.8368,34.22581],[-5.83456,34.22581],[-5.83231,34.22132],[-5.8368,34.22132]]],[[[-5.85028,34.22357],[-5.85028,34.22581],[-5.84803,34.22581],[-5.84803,34.22357],[-5.85028,34.22357]]],[[[-5.83231,34.22357],[-5.83231,34.22581],[-5.82557,34.22581],[-5.82557,34.22357],[-5.83231,34.22357]]],[[[-5.87947,34.22581],[-5.87947,34.22806],[-5.87498,34.22806],[-5.87498,34.22581],[-5.87947,34.22581]]],[[[-5.87274,34.22581],[-5.87274,34.22806],[-5.87049,34.22806],[-5.87049,34.22581],[-5.87274,34.22581]]],[[[-5.8413,34.22581],[-5.8413,34.22806],[-5.83905,34.22806],[-5.83905,34.22581],[-5.8413,34.22581]]],[[[-5.84579,34.22806],[-5.84803,34.22806],[-5.84803,34.2303],[-5.84579,34.2303],[-5.84579,34.22806]]],[[[-5.86151,34.22581],[-5.86151,34.23255],[-5.85926,34.23255],[-5.85926,34.22581],[-5.86151,34.22581]]],[[[-5.87049,34.22806],[-5.87049,34.2303],[-5.86824,34.2303],[-5.86824,34.22806],[-5.87049,34.22806]]],[[[-5.83456,34.2303],[-5.8368,34.2303],[-5.8368,34.23255],[-5.83456,34.23255],[-5.83456,34.2303]]],[[[-5.85252,34.2303],[-5.85252,34.23255],[-5.85028,34.23255],[-5.85028,34.2303],[-5.85252,34.2303]]],[[[-5.83231,34.2303],[-5.83231,34.2348],[-5.82782,34.2348],[-5.82782,34.23255],[-5.83231,34.2303]]],[[[-5.866,34.2303],[-5.86824,34.23255],[-5.87498,34.2303],[-5.87049,34.23929],[-5.86375,34.2348],[-5.866,34.2303]]],[[[-5.87723,34.2348],[-5.87723,34.23929],[-5.87498,34.23929],[-5.87498,34.2348],[-5.87723,34.2348]]],[[[-5.866,34.23704],[-5.866,34.23929],[-5.86375,34.23929],[-5.86375,34.23704],[-5.866,34.23704]]],[[[-5.85252,34.23704],[-5.85477,34.23704],[-5.85477,34.23929],[-5.85252,34.23929],[-5.85252,34.23704]]],[[[-5.86151,34.23704],[-5.86375,34.24153],[-5.85477,34.24378],[-5.85926,34.23929],[-5.85702,34.2348],[-5.86375,34.2348],[-5.86151,34.23704]]],[[[-5.85028,34.23929],[-5.85028,34.24602],[-5.84354,34.24602],[-5.84354,34.24153],[-5.85028,34.23929]]],[[[-5.83231,34.24153],[-5.83456,34.24153],[-5.83456,34.24602],[-5.83231,34.24602],[-5.83231,34.24153]]],[[[-5.87274,34.24378],[-5.87274,34.24602],[-5.87049,34.24602],[-5.87049,34.24378],[-5.87274,34.24378]]],[[[-5.87723,34.24378],[-5.87723,34.24602],[-5.87498,34.24602],[-5.87498,34.24378],[-5.87723,34.24378]]],[[[-5.866,34.24378],[-5.866,34.25052],[-5.86375,34.24602],[-5.85926,34.24827],[-5.85926,34.24378],[-5.866,34.24378]]],[[[-5.85702,34.25052],[-5.85477,34.25276],[-5.85252,34.24827],[-5.85702,34.24602],[-5.85702,34.25052]]],[[[-5.87274,34.25052],[-5.87723,34.24827],[-5.87947,34.25501],[-5.87498,34.25501],[-5.87274,34.25052]]],[[[-5.85926,34.25052],[-5.86151,34.25052],[-5.86151,34.25276],[-5.85926,34.25276],[-5.85926,34.25052]]],[[[-5.86824,34.25052],[-5.86824,34.25501],[-5.866,34.25501],[-5.866,34.25052],[-5.86824,34.25052]]],[[[-5.82782,34.24602],[-5.83456,34.25052],[-5.83007,34.25052],[-5.83007,34.25725],[-5.82333,34.25725],[-5.81884,34.26399],[-5.81659,34.25276],[-5.82782,34.24602]],[[-5.82333,34.25501],[-5.82782,34.25501],[-5.82782,34.25276],[-5.82333,34.25052],[-5.82333,34.25501]]],[[[-5.86824,34.25725],[-5.86824,34.2595],[-5.866,34.2595],[-5.866,34.25725],[-5.86824,34.25725]]],[[[-5.83231,34.25725],[-5.83231,34.2595],[-5.83007,34.2595],[-5.83007,34.25725],[-5.83231,34.25725]]],[[[-5.83007,34.2595],[-5.83007,34.26174],[-5.82782,34.26174],[-5.82782,34.2595],[-5.83007,34.2595]]],[[[-5.87498,34.2595],[-5.87498,34.26174],[-5.87274,34.26174],[-5.87274,34.2595],[-5.87498,34.2595]]],[[[-5.83231,34.26174],[-5.83456,34.26174],[-5.83456,34.26399],[-5.83231,34.26399],[-5.83231,34.26174]]],[[[-5.83905,34.26174],[-5.83905,34.26399],[-5.8368,34.26399],[-5.8368,34.26174],[-5.83905,34.26174]]],[[[-5.87947,34.26174],[-5.87947,34.26624],[-5.87723,34.26624],[-5.87723,34.26174],[-5.87947,34.26174]]],[[[-5.85252,34.26399],[-5.85477,34.26399],[-5.85477,34.26624],[-5.85252,34.26624],[-5.85252,34.26399]]],[[[-5.866,34.26624],[-5.866,34.26848],[-5.86375,34.26848],[-5.86375,34.26624],[-5.866,34.26624]]],[[[-5.83905,34.26624],[-5.83905,34.26848],[-5.8368,34.26848],[-5.8368,34.26624],[-5.83905,34.26624]]],[[[-5.85477,34.26848],[-5.85702,34.26848],[-5.85702,34.27073],[-5.85477,34.27073],[-5.85477,34.26848]]],[[[-5.84354,34.26848],[-5.84354,34.27073],[-5.8413,34.27073],[-5.8413,34.26848],[-5.84354,34.26848]]],[[[-5.866,34.27073],[-5.866,34.27522],[-5.86375,34.27522],[-5.86375,34.27073],[-5.866,34.27073]]],[[[-5.83905,34.27297],[-5.83905,34.27522],[-5.8368,34.27522],[-5.8368,34.27297],[-5.83905,34.27297]]],[[[-5.83456,34.2842],[-5.82782,34.27971],[-5.82782,34.27747],[-5.8368,34.27522],[-5.83456,34.2842]]],[[[-5.84354,34.27971],[-5.84354,34.28196],[-5.8413,34.28196],[-5.8413,34.27971],[-5.84354,34.27971]]],[[[-5.86151,34.28196],[-5.86375,34.28196],[-5.86375,34.2842],[-5.86151,34.2842],[-5.86151,34.28196]]],[[[-5.84803,34.28196],[-5.84803,34.2842],[-5.84579,34.2842],[-5.84579,34.28196],[-5.84803,34.28196]]],[[[-5.83231,34.2842],[-5.83231,34.28645],[-5.83007,34.28645],[-5.83007,34.2842],[-5.83231,34.2842]]],[[[-5.85702,34.2842],[-5.85926,34.2842],[-5.85926,34.28645],[-5.85702,34.28645],[-5.85702,34.2842]]],[[[-5.87049,34.28645],[-5.87049,34.28869],[-5.86824,34.28869],[-5.86824,34.28645],[-5.87049,34.28645]]],[[[-5.83456,34.29094],[-5.83456,34.28645],[-5.8413,34.2842],[-5.83905,34.28869],[-5.83456,34.29094]]],[[[-5.83007,34.29094],[-5.82557,34.28869],[-5.83231,34.28869],[-5.83456,34.29319],[-5.83007,34.29094]]],[[[-5.85252,34.28869],[-5.85252,34.29543],[-5.85028,34.29543],[-5.85028,34.28869],[-5.85252,34.28869]]],[[[-5.84354,34.29768],[-5.8368,34.29543],[-5.83905,34.28869],[-5.84354,34.28869],[-5.84354,34.29768]],[[-5.83905,34.29319],[-5.8413,34.29319],[-5.8413,34.29094],[-5.83905,34.29094],[-5.83905,34.29319]]],[[[-5.85028,34.29543],[-5.85028,34.29768],[-5.84803,34.29768],[-5.84803,34.29543],[-5.85028,34.29543]]],[[[-5.83007,34.29543],[-5.83007,34.29768],[-5.82782,34.29768],[-5.82782,34.29543],[-5.83007,34.29543]]],[[[-5.83456,34.29768],[-5.83456,34.29992],[-5.83007,34.29992],[-5.83007,34.29768],[-5.83456,34.29768]]],[[[-5.83905,34.29768],[-5.83905,34.29992],[-5.8368,34.29992],[-5.8368,34.29768],[-5.83905,34.29768]]],[[[-5.83905,34.30666],[-5.8368,34.30441],[-5.84354,34.30441],[-5.8413,34.30891],[-5.83905,34.30666]]],[[[-5.84354,34.30891],[-5.84354,34.31115],[-5.8413,34.31115],[-5.8413,34.30891],[-5.84354,34.30891]]],[[[-5.84803,34.31115],[-5.84803,34.3134],[-5.84579,34.3134],[-5.84579,34.31115],[-5.84803,34.31115]]],[[[-5.85926,34.31115],[-5.86151,34.31115],[-5.86151,34.3134],[-5.85926,34.3134],[-5.85926,34.31115]]],[[[-5.866,34.31564],[-5.866,34.31789],[-5.85702,34.31789],[-5.85702,34.31564],[-5.866,34.31564]]],[[[-5.87723,34.31789],[-5.87723,34.32014],[-5.87498,34.32014],[-5.87498,34.31789],[-5.87723,34.31789]]],[[[-5.82333,34.32014],[-5.82557,34.32014],[-5.82557,34.32238],[-5.82333,34.32238],[-5.82333,34.32014]]],[[[-5.83007,34.32463],[-5.82782,34.32463],[-5.82782,34.32238],[-5.83007,34.32238],[-5.83007,34.32463]]],[[[-5.82557,34.32463],[-5.82782,34.32463],[-5.82782,34.32687],[-5.82557,34.32687],[-5.82557,34.32463]]],[[[-5.83231,34.32687],[-5.83456,34.32687],[-5.83456,34.32912],[-5.83231,34.32912],[-5.83231,34.32687]]],[[[-5.8413,34.32912],[-5.8413,34.33136],[-5.83905,34.33136],[-5.83905,34.32912],[-5.8413,34.32912]]],[[[-5.85702,34.32912],[-5.85702,34.33136],[-5.85477,34.33136],[-5.85477,34.32912],[-5.85702,34.32912]]],[[[-5.83007,34.32912],[-5.83231,34.32912],[-5.83231,34.33136],[-5.83007,34.33136],[-5.83007,34.32912]]],[[[-5.85028,34.33136],[-5.85028,34.33361],[-5.84803,34.33361],[-5.84803,34.33136],[-5.85028,34.33136]]],[[[-5.85477,34.33136],[-5.85477,34.33361],[-5.85252,34.33361],[-5.85252,34.33136],[-5.85477,34.33136]]],[[[-5.8413,34.33136],[-5.84354,34.33136],[-5.84354,34.33586],[-5.8413,34.33586],[-5.8413,34.33136]]],[[[-5.83007,34.33361],[-5.83007,34.33586],[-5.82782,34.33586],[-5.82782,34.33361],[-5.83007,34.33361]]],[[[-5.85252,34.33361],[-5.85252,34.33586],[-5.85028,34.33586],[-5.85028,34.33361],[-5.85252,34.33361]]],[[[-5.84579,34.33361],[-5.84803,34.33361],[-5.84803,34.33586],[-5.84579,34.33586],[-5.84579,34.33361]]],[[[-5.87049,34.33586],[-5.87049,34.3381],[-5.86824,34.3381],[-5.86824,34.33586],[-5.87049,34.33586]]],[[[-5.85702,34.34259],[-5.85252,34.34484],[-5.85252,34.3381],[-5.85477,34.3381],[-5.85702,34.34259]]],[[[-5.86151,34.34484],[-5.86375,34.34484],[-5.86375,34.34708],[-5.86151,34.34708],[-5.86151,34.34484]]],[[[-5.87723,34.34933],[-5.87498,34.34933],[-5.87498,34.34708],[-5.87723,34.34708],[-5.87723,34.34933]]],[[[-5.87274,34.34933],[-5.87498,34.34933],[-5.87498,34.35158],[-5.87274,34.35158],[-5.87274,34.34933]]],[[[-5.87498,34.35158],[-5.87723,34.35158],[-5.87723,34.35382],[-5.87498,34.35382],[-5.87498,34.35158]]],[[[-5.87049,34.35158],[-5.87049,34.35382],[-5.86824,34.35382],[-5.86824,34.35158],[-5.87049,34.35158]]],[[[-5.87049,34.36056],[-5.87049,34.36281],[-5.86824,34.36281],[-5.86824,34.36056],[-5.87049,34.36056]]],[[[-5.84579,34.37403],[-5.85028,34.37403],[-5.85028,34.37628],[-5.84579,34.37628],[-5.84579,34.37403]]],[[[-5.82782,34.37853],[-5.82782,34.38077],[-5.82557,34.38077],[-5.82557,34.37853],[-5.82782,34.37853]]],[[[-5.84354,34.38975],[-5.84354,34.392],[-5.8413,34.392],[-5.8413,34.38751],[-5.84579,34.38751],[-5.84354,34.38975]]],[[[-5.84354,34.392],[-5.84579,34.392],[-5.84579,34.39425],[-5.84354,34.39425],[-5.84354,34.392]]],[[[-5.83905,34.39425],[-5.84354,34.39874],[-5.8368,34.40098],[-5.8368,34.39425],[-5.83905,34.39425]]],[[[-5.84803,34.39649],[-5.84803,34.39874],[-5.84579,34.39874],[-5.84579,34.39649],[-5.84803,34.39649]]],[[[-5.85702,34.39874],[-5.85926,34.39874],[-5.85926,34.40098],[-5.85477,34.40098],[-5.85477,34.39649],[-5.85702,34.39874]]],[[[-5.83007,34.39874],[-5.83007,34.40323],[-5.82557,34.40098],[-5.82557,34.39874],[-5.83007,34.39874]]],[[[-5.84354,34.40098],[-5.84354,34.40323],[-5.83905,34.40323],[-5.83905,34.40098],[-5.84354,34.40098]]],[[[-5.85028,34.40098],[-5.85252,34.40098],[-5.85252,34.40548],[-5.85028,34.40548],[-5.85028,34.40098]]],[[[-5.84803,34.40323],[-5.84803,34.40548],[-5.84354,34.40548],[-5.84354,34.40323],[-5.84803,34.40323]]],[[[-5.83905,34.40323],[-5.83905,34.40548],[-5.8368,34.40548],[-5.8368,34.40323],[-5.83905,34.40323]]],[[[-5.85252,34.40548],[-5.85477,34.40548],[-5.85477,34.40772],[-5.85252,34.40772],[-5.85252,34.40548]]],[[[-5.85028,34.40772],[-5.85028,34.40997],[-5.84803,34.40997],[-5.84803,34.40772],[-5.85028,34.40772]]],[[[-5.84803,34.41221],[-5.84803,34.41446],[-5.84579,34.41446],[-5.84579,34.41221],[-5.84803,34.41221]]],[[[-5.85926,34.41221],[-5.86151,34.41221],[-5.86151,34.41446],[-5.85926,34.41446],[-5.85926,34.41221]]],[[[-5.85702,34.4167],[-5.85702,34.41895],[-5.85477,34.41895],[-5.85477,34.4167],[-5.85702,34.4167]]],[[[-5.87049,34.41895],[-5.87049,34.4212],[-5.866,34.4212],[-5.866,34.41895],[-5.87049,34.41895]]],[[[-5.83905,34.43242],[-5.83905,34.43692],[-5.8368,34.43692],[-5.8368,34.43242],[-5.83905,34.43242]]],[[[-5.84354,34.43467],[-5.84354,34.43692],[-5.8413,34.43692],[-5.8413,34.43467],[-5.84354,34.43467]]],[[[-5.83905,34.44141],[-5.83905,34.44365],[-5.8368,34.44365],[-5.8368,34.43916],[-5.8413,34.43916],[-5.83905,34.44141]]],[[[-5.8413,34.45039],[-5.8413,34.45264],[-5.83905,34.45264],[-5.83905,34.45039],[-5.8413,34.45039]]],[[[-5.8368,34.45264],[-5.83905,34.45264],[-5.83905,34.45488],[-5.8368,34.45488],[-5.8368,34.45264]]],[[[-5.87498,34.45264],[-5.87498,34.45488],[-5.87274,34.45488],[-5.87274,34.45264],[-5.87498,34.45264]]],[[[-5.85702,34.45713],[-5.85702,34.45937],[-5.85477,34.45937],[-5.85477,34.45713],[-5.85702,34.45713]]],[[[-5.85926,34.45937],[-5.85926,34.46162],[-5.85702,34.46162],[-5.85702,34.45937],[-5.85926,34.45937]]],[[[-5.85252,34.46387],[-5.85028,34.46162],[-5.85028,34.45713],[-5.85702,34.46162],[-5.85252,34.46387]]],[[[-5.87723,34.46611],[-5.87723,34.4706],[-5.87498,34.4706],[-5.87498,34.46611],[-5.87723,34.46611]]],[[[-5.80536,34.18988],[-5.80536,34.19213],[-5.80312,34.19213],[-5.80312,34.18988],[-5.80536,34.18988]]],[[[-5.80312,34.19213],[-5.80312,34.19437],[-5.79863,34.19437],[-5.79863,34.19213],[-5.80312,34.19213]]],[[[-5.8121,34.18988],[-5.8121,34.19662],[-5.80985,34.19662],[-5.80985,34.18988],[-5.8121,34.18988]]],[[[-5.80536,34.19213],[-5.80761,34.19213],[-5.80761,34.19437],[-5.80536,34.19437],[-5.80536,34.19213]]],[[[-5.81659,34.19213],[-5.81659,34.19437],[-5.81435,34.19437],[-5.81435,34.19213],[-5.81659,34.19213]]],[[[-5.82108,34.19437],[-5.82108,34.19662],[-5.81884,34.19662],[-5.81884,34.19437],[-5.82108,34.19437]]],[[[-5.80536,34.19437],[-5.80536,34.19662],[-5.80312,34.19662],[-5.80312,34.19437],[-5.80536,34.19437]]],[[[-5.79638,34.19437],[-5.79638,34.19662],[-5.79413,34.19662],[-5.79413,34.19437],[-5.79638,34.19437]]],[[[-5.80312,34.19662],[-5.80312,34.19886],[-5.80087,34.19886],[-5.80087,34.19662],[-5.80312,34.19662]]],[[[-5.80536,34.19662],[-5.80985,34.19662],[-5.80985,34.19886],[-5.80536,34.19886],[-5.80536,34.19662]]],[[[-5.82557,34.19886],[-5.82557,34.20111],[-5.82333,34.20111],[-5.82333,34.19886],[-5.82557,34.19886]]],[[[-5.80087,34.19886],[-5.80087,34.20111],[-5.79863,34.20111],[-5.79863,34.19886],[-5.80087,34.19886]]],[[[-5.81659,34.20111],[-5.82333,34.20111],[-5.82333,34.20335],[-5.81659,34.20335],[-5.81659,34.20111]]],[[[-5.80536,34.20111],[-5.80536,34.20335],[-5.80312,34.20335],[-5.80312,34.20111],[-5.80536,34.20111]]],[[[-5.79638,34.20111],[-5.79638,34.20335],[-5.79413,34.20335],[-5.79413,34.20111],[-5.79638,34.20111]]],[[[-5.78964,34.20111],[-5.78964,34.20335],[-5.7874,34.20335],[-5.7874,34.20111],[-5.78964,34.20111]]],[[[-5.7874,34.2056],[-5.7874,34.20785],[-5.78066,34.20785],[-5.78066,34.2056],[-5.7874,34.2056]]],[[[-5.81659,34.21458],[-5.8121,34.20785],[-5.8121,34.20335],[-5.81884,34.20785],[-5.81659,34.21458]]],[[[-5.77841,34.20785],[-5.77841,34.21009],[-5.77392,34.21009],[-5.77392,34.20785],[-5.77841,34.20785]]],[[[-5.79863,34.20785],[-5.80087,34.21234],[-5.79189,34.21458],[-5.79189,34.20785],[-5.79863,34.20785]]],[[[-5.82557,34.21234],[-5.82557,34.21458],[-5.82333,34.21458],[-5.82333,34.21234],[-5.82557,34.21234]]],[[[-5.81435,34.21234],[-5.81435,34.21458],[-5.80985,34.21458],[-5.80985,34.21234],[-5.81435,34.21234]]],[[[-5.80312,34.21234],[-5.80536,34.20785],[-5.80761,34.21458],[-5.80312,34.21683],[-5.80761,34.21907],[-5.79638,34.22132],[-5.79638,34.21683],[-5.80312,34.21234]]],[[[-5.77168,34.21458],[-5.77168,34.21234],[-5.77841,34.21234],[-5.77617,34.21683],[-5.77168,34.21458]]],[[[-5.80985,34.21458],[-5.80985,34.21683],[-5.80761,34.21683],[-5.80761,34.21458],[-5.80985,34.21458]]],[[[-5.78964,34.21458],[-5.79189,34.21458],[-5.79189,34.21683],[-5.78964,34.21683],[-5.78964,34.21458]]],[[[-5.7874,34.21458],[-5.78515,34.22132],[-5.77841,34.21683],[-5.7829,34.21458],[-5.78066,34.21009],[-5.7874,34.21458]]],[[[-5.82557,34.21683],[-5.81884,34.21907],[-5.81884,34.21458],[-5.82333,34.21458],[-5.82557,34.21683]]],[[[-5.79189,34.21683],[-5.79413,34.21683],[-5.79413,34.21907],[-5.79189,34.21907],[-5.79189,34.21683]]],[[[-5.77168,34.21907],[-5.77168,34.22132],[-5.76943,34.22132],[-5.76943,34.21683],[-5.77392,34.21683],[-5.77168,34.21907]]],[[[-5.81435,34.21907],[-5.81435,34.22132],[-5.80985,34.22132],[-5.80985,34.21683],[-5.81435,34.21907]]],[[[-5.81659,34.21907],[-5.81884,34.21907],[-5.81884,34.22132],[-5.81659,34.22132],[-5.81659,34.21907]]],[[[-5.82557,34.22132],[-5.82557,34.22357],[-5.82108,34.22357],[-5.82108,34.22132],[-5.82557,34.22132]]],[[[-5.77617,34.22132],[-5.77841,34.21907],[-5.77617,34.22581],[-5.77168,34.22581],[-5.77168,34.22132],[-5.77617,34.22132]]],[[[-5.80087,34.22132],[-5.80985,34.22132],[-5.80985,34.22581],[-5.80087,34.22357],[-5.80087,34.22132]]],[[[-5.79189,34.22357],[-5.79189,34.22581],[-5.78964,34.22581],[-5.78964,34.22357],[-5.79189,34.22357]]],[[[-5.7874,34.22581],[-5.7874,34.22806],[-5.78515,34.22806],[-5.78515,34.22581],[-5.7874,34.22581]]],[[[-5.82557,34.22581],[-5.82557,34.22806],[-5.82333,34.22806],[-5.82333,34.22581],[-5.82557,34.22581]]],[[[-5.82108,34.22357],[-5.82333,34.2303],[-5.8121,34.23255],[-5.81659,34.2303],[-5.8121,34.22357],[-5.82108,34.22357]]],[[[-5.79413,34.22581],[-5.79413,34.23255],[-5.79189,34.23255],[-5.79189,34.22581],[-5.79413,34.22581]]],[[[-5.79863,34.22806],[-5.79863,34.2303],[-5.79638,34.2303],[-5.79638,34.22806],[-5.79863,34.22806]]],[[[-5.77392,34.2303],[-5.77168,34.23255],[-5.77168,34.22806],[-5.77617,34.22806],[-5.77392,34.2303]]],[[[-5.77841,34.23255],[-5.77617,34.23255],[-5.77617,34.2303],[-5.77841,34.2303],[-5.77841,34.23255]]],[[[-5.77392,34.23255],[-5.77617,34.23255],[-5.77617,34.2348],[-5.77392,34.2348],[-5.77392,34.23255]]],[[[-5.79413,34.23255],[-5.79638,34.23255],[-5.79638,34.23704],[-5.79413,34.23704],[-5.79413,34.23255]]],[[[-5.77392,34.2348],[-5.76943,34.23704],[-5.76943,34.23255],[-5.77168,34.2348],[-5.77392,34.2348]]],[[[-5.78066,34.2348],[-5.78066,34.23704],[-5.77841,34.23704],[-5.77841,34.2348],[-5.78066,34.2348]]],[[[-5.81884,34.2348],[-5.82333,34.2348],[-5.82333,34.23704],[-5.81884,34.23704],[-5.81884,34.2348]]],[[[-5.8121,34.24378],[-5.80536,34.23704],[-5.79863,34.24153],[-5.79413,34.23929],[-5.80087,34.2348],[-5.80087,34.2303],[-5.80536,34.2348],[-5.80536,34.22806],[-5.8121,34.22806],[-5.80761,34.2348],[-5.81435,34.2348],[-5.82108,34.23929],[-5.82108,34.24602],[-5.81884,34.24153],[-5.81659,34.24602],[-5.8121,34.24378]],[[-5.80985,34.23704],[-5.80985,34.23929],[-5.81435,34.23929],[-5.81435,34.23704],[-5.80985,34.23704]]],[[[-5.78515,34.23704],[-5.78515,34.23929],[-5.7829,34.23929],[-5.7829,34.23704],[-5.78515,34.23704]]],[[[-5.78066,34.23929],[-5.7829,34.23929],[-5.7829,34.24153],[-5.78066,34.24153],[-5.78066,34.23929]]],[[[-5.77841,34.23929],[-5.77841,34.24153],[-5.77617,34.24153],[-5.77617,34.23929],[-5.77841,34.23929]]],[[[-5.80761,34.24153],[-5.80761,34.24378],[-5.80536,34.24378],[-5.80536,34.24153],[-5.80761,34.24153]]],[[[-5.7829,34.24378],[-5.7874,34.24378],[-5.7874,34.24602],[-5.7829,34.24602],[-5.7829,34.24378]]],[[[-5.8121,34.24378],[-5.8121,34.24827],[-5.80761,34.24602],[-5.80761,34.24378],[-5.8121,34.24378]]],[[[-5.81884,34.24602],[-5.81884,34.24827],[-5.81659,34.24827],[-5.81659,34.24602],[-5.81884,34.24602]]],[[[-5.77841,34.24602],[-5.78066,34.24602],[-5.78066,34.24827],[-5.77841,34.24827],[-5.77841,34.24602]]],[[[-5.7874,34.24827],[-5.7874,34.25052],[-5.78515,34.25052],[-5.78515,34.24827],[-5.7874,34.24827]]],[[[-5.81435,34.25276],[-5.81435,34.25501],[-5.8121,34.25501],[-5.8121,34.25276],[-5.81435,34.25276]]],[[[-5.7829,34.25276],[-5.78515,34.25276],[-5.78515,34.25501],[-5.7829,34.25501],[-5.7829,34.25276]]],[[[-5.78964,34.25276],[-5.78964,34.25501],[-5.7874,34.25501],[-5.7874,34.25276],[-5.78964,34.25276]]],[[[-5.8121,34.25052],[-5.80985,34.26174],[-5.80761,34.25276],[-5.80087,34.25276],[-5.80087,34.24827],[-5.79413,34.24602],[-5.8121,34.25052]]],[[[-5.79638,34.25501],[-5.79863,34.25501],[-5.79863,34.25725],[-5.79638,34.25725],[-5.79638,34.25501]]],[[[-5.79413,34.2595],[-5.79413,34.26174],[-5.79189,34.26174],[-5.79189,34.2595],[-5.79413,34.2595]]],[[[-5.79413,34.26624],[-5.79413,34.26174],[-5.79638,34.26174],[-5.79638,34.26624],[-5.79413,34.26624]]],[[[-5.79638,34.2595],[-5.80087,34.2595],[-5.80087,34.26848],[-5.79863,34.26848],[-5.79638,34.2595]]],[[[-5.81435,34.26399],[-5.81435,34.26624],[-5.8121,34.26624],[-5.8121,34.26399],[-5.81435,34.26399]]],[[[-5.80985,34.26399],[-5.80985,34.26848],[-5.80312,34.26624],[-5.80312,34.26399],[-5.80985,34.26399]]],[[[-5.82108,34.26624],[-5.82108,34.26848],[-5.81659,34.26848],[-5.81659,34.26624],[-5.82108,34.26624]]],[[[-5.81659,34.26848],[-5.81659,34.27073],[-5.81435,34.27073],[-5.81435,34.26848],[-5.81659,34.26848]]],[[[-5.81659,34.27297],[-5.81659,34.27073],[-5.81884,34.27073],[-5.81884,34.27297],[-5.81659,34.27297]]],[[[-5.79863,34.27297],[-5.80087,34.27297],[-5.80087,34.27522],[-5.79638,34.27522],[-5.79638,34.27073],[-5.79863,34.27297]]],[[[-5.82333,34.26848],[-5.82333,34.27747],[-5.82108,34.27747],[-5.82108,34.26848],[-5.82333,34.26848]]],[[[-5.81659,34.27297],[-5.81659,34.27522],[-5.81435,34.27522],[-5.81435,34.27297],[-5.81659,34.27297]]],[[[-5.80761,34.27522],[-5.80985,34.27522],[-5.80985,34.27747],[-5.80761,34.27747],[-5.80761,34.27522]]],[[[-5.80536,34.27522],[-5.80536,34.27747],[-5.80312,34.27747],[-5.80312,34.27522],[-5.80536,34.27522]]],[[[-5.81435,34.27522],[-5.81435,34.27971],[-5.80985,34.27971],[-5.80985,34.27747],[-5.81435,34.27522]]],[[[-5.7874,34.27747],[-5.78964,34.27747],[-5.78964,34.27971],[-5.7874,34.27971],[-5.7874,34.27747]]],[[[-5.81659,34.27971],[-5.81659,34.28196],[-5.81435,34.28196],[-5.81435,34.27971],[-5.81659,34.27971]]],[[[-5.77617,34.27971],[-5.77617,34.28196],[-5.77392,34.28196],[-5.77392,34.27971],[-5.77617,34.27971]]],[[[-5.7829,34.27747],[-5.78515,34.27747],[-5.78515,34.2842],[-5.7829,34.2842],[-5.7829,34.27747]]],[[[-5.80985,34.27971],[-5.80985,34.2842],[-5.80761,34.2842],[-5.80761,34.27971],[-5.80985,34.27971]]],[[[-5.80312,34.28196],[-5.80312,34.2842],[-5.80087,34.2842],[-5.80087,34.28196],[-5.80312,34.28196]]],[[[-5.79413,34.2842],[-5.79638,34.2842],[-5.79638,34.28645],[-5.79413,34.28645],[-5.79413,34.2842]]],[[[-5.80536,34.2842],[-5.80536,34.28645],[-5.80312,34.28645],[-5.80312,34.2842],[-5.80536,34.2842]]],[[[-5.82333,34.2842],[-5.82333,34.28869],[-5.82108,34.28869],[-5.82108,34.2842],[-5.82333,34.2842]]],[[[-5.80985,34.28645],[-5.8121,34.28645],[-5.8121,34.28869],[-5.80985,34.28869],[-5.80985,34.28645]]],[[[-5.77168,34.29319],[-5.77168,34.29543],[-5.76943,34.29543],[-5.76943,34.29319],[-5.77168,34.29319]]],[[[-5.78066,34.29543],[-5.78066,34.29768],[-5.77841,34.29768],[-5.77841,34.29319],[-5.7829,34.29319],[-5.78066,34.29543]]],[[[-5.77617,34.29319],[-5.77617,34.29992],[-5.77392,34.29992],[-5.77392,34.29319],[-5.77617,34.29319]]],[[[-5.81884,34.29768],[-5.81884,34.29992],[-5.81659,34.29992],[-5.81659,34.29768],[-5.81884,34.29768]]],[[[-5.77168,34.29768],[-5.77168,34.29992],[-5.76943,34.29992],[-5.76943,34.29768],[-5.77168,34.29768]]],[[[-5.81659,34.30441],[-5.81659,34.30217],[-5.82333,34.29768],[-5.82108,34.30441],[-5.81659,34.30441]]],[[[-5.78066,34.30441],[-5.7829,34.30441],[-5.7829,34.30666],[-5.78066,34.30666],[-5.78066,34.30441]]],[[[-5.78066,34.30891],[-5.78066,34.31115],[-5.77617,34.31115],[-5.77617,34.30891],[-5.78066,34.30891]]],[[[-5.79638,34.30891],[-5.79638,34.3134],[-5.79413,34.3134],[-5.79413,34.30891],[-5.79638,34.30891]]],[[[-5.80312,34.3134],[-5.80536,34.3134],[-5.80536,34.31564],[-5.80312,34.31564],[-5.80312,34.3134]]],[[[-5.77617,34.31789],[-5.77617,34.32014],[-5.77168,34.32014],[-5.77168,34.31789],[-5.77617,34.31789]]],[[[-5.7829,34.31789],[-5.7829,34.32014],[-5.78066,34.32014],[-5.78066,34.31789],[-5.7829,34.31789]]],[[[-5.79638,34.32014],[-5.80536,34.32014],[-5.80536,34.32238],[-5.79638,34.32238],[-5.79638,34.32014]]],[[[-5.79413,34.32014],[-5.79413,34.32463],[-5.79189,34.32463],[-5.79189,34.32014],[-5.79413,34.32014]]],[[[-5.7874,34.32238],[-5.78964,34.32014],[-5.78515,34.32687],[-5.78515,34.32238],[-5.7874,34.32238]]],[[[-5.79863,34.32463],[-5.80087,34.32463],[-5.80087,34.32687],[-5.79863,34.32687],[-5.79863,34.32463]]],[[[-5.8121,34.32463],[-5.8121,34.32687],[-5.82557,34.32912],[-5.80761,34.33136],[-5.80761,34.32463],[-5.8121,34.32463]]],[[[-5.7874,34.32912],[-5.7874,34.33136],[-5.78515,34.33136],[-5.78515,34.32912],[-5.7874,34.32912]]],[[[-5.81884,34.33136],[-5.82108,34.33136],[-5.82108,34.33361],[-5.81884,34.33361],[-5.81884,34.33136]]],[[[-5.80536,34.33136],[-5.80536,34.33361],[-5.80087,34.33361],[-5.80087,34.33136],[-5.80536,34.33136]]],[[[-5.80536,34.33586],[-5.80536,34.33361],[-5.80985,34.33361],[-5.80985,34.33586],[-5.80536,34.33586]]],[[[-5.79638,34.33586],[-5.79863,34.33586],[-5.79863,34.3381],[-5.79638,34.3381],[-5.79638,34.33586]]],[[[-5.81435,34.3381],[-5.81435,34.34035],[-5.8121,34.34035],[-5.8121,34.3381],[-5.81435,34.3381]]],[[[-5.80087,34.3381],[-5.80087,34.34035],[-5.79863,34.34035],[-5.79863,34.3381],[-5.80087,34.3381]]],[[[-5.81884,34.34035],[-5.82108,34.34035],[-5.82108,34.34259],[-5.81884,34.34259],[-5.81884,34.34035]]],[[[-5.79863,34.34484],[-5.79863,34.34708],[-5.79638,34.34708],[-5.79638,34.34484],[-5.79863,34.34484]]],[[[-5.8121,34.34484],[-5.8121,34.34933],[-5.80761,34.34933],[-5.80985,34.34484],[-5.8121,34.34484]]],[[[-5.81659,34.34933],[-5.81435,34.35158],[-5.81435,34.34708],[-5.82108,34.34708],[-5.82108,34.35158],[-5.81659,34.34933]]],[[[-5.80312,34.34708],[-5.80312,34.35158],[-5.80087,34.35158],[-5.80087,34.34708],[-5.80312,34.34708]]],[[[-5.80087,34.35158],[-5.80087,34.35382],[-5.79863,34.35382],[-5.79863,34.35158],[-5.80087,34.35158]]],[[[-5.81435,34.35158],[-5.81435,34.35382],[-5.80761,34.35382],[-5.80761,34.35158],[-5.81435,34.35158]]],[[[-5.80087,34.35382],[-5.80312,34.35382],[-5.80312,34.35607],[-5.80087,34.35607],[-5.80087,34.35382]]],[[[-5.8121,34.35607],[-5.8121,34.35831],[-5.80985,34.35831],[-5.80985,34.35607],[-5.8121,34.35607]]],[[[-5.79413,34.36056],[-5.79413,34.36281],[-5.79189,34.36281],[-5.79189,34.36056],[-5.79413,34.36056]]],[[[-5.80761,34.38302],[-5.80985,34.38302],[-5.80985,34.38526],[-5.80761,34.38526],[-5.80761,34.38302]]],[[[-5.57629,34.11128],[-5.57629,34.11352],[-5.57405,34.11352],[-5.57405,34.11128],[-5.57629,34.11128]]],[[[-5.58078,34.11128],[-5.58078,34.11352],[-5.57854,34.11352],[-5.57854,34.11128],[-5.58078,34.11128]]],[[[-5.58303,34.11352],[-5.58528,34.11352],[-5.58528,34.11801],[-5.58303,34.11801],[-5.58303,34.11352]]],[[[-5.59201,34.11801],[-5.59201,34.12026],[-5.58977,34.12026],[-5.58977,34.11801],[-5.59201,34.11801]]],[[[-5.57629,34.11801],[-5.57629,34.12026],[-5.57405,34.12026],[-5.57405,34.11801],[-5.57629,34.11801]]],[[[-5.58303,34.12026],[-5.58528,34.12026],[-5.58528,34.12251],[-5.58303,34.12251],[-5.58303,34.12026]]],[[[-5.58977,34.12026],[-5.58977,34.12475],[-5.58752,34.12475],[-5.58752,34.12026],[-5.58977,34.12026]]],[[[-5.70206,34.12251],[-5.70206,34.12475],[-5.69981,34.12475],[-5.69981,34.12251],[-5.70206,34.12251]]],[[[-5.57629,34.12475],[-5.57854,34.12475],[-5.57854,34.12924],[-5.57629,34.12924],[-5.57629,34.12475]]],[[[-5.58528,34.127],[-5.58528,34.12924],[-5.58303,34.12924],[-5.58303,34.127],[-5.58528,34.127]]],[[[-5.47523,34.1517],[-5.47523,34.15619],[-5.47299,34.15619],[-5.47299,34.1517],[-5.47523,34.1517]]],[[[-5.47523,34.15619],[-5.47748,34.15619],[-5.47748,34.15844],[-5.47523,34.15844],[-5.47523,34.15619]]],[[[-5.7043,34.15844],[-5.7043,34.16068],[-5.70206,34.16068],[-5.70206,34.15844],[-5.7043,34.15844]]],[[[-5.53811,34.16967],[-5.53811,34.17191],[-5.53587,34.17191],[-5.53587,34.16967],[-5.53811,34.16967]]],[[[-5.4932,34.17191],[-5.49544,34.17191],[-5.49544,34.17416],[-5.4932,34.17416],[-5.4932,34.17191]]],[[[-5.49544,34.1764],[-5.49544,34.17865],[-5.4932,34.17865],[-5.4932,34.1764],[-5.49544,34.1764]]],[[[-5.45277,34.1764],[-5.45277,34.17865],[-5.45053,34.17865],[-5.45053,34.1764],[-5.45277,34.1764]]],[[[-5.67062,34.1809],[-5.67062,34.18314],[-5.66837,34.18314],[-5.66837,34.1809],[-5.67062,34.1809]]],[[[-5.67511,34.18314],[-5.67511,34.18539],[-5.67286,34.18539],[-5.67286,34.18314],[-5.67511,34.18314]]],[[[-5.65939,34.18539],[-5.65939,34.18763],[-5.65714,34.18763],[-5.65714,34.18539],[-5.65939,34.18539]]],[[[-5.67062,34.18763],[-5.67062,34.18988],[-5.66837,34.18988],[-5.66837,34.18763],[-5.67062,34.18763]]],[[[-5.65939,34.18763],[-5.66163,34.18763],[-5.66163,34.18988],[-5.65939,34.18988],[-5.65939,34.18763]]],[[[-5.66612,34.18988],[-5.66612,34.19213],[-5.66388,34.19213],[-5.66388,34.18988],[-5.66612,34.18988]]],[[[-5.49544,34.19437],[-5.49544,34.19662],[-5.4932,34.19662],[-5.4932,34.19437],[-5.49544,34.19437]]],[[[-5.48646,34.19437],[-5.49095,34.19437],[-5.49095,34.19662],[-5.48646,34.19662],[-5.48646,34.19437]]],[[[-5.72002,34.19886],[-5.72002,34.20111],[-5.71778,34.20111],[-5.71778,34.19886],[-5.72002,34.19886]]],[[[-5.49095,34.19886],[-5.49095,34.20111],[-5.48871,34.20111],[-5.48871,34.19886],[-5.49095,34.19886]]],[[[-5.48871,34.20335],[-5.48421,34.2056],[-5.48197,34.20111],[-5.48646,34.19886],[-5.48871,34.20335]]],[[[-5.74922,34.20335],[-5.74922,34.2056],[-5.74473,34.2056],[-5.74473,34.20111],[-5.74922,34.20335]]],[[[-5.71553,34.20335],[-5.71553,34.2056],[-5.71329,34.2056],[-5.71329,34.20335],[-5.71553,34.20335]]],[[[-5.72901,34.20335],[-5.7335,34.20335],[-5.7335,34.2056],[-5.72901,34.2056],[-5.72901,34.20335]]],[[[-5.76045,34.2056],[-5.75146,34.20785],[-5.75146,34.20111],[-5.76269,34.20335],[-5.76269,34.21009],[-5.7582,34.21009],[-5.76045,34.2056]],[[-5.75596,34.20335],[-5.75371,34.20335],[-5.75371,34.2056],[-5.75596,34.2056],[-5.75596,34.20335]]],[[[-5.72676,34.2056],[-5.72676,34.20785],[-5.72451,34.20785],[-5.72451,34.2056],[-5.72676,34.2056]]],[[[-5.74248,34.2056],[-5.74473,34.21009],[-5.73574,34.21009],[-5.73574,34.20785],[-5.74248,34.2056]]],[[[-5.47972,34.20785],[-5.47972,34.21009],[-5.47748,34.21009],[-5.47748,34.20785],[-5.47972,34.20785]]],[[[-5.48421,34.20785],[-5.48421,34.21009],[-5.48197,34.21009],[-5.48197,34.20785],[-5.48421,34.20785]]],[[[-5.76494,34.21234],[-5.76494,34.2056],[-5.77168,34.20785],[-5.77168,34.21234],[-5.76494,34.21234]]],[[[-5.71329,34.20785],[-5.71329,34.21009],[-5.71104,34.21009],[-5.71104,34.20785],[-5.71329,34.20785]]],[[[-5.76494,34.21234],[-5.76494,34.21458],[-5.76269,34.21458],[-5.76269,34.21234],[-5.76494,34.21234]]],[[[-5.62795,34.21234],[-5.63019,34.21234],[-5.63019,34.21458],[-5.62795,34.21458],[-5.62795,34.21234]]],[[[-5.75146,34.21234],[-5.75146,34.22132],[-5.74473,34.22357],[-5.74248,34.21683],[-5.74922,34.21907],[-5.74697,34.21234],[-5.75146,34.21234]]],[[[-5.76718,34.21907],[-5.76718,34.22132],[-5.76494,34.22132],[-5.76494,34.21907],[-5.76718,34.21907]]],[[[-5.76269,34.22132],[-5.76494,34.22132],[-5.76494,34.22357],[-5.76269,34.22357],[-5.76269,34.22132]]],[[[-5.7582,34.22132],[-5.7582,34.22357],[-5.75596,34.22357],[-5.75596,34.22132],[-5.7582,34.22132]]],[[[-5.72901,34.22132],[-5.72901,34.22357],[-5.72676,34.22357],[-5.72676,34.22132],[-5.72901,34.22132]]],[[[-5.71778,34.21907],[-5.72451,34.21907],[-5.72227,34.22806],[-5.71553,34.22357],[-5.71778,34.21907]],[[-5.72002,34.22357],[-5.72227,34.22357],[-5.72227,34.22132],[-5.72002,34.22132],[-5.72002,34.22357]]],[[[-5.71553,34.22357],[-5.71553,34.22581],[-5.71329,34.22581],[-5.71329,34.22357],[-5.71553,34.22357]]],[[[-5.73574,34.22581],[-5.72901,34.22806],[-5.72901,34.22357],[-5.73125,34.22581],[-5.73574,34.22581]]],[[[-5.75371,34.22581],[-5.75596,34.22581],[-5.75596,34.22806],[-5.75371,34.22806],[-5.75371,34.22581]]],[[[-5.71104,34.22581],[-5.71104,34.22806],[-5.70879,34.22806],[-5.70879,34.22581],[-5.71104,34.22581]]],[[[-5.76943,34.22581],[-5.76943,34.23255],[-5.76718,34.23255],[-5.76718,34.22581],[-5.76943,34.22581]]],[[[-5.74473,34.22806],[-5.74922,34.22806],[-5.74922,34.2303],[-5.74473,34.2303],[-5.74473,34.22806]]],[[[-5.72451,34.22806],[-5.72451,34.2303],[-5.72227,34.2303],[-5.72227,34.22806],[-5.72451,34.22806]]],[[[-5.71553,34.22806],[-5.71553,34.2303],[-5.71329,34.2303],[-5.71329,34.22806],[-5.71553,34.22806]]],[[[-5.72002,34.2303],[-5.72227,34.2303],[-5.72227,34.23255],[-5.72002,34.23255],[-5.72002,34.2303]]],[[[-5.73574,34.2303],[-5.73574,34.23255],[-5.7335,34.23255],[-5.7335,34.2303],[-5.73574,34.2303]]],[[[-5.70206,34.23255],[-5.70206,34.2348],[-5.69981,34.2348],[-5.69981,34.23255],[-5.70206,34.23255]]],[[[-5.71553,34.23255],[-5.71778,34.23255],[-5.71778,34.2348],[-5.71553,34.2348],[-5.71553,34.23255]]],[[[-5.72901,34.23255],[-5.72901,34.2348],[-5.72451,34.2348],[-5.72451,34.23255],[-5.72901,34.23255]]],[[[-5.76718,34.23255],[-5.76718,34.23704],[-5.76494,34.23704],[-5.76494,34.23255],[-5.76718,34.23255]]],[[[-5.7043,34.23255],[-5.70655,34.23255],[-5.70655,34.23704],[-5.70206,34.23704],[-5.7043,34.23255]]],[[[-5.75146,34.2348],[-5.75146,34.23704],[-5.74922,34.23704],[-5.74922,34.2348],[-5.75146,34.2348]]],[[[-5.69532,34.2348],[-5.69532,34.23704],[-5.69307,34.23704],[-5.69307,34.2348],[-5.69532,34.2348]]],[[[-5.74248,34.23704],[-5.74473,34.23704],[-5.74473,34.23929],[-5.74248,34.23929],[-5.74248,34.23704]]],[[[-5.69307,34.23704],[-5.69307,34.23929],[-5.68858,34.23929],[-5.68858,34.23704],[-5.69307,34.23704]]],[[[-5.73799,34.23704],[-5.73799,34.24153],[-5.73574,34.24153],[-5.73574,34.23704],[-5.73799,34.23704]]],[[[-5.72002,34.24153],[-5.71778,34.24153],[-5.71778,34.23704],[-5.72002,34.23704],[-5.72002,34.24153]]],[[[-5.71553,34.24153],[-5.71778,34.24153],[-5.71778,34.24378],[-5.71553,34.24378],[-5.71553,34.24153]]],[[[-5.69756,34.24153],[-5.69756,34.24378],[-5.69532,34.24378],[-5.69532,34.24153],[-5.69756,34.24153]]],[[[-5.74473,34.24153],[-5.74473,34.24602],[-5.74248,34.24602],[-5.74248,34.24153],[-5.74473,34.24153]]],[[[-5.70655,34.24378],[-5.70879,34.24378],[-5.70879,34.24602],[-5.70655,34.24602],[-5.70655,34.24378]]],[[[-5.72227,34.24378],[-5.72227,34.24602],[-5.71778,34.24602],[-5.71778,34.24378],[-5.72227,34.24378]]],[[[-5.7043,34.24602],[-5.69756,34.24827],[-5.69756,34.24378],[-5.69981,34.24602],[-5.7043,34.24602]]],[[[-5.74473,34.24602],[-5.74922,34.24602],[-5.74922,34.24827],[-5.74473,34.24827],[-5.74473,34.24602]]],[[[-5.71778,34.24602],[-5.71778,34.24827],[-5.71553,34.24827],[-5.71553,34.24602],[-5.71778,34.24602]]],[[[-5.70879,34.24827],[-5.70879,34.25052],[-5.70655,34.25052],[-5.70655,34.24827],[-5.70879,34.24827]]],[[[-5.71778,34.24827],[-5.72002,34.24827],[-5.72002,34.25052],[-5.71778,34.25052],[-5.71778,34.24827]]],[[[-5.74023,34.24827],[-5.74023,34.25052],[-5.73799,34.25052],[-5.73799,34.24827],[-5.74023,34.24827]]],[[[-5.7043,34.25052],[-5.7043,34.25276],[-5.70206,34.25276],[-5.70206,34.25052],[-5.7043,34.25052]]],[[[-5.74922,34.25052],[-5.75146,34.25052],[-5.75146,34.25501],[-5.74922,34.25501],[-5.74922,34.25052]]],[[[-5.68634,34.25276],[-5.68634,34.25501],[-5.68409,34.25501],[-5.68409,34.25276],[-5.68634,34.25276]]],[[[-5.71778,34.25276],[-5.71778,34.25501],[-5.71329,34.25501],[-5.71329,34.25276],[-5.71778,34.25276]]],[[[-5.73574,34.25501],[-5.74023,34.25501],[-5.74023,34.25725],[-5.73574,34.25725],[-5.73574,34.25501]]],[[[-5.74922,34.25501],[-5.74922,34.2595],[-5.74697,34.2595],[-5.74697,34.25501],[-5.74922,34.25501]]],[[[-5.72451,34.25725],[-5.72451,34.2595],[-5.72002,34.2595],[-5.72002,34.25725],[-5.72451,34.25725]]],[[[-5.74248,34.2595],[-5.74697,34.2595],[-5.74697,34.26174],[-5.74248,34.26174],[-5.74248,34.2595]]],[[[-5.70879,34.25501],[-5.71329,34.25501],[-5.71104,34.25725],[-5.71329,34.26624],[-5.70655,34.26848],[-5.7043,34.25501],[-5.70879,34.25501]],[[-5.70879,34.26174],[-5.70879,34.26399],[-5.71104,34.26399],[-5.71104,34.26174],[-5.70879,34.26174]]],[[[-5.71553,34.26174],[-5.71329,34.26174],[-5.71329,34.2595],[-5.71553,34.2595],[-5.71553,34.26174]]],[[[-5.69083,34.2595],[-5.69307,34.2595],[-5.69307,34.26174],[-5.69083,34.26174],[-5.69083,34.2595]]],[[[-5.72901,34.26174],[-5.72901,34.26399],[-5.72451,34.26399],[-5.72451,34.2595],[-5.72901,34.26174]]],[[[-5.76045,34.26174],[-5.76045,34.26399],[-5.7582,34.26399],[-5.7582,34.26174],[-5.76045,34.26174]]],[[[-5.71778,34.26399],[-5.71778,34.26624],[-5.71553,34.26624],[-5.71553,34.26399],[-5.71778,34.26399]]],[[[-5.73799,34.26399],[-5.73799,34.26624],[-5.73574,34.26624],[-5.73574,34.26399],[-5.73799,34.26399]]],[[[-5.72227,34.26399],[-5.72227,34.26624],[-5.72002,34.26624],[-5.72002,34.26399],[-5.72227,34.26399]]],[[[-5.74697,34.26624],[-5.74697,34.26848],[-5.74473,34.26848],[-5.74473,34.26624],[-5.74697,34.26624]]],[[[-5.73125,34.26399],[-5.7335,34.26399],[-5.7335,34.27073],[-5.72901,34.27073],[-5.73125,34.26399]]],[[[-5.76718,34.26624],[-5.76718,34.26848],[-5.76494,34.26848],[-5.76494,34.26624],[-5.76718,34.26624]]],[[[-5.72227,34.27297],[-5.72002,34.26848],[-5.72451,34.26624],[-5.72676,34.27297],[-5.72227,34.27297]]],[[[-5.72002,34.27522],[-5.71553,34.27522],[-5.71329,34.26848],[-5.72002,34.27297],[-5.72002,34.27522]]],[[[-5.70879,34.27073],[-5.70879,34.27297],[-5.70655,34.27297],[-5.70655,34.27073],[-5.70879,34.27073]]],[[[-5.7335,34.27297],[-5.7335,34.27522],[-5.73125,34.27522],[-5.73125,34.27297],[-5.7335,34.27297]]],[[[-5.73799,34.27747],[-5.74023,34.27522],[-5.74697,34.27522],[-5.74473,34.27971],[-5.73799,34.27747]]],[[[-5.7335,34.27747],[-5.7335,34.27971],[-5.72901,34.27971],[-5.72901,34.27747],[-5.7335,34.27747]]],[[[-5.75371,34.27747],[-5.75371,34.27971],[-5.75146,34.27971],[-5.75146,34.27747],[-5.75371,34.27747]]],[[[-5.74473,34.27971],[-5.74697,34.27971],[-5.74697,34.28196],[-5.74473,34.28196],[-5.74473,34.27971]]],[[[-5.72901,34.28196],[-5.7335,34.2842],[-5.72227,34.2842],[-5.72002,34.27971],[-5.72901,34.28196]]],[[[-5.71778,34.28196],[-5.72002,34.28196],[-5.72002,34.2842],[-5.71778,34.2842],[-5.71778,34.28196]]],[[[-5.74922,34.28196],[-5.75146,34.28196],[-5.75146,34.2842],[-5.74922,34.2842],[-5.74922,34.28196]]],[[[-5.76045,34.28869],[-5.76269,34.28196],[-5.76718,34.27971],[-5.76494,34.28869],[-5.76045,34.28869]]],[[[-5.72227,34.2842],[-5.72227,34.28645],[-5.72002,34.28645],[-5.72002,34.2842],[-5.72227,34.2842]]],[[[-5.76718,34.2842],[-5.76943,34.2842],[-5.76943,34.28869],[-5.76718,34.28869],[-5.76718,34.2842]]],[[[-5.73799,34.28645],[-5.73799,34.28869],[-5.7335,34.28869],[-5.7335,34.2842],[-5.73799,34.28645]]],[[[-5.75146,34.29094],[-5.74922,34.28645],[-5.75371,34.2842],[-5.75596,34.29094],[-5.75146,34.29094]]],[[[-5.73799,34.28869],[-5.74248,34.28869],[-5.74248,34.29094],[-5.73799,34.29094],[-5.73799,34.28869]]],[[[-5.74697,34.28869],[-5.74697,34.29094],[-5.74473,34.29094],[-5.74473,34.28869],[-5.74697,34.28869]]],[[[-5.76943,34.29094],[-5.76943,34.29319],[-5.76718,34.29319],[-5.76718,34.29094],[-5.76943,34.29094]]],[[[-5.76494,34.29319],[-5.76494,34.29543],[-5.76269,34.29543],[-5.76269,34.29319],[-5.76494,34.29319]]],[[[-5.76045,34.29319],[-5.76045,34.29543],[-5.7582,34.29543],[-5.7582,34.29319],[-5.76045,34.29319]]],[[[-5.74023,34.29543],[-5.74023,34.29768],[-5.73799,34.29768],[-5.73799,34.29543],[-5.74023,34.29543]]],[[[-5.76494,34.30441],[-5.76494,34.30666],[-5.76269,34.30666],[-5.76269,34.30441],[-5.76494,34.30441]]]]}},{"type":"Feature","id":4,"properties":{"id":4,"risk_code":"high","risk_class":4,"name":"Susceptibilité élevée","area_km2":191.0,"pct":1.08,"color":"#fc8d59","border":"#c2530f","source":"Gradient Tree Boosting (GTB) — apprentissage automatique supervisé","model":"GTB (Gradient Boosting Trees), classification en 5 classes a partir de facteurs conditionnants (pluviometrie, pente, TWI, distance aux rivieres, occupation du sol, elevation, densite de drainage)","note":"Modele entraine sur inventaire d'inondations historiques ; sortie raster reclassee en 5 classes et vectorisee, decoupee sur la limite officielle RSK"},"geometry":{"type":"MultiPolygon","coordinates":[[[[-6.4544,33.90466],[-6.45664,33.90466],[-6.45664,33.90691],[-6.4544,33.90691],[-6.4544,33.90466]]],[[[-6.45889,33.9114],[-6.45889,33.91365],[-6.45664,33.91365],[-6.45664,33.9114],[-6.45889,33.9114]]],[[[-6.43418,33.91589],[-6.43418,33.91814],[-6.43194,33.91814],[-6.43194,33.91589],[-6.43418,33.91589]]],[[[-6.44766,33.91814],[-6.4499,33.91814],[-6.4499,33.92039],[-6.44766,33.92039],[-6.44766,33.91814]]],[[[-6.45215,33.92039],[-6.45215,33.92488],[-6.4499,33.92488],[-6.4499,33.92039],[-6.45215,33.92039]]],[[[-6.42969,33.92712],[-6.42969,33.92937],[-6.42745,33.92937],[-6.42745,33.92712],[-6.42969,33.92712]]],[[[-6.45215,33.93161],[-6.4544,33.93161],[-6.4544,33.93386],[-6.45215,33.93386],[-6.45215,33.93161]]],[[[-6.43643,33.93386],[-6.43643,33.9406],[-6.43418,33.9406],[-6.43418,33.93386],[-6.43643,33.93386]]],[[[-6.72838,33.93611],[-6.72838,33.9406],[-6.72614,33.9406],[-6.72614,33.93611],[-6.72838,33.93611]]],[[[-6.46113,33.93835],[-6.46338,33.93835],[-6.46338,33.9406],[-6.46113,33.9406],[-6.46113,33.93835]]],[[[-6.44092,33.94509],[-6.44092,33.94733],[-6.43867,33.94733],[-6.43867,33.94509],[-6.44092,33.94509]]],[[[-6.80474,33.95407],[-6.80474,33.95632],[-6.80249,33.95632],[-6.80249,33.95407],[-6.80474,33.95407]]],[[[-6.7733,33.95632],[-6.7733,33.95856],[-6.77105,33.95856],[-6.77105,33.95632],[-6.7733,33.95632]]],[[[-6.77105,33.95856],[-6.77105,33.96081],[-6.76881,33.96081],[-6.76881,33.95856],[-6.77105,33.95856]]],[[[-6.89232,33.96306],[-6.89232,33.9653],[-6.89008,33.9653],[-6.89008,33.96306],[-6.89232,33.96306]]],[[[-6.80025,33.96306],[-6.80249,33.96306],[-6.80249,33.9653],[-6.80025,33.9653],[-6.80025,33.96306]]],[[[-6.7441,33.9653],[-6.7441,33.96755],[-6.73961,33.96755],[-6.73961,33.9653],[-6.7441,33.9653]]],[[[-6.76881,33.96755],[-6.76881,33.96979],[-6.76656,33.96979],[-6.76656,33.96755],[-6.76881,33.96755]]],[[[-6.75982,33.96979],[-6.76207,33.96979],[-6.76207,33.97204],[-6.75982,33.97204],[-6.75982,33.96979]]],[[[-6.74186,33.96979],[-6.74186,33.97204],[-6.73961,33.97204],[-6.73961,33.96979],[-6.74186,33.96979]]],[[[-6.76881,33.97204],[-6.76881,33.97428],[-6.76656,33.97428],[-6.76656,33.97204],[-6.76881,33.97204]]],[[[-6.77105,33.97204],[-6.7733,33.97204],[-6.7733,33.97653],[-6.77105,33.97653],[-6.77105,33.97204]]],[[[-6.51279,33.97428],[-6.51503,33.97428],[-6.51503,33.97878],[-6.51054,33.97204],[-6.51279,33.97428]]],[[[-6.50829,33.97653],[-6.51054,33.97653],[-6.51054,33.97878],[-6.50829,33.97878],[-6.50829,33.97653]]],[[[-6.7733,33.97653],[-6.77554,33.97653],[-6.77554,33.97878],[-6.7733,33.97878],[-6.7733,33.97653]]],[[[-6.77105,33.97653],[-6.77105,33.98102],[-6.76881,33.98102],[-6.76881,33.97653],[-6.77105,33.97653]]],[[[-6.79576,33.98102],[-6.79576,33.98327],[-6.79351,33.98327],[-6.79351,33.98102],[-6.79576,33.98102]]],[[[-6.77105,33.98102],[-6.7733,33.98102],[-6.7733,33.98327],[-6.77105,33.98327],[-6.77105,33.98102]]],[[[-6.78003,33.98327],[-6.78003,33.98551],[-6.77779,33.98551],[-6.77779,33.98327],[-6.78003,33.98327]]],[[[-6.52177,33.98776],[-6.52177,33.99],[-6.51952,33.99],[-6.51952,33.98776],[-6.52177,33.98776]]],[[[-6.53075,33.98776],[-6.533,33.98776],[-6.533,33.99],[-6.53075,33.99],[-6.53075,33.98776]]],[[[-6.78003,33.98776],[-6.78677,33.98776],[-6.78677,33.99225],[-6.77779,33.99225],[-6.78003,33.98776]]],[[[-6.84965,33.99225],[-6.84965,33.9945],[-6.84741,33.9945],[-6.84741,33.99225],[-6.84965,33.99225]]],[[[-6.79576,33.99225],[-6.798,33.99225],[-6.798,33.9945],[-6.79576,33.9945],[-6.79576,33.99225]]],[[[-6.79351,33.99225],[-6.79351,33.9945],[-6.78902,33.9945],[-6.78902,33.99225],[-6.79351,33.99225]]],[[[-6.52626,33.9945],[-6.52626,33.99674],[-6.52401,33.99674],[-6.52401,33.9945],[-6.52626,33.9945]]],[[[-6.80698,33.99674],[-6.80923,33.99674],[-6.80923,34.00123],[-6.80698,34.00123],[-6.80698,33.99674]]],[[[-6.52401,33.99674],[-6.52401,34.00123],[-6.51952,34.00123],[-6.51952,33.99899],[-6.52401,33.99674]]],[[[-6.80249,33.99674],[-6.80249,34.00348],[-6.80025,34.00348],[-6.80025,33.99674],[-6.80249,33.99674]]],[[[-6.79351,33.99899],[-6.79576,33.99899],[-6.79576,34.00123],[-6.79351,34.00123],[-6.79351,33.99899]]],[[[-6.533,33.99899],[-6.533,34.00123],[-6.53075,34.00123],[-6.53075,33.99899],[-6.533,33.99899]]],[[[-6.53749,33.99899],[-6.53749,34.00123],[-6.53524,34.00123],[-6.53524,33.99899],[-6.53749,33.99899]]],[[[-6.52626,34.00123],[-6.53075,34.00123],[-6.53075,34.00348],[-6.52626,34.00348],[-6.52626,34.00123]]],[[[-6.53524,34.00123],[-6.53524,34.00348],[-6.533,34.00348],[-6.533,34.00123],[-6.53524,34.00123]]],[[[-6.50829,34.00573],[-6.50829,34.00797],[-6.50605,34.00797],[-6.50605,34.00573],[-6.50829,34.00573]]],[[[-6.52851,34.00797],[-6.52851,34.01022],[-6.52401,34.01022],[-6.52401,34.00797],[-6.52851,34.00797]]],[[[-6.52851,34.01471],[-6.52851,34.01022],[-6.533,34.01022],[-6.533,34.01246],[-6.52851,34.01471]]],[[[-6.53974,34.01471],[-6.53749,34.01471],[-6.53749,34.01246],[-6.53974,34.01246],[-6.53974,34.01471]]],[[[-6.53524,34.01471],[-6.53749,34.01471],[-6.53749,34.01695],[-6.53524,34.01695],[-6.53524,34.01471]]],[[[-6.56444,34.05962],[-6.56668,34.05962],[-6.56668,34.06187],[-6.56444,34.06187],[-6.56444,34.05962]]],[[[-6.53749,34.06412],[-6.53749,34.06636],[-6.53524,34.06636],[-6.53524,34.06412],[-6.53749,34.06412]]],[[[-6.57791,34.06861],[-6.57791,34.07085],[-6.57567,34.07085],[-6.57567,34.06861],[-6.57791,34.06861]]],[[[-6.55995,34.08208],[-6.56444,34.08208],[-6.56444,34.08433],[-6.55995,34.08433],[-6.55995,34.08208]]],[[[-6.53974,34.08208],[-6.53974,34.08433],[-6.53749,34.08433],[-6.53749,34.08208],[-6.53974,34.08208]]],[[[-6.50156,34.08657],[-6.50156,34.08882],[-6.49707,34.08882],[-6.49707,34.08433],[-6.5038,34.08433],[-6.50156,34.08657]]],[[[-6.53524,34.08657],[-6.53749,34.08657],[-6.53749,34.08882],[-6.53524,34.08882],[-6.53524,34.08657]]],[[[-6.53075,34.09331],[-6.53075,34.09556],[-6.52626,34.09556],[-6.52626,34.09331],[-6.53075,34.09331]]],[[[-6.54647,34.10005],[-6.54647,34.10229],[-6.54423,34.10229],[-6.54423,34.10005],[-6.54647,34.10005]]],[[[-6.53749,34.10229],[-6.53974,34.10229],[-6.53974,34.10454],[-6.53749,34.10454],[-6.53749,34.10229]]],[[[-6.54198,34.11128],[-6.54198,34.11352],[-6.53749,34.11352],[-6.53749,34.11128],[-6.54198,34.11128]]],[[[-6.48359,34.11352],[-6.48359,34.11801],[-6.4791,34.11801],[-6.4791,34.11577],[-6.48359,34.11352]]],[[[-6.49033,34.11577],[-6.49257,34.11577],[-6.49257,34.11801],[-6.49033,34.11801],[-6.49033,34.11577]]],[[[-6.57118,34.11577],[-6.57118,34.11801],[-6.56893,34.11801],[-6.56893,34.11577],[-6.57118,34.11577]]],[[[-6.48359,34.12026],[-6.48359,34.12251],[-6.48134,34.12251],[-6.48134,34.12026],[-6.48359,34.12026]]],[[[-6.48134,34.17191],[-6.48359,34.17191],[-6.48359,34.1764],[-6.48134,34.1764],[-6.48134,34.17191]]],[[[-6.60935,34.22806],[-6.60935,34.2303],[-6.60711,34.2303],[-6.60711,34.22806],[-6.60935,34.22806]]],[[[-6.62732,34.24378],[-6.62732,34.24602],[-6.62508,34.24602],[-6.62508,34.24378],[-6.62732,34.24378]]],[[[-6.62732,34.24602],[-6.62957,34.24602],[-6.62957,34.24827],[-6.62732,34.24827],[-6.62732,34.24602]]],[[[-6.64978,34.2595],[-6.64978,34.26174],[-6.64753,34.26174],[-6.64753,34.2595],[-6.64978,34.2595]]],[[[-6.6408,34.27971],[-6.6408,34.28196],[-6.63855,34.28196],[-6.63855,34.27971],[-6.6408,34.27971]]],[[[-6.63406,34.27971],[-6.6363,34.27971],[-6.6363,34.28196],[-6.63406,34.28196],[-6.63406,34.27971]]],[[[-6.43194,34.30441],[-6.43194,34.30666],[-6.42969,34.30666],[-6.42969,34.30441],[-6.43194,34.30441]]],[[[-6.44317,34.30666],[-6.44317,34.30891],[-6.44092,34.30891],[-6.44092,34.30666],[-6.44317,34.30666]]],[[[-6.42745,34.30891],[-6.42969,34.30891],[-6.42969,34.3134],[-6.42745,34.3134],[-6.42745,34.30891]]],[[[-6.44541,34.31115],[-6.44541,34.3134],[-6.44317,34.3134],[-6.44317,34.31115],[-6.44541,34.31115]]],[[[-6.43418,34.31115],[-6.43867,34.30891],[-6.43867,34.3134],[-6.43194,34.31564],[-6.43418,34.31115]]],[[[-6.44092,34.3134],[-6.44317,34.3134],[-6.44317,34.31564],[-6.44092,34.31564],[-6.44092,34.3134]]],[[[-6.43194,34.31564],[-6.43194,34.31789],[-6.42745,34.31789],[-6.42745,34.31564],[-6.43194,34.31564]]],[[[-6.43643,34.31789],[-6.43643,34.32014],[-6.43418,34.32014],[-6.43418,34.31789],[-6.43643,34.31789]]],[[[-6.44317,34.31789],[-6.44541,34.31789],[-6.44541,34.32238],[-6.44317,34.32238],[-6.44317,34.31789]]],[[[-6.43418,34.32014],[-6.43418,34.32238],[-6.4252,34.32238],[-6.4252,34.31789],[-6.43418,34.32014]]],[[[-6.43418,34.32463],[-6.43418,34.32238],[-6.43643,34.32238],[-6.43643,34.32463],[-6.43418,34.32463]]],[[[-6.44092,34.32463],[-6.44317,34.32463],[-6.44317,34.32687],[-6.44092,34.32687],[-6.44092,34.32463]]],[[[-6.42969,34.32912],[-6.42969,34.33361],[-6.42745,34.33361],[-6.42745,34.32912],[-6.42969,34.32912]]],[[[-6.42969,34.33586],[-6.42969,34.33361],[-6.43643,34.33361],[-6.43643,34.33586],[-6.42969,34.33586]]],[[[-6.43194,34.34259],[-6.43418,34.34259],[-6.43418,34.34484],[-6.43194,34.34484],[-6.43194,34.34259]]],[[[-6.43643,34.35382],[-6.43643,34.35607],[-6.43194,34.35607],[-6.43194,34.35382],[-6.43643,34.35382]]],[[[-6.44317,34.36505],[-6.44317,34.3673],[-6.44092,34.3673],[-6.44092,34.36505],[-6.44317,34.36505]]],[[[-6.44541,34.36954],[-6.45215,34.36954],[-6.45215,34.37179],[-6.44541,34.37179],[-6.44541,34.36954]]],[[[-6.43194,34.37179],[-6.43194,34.37628],[-6.42969,34.37628],[-6.42969,34.37179],[-6.43194,34.37179]]],[[[-6.45215,34.37403],[-6.45215,34.37853],[-6.4499,34.37853],[-6.4499,34.37403],[-6.45215,34.37403]]],[[[-6.42745,34.37628],[-6.42969,34.37628],[-6.42969,34.37853],[-6.42745,34.37853],[-6.42745,34.37628]]],[[[-6.44541,34.37853],[-6.44541,34.38077],[-6.44317,34.38077],[-6.44317,34.37853],[-6.44541,34.37853]]],[[[-6.4544,34.37853],[-6.4544,34.38302],[-6.45215,34.38302],[-6.45215,34.37853],[-6.4544,34.37853]]],[[[-6.43418,34.38077],[-6.42969,34.38302],[-6.42969,34.37853],[-6.43194,34.37853],[-6.43418,34.38077]]],[[[-6.44317,34.38302],[-6.44317,34.38526],[-6.44092,34.38526],[-6.44092,34.38302],[-6.44317,34.38302]]],[[[-6.44092,34.38526],[-6.44092,34.38751],[-6.43867,34.38751],[-6.43867,34.38526],[-6.44092,34.38526]]],[[[-6.45889,34.38526],[-6.45889,34.38751],[-6.45664,34.38751],[-6.45664,34.38526],[-6.45889,34.38526]]],[[[-6.4499,34.38526],[-6.45215,34.38526],[-6.45215,34.38751],[-6.4499,34.38751],[-6.4499,34.38526]]],[[[-6.42969,34.38526],[-6.42969,34.38751],[-6.42745,34.38751],[-6.42745,34.38526],[-6.42969,34.38526]]],[[[-6.44541,34.38526],[-6.44541,34.38975],[-6.44317,34.38975],[-6.44317,34.38526],[-6.44541,34.38526]]],[[[-6.43418,34.38526],[-6.43643,34.38975],[-6.42969,34.38975],[-6.42969,34.38751],[-6.43418,34.38526]]],[[[-6.44092,34.392],[-6.44092,34.39425],[-6.43867,34.39425],[-6.43867,34.392],[-6.44092,34.392]]],[[[-6.43194,34.392],[-6.43194,34.39425],[-6.42969,34.39425],[-6.42969,34.392],[-6.43194,34.392]]],[[[-6.45889,34.39425],[-6.45664,34.39874],[-6.45215,34.39649],[-6.45664,34.38975],[-6.45889,34.39425]]],[[[-6.44317,34.39649],[-6.44092,34.39874],[-6.44092,34.39425],[-6.44541,34.39425],[-6.44317,34.39649]]],[[[-6.43418,34.39649],[-6.43418,34.39874],[-6.43194,34.39874],[-6.43194,34.39649],[-6.43418,34.39649]]],[[[-6.4499,34.39874],[-6.45215,34.39874],[-6.45215,34.40098],[-6.4499,34.40098],[-6.4499,34.39874]]],[[[-6.43418,34.40323],[-6.43418,34.40548],[-6.43194,34.40548],[-6.43194,34.40323],[-6.43418,34.40323]]],[[[-6.44317,34.40323],[-6.44317,34.40548],[-6.44092,34.40548],[-6.44092,34.40323],[-6.44317,34.40323]]],[[[-6.43643,34.40548],[-6.44092,34.40548],[-6.44092,34.40772],[-6.43643,34.40772],[-6.43643,34.40548]]],[[[-6.43194,34.40772],[-6.43194,34.40997],[-6.4252,34.40997],[-6.4252,34.40772],[-6.43194,34.40772]]],[[[-6.43194,34.41221],[-6.43194,34.41446],[-6.42969,34.41446],[-6.42969,34.41221],[-6.43194,34.41221]]],[[[-6.42969,34.48857],[-6.43194,34.48857],[-6.43194,34.49082],[-6.42969,34.49082],[-6.42969,34.48857]]],[[[-6.43643,34.50204],[-6.43867,34.49755],[-6.44541,34.4998],[-6.44541,34.50429],[-6.43643,34.50204]]],[[[-6.43418,34.50429],[-6.43418,34.51103],[-6.42969,34.51103],[-6.42969,34.50654],[-6.43418,34.50429]]],[[[-6.43867,34.50429],[-6.44541,34.50878],[-6.44092,34.51327],[-6.44317,34.52001],[-6.43867,34.52001],[-6.43867,34.51327],[-6.43418,34.51552],[-6.43867,34.50429]]],[[[-6.45215,34.51552],[-6.45215,34.51776],[-6.4499,34.51776],[-6.4499,34.51552],[-6.45215,34.51552]]],[[[-6.44541,34.52675],[-6.44541,34.52226],[-6.4499,34.52001],[-6.45215,34.5245],[-6.44541,34.52675]]],[[[-6.43867,34.5245],[-6.44092,34.5245],[-6.44092,34.52675],[-6.43867,34.52675],[-6.43867,34.5245]]],[[[-6.45215,34.52675],[-6.45215,34.52899],[-6.4499,34.52899],[-6.4499,34.52675],[-6.45215,34.52675]]],[[[-6.40948,33.91365],[-6.40948,33.91589],[-6.40723,33.91589],[-6.40723,33.91365],[-6.40948,33.91365]]],[[[-6.41173,33.91589],[-6.41397,33.91589],[-6.41397,33.91814],[-6.41173,33.91814],[-6.41173,33.91589]]],[[[-6.42071,33.91814],[-6.42071,33.92039],[-6.41846,33.92039],[-6.41846,33.91814],[-6.42071,33.91814]]],[[[-6.42745,33.92937],[-6.42745,33.93161],[-6.4252,33.93161],[-6.4252,33.92937],[-6.42745,33.92937]]],[[[-6.41622,33.93611],[-6.42071,33.93611],[-6.42071,33.93835],[-6.41622,33.93835],[-6.41622,33.93611]]],[[[-6.39825,33.94733],[-6.39825,33.94958],[-6.39376,33.94958],[-6.39376,33.94733],[-6.39825,33.94733]]],[[[-6.40723,33.95407],[-6.40723,33.95632],[-6.40499,33.95632],[-6.40499,33.95407],[-6.40723,33.95407]]],[[[-6.40723,33.96081],[-6.40948,33.96081],[-6.40948,33.96306],[-6.40723,33.96306],[-6.40723,33.96081]]],[[[-6.396,33.97204],[-6.396,33.97428],[-6.39376,33.97428],[-6.39376,33.97204],[-6.396,33.97204]]],[[[-6.396,33.98102],[-6.396,33.98327],[-6.39376,33.98327],[-6.39376,33.98102],[-6.396,33.98102]]],[[[-6.41846,33.98327],[-6.42071,33.98327],[-6.42071,33.98551],[-6.41846,33.98551],[-6.41846,33.98327]]],[[[-6.39376,33.99899],[-6.39376,34.00123],[-6.39151,34.00123],[-6.39151,33.99899],[-6.39376,33.99899]]],[[[-6.39825,34.03267],[-6.39825,34.03492],[-6.396,34.03492],[-6.396,34.03267],[-6.39825,34.03267]]],[[[-6.40499,34.17416],[-6.40723,34.17416],[-6.40723,34.1764],[-6.40499,34.1764],[-6.40499,34.17416]]],[[[-6.42295,34.1764],[-6.42295,34.17865],[-6.42071,34.17865],[-6.42071,34.1764],[-6.42295,34.1764]]],[[[-6.42969,34.30217],[-6.42969,34.30441],[-6.42745,34.30441],[-6.42745,34.30217],[-6.42969,34.30217]]],[[[-6.40274,34.31789],[-6.40499,34.31789],[-6.40499,34.32014],[-6.40274,34.32014],[-6.40274,34.31789]]],[[[-6.41397,34.31789],[-6.41397,34.32687],[-6.40499,34.32238],[-6.41173,34.32238],[-6.41397,34.31789]]],[[[-6.41397,34.32912],[-6.41397,34.32687],[-6.41622,34.32687],[-6.41622,34.32912],[-6.41397,34.32912]]],[[[-6.39376,34.32687],[-6.39825,34.32687],[-6.39825,34.33586],[-6.39376,34.33361],[-6.39376,34.32687]]],[[[-6.41173,34.33136],[-6.41397,34.3381],[-6.40948,34.3381],[-6.40948,34.33361],[-6.40274,34.33586],[-6.4005,34.32687],[-6.40499,34.32687],[-6.40499,34.33136],[-6.41173,34.33136]]],[[[-6.42969,34.33586],[-6.42969,34.3381],[-6.4252,34.3381],[-6.4252,34.33586],[-6.42969,34.33586]]],[[[-6.396,34.33586],[-6.396,34.3381],[-6.39376,34.3381],[-6.39376,34.33586],[-6.396,34.33586]]],[[[-6.40948,34.3381],[-6.40948,34.34035],[-6.40723,34.34035],[-6.40723,34.3381],[-6.40948,34.3381]]],[[[-6.396,34.34035],[-6.40274,34.33586],[-6.40274,34.34933],[-6.39376,34.34708],[-6.39151,34.35158],[-6.38927,34.34259],[-6.396,34.34035]]],[[[-6.4252,34.34708],[-6.43643,34.34933],[-6.43643,34.35158],[-6.41846,34.35382],[-6.42295,34.35158],[-6.42295,34.3381],[-6.42969,34.34484],[-6.4252,34.34708]]],[[[-6.396,34.34933],[-6.39825,34.34933],[-6.39825,34.35158],[-6.396,34.35158],[-6.396,34.34933]]],[[[-6.40499,34.35607],[-6.39825,34.35158],[-6.41173,34.34708],[-6.40499,34.34259],[-6.41397,34.34035],[-6.41622,34.34933],[-6.40948,34.34933],[-6.40948,34.36281],[-6.40274,34.36505],[-6.40274,34.36056],[-6.396,34.36056],[-6.4005,34.35607],[-6.40723,34.35831],[-6.40499,34.35607]]],[[[-6.41622,34.35382],[-6.41622,34.35607],[-6.41397,34.35607],[-6.41397,34.35382],[-6.41622,34.35382]]],[[[-6.42071,34.35607],[-6.42295,34.35607],[-6.42295,34.35831],[-6.42071,34.35831],[-6.42071,34.35607]]],[[[-6.41622,34.35831],[-6.41622,34.36281],[-6.41173,34.36281],[-6.41173,34.35607],[-6.41622,34.35831]]],[[[-6.396,34.36056],[-6.396,34.36281],[-6.39376,34.36281],[-6.39376,34.36056],[-6.396,34.36056]]],[[[-6.42969,34.36281],[-6.4252,34.36281],[-6.42295,34.36954],[-6.42295,34.36056],[-6.42969,34.36281]]],[[[-6.40948,34.36505],[-6.40948,34.36954],[-6.40723,34.36954],[-6.40723,34.36505],[-6.40948,34.36505]]],[[[-6.40274,34.3673],[-6.40274,34.37179],[-6.396,34.36954],[-6.396,34.3673],[-6.40274,34.3673]]],[[[-6.4252,34.36954],[-6.42969,34.36954],[-6.42969,34.37179],[-6.4252,34.37179],[-6.4252,34.36954]]],[[[-6.40948,34.37179],[-6.40948,34.36954],[-6.41622,34.36954],[-6.41397,34.37403],[-6.40948,34.37179]]],[[[-6.396,34.36954],[-6.396,34.37403],[-6.39376,34.37403],[-6.39376,34.36954],[-6.396,34.36954]]],[[[-6.41846,34.37179],[-6.42071,34.37179],[-6.42071,34.37403],[-6.41846,34.37403],[-6.41846,34.37179]]],[[[-6.4252,34.37403],[-6.42295,34.37403],[-6.42295,34.37179],[-6.4252,34.37179],[-6.4252,34.37403]]],[[[-6.42071,34.37403],[-6.42295,34.37403],[-6.42295,34.37628],[-6.42071,34.37628],[-6.42071,34.37403]]],[[[-6.396,34.37403],[-6.39825,34.37403],[-6.39825,34.37628],[-6.396,34.37628],[-6.396,34.37403]]],[[[-6.42295,34.37853],[-6.42745,34.37853],[-6.42745,34.38526],[-6.42071,34.38302],[-6.41622,34.38751],[-6.41397,34.37853],[-6.42295,34.37853]]],[[[-6.41173,34.38975],[-6.41173,34.392],[-6.40948,34.392],[-6.40948,34.38751],[-6.41397,34.38751],[-6.41173,34.38975]]],[[[-6.42295,34.38975],[-6.4252,34.38975],[-6.4252,34.392],[-6.42295,34.392],[-6.42295,34.38975]]],[[[-6.41846,34.392],[-6.41397,34.392],[-6.41397,34.38975],[-6.41846,34.38975],[-6.41846,34.392]]],[[[-6.41173,34.392],[-6.41397,34.392],[-6.41397,34.39425],[-6.41173,34.39425],[-6.41173,34.392]]],[[[-6.40274,34.392],[-6.40499,34.392],[-6.40499,34.39425],[-6.40274,34.39425],[-6.40274,34.392]]],[[[-6.40948,34.39425],[-6.40948,34.39649],[-6.40723,34.39649],[-6.40723,34.39425],[-6.40948,34.39425]]],[[[-6.42295,34.39425],[-6.42295,34.39874],[-6.41622,34.39649],[-6.41622,34.39425],[-6.42295,34.39425]]],[[[-6.42295,34.39874],[-6.42745,34.39874],[-6.42745,34.40098],[-6.42295,34.40098],[-6.42295,34.39874]]],[[[-6.41173,34.40548],[-6.40723,34.39874],[-6.41397,34.39649],[-6.41397,34.40548],[-6.41173,34.40548]]],[[[-6.42969,34.40098],[-6.42969,34.40323],[-6.42745,34.40323],[-6.42745,34.40098],[-6.42969,34.40098]]],[[[-6.40723,34.41446],[-6.40274,34.40997],[-6.40499,34.40323],[-6.40948,34.40548],[-6.40723,34.41446]],[[-6.40723,34.40997],[-6.40723,34.40772],[-6.40499,34.40772],[-6.40499,34.40997],[-6.40723,34.40997]]],[[[-6.39825,34.40997],[-6.39825,34.41221],[-6.396,34.41221],[-6.396,34.40997],[-6.39825,34.40997]]],[[[-6.40274,34.41221],[-6.40274,34.41446],[-6.4005,34.41446],[-6.4005,34.41221],[-6.40274,34.41221]]],[[[-6.42745,34.4167],[-6.42295,34.4167],[-6.42071,34.4212],[-6.42295,34.41221],[-6.42745,34.4167]]],[[[-6.41846,34.4167],[-6.41846,34.41895],[-6.41622,34.41895],[-6.41622,34.4167],[-6.41846,34.4167]]],[[[-6.42745,34.41895],[-6.42969,34.4167],[-6.4252,34.42344],[-6.4252,34.41895],[-6.42745,34.41895]]],[[[-6.41173,34.41895],[-6.41622,34.41895],[-6.41622,34.4212],[-6.41173,34.4212],[-6.41173,34.41895]]],[[[-6.40499,34.41895],[-6.40499,34.4212],[-6.40274,34.4212],[-6.40274,34.41895],[-6.40499,34.41895]]],[[[-6.40948,34.41895],[-6.40948,34.4212],[-6.40723,34.4212],[-6.40723,34.41895],[-6.40948,34.41895]]],[[[-6.4005,34.42344],[-6.40274,34.42344],[-6.40274,34.42569],[-6.4005,34.42569],[-6.4005,34.42344]]],[[[-6.41622,34.42344],[-6.41622,34.42569],[-6.41397,34.42569],[-6.41397,34.42344],[-6.41622,34.42344]]],[[[-6.40948,34.42344],[-6.40948,34.42793],[-6.40723,34.42793],[-6.40723,34.42344],[-6.40948,34.42344]]],[[[-6.42071,34.43018],[-6.42295,34.43018],[-6.42295,34.43242],[-6.42071,34.43242],[-6.42071,34.43018]]],[[[-6.40948,34.43242],[-6.41173,34.43018],[-6.41173,34.43692],[-6.40274,34.43242],[-6.40274,34.42569],[-6.40948,34.43242]]],[[[-6.41622,34.43692],[-6.41622,34.42569],[-6.41846,34.42569],[-6.42071,34.43916],[-6.41397,34.43916],[-6.41622,34.43692]]],[[[-6.4005,34.43242],[-6.40274,34.43242],[-6.40274,34.43692],[-6.4005,34.43692],[-6.4005,34.43242]]],[[[-6.39825,34.43467],[-6.39825,34.43692],[-6.396,34.43692],[-6.396,34.43467],[-6.39825,34.43467]]],[[[-6.4005,34.44141],[-6.4005,34.44365],[-6.39825,34.44365],[-6.39825,34.43916],[-6.40274,34.43916],[-6.4005,34.44141]]],[[[-6.41397,34.43916],[-6.41397,34.44365],[-6.41173,34.44365],[-6.41173,34.43916],[-6.41397,34.43916]]],[[[-6.42295,34.44141],[-6.42295,34.44365],[-6.41846,34.44365],[-6.41846,34.44141],[-6.42295,34.44141]]],[[[-6.41173,34.44365],[-6.41173,34.4459],[-6.40723,34.4459],[-6.40723,34.44365],[-6.41173,34.44365]]],[[[-6.39825,34.44365],[-6.39825,34.4459],[-6.396,34.4459],[-6.396,34.44365],[-6.39825,34.44365]]],[[[-6.41397,34.4459],[-6.41622,34.4459],[-6.41622,34.44815],[-6.41397,34.44815],[-6.41397,34.4459]]],[[[-6.41622,34.45488],[-6.41622,34.44815],[-6.42071,34.4459],[-6.42071,34.45039],[-6.41622,34.45488]]],[[[-6.42071,34.45264],[-6.42071,34.45039],[-6.42295,34.45039],[-6.42295,34.45264],[-6.42071,34.45264]]],[[[-6.39825,34.45039],[-6.396,34.45039],[-6.39376,34.45488],[-6.39376,34.44815],[-6.39825,34.45039]]],[[[-6.41173,34.45488],[-6.41173,34.44815],[-6.41397,34.44815],[-6.41397,34.45713],[-6.40948,34.45937],[-6.41173,34.45488]]],[[[-6.4005,34.45488],[-6.4005,34.45937],[-6.39825,34.45937],[-6.39825,34.45488],[-6.4005,34.45488]]],[[[-6.41622,34.45713],[-6.41846,34.45713],[-6.41846,34.45937],[-6.41622,34.45937],[-6.41622,34.45713]]],[[[-6.42295,34.45937],[-6.42295,34.46162],[-6.42071,34.46162],[-6.42071,34.45937],[-6.42295,34.45937]]],[[[-6.4005,34.46162],[-6.4005,34.46387],[-6.39825,34.46387],[-6.39825,34.46162],[-6.4005,34.46162]]],[[[-6.396,34.46387],[-6.4005,34.46611],[-6.39825,34.4706],[-6.39376,34.46836],[-6.39376,34.45713],[-6.39825,34.45937],[-6.396,34.46387]]],[[[-6.41622,34.46387],[-6.41622,34.46611],[-6.41173,34.46611],[-6.41173,34.46387],[-6.41622,34.46387]]],[[[-6.41173,34.46836],[-6.40723,34.4706],[-6.40723,34.46611],[-6.40948,34.46836],[-6.41173,34.46836]]],[[[-6.42295,34.46836],[-6.42295,34.4706],[-6.42071,34.4706],[-6.42071,34.46836],[-6.42295,34.46836]]],[[[-6.41846,34.46836],[-6.42071,34.47285],[-6.41622,34.47734],[-6.41622,34.46836],[-6.41846,34.46836]]],[[[-6.41397,34.4706],[-6.41397,34.47509],[-6.41173,34.47509],[-6.41173,34.4706],[-6.41397,34.4706]]],[[[-6.40723,34.47285],[-6.40948,34.47285],[-6.40948,34.47509],[-6.40723,34.47509],[-6.40723,34.47285]]],[[[-6.396,34.47509],[-6.39376,34.47734],[-6.39376,34.47285],[-6.39825,34.47285],[-6.396,34.47509]]],[[[-6.41173,34.47509],[-6.41173,34.47734],[-6.40948,34.47734],[-6.40948,34.47509],[-6.41173,34.47509]]],[[[-6.39825,34.47509],[-6.4005,34.47509],[-6.4005,34.47734],[-6.39825,34.47734],[-6.39825,34.47509]]],[[[-6.41397,34.47734],[-6.41397,34.47959],[-6.41173,34.47959],[-6.41173,34.47734],[-6.41397,34.47734]]],[[[-6.42295,34.47734],[-6.42295,34.47959],[-6.42071,34.47959],[-6.42071,34.47734],[-6.42295,34.47734]]],[[[-6.40723,34.47959],[-6.40723,34.48183],[-6.40274,34.48183],[-6.40274,34.47959],[-6.40723,34.47959]]],[[[-6.40274,34.48183],[-6.40274,34.48408],[-6.4005,34.48408],[-6.4005,34.48183],[-6.40274,34.48183]]],[[[-6.42969,34.48183],[-6.42969,34.48408],[-6.42295,34.48408],[-6.42295,34.48183],[-6.42969,34.48183]]],[[[-6.396,34.48183],[-6.39825,34.48183],[-6.39825,34.48408],[-6.396,34.48408],[-6.396,34.48183]]],[[[-6.396,34.48632],[-6.396,34.49082],[-6.39151,34.48857],[-6.39151,34.48632],[-6.396,34.48632]]],[[[-6.41173,34.49531],[-6.41173,34.49082],[-6.40274,34.49082],[-6.40274,34.48632],[-6.41397,34.48857],[-6.41622,34.49531],[-6.41173,34.49531]]],[[[-6.396,34.49082],[-6.39825,34.49082],[-6.39825,34.49306],[-6.396,34.49306],[-6.396,34.49082]]],[[[-6.40948,34.49306],[-6.40948,34.49531],[-6.40723,34.49531],[-6.40723,34.49306],[-6.40948,34.49306]]],[[[-6.39151,34.49755],[-6.39151,34.49531],[-6.39825,34.49531],[-6.40274,34.49082],[-6.4005,34.49755],[-6.39151,34.49755]]],[[[-6.40948,34.49531],[-6.41173,34.49531],[-6.41173,34.49755],[-6.40948,34.49755],[-6.40948,34.49531]]],[[[-6.40499,34.4998],[-6.40274,34.49755],[-6.40274,34.49531],[-6.40723,34.49531],[-6.40723,34.50204],[-6.40274,34.50204],[-6.40499,34.4998]]],[[[-6.41397,34.4998],[-6.41397,34.49755],[-6.42071,34.49755],[-6.41846,34.50204],[-6.41397,34.4998]]],[[[-6.4252,34.50204],[-6.42295,34.4998],[-6.42969,34.50429],[-6.4252,34.50429],[-6.4252,34.50204]]],[[[-6.41397,34.50204],[-6.41397,34.50429],[-6.40723,34.50429],[-6.40723,34.50204],[-6.41397,34.50204]]],[[[-6.396,34.50429],[-6.396,34.50654],[-6.39376,34.50654],[-6.39376,34.50429],[-6.396,34.50429]]],[[[-6.42071,34.50878],[-6.42295,34.50878],[-6.42295,34.51103],[-6.42071,34.51103],[-6.42071,34.50878]]],[[[-6.39825,34.50878],[-6.39825,34.51103],[-6.396,34.51103],[-6.396,34.50878],[-6.39825,34.50878]]],[[[-6.40499,34.51103],[-6.40499,34.51327],[-6.4005,34.51327],[-6.4005,34.51103],[-6.40499,34.51103]]],[[[-6.4252,34.51103],[-6.42745,34.51103],[-6.42745,34.51552],[-6.42295,34.51552],[-6.4252,34.51103]]],[[[-6.4005,34.51327],[-6.4005,34.51552],[-6.39825,34.51552],[-6.39825,34.51327],[-6.4005,34.51327]]],[[[-6.396,34.51327],[-6.396,34.51552],[-6.39151,34.51552],[-6.39151,34.51327],[-6.396,34.51327]]],[[[-6.42071,34.51552],[-6.42295,34.51552],[-6.42295,34.51776],[-6.42071,34.51776],[-6.42071,34.51552]]],[[[-6.39151,34.51776],[-6.396,34.51776],[-6.396,34.52226],[-6.38927,34.52226],[-6.39151,34.51776]]],[[[-6.4252,34.52226],[-6.4252,34.5245],[-6.42295,34.5245],[-6.42295,34.52226],[-6.4252,34.52226]]],[[[-6.4005,34.52675],[-6.4005,34.52899],[-6.39825,34.52899],[-6.39825,34.52675],[-6.4005,34.52675]]],[[[-6.36681,33.92712],[-6.36681,33.92937],[-6.36456,33.92937],[-6.36456,33.92712],[-6.36681,33.92712]]],[[[-6.36681,33.93161],[-6.36681,33.93386],[-6.36456,33.93386],[-6.36456,33.93161],[-6.36681,33.93161]]],[[[-6.38927,33.93161],[-6.38927,33.93386],[-6.38702,33.93386],[-6.38702,33.93161],[-6.38927,33.93161]]],[[[-6.38927,33.9406],[-6.39151,33.9406],[-6.39151,33.94284],[-6.38927,33.94284],[-6.38927,33.9406]]],[[[-6.35783,33.95183],[-6.35783,33.95407],[-6.35558,33.95407],[-6.35558,33.95183],[-6.35783,33.95183]]],[[[-6.36681,33.95183],[-6.36681,33.95407],[-6.36456,33.95407],[-6.36456,33.95183],[-6.36681,33.95183]]],[[[-6.34884,33.95407],[-6.35109,33.95407],[-6.35109,33.95632],[-6.34884,33.95632],[-6.34884,33.95407]]],[[[-6.39376,33.96979],[-6.39376,33.97204],[-6.38927,33.97204],[-6.38927,33.96979],[-6.39376,33.96979]]],[[[-6.36456,33.96979],[-6.36456,33.97204],[-6.36232,33.97204],[-6.36232,33.96979],[-6.36456,33.96979]]],[[[-6.34884,33.97653],[-6.35109,33.97653],[-6.35109,33.97878],[-6.34884,33.97878],[-6.34884,33.97653]]],[[[-6.39376,33.97653],[-6.39376,33.97878],[-6.39151,33.97878],[-6.39151,33.97653],[-6.39376,33.97653]]],[[[-6.3713,33.99674],[-6.3713,33.99899],[-6.36906,33.99899],[-6.36906,33.99674],[-6.3713,33.99674]]],[[[-6.38253,34.29768],[-6.38478,34.29768],[-6.38478,34.29992],[-6.38253,34.29992],[-6.38253,34.29768]]],[[[-6.37804,34.29992],[-6.37804,34.30441],[-6.37355,34.30441],[-6.37355,34.30217],[-6.37804,34.29992]]],[[[-6.36681,34.30441],[-6.36681,34.30666],[-6.36456,34.30666],[-6.36456,34.30441],[-6.36681,34.30441]]],[[[-6.35109,34.30891],[-6.35558,34.30891],[-6.35558,34.31115],[-6.35109,34.31115],[-6.35109,34.30891]]],[[[-6.36906,34.3134],[-6.36906,34.31564],[-6.36681,34.31564],[-6.36681,34.3134],[-6.36906,34.3134]]],[[[-6.35109,34.31789],[-6.3466,34.32014],[-6.3466,34.31564],[-6.34884,34.31564],[-6.35109,34.31789]]],[[[-6.36681,34.31789],[-6.36906,34.31789],[-6.36906,34.32014],[-6.36681,34.32014],[-6.36681,34.31789]]],[[[-6.34884,34.32687],[-6.34884,34.32912],[-6.3466,34.32912],[-6.3466,34.32687],[-6.34884,34.32687]]],[[[-6.35558,34.32687],[-6.35558,34.33136],[-6.35109,34.33136],[-6.35109,34.32463],[-6.35558,34.32687]]],[[[-6.38478,34.33586],[-6.38702,34.33586],[-6.38702,34.3381],[-6.38478,34.3381],[-6.38478,34.33586]]],[[[-6.38028,34.3381],[-6.38028,34.34035],[-6.37804,34.34035],[-6.37804,34.3381],[-6.38028,34.3381]]],[[[-6.38702,34.34708],[-6.38702,34.35382],[-6.38478,34.35382],[-6.38478,34.34708],[-6.38702,34.34708]]],[[[-6.37804,34.35158],[-6.37579,34.35382],[-6.37579,34.34933],[-6.38028,34.34933],[-6.37804,34.35158]]],[[[-6.37579,34.35382],[-6.37579,34.35607],[-6.3713,34.35607],[-6.3713,34.35382],[-6.37579,34.35382]]],[[[-6.37804,34.35607],[-6.37804,34.35382],[-6.38253,34.35382],[-6.37579,34.36056],[-6.37804,34.35607]]],[[[-6.35783,34.35607],[-6.36007,34.35607],[-6.36007,34.35831],[-6.35783,34.35831],[-6.35783,34.35607]]],[[[-6.35558,34.35607],[-6.35558,34.35831],[-6.35109,34.35831],[-6.35109,34.35607],[-6.35558,34.35607]]],[[[-6.38478,34.35607],[-6.38478,34.35831],[-6.38253,34.35831],[-6.38253,34.35607],[-6.38478,34.35607]]],[[[-6.36906,34.35607],[-6.3713,34.35607],[-6.3713,34.35831],[-6.36906,34.35831],[-6.36906,34.35607]]],[[[-6.36232,34.35831],[-6.36232,34.36056],[-6.36007,34.36056],[-6.36007,34.35831],[-6.36232,34.35831]]],[[[-6.38927,34.36281],[-6.38702,34.35607],[-6.396,34.35607],[-6.39151,34.36281],[-6.38927,34.36281]]],[[[-6.35558,34.35831],[-6.35783,34.36281],[-6.35333,34.36281],[-6.35333,34.36056],[-6.35558,34.35831]]],[[[-6.37355,34.35831],[-6.37355,34.36281],[-6.3713,34.36281],[-6.3713,34.35831],[-6.37355,34.35831]]],[[[-6.36456,34.36056],[-6.36456,34.36281],[-6.36232,34.36281],[-6.36232,34.36056],[-6.36456,34.36056]]],[[[-6.38253,34.36056],[-6.38478,34.36056],[-6.38478,34.36281],[-6.38253,34.36281],[-6.38253,34.36056]]],[[[-6.35333,34.36281],[-6.35333,34.36505],[-6.35109,34.36505],[-6.35109,34.36281],[-6.35333,34.36281]]],[[[-6.3713,34.36281],[-6.3713,34.36505],[-6.36906,34.36505],[-6.36906,34.36281],[-6.3713,34.36281]]],[[[-6.38702,34.36505],[-6.38478,34.36281],[-6.39151,34.3673],[-6.38702,34.3673],[-6.38702,34.36505]]],[[[-6.35558,34.36505],[-6.35558,34.3673],[-6.35333,34.3673],[-6.35333,34.36505],[-6.35558,34.36505]]],[[[-6.34884,34.36505],[-6.34884,34.3673],[-6.3466,34.3673],[-6.3466,34.36505],[-6.34884,34.36505]]],[[[-6.35783,34.36505],[-6.36007,34.36505],[-6.36007,34.36954],[-6.35558,34.36954],[-6.35783,34.36505]]],[[[-6.38478,34.36954],[-6.38028,34.37179],[-6.37804,34.36281],[-6.38478,34.36505],[-6.38478,34.36954]]],[[[-6.36681,34.37179],[-6.36681,34.36954],[-6.37355,34.36505],[-6.37355,34.37403],[-6.36681,34.37179]]],[[[-6.3466,34.36954],[-6.34884,34.36954],[-6.34884,34.37179],[-6.3466,34.37179],[-6.3466,34.36954]]],[[[-6.37804,34.36954],[-6.37804,34.37179],[-6.37579,34.37179],[-6.37579,34.36954],[-6.37804,34.36954]]],[[[-6.36456,34.36954],[-6.36456,34.37403],[-6.36232,34.37403],[-6.36232,34.36954],[-6.36456,34.36954]]],[[[-6.38702,34.37403],[-6.38478,34.37403],[-6.38478,34.37179],[-6.38702,34.37179],[-6.38702,34.37403]]],[[[-6.38253,34.37403],[-6.38478,34.37403],[-6.38478,34.37628],[-6.38253,34.37628],[-6.38253,34.37403]]],[[[-6.38927,34.37628],[-6.38702,34.37853],[-6.38702,34.37403],[-6.39151,34.37403],[-6.38927,34.37628]]],[[[-6.38253,34.37628],[-6.38253,34.37853],[-6.38028,34.37853],[-6.38028,34.37628],[-6.38253,34.37628]]],[[[-6.36007,34.37628],[-6.36232,34.37628],[-6.36232,34.37853],[-6.36007,34.37853],[-6.36007,34.37628]]],[[[-6.34884,34.37628],[-6.34884,34.37853],[-6.3466,34.37853],[-6.3466,34.37628],[-6.34884,34.37628]]],[[[-6.35783,34.37853],[-6.35783,34.38077],[-6.35558,34.38077],[-6.35558,34.37853],[-6.35783,34.37853]]],[[[-6.39151,34.37853],[-6.39376,34.37853],[-6.39376,34.38077],[-6.39151,34.38077],[-6.39151,34.37853]]],[[[-6.35109,34.37853],[-6.35109,34.38077],[-6.34884,34.38077],[-6.34884,34.37853],[-6.35109,34.37853]]],[[[-6.36906,34.37853],[-6.36906,34.38077],[-6.36681,34.38077],[-6.36681,34.37853],[-6.36906,34.37853]]],[[[-6.35109,34.38077],[-6.35558,34.38077],[-6.35558,34.38302],[-6.35109,34.38302],[-6.35109,34.38077]]],[[[-6.37579,34.38077],[-6.37579,34.38302],[-6.37355,34.38302],[-6.37355,34.38077],[-6.37579,34.38077]]],[[[-6.36007,34.38077],[-6.36007,34.38526],[-6.35783,34.38526],[-6.35783,34.38077],[-6.36007,34.38077]]],[[[-6.35333,34.38751],[-6.35558,34.38751],[-6.35558,34.38975],[-6.35333,34.38975],[-6.35333,34.38751]]],[[[-6.37804,34.392],[-6.37355,34.39425],[-6.37355,34.38751],[-6.37579,34.38751],[-6.37804,34.392]]],[[[-6.36007,34.39425],[-6.36007,34.39874],[-6.35783,34.39874],[-6.35783,34.39425],[-6.36007,34.39425]]],[[[-6.36681,34.39874],[-6.36906,34.39874],[-6.36906,34.40098],[-6.36681,34.40098],[-6.36681,34.39874]]],[[[-6.36232,34.39874],[-6.36232,34.40098],[-6.36007,34.40098],[-6.36007,34.39874],[-6.36232,34.39874]]],[[[-6.36906,34.40323],[-6.36906,34.40548],[-6.36681,34.40548],[-6.36681,34.40323],[-6.36906,34.40323]]],[[[-6.35783,34.40323],[-6.36007,34.40323],[-6.36007,34.40548],[-6.35783,34.40548],[-6.35783,34.40323]]],[[[-6.39376,34.40997],[-6.39376,34.41221],[-6.39151,34.41221],[-6.39151,34.40997],[-6.39376,34.40997]]],[[[-6.38478,34.41221],[-6.38478,34.41446],[-6.38253,34.41446],[-6.38253,34.41221],[-6.38478,34.41221]]],[[[-6.38702,34.41221],[-6.38927,34.41221],[-6.38927,34.41446],[-6.38702,34.41446],[-6.38702,34.41221]]],[[[-6.37579,34.4212],[-6.37579,34.42344],[-6.37355,34.42344],[-6.37355,34.4212],[-6.37579,34.4212]]],[[[-6.37355,34.42793],[-6.37355,34.43018],[-6.3713,34.43018],[-6.3713,34.42793],[-6.37355,34.42793]]],[[[-6.38478,34.44141],[-6.38702,34.44141],[-6.38702,34.44365],[-6.38478,34.44365],[-6.38478,34.44141]]],[[[-6.38927,34.44365],[-6.38927,34.4459],[-6.38702,34.4459],[-6.38702,34.44365],[-6.38927,34.44365]]],[[[-6.35333,34.44815],[-6.35333,34.45039],[-6.35109,34.45039],[-6.35109,34.44815],[-6.35333,34.44815]]],[[[-6.35333,34.45039],[-6.35558,34.45039],[-6.35558,34.45264],[-6.35333,34.45264],[-6.35333,34.45039]]],[[[-6.37804,34.45264],[-6.37804,34.45488],[-6.37579,34.45488],[-6.37579,34.45264],[-6.37804,34.45264]]],[[[-6.38927,34.45264],[-6.38927,34.45488],[-6.38702,34.45488],[-6.38702,34.45264],[-6.38927,34.45264]]],[[[-6.38028,34.45264],[-6.38478,34.45264],[-6.38478,34.45488],[-6.38028,34.45488],[-6.38028,34.45264]]],[[[-6.37355,34.45264],[-6.37355,34.45488],[-6.36906,34.45713],[-6.36906,34.45264],[-6.37355,34.45264]]],[[[-6.37355,34.45713],[-6.37355,34.45488],[-6.37579,34.45488],[-6.37579,34.45713],[-6.37355,34.45713]]],[[[-6.39151,34.45488],[-6.39376,34.45488],[-6.39376,34.45713],[-6.39151,34.45713],[-6.39151,34.45488]]],[[[-6.35333,34.45488],[-6.35333,34.45713],[-6.35109,34.45713],[-6.35109,34.45488],[-6.35333,34.45488]]],[[[-6.36681,34.45713],[-6.36681,34.45937],[-6.36456,34.45937],[-6.36456,34.45713],[-6.36681,34.45713]]],[[[-6.37355,34.45937],[-6.37579,34.45937],[-6.37579,34.46387],[-6.37355,34.46387],[-6.37355,34.45937]]],[[[-6.35109,34.46162],[-6.35109,34.46387],[-6.34884,34.46387],[-6.34884,34.46162],[-6.35109,34.46162]]],[[[-6.37804,34.46611],[-6.37804,34.46836],[-6.37355,34.46836],[-6.37355,34.46611],[-6.37804,34.46611]]],[[[-6.36456,34.46611],[-6.36681,34.46611],[-6.36681,34.4706],[-6.36456,34.4706],[-6.36456,34.46611]]],[[[-6.36007,34.47734],[-6.36007,34.47285],[-6.36456,34.47285],[-6.36232,34.47959],[-6.35558,34.47959],[-6.36007,34.47734]]],[[[-6.35558,34.48183],[-6.35558,34.48408],[-6.34884,34.48408],[-6.34884,34.48183],[-6.35558,34.48183]]],[[[-6.38028,34.48183],[-6.38478,34.47959],[-6.38478,34.48408],[-6.38028,34.48632],[-6.38028,34.48183]]],[[[-6.38927,34.48183],[-6.38927,34.48408],[-6.38702,34.48408],[-6.38702,34.48183],[-6.38927,34.48183]]],[[[-6.34884,34.48408],[-6.34884,34.48632],[-6.3466,34.48632],[-6.3466,34.48408],[-6.34884,34.48408]]],[[[-6.37579,34.48632],[-6.37804,34.48632],[-6.37804,34.48857],[-6.37579,34.48857],[-6.37579,34.48632]]],[[[-6.3713,34.48632],[-6.3713,34.49082],[-6.36906,34.49082],[-6.36906,34.48632],[-6.3713,34.48632]]],[[[-6.38702,34.48857],[-6.38702,34.49082],[-6.38478,34.49082],[-6.38478,34.48857],[-6.38702,34.48857]]],[[[-6.35109,34.48857],[-6.35109,34.49082],[-6.34884,34.49082],[-6.34884,34.48857],[-6.35109,34.48857]]],[[[-6.38028,34.48857],[-6.38028,34.49306],[-6.37579,34.49306],[-6.37579,34.49082],[-6.38028,34.48857]]],[[[-6.38478,34.49082],[-6.38478,34.49306],[-6.38253,34.49306],[-6.38253,34.49082],[-6.38478,34.49082]]],[[[-6.38927,34.49082],[-6.38927,34.49306],[-6.38702,34.49306],[-6.38702,34.49082],[-6.38927,34.49082]]],[[[-6.35109,34.49082],[-6.35333,34.49082],[-6.35333,34.49306],[-6.35109,34.49306],[-6.35109,34.49082]]],[[[-6.36681,34.49306],[-6.36456,34.49531],[-6.36456,34.49082],[-6.36906,34.49082],[-6.36681,34.49306]]],[[[-6.36232,34.49306],[-6.36232,34.49531],[-6.35783,34.49531],[-6.35783,34.49306],[-6.36232,34.49306]]],[[[-6.39151,34.49306],[-6.39151,34.49531],[-6.38927,34.49531],[-6.38927,34.49306],[-6.39151,34.49306]]],[[[-6.38253,34.49755],[-6.38927,34.49531],[-6.39151,34.4998],[-6.38478,34.4998],[-6.38253,34.49755]]],[[[-6.35109,34.4998],[-6.3466,34.4998],[-6.3466,34.49531],[-6.35558,34.49755],[-6.35109,34.4998]]],[[[-6.38028,34.4998],[-6.38253,34.4998],[-6.38253,34.50204],[-6.38028,34.50204],[-6.38028,34.4998]]],[[[-6.39376,34.4998],[-6.39376,34.50204],[-6.39151,34.50204],[-6.39151,34.4998],[-6.39376,34.4998]]],[[[-6.38927,34.50204],[-6.38927,34.50429],[-6.38702,34.50429],[-6.38702,34.50204],[-6.38927,34.50204]]],[[[-6.38478,34.50204],[-6.38478,34.50429],[-6.38253,34.50429],[-6.38253,34.50204],[-6.38478,34.50204]]],[[[-6.38253,34.50429],[-6.38253,34.50654],[-6.38028,34.50654],[-6.38028,34.50429],[-6.38253,34.50429]]],[[[-6.37579,34.50654],[-6.37579,34.50878],[-6.36681,34.50878],[-6.36681,34.50654],[-6.37579,34.50654]]],[[[-6.38253,34.50878],[-6.38253,34.51103],[-6.38028,34.51103],[-6.38028,34.50878],[-6.38253,34.50878]]],[[[-6.39151,34.51103],[-6.39151,34.51327],[-6.38927,34.51327],[-6.38927,34.51103],[-6.39151,34.51103]]],[[[-6.38028,34.51103],[-6.38028,34.51327],[-6.37804,34.51327],[-6.37804,34.51103],[-6.38028,34.51103]]],[[[-6.35109,34.51327],[-6.36007,34.51327],[-6.36007,34.51552],[-6.35109,34.51552],[-6.35109,34.51327]]],[[[-6.38702,34.51327],[-6.38702,34.51552],[-6.38478,34.51552],[-6.38478,34.51327],[-6.38702,34.51327]]],[[[-6.37804,34.51327],[-6.37804,34.51552],[-6.37579,34.51552],[-6.37579,34.51327],[-6.37804,34.51327]]],[[[-6.36681,34.51327],[-6.37355,34.51327],[-6.37355,34.51552],[-6.36681,34.51552],[-6.36681,34.51327]]],[[[-6.38028,34.51776],[-6.38028,34.52001],[-6.37579,34.52001],[-6.37579,34.51776],[-6.38028,34.51776]]],[[[-6.34211,33.95407],[-6.34211,33.95632],[-6.33986,33.95632],[-6.33986,33.95407],[-6.34211,33.95407]]],[[[-6.34435,33.96979],[-6.34435,33.97204],[-6.34211,33.97204],[-6.34211,33.96979],[-6.34435,33.96979]]],[[[-6.31291,34.00573],[-6.31291,34.00797],[-6.31066,34.00797],[-6.31066,34.00573],[-6.31291,34.00573]]],[[[-6.30617,34.00797],[-6.30617,34.01022],[-6.30393,34.01022],[-6.30393,34.00797],[-6.30617,34.00797]]],[[[-6.32863,34.02369],[-6.32863,34.02594],[-6.32639,34.02594],[-6.32639,34.02369],[-6.32863,34.02369]]],[[[-6.30393,34.19437],[-6.30617,34.19437],[-6.30617,34.19662],[-6.30393,34.19662],[-6.30393,34.19437]]],[[[-6.30842,34.19662],[-6.30842,34.20111],[-6.30617,34.20111],[-6.30617,34.19662],[-6.30842,34.19662]]],[[[-6.31291,34.20335],[-6.31291,34.2056],[-6.30842,34.2056],[-6.30842,34.20335],[-6.31291,34.20335]]],[[[-6.31965,34.23704],[-6.32189,34.23704],[-6.32189,34.23929],[-6.31965,34.23929],[-6.31965,34.23704]]],[[[-6.3174,34.24153],[-6.3174,34.24378],[-6.31516,34.24378],[-6.31516,34.24153],[-6.3174,34.24153]]],[[[-6.3174,34.24827],[-6.3174,34.25052],[-6.31516,34.25052],[-6.31516,34.24827],[-6.3174,34.24827]]],[[[-6.30617,34.25501],[-6.30842,34.25501],[-6.30842,34.25725],[-6.30617,34.25725],[-6.30617,34.25501]]],[[[-6.31516,34.26399],[-6.31516,34.26624],[-6.31291,34.26624],[-6.31291,34.26399],[-6.31516,34.26399]]],[[[-6.30617,34.26848],[-6.30617,34.27073],[-6.30393,34.27073],[-6.30393,34.26848],[-6.30617,34.26848]]],[[[-6.31516,34.2842],[-6.3174,34.2842],[-6.3174,34.28645],[-6.31516,34.28645],[-6.31516,34.2842]]],[[[-6.30617,34.28645],[-6.30617,34.28869],[-6.30393,34.28869],[-6.30393,34.28645],[-6.30617,34.28645]]],[[[-6.30842,34.29319],[-6.30842,34.29543],[-6.30617,34.29543],[-6.30617,34.29319],[-6.30842,34.29319]]],[[[-6.31291,34.29543],[-6.3174,34.29319],[-6.31965,34.29768],[-6.31291,34.29768],[-6.31291,34.29543]]],[[[-6.31291,34.29992],[-6.31291,34.30217],[-6.31066,34.30217],[-6.31066,34.29992],[-6.31291,34.29992]]],[[[-6.31291,34.30441],[-6.31291,34.30217],[-6.31516,34.30217],[-6.31516,34.30441],[-6.31291,34.30441]]],[[[-6.3174,34.30891],[-6.3174,34.31115],[-6.31516,34.31115],[-6.31516,34.30891],[-6.3174,34.30891]]],[[[-6.31516,34.31115],[-6.31516,34.3134],[-6.31291,34.3134],[-6.31291,34.31115],[-6.31516,34.31115]]],[[[-6.3466,34.31115],[-6.3466,34.3134],[-6.34435,34.3134],[-6.34435,34.31115],[-6.3466,34.31115]]],[[[-6.32189,34.31564],[-6.32189,34.32238],[-6.31965,34.32238],[-6.31965,34.31564],[-6.32189,34.31564]]],[[[-6.33986,34.32014],[-6.33986,34.32238],[-6.33761,34.32238],[-6.33761,34.32014],[-6.33986,34.32014]]],[[[-6.31965,34.32238],[-6.31516,34.32463],[-6.31516,34.32014],[-6.3174,34.32014],[-6.31965,34.32238]]],[[[-6.3466,34.32463],[-6.3466,34.32687],[-6.34435,34.32687],[-6.34435,34.32463],[-6.3466,34.32463]]],[[[-6.32414,34.32463],[-6.32414,34.32687],[-6.32189,34.32687],[-6.32189,34.32463],[-6.32414,34.32463]]],[[[-6.33761,34.32463],[-6.33761,34.32912],[-6.33537,34.32912],[-6.33537,34.32463],[-6.33761,34.32463]]],[[[-6.33312,34.32687],[-6.33312,34.32912],[-6.32863,34.32912],[-6.32863,34.32687],[-6.33312,34.32687]]],[[[-6.31516,34.33361],[-6.3174,34.33361],[-6.3174,34.3381],[-6.31516,34.3381],[-6.31516,34.33361]]],[[[-6.3466,34.33586],[-6.3466,34.3381],[-6.34435,34.3381],[-6.34435,34.33586],[-6.3466,34.33586]]],[[[-6.33312,34.33586],[-6.33312,34.3381],[-6.33088,34.3381],[-6.33088,34.33586],[-6.33312,34.33586]]],[[[-6.31516,34.34484],[-6.32189,34.34484],[-6.32189,34.34933],[-6.31516,34.34708],[-6.31516,34.34484]]],[[[-6.34435,34.34933],[-6.34435,34.35158],[-6.34211,34.35158],[-6.34211,34.34933],[-6.34435,34.34933]]],[[[-6.33088,34.34933],[-6.33088,34.35158],[-6.32639,34.35158],[-6.32639,34.34933],[-6.33088,34.34933]]],[[[-6.33088,34.35158],[-6.33312,34.35158],[-6.33312,34.35382],[-6.33088,34.35382],[-6.33088,34.35158]]],[[[-6.32639,34.35158],[-6.32639,34.35607],[-6.32414,34.35607],[-6.32414,34.35158],[-6.32639,34.35158]]],[[[-6.33986,34.35382],[-6.33986,34.35607],[-6.33761,34.35607],[-6.33761,34.35382],[-6.33986,34.35382]]],[[[-6.33986,34.35607],[-6.3466,34.35607],[-6.3466,34.35831],[-6.33986,34.35831],[-6.33986,34.35607]]],[[[-6.32863,34.35607],[-6.32863,34.35831],[-6.32639,34.35831],[-6.32639,34.35607],[-6.32863,34.35607]]],[[[-6.3174,34.36056],[-6.3174,34.35831],[-6.32189,34.35607],[-6.32189,34.36281],[-6.3174,34.36056]]],[[[-6.33986,34.36056],[-6.34211,34.36056],[-6.34211,34.36281],[-6.33986,34.36281],[-6.33986,34.36056]]],[[[-6.31066,34.36056],[-6.31066,34.36281],[-6.30842,34.36281],[-6.30842,34.36056],[-6.31066,34.36056]]],[[[-6.33088,34.36056],[-6.33088,34.36281],[-6.32863,34.36281],[-6.32863,34.36056],[-6.33088,34.36056]]],[[[-6.33537,34.36281],[-6.33986,34.36281],[-6.33986,34.36505],[-6.33537,34.36505],[-6.33537,34.36281]]],[[[-6.31291,34.36281],[-6.31291,34.36505],[-6.31066,34.36505],[-6.31066,34.36281],[-6.31291,34.36281]]],[[[-6.31965,34.36281],[-6.31965,34.36505],[-6.3174,34.36505],[-6.3174,34.36281],[-6.31965,34.36281]]],[[[-6.31291,34.36505],[-6.31516,34.36505],[-6.31516,34.3673],[-6.31291,34.3673],[-6.31291,34.36505]]],[[[-6.34435,34.36505],[-6.34435,34.3673],[-6.34211,34.3673],[-6.34211,34.36505],[-6.34435,34.36505]]],[[[-6.33537,34.3673],[-6.33537,34.36954],[-6.33312,34.36954],[-6.33312,34.3673],[-6.33537,34.3673]]],[[[-6.32414,34.3673],[-6.32639,34.3673],[-6.32639,34.36954],[-6.32414,34.36954],[-6.32414,34.3673]]],[[[-6.30842,34.36954],[-6.30842,34.37179],[-6.30617,34.37179],[-6.30617,34.36954],[-6.30842,34.36954]]],[[[-6.34211,34.37179],[-6.34211,34.37403],[-6.33986,34.37403],[-6.33986,34.37179],[-6.34211,34.37179]]],[[[-6.30393,34.37179],[-6.30617,34.37179],[-6.30617,34.37403],[-6.30393,34.37403],[-6.30393,34.37179]]],[[[-6.33761,34.37179],[-6.33761,34.37403],[-6.33537,34.37403],[-6.33537,34.37179],[-6.33761,34.37179]]],[[[-6.3466,34.37179],[-6.3466,34.37403],[-6.34435,34.37403],[-6.34435,34.37179],[-6.3466,34.37179]]],[[[-6.33761,34.37403],[-6.33986,34.37403],[-6.33986,34.37628],[-6.33761,34.37628],[-6.33761,34.37403]]],[[[-6.32639,34.37853],[-6.32639,34.38077],[-6.32414,34.38077],[-6.32414,34.37853],[-6.32639,34.37853]]],[[[-6.32189,34.37853],[-6.32189,34.38302],[-6.31965,34.38302],[-6.31965,34.37853],[-6.32189,34.37853]]],[[[-6.32639,34.38077],[-6.32863,34.38077],[-6.32863,34.38302],[-6.32639,34.38302],[-6.32639,34.38077]]],[[[-6.3466,34.37853],[-6.3466,34.38526],[-6.34435,34.38526],[-6.34211,34.37853],[-6.3466,34.37853]]],[[[-6.33537,34.37853],[-6.33761,34.38302],[-6.33312,34.38975],[-6.33312,34.37853],[-6.33537,34.37853]]],[[[-6.33761,34.38302],[-6.33986,34.38302],[-6.33986,34.38526],[-6.33761,34.38526],[-6.33761,34.38302]]],[[[-6.32863,34.38526],[-6.32863,34.38751],[-6.32639,34.38751],[-6.32639,34.38526],[-6.32863,34.38526]]],[[[-6.34211,34.38526],[-6.34211,34.38975],[-6.33986,34.38975],[-6.33986,34.38526],[-6.34211,34.38526]]],[[[-6.31291,34.38751],[-6.31516,34.38751],[-6.31516,34.38975],[-6.31291,34.38975],[-6.31291,34.38751]]],[[[-6.32189,34.38975],[-6.31965,34.392],[-6.31965,34.38751],[-6.32639,34.38751],[-6.32189,34.38975]]],[[[-6.33312,34.38975],[-6.33312,34.392],[-6.32863,34.392],[-6.32863,34.38975],[-6.33312,34.38975]]],[[[-6.34435,34.38975],[-6.3466,34.38975],[-6.3466,34.39425],[-6.34435,34.39425],[-6.34435,34.38975]]],[[[-6.31965,34.392],[-6.31965,34.39425],[-6.3174,34.39425],[-6.3174,34.392],[-6.31965,34.392]]],[[[-6.33537,34.392],[-6.33537,34.39425],[-6.33312,34.39425],[-6.33312,34.392],[-6.33537,34.392]]],[[[-6.31965,34.39425],[-6.32414,34.39425],[-6.32414,34.39649],[-6.31965,34.39649],[-6.31965,34.39425]]],[[[-6.33761,34.39649],[-6.33761,34.39874],[-6.33537,34.39874],[-6.33537,34.39649],[-6.33761,34.39649]]],[[[-6.3466,34.40548],[-6.3466,34.40772],[-6.34435,34.40772],[-6.34435,34.40548],[-6.3466,34.40548]]],[[[-6.33312,34.42569],[-6.33312,34.43018],[-6.33088,34.43018],[-6.33088,34.42569],[-6.33312,34.42569]]],[[[-6.32189,34.42793],[-6.32189,34.43018],[-6.31965,34.43018],[-6.31965,34.42793],[-6.32189,34.42793]]],[[[-6.30617,34.43692],[-6.30617,34.43916],[-6.30393,34.43916],[-6.30393,34.43692],[-6.30617,34.43692]]],[[[-6.32189,34.45039],[-6.32189,34.45264],[-6.31965,34.45264],[-6.31965,34.45039],[-6.32189,34.45039]]],[[[-6.3174,34.45264],[-6.31965,34.45264],[-6.31965,34.45488],[-6.3174,34.45488],[-6.3174,34.45264]]],[[[-6.33312,34.45264],[-6.33312,34.45488],[-6.32863,34.45488],[-6.32863,34.45264],[-6.33312,34.45264]]],[[[-6.32639,34.45488],[-6.32639,34.45713],[-6.32414,34.45713],[-6.32414,34.45488],[-6.32639,34.45488]]],[[[-6.33088,34.45713],[-6.33537,34.45713],[-6.33537,34.45937],[-6.33088,34.45937],[-6.33088,34.45713]]],[[[-6.31066,34.45937],[-6.31066,34.46162],[-6.30842,34.46162],[-6.30842,34.45937],[-6.31066,34.45937]]],[[[-6.34435,34.46162],[-6.33986,34.46387],[-6.33986,34.45713],[-6.34211,34.45713],[-6.34435,34.46162]]],[[[-6.30393,34.46162],[-6.30617,34.46162],[-6.30617,34.46387],[-6.30393,34.46387],[-6.30393,34.46162]]],[[[-6.3466,34.46387],[-6.3466,34.46611],[-6.34435,34.46611],[-6.34435,34.46387],[-6.3466,34.46387]]],[[[-6.30617,34.46611],[-6.30617,34.46836],[-6.30393,34.46836],[-6.30393,34.46611],[-6.30617,34.46611]]],[[[-6.33537,34.46611],[-6.33761,34.46611],[-6.33761,34.46836],[-6.33537,34.46836],[-6.33537,34.46611]]],[[[-6.32639,34.45937],[-6.32639,34.46387],[-6.33088,34.46387],[-6.33088,34.47285],[-6.31965,34.47509],[-6.31965,34.4706],[-6.32863,34.4706],[-6.32863,34.46611],[-6.32414,34.46611],[-6.32639,34.45937]]],[[[-6.34211,34.46836],[-6.34211,34.4706],[-6.33761,34.4706],[-6.33761,34.46836],[-6.34211,34.46836]]],[[[-6.33312,34.4706],[-6.33537,34.4706],[-6.33537,34.47509],[-6.33088,34.47509],[-6.33312,34.4706]]],[[[-6.32639,34.47509],[-6.32639,34.47734],[-6.32189,34.47734],[-6.32189,34.47509],[-6.32639,34.47509]]],[[[-6.34211,34.48183],[-6.34211,34.48408],[-6.33986,34.48408],[-6.33986,34.48183],[-6.34211,34.48183]]],[[[-6.31291,34.4998],[-6.30617,34.4998],[-6.31066,34.49082],[-6.31516,34.49306],[-6.31291,34.4998]]],[[[-6.33986,34.4998],[-6.34211,34.49531],[-6.33761,34.49306],[-6.34435,34.49082],[-6.34435,34.4998],[-6.33986,34.4998]]],[[[-6.32189,34.49531],[-6.32189,34.49755],[-6.31965,34.49755],[-6.31965,34.49531],[-6.32189,34.49531]]],[[[-6.31516,34.49755],[-6.31965,34.49755],[-6.31965,34.4998],[-6.31516,34.4998],[-6.31516,34.49755]]],[[[-6.30842,34.50204],[-6.30842,34.50429],[-6.30393,34.50429],[-6.30393,34.4998],[-6.30842,34.50204]]],[[[-6.32863,34.4998],[-6.32863,34.50429],[-6.32414,34.50429],[-6.32414,34.4998],[-6.32863,34.4998]]],[[[-6.31965,34.50204],[-6.32189,34.50204],[-6.32189,34.50429],[-6.31965,34.50429],[-6.31965,34.50204]]],[[[-6.34435,34.50204],[-6.34884,34.50878],[-6.33761,34.51103],[-6.33986,34.50429],[-6.33537,34.4998],[-6.34435,34.50204]]],[[[-6.31516,34.50204],[-6.31516,34.50878],[-6.30842,34.50878],[-6.30842,34.50654],[-6.31516,34.50204]]],[[[-6.33537,34.50429],[-6.33761,34.50429],[-6.33761,34.50654],[-6.33537,34.50654],[-6.33537,34.50429]]],[[[-6.33312,34.50204],[-6.33312,34.50878],[-6.32863,34.50878],[-6.33088,34.50204],[-6.33312,34.50204]]],[[[-6.31066,34.51103],[-6.31066,34.51327],[-6.30842,34.51327],[-6.30842,34.51103],[-6.31066,34.51103]]],[[[-6.34211,34.51327],[-6.3466,34.51327],[-6.3466,34.51552],[-6.34211,34.51552],[-6.34211,34.51327]]],[[[-6.32639,34.51103],[-6.33761,34.51103],[-6.33761,34.51776],[-6.32414,34.52001],[-6.32189,34.51552],[-6.32639,34.51552],[-6.32639,34.51103]],[[-6.33537,34.51552],[-6.33088,34.51327],[-6.33088,34.51776],[-6.33537,34.51776],[-6.33537,34.51552]]],[[[-6.3174,34.51552],[-6.3174,34.51776],[-6.31516,34.51776],[-6.31516,34.51552],[-6.3174,34.51552]]],[[[-6.30842,34.52001],[-6.31516,34.51776],[-6.31516,34.52226],[-6.30842,34.5245],[-6.30842,34.52001]]],[[[-6.32863,34.52001],[-6.32863,34.52226],[-6.32639,34.52226],[-6.32639,34.52001],[-6.32863,34.52001]]],[[[-6.32189,34.52001],[-6.32189,34.52226],[-6.31965,34.52226],[-6.31965,34.52001],[-6.32189,34.52001]]],[[[-6.31516,34.52226],[-6.3174,34.52226],[-6.3174,34.5245],[-6.31516,34.5245],[-6.31516,34.52226]]],[[[-6.32639,34.52226],[-6.32639,34.5245],[-6.32414,34.5245],[-6.32414,34.52226],[-6.32639,34.52226]]],[[[-6.31291,34.52675],[-6.31291,34.52899],[-6.30842,34.52899],[-6.30842,34.52675],[-6.31291,34.52675]]],[[[-6.30393,34.52675],[-6.30617,34.52675],[-6.30617,34.52899],[-6.30393,34.52899],[-6.30393,34.52675]]],[[[-6.3174,34.53349],[-6.3174,34.52899],[-6.32189,34.53124],[-6.32189,34.53573],[-6.3174,34.53349]]],[[[-6.31516,34.53124],[-6.31516,34.53349],[-6.31291,34.53349],[-6.31291,34.53124],[-6.31516,34.53124]]],[[[-6.31516,34.53349],[-6.3174,34.53349],[-6.3174,34.53573],[-6.31516,34.53573],[-6.31516,34.53349]]],[[[-6.31516,34.54247],[-6.31291,34.54247],[-6.31291,34.53798],[-6.31516,34.53798],[-6.31516,34.54247]]],[[[-6.30168,34.54247],[-6.31291,34.54247],[-6.31291,34.54471],[-6.30168,34.54471],[-6.30168,34.54247]]],[[[-6.27024,33.97428],[-6.27249,33.97428],[-6.27249,33.97653],[-6.27024,33.97653],[-6.27024,33.97428]]],[[[-6.28147,33.97653],[-6.28147,33.97878],[-6.27922,33.97878],[-6.27922,33.97653],[-6.28147,33.97653]]],[[[-6.26799,33.97653],[-6.26799,33.97878],[-6.26575,33.97878],[-6.26575,33.97653],[-6.26799,33.97653]]],[[[-6.2635,33.98327],[-6.2635,33.98551],[-6.26126,33.98551],[-6.26126,33.98327],[-6.2635,33.98327]]],[[[-6.29494,33.99225],[-6.29494,33.9945],[-6.29045,33.9945],[-6.29045,33.99225],[-6.29494,33.99225]]],[[[-6.26126,33.99899],[-6.26126,34.00123],[-6.25901,34.00123],[-6.25901,33.99899],[-6.26126,33.99899]]],[[[-6.30393,34.00573],[-6.30393,34.00797],[-6.30168,34.00797],[-6.30168,34.00573],[-6.30393,34.00573]]],[[[-6.25677,34.10229],[-6.26126,34.10229],[-6.26126,34.10454],[-6.25677,34.10454],[-6.25677,34.10229]]],[[[-6.28821,34.10454],[-6.28821,34.10903],[-6.28372,34.10903],[-6.28372,34.10679],[-6.28821,34.10454]]],[[[-6.28372,34.11352],[-6.28372,34.11577],[-6.27922,34.11577],[-6.27922,34.11352],[-6.28372,34.11352]]],[[[-6.27024,34.127],[-6.27249,34.127],[-6.27249,34.12924],[-6.27024,34.12924],[-6.27024,34.127]]],[[[-6.2635,34.1809],[-6.25901,34.18763],[-6.25452,34.18539],[-6.26575,34.17865],[-6.2635,34.1809]]],[[[-6.25677,34.18988],[-6.25677,34.19213],[-6.25452,34.19213],[-6.25452,34.18988],[-6.25677,34.18988]]],[[[-6.29944,34.19662],[-6.30168,34.19662],[-6.30168,34.20111],[-6.29944,34.20111],[-6.29944,34.19662]]],[[[-6.30393,34.20111],[-6.30393,34.20335],[-6.30168,34.20335],[-6.30168,34.20111],[-6.30393,34.20111]]],[[[-6.29719,34.21907],[-6.29719,34.22132],[-6.2927,34.22132],[-6.2927,34.21907],[-6.29719,34.21907]]],[[[-6.30393,34.26174],[-6.30617,34.26174],[-6.30617,34.26399],[-6.30393,34.26399],[-6.30393,34.26174]]],[[[-6.29494,34.26624],[-6.2927,34.26624],[-6.2927,34.26399],[-6.29494,34.26399],[-6.29494,34.26624]]],[[[-6.29045,34.26624],[-6.2927,34.26624],[-6.2927,34.26848],[-6.29045,34.26848],[-6.29045,34.26624]]],[[[-6.28821,34.26848],[-6.29045,34.26848],[-6.29045,34.27073],[-6.28821,34.27073],[-6.28821,34.26848]]],[[[-6.29944,34.27522],[-6.29719,34.27073],[-6.30168,34.26848],[-6.30393,34.27522],[-6.29944,34.27522]]],[[[-6.29045,34.27297],[-6.29045,34.27522],[-6.28596,34.27522],[-6.28596,34.27297],[-6.29045,34.27297]]],[[[-6.30168,34.27971],[-6.30393,34.27971],[-6.30393,34.28196],[-6.30168,34.28196],[-6.30168,34.27971]]],[[[-6.30168,34.28645],[-6.30168,34.28869],[-6.29944,34.28869],[-6.29944,34.28645],[-6.30168,34.28645]]],[[[-6.30393,34.29319],[-6.30393,34.29768],[-6.30168,34.29768],[-6.30168,34.29319],[-6.30393,34.29319]]],[[[-6.30168,34.36505],[-6.30617,34.36505],[-6.30617,34.3673],[-6.30168,34.3673],[-6.30168,34.36505]]],[[[-6.29944,34.37853],[-6.30393,34.37628],[-6.30617,34.38077],[-6.30168,34.38077],[-6.29944,34.37853]]],[[[-6.29719,34.38077],[-6.29719,34.38526],[-6.29494,34.38526],[-6.29494,34.38077],[-6.29719,34.38077]]],[[[-6.29944,34.38077],[-6.30168,34.38077],[-6.30168,34.38526],[-6.29944,34.38526],[-6.29944,34.38077]]],[[[-6.28821,34.38526],[-6.28821,34.38751],[-6.28596,34.38751],[-6.28596,34.38526],[-6.28821,34.38526]]],[[[-6.2927,34.39425],[-6.2927,34.39649],[-6.29045,34.39649],[-6.29045,34.39425],[-6.2927,34.39425]]],[[[-6.28372,34.39649],[-6.28821,34.39649],[-6.28821,34.39874],[-6.28372,34.39874],[-6.28372,34.39649]]],[[[-6.28147,34.39874],[-6.27922,34.39874],[-6.27922,34.39649],[-6.28147,34.39649],[-6.28147,34.39874]]],[[[-6.27698,34.39874],[-6.27922,34.39874],[-6.27922,34.40098],[-6.27698,34.40098],[-6.27698,34.39874]]],[[[-6.27473,34.41221],[-6.2635,34.41446],[-6.27024,34.40997],[-6.27024,34.40098],[-6.27473,34.41221]]],[[[-6.26126,34.41221],[-6.26126,34.41446],[-6.25901,34.41446],[-6.25901,34.41221],[-6.26126,34.41221]]],[[[-6.27922,34.41446],[-6.27922,34.41895],[-6.27473,34.4167],[-6.27473,34.41446],[-6.27922,34.41446]]],[[[-6.26126,34.4167],[-6.2635,34.4167],[-6.2635,34.41895],[-6.26126,34.41895],[-6.26126,34.4167]]],[[[-6.27473,34.41895],[-6.26799,34.41895],[-6.26799,34.4167],[-6.27473,34.4167],[-6.27473,34.41895]]],[[[-6.2635,34.41895],[-6.26799,34.41895],[-6.26799,34.4212],[-6.2635,34.4212],[-6.2635,34.41895]]],[[[-6.25677,34.41895],[-6.25901,34.41895],[-6.25901,34.42344],[-6.25677,34.42344],[-6.25677,34.41895]]],[[[-6.27024,34.4212],[-6.27024,34.42344],[-6.26799,34.42344],[-6.26799,34.4212],[-6.27024,34.4212]]],[[[-6.26799,34.42569],[-6.27249,34.43018],[-6.27249,34.43467],[-6.26126,34.42793],[-6.2635,34.42344],[-6.26799,34.42569]]],[[[-6.30168,34.43242],[-6.30617,34.43242],[-6.30617,34.43467],[-6.30168,34.43467],[-6.30168,34.43242]]],[[[-6.26799,34.43467],[-6.26799,34.43692],[-6.2635,34.43692],[-6.2635,34.43467],[-6.26799,34.43467]]],[[[-6.26799,34.43916],[-6.26799,34.44141],[-6.26575,34.44141],[-6.26575,34.43916],[-6.26799,34.43916]]],[[[-6.2635,34.44141],[-6.26575,34.44141],[-6.26575,34.44365],[-6.2635,34.44365],[-6.2635,34.44141]]],[[[-6.29045,34.44141],[-6.29045,34.44365],[-6.28821,34.44365],[-6.28821,34.44141],[-6.29045,34.44141]]],[[[-6.26799,34.44365],[-6.26799,34.4459],[-6.26575,34.4459],[-6.26575,34.44365],[-6.26799,34.44365]]],[[[-6.29494,34.4459],[-6.29719,34.4459],[-6.29719,34.44815],[-6.29494,34.44815],[-6.29494,34.4459]]],[[[-6.27024,34.4459],[-6.27024,34.45713],[-6.26799,34.45713],[-6.2635,34.45264],[-6.2635,34.4459],[-6.26575,34.45039],[-6.27024,34.4459]]],[[[-6.27922,34.45039],[-6.27922,34.45264],[-6.27698,34.45264],[-6.27698,34.45039],[-6.27922,34.45039]]],[[[-6.30168,34.46162],[-6.30168,34.46387],[-6.29719,34.46387],[-6.29719,34.46162],[-6.30168,34.46162]]],[[[-6.25677,34.46162],[-6.25677,34.46387],[-6.25452,34.46387],[-6.25452,34.46162],[-6.25677,34.46162]]],[[[-6.29494,34.46387],[-6.29494,34.46611],[-6.2927,34.46611],[-6.2927,34.46387],[-6.29494,34.46387]]],[[[-6.29944,34.46836],[-6.29944,34.4706],[-6.29719,34.4706],[-6.29719,34.46836],[-6.29944,34.46836]]],[[[-6.25452,34.46836],[-6.25677,34.46836],[-6.25677,34.4706],[-6.25452,34.4706],[-6.25452,34.46836]]],[[[-6.26126,34.4706],[-6.26126,34.47285],[-6.25901,34.47285],[-6.25901,34.4706],[-6.26126,34.4706]]],[[[-6.29944,34.47285],[-6.29944,34.47509],[-6.29719,34.47509],[-6.29719,34.47285],[-6.29944,34.47285]]],[[[-6.25901,34.48183],[-6.26126,34.48183],[-6.26126,34.48408],[-6.25901,34.48408],[-6.25901,34.48183]]],[[[-6.28372,34.48183],[-6.28372,34.48408],[-6.28147,34.48408],[-6.28147,34.48183],[-6.28372,34.48183]]],[[[-6.2927,34.48183],[-6.2927,34.48408],[-6.28596,34.48408],[-6.28596,34.48183],[-6.2927,34.48183]]],[[[-6.27698,34.48632],[-6.28147,34.48632],[-6.28147,34.48857],[-6.27473,34.48857],[-6.27473,34.48408],[-6.27698,34.48632]]],[[[-6.27249,34.48857],[-6.27249,34.49082],[-6.27024,34.49082],[-6.27024,34.48857],[-6.27249,34.48857]]],[[[-6.29944,34.48857],[-6.29944,34.49082],[-6.29494,34.49082],[-6.29494,34.48857],[-6.29944,34.48857]]],[[[-6.28596,34.48857],[-6.2927,34.48857],[-6.2927,34.49082],[-6.28596,34.49082],[-6.28596,34.48857]]],[[[-6.30617,34.48857],[-6.30617,34.49306],[-6.30393,34.49306],[-6.30168,34.48857],[-6.30617,34.48857]]],[[[-6.29494,34.49082],[-6.29494,34.49306],[-6.2927,34.49306],[-6.2927,34.49082],[-6.29494,34.49082]]],[[[-6.26799,34.49531],[-6.27024,34.49531],[-6.27024,34.49755],[-6.26799,34.49755],[-6.26799,34.49531]]],[[[-6.28821,34.49755],[-6.28821,34.4998],[-6.28596,34.4998],[-6.28596,34.49755],[-6.28821,34.49755]]],[[[-6.28147,34.4998],[-6.28147,34.50204],[-6.27922,34.50204],[-6.27922,34.4998],[-6.28147,34.4998]]],[[[-6.28372,34.50204],[-6.28596,34.50204],[-6.28596,34.50654],[-6.28372,34.50654],[-6.28372,34.50204]]],[[[-6.27922,34.50654],[-6.27698,34.50654],[-6.27698,34.50429],[-6.27922,34.50429],[-6.27922,34.50654]]],[[[-6.27473,34.50654],[-6.27698,34.50654],[-6.27698,34.50878],[-6.27473,34.50878],[-6.27473,34.50654]]],[[[-6.29045,34.50429],[-6.30393,34.50654],[-6.30393,34.51103],[-6.29719,34.50654],[-6.2927,34.50878],[-6.29045,34.50429]]],[[[-6.25677,34.50654],[-6.26126,34.51103],[-6.25452,34.51327],[-6.25452,34.50654],[-6.25677,34.50654]]],[[[-6.26799,34.50878],[-6.26799,34.51103],[-6.26575,34.51103],[-6.26575,34.50878],[-6.26799,34.50878]]],[[[-6.27922,34.50878],[-6.28147,34.50878],[-6.28147,34.51552],[-6.27922,34.51552],[-6.27922,34.50878]]],[[[-6.30168,34.51103],[-6.30168,34.51327],[-6.29944,34.51327],[-6.29944,34.51103],[-6.30168,34.51103]]],[[[-6.26575,34.51103],[-6.26575,34.51327],[-6.2635,34.51327],[-6.2635,34.51103],[-6.26575,34.51103]]],[[[-6.27024,34.51103],[-6.27249,34.51103],[-6.27249,34.51552],[-6.27024,34.51552],[-6.27024,34.51103]]],[[[-6.30393,34.51327],[-6.30393,34.51552],[-6.30168,34.51552],[-6.30168,34.51327],[-6.30393,34.51327]]],[[[-6.29944,34.51327],[-6.29944,34.51552],[-6.29719,34.51552],[-6.29719,34.51327],[-6.29944,34.51327]]],[[[-6.29045,34.51327],[-6.2927,34.51327],[-6.2927,34.51552],[-6.29045,34.51552],[-6.29045,34.51327]]],[[[-6.28596,34.51552],[-6.28596,34.51776],[-6.28372,34.51776],[-6.28372,34.51552],[-6.28596,34.51552]]],[[[-6.25677,34.51552],[-6.25677,34.51776],[-6.25452,34.51776],[-6.25452,34.51552],[-6.25677,34.51552]]],[[[-6.27024,34.51776],[-6.27249,34.51552],[-6.27698,34.51552],[-6.27473,34.52001],[-6.27024,34.51776]]],[[[-6.29719,34.51552],[-6.29719,34.52001],[-6.29494,34.52001],[-6.29494,34.51552],[-6.29719,34.51552]]],[[[-6.29045,34.51552],[-6.29045,34.52001],[-6.28596,34.52001],[-6.28821,34.51552],[-6.29045,34.51552]]],[[[-6.27698,34.51776],[-6.27922,34.51776],[-6.27922,34.52226],[-6.27698,34.52226],[-6.27698,34.51776]]],[[[-6.26575,34.52001],[-6.26575,34.52226],[-6.2635,34.52226],[-6.2635,34.52001],[-6.26575,34.52001]]],[[[-6.2927,34.52001],[-6.2927,34.52226],[-6.29045,34.52226],[-6.29045,34.52001],[-6.2927,34.52001]]],[[[-6.26575,34.52226],[-6.26799,34.52226],[-6.26799,34.5245],[-6.26575,34.5245],[-6.26575,34.52226]]],[[[-6.28596,34.52675],[-6.28596,34.52226],[-6.2927,34.5245],[-6.2927,34.52899],[-6.28596,34.52675]]],[[[-6.25677,34.52675],[-6.25677,34.52899],[-6.25452,34.52899],[-6.25452,34.52675],[-6.25677,34.52675]]],[[[-6.26126,34.52899],[-6.2635,34.52899],[-6.2635,34.53124],[-6.26126,34.53124],[-6.26126,34.52899]]],[[[-6.26799,34.52899],[-6.26799,34.53124],[-6.26575,34.53124],[-6.26575,34.52899],[-6.26799,34.52899]]],[[[-6.29719,34.53124],[-6.29719,34.53349],[-6.29494,34.53349],[-6.29494,34.53124],[-6.29719,34.53124]]],[[[-6.2635,34.53349],[-6.26575,34.53349],[-6.26575,34.53573],[-6.2635,34.53573],[-6.2635,34.53349]]],[[[-6.30842,34.52899],[-6.30617,34.53798],[-6.29719,34.54022],[-6.29944,34.53124],[-6.30842,34.52899]],[[-6.30168,34.53573],[-6.30393,34.53573],[-6.30393,34.53349],[-6.30168,34.53349],[-6.30168,34.53573]]],[[[-6.27698,34.53349],[-6.27698,34.53573],[-6.27473,34.53573],[-6.27473,34.53349],[-6.27698,34.53349]]],[[[-6.26799,34.53573],[-6.27249,34.53349],[-6.27473,34.53798],[-6.27024,34.53798],[-6.26799,34.53573]]],[[[-6.25677,34.53124],[-6.25901,34.52899],[-6.26126,34.53573],[-6.25452,34.54247],[-6.25003,34.53798],[-6.25452,34.53798],[-6.25677,34.53124]]],[[[-6.27922,34.53573],[-6.27922,34.53798],[-6.27698,34.53798],[-6.27698,34.53573],[-6.27922,34.53573]]],[[[-6.29719,34.54022],[-6.29719,34.54247],[-6.29494,34.54247],[-6.29494,34.54022],[-6.29719,34.54022]]],[[[-6.27024,34.54247],[-6.2635,34.54471],[-6.2635,34.54022],[-6.27249,34.54022],[-6.27249,34.54696],[-6.27024,34.54247]]],[[[-6.29045,34.54471],[-6.29045,34.54696],[-6.28821,34.54696],[-6.28821,34.54471],[-6.29045,34.54471]]],[[[-6.2635,34.54696],[-6.2635,34.54921],[-6.26126,34.54921],[-6.26126,34.54696],[-6.2635,34.54696]]],[[[-6.27473,34.55145],[-6.27473,34.54471],[-6.28147,34.54247],[-6.28372,34.53349],[-6.28372,34.54022],[-6.28821,34.54471],[-6.27922,34.54696],[-6.27698,34.55594],[-6.28147,34.55594],[-6.28147,34.56043],[-6.27024,34.56268],[-6.27024,34.55594],[-6.2635,34.55819],[-6.2635,34.5537],[-6.27473,34.55145]],[[-6.27698,34.55819],[-6.27473,34.55819],[-6.27473,34.56043],[-6.27698,34.56043],[-6.27698,34.55819]]],[[[-6.26799,34.54696],[-6.26799,34.55145],[-6.2635,34.55145],[-6.2635,34.54921],[-6.26799,34.54696]]],[[[-6.26126,34.55145],[-6.26126,34.5537],[-6.25677,34.5537],[-6.25677,34.55145],[-6.26126,34.55145]]],[[[-6.28596,34.55145],[-6.29045,34.55145],[-6.28821,34.55594],[-6.28596,34.55594],[-6.28596,34.55145]]],[[[-6.2927,34.5537],[-6.2927,34.55594],[-6.29045,34.55594],[-6.29045,34.5537],[-6.2927,34.5537]]],[[[-6.25677,34.55594],[-6.25677,34.56043],[-6.25452,34.56043],[-6.25452,34.55594],[-6.25677,34.55594]]],[[[-6.28596,34.56043],[-6.28821,34.56043],[-6.28821,34.56268],[-6.28596,34.56268],[-6.28596,34.56043]]],[[[-6.2635,34.56043],[-6.2635,34.56493],[-6.25901,34.56268],[-6.25901,34.56043],[-6.2635,34.56043]]],[[[-6.2635,34.56717],[-6.2635,34.56493],[-6.26799,34.56493],[-6.26799,34.56717],[-6.2635,34.56717]]],[[[-6.27698,34.56493],[-6.27922,34.56493],[-6.27922,34.56942],[-6.27698,34.56942],[-6.27698,34.56493]]],[[[-6.27024,34.57166],[-6.27024,34.57391],[-6.26799,34.57391],[-6.26799,34.57166],[-6.27024,34.57166]]],[[[-6.26799,34.5784],[-6.2635,34.58065],[-6.2635,34.57166],[-6.26575,34.5784],[-6.26799,34.5784]]],[[[-6.25003,34.5784],[-6.25677,34.5784],[-6.25677,34.58065],[-6.25003,34.58065],[-6.25003,34.5784]]],[[[-6.2388,33.9945],[-6.2388,33.99674],[-6.23655,33.99674],[-6.23655,33.9945],[-6.2388,33.9945]]],[[[-6.25452,34.00348],[-6.25452,34.00573],[-6.25227,34.00573],[-6.25227,34.00348],[-6.25452,34.00348]]],[[[-6.24105,34.00797],[-6.24329,34.00797],[-6.24329,34.01022],[-6.24105,34.01022],[-6.24105,34.00797]]],[[[-6.21859,34.01471],[-6.21859,34.01695],[-6.21634,34.01695],[-6.21634,34.01471],[-6.21859,34.01471]]],[[[-6.19164,34.4212],[-6.19164,34.42344],[-6.18939,34.42344],[-6.18939,34.4212],[-6.19164,34.4212]]],[[[-6.18265,34.4212],[-6.1849,34.4212],[-6.1849,34.42344],[-6.18265,34.42344],[-6.18265,34.4212]]],[[[-6.20736,34.4212],[-6.20736,34.42569],[-6.20511,34.42569],[-6.20511,34.4212],[-6.20736,34.4212]]],[[[-6.22083,34.4212],[-6.22083,34.42569],[-6.21859,34.42569],[-6.21859,34.4212],[-6.22083,34.4212]]],[[[-6.18715,34.42344],[-6.18939,34.42344],[-6.18939,34.42569],[-6.18715,34.42569],[-6.18715,34.42344]]],[[[-6.2141,34.42569],[-6.2141,34.42793],[-6.2096,34.42793],[-6.2096,34.42569],[-6.2141,34.42569]]],[[[-6.22308,34.42793],[-6.22308,34.43018],[-6.21859,34.43018],[-6.21859,34.42793],[-6.22308,34.42793]]],[[[-6.22532,34.42793],[-6.22757,34.42793],[-6.22757,34.43018],[-6.22532,34.43018],[-6.22532,34.42793]]],[[[-6.1849,34.43467],[-6.18041,34.43018],[-6.18041,34.42569],[-6.18715,34.42793],[-6.1849,34.43467]]],[[[-6.21634,34.43018],[-6.21634,34.43242],[-6.2141,34.43242],[-6.2141,34.43018],[-6.21634,34.43018]]],[[[-6.21185,34.43242],[-6.2096,34.43242],[-6.2096,34.43018],[-6.21185,34.43018],[-6.21185,34.43242]]],[[[-6.19388,34.43018],[-6.19388,34.43467],[-6.18939,34.43467],[-6.18939,34.42793],[-6.2096,34.42793],[-6.19388,34.43018]]],[[[-6.22308,34.43467],[-6.22083,34.43692],[-6.22083,34.43242],[-6.22757,34.43242],[-6.22308,34.43467]]],[[[-6.21185,34.43242],[-6.2141,34.43242],[-6.2141,34.43692],[-6.21185,34.43692],[-6.21185,34.43242]]],[[[-6.21859,34.43692],[-6.21634,34.43692],[-6.21634,34.43467],[-6.21859,34.43467],[-6.21859,34.43692]]],[[[-6.2141,34.43692],[-6.21634,34.43692],[-6.21634,34.43916],[-6.2141,34.43916],[-6.2141,34.43692]]],[[[-6.21859,34.43692],[-6.22083,34.43692],[-6.22083,34.43916],[-6.21859,34.43916],[-6.21859,34.43692]]],[[[-6.22757,34.43692],[-6.22757,34.43916],[-6.22532,34.43916],[-6.22532,34.43692],[-6.22757,34.43692]]],[[[-6.23431,34.44141],[-6.23431,34.44365],[-6.23206,34.44365],[-6.23206,34.44141],[-6.23431,34.44141]]],[[[-6.22308,34.44815],[-6.22083,34.44815],[-6.22083,34.44141],[-6.22532,34.44365],[-6.22308,34.44815]]],[[[-6.2141,34.44365],[-6.2141,34.4459],[-6.21185,34.4459],[-6.21185,34.44365],[-6.2141,34.44365]]],[[[-6.22757,34.4459],[-6.22757,34.45039],[-6.22308,34.45039],[-6.22308,34.44815],[-6.22757,34.4459]]],[[[-6.2141,34.45264],[-6.21859,34.45264],[-6.21859,34.45488],[-6.2141,34.45488],[-6.2141,34.45264]]],[[[-6.22982,34.45488],[-6.22982,34.45713],[-6.22757,34.45713],[-6.22757,34.45488],[-6.22982,34.45488]]],[[[-6.23431,34.45488],[-6.23431,34.45937],[-6.23206,34.45937],[-6.23206,34.45488],[-6.23431,34.45488]]],[[[-6.24778,34.45713],[-6.24778,34.45937],[-6.24554,34.45937],[-6.24554,34.45713],[-6.24778,34.45713]]],[[[-6.18939,34.45713],[-6.18939,34.45937],[-6.1849,34.45937],[-6.1849,34.45713],[-6.18939,34.45713]]],[[[-6.19164,34.46387],[-6.18939,34.45937],[-6.19388,34.45713],[-6.19613,34.46387],[-6.19164,34.46387]]],[[[-6.21859,34.45937],[-6.21859,34.46162],[-6.21634,34.46162],[-6.21634,34.45937],[-6.21859,34.45937]]],[[[-6.19613,34.45937],[-6.19838,34.45937],[-6.19838,34.46162],[-6.19613,34.46162],[-6.19613,34.45937]]],[[[-6.25452,34.45937],[-6.25452,34.46162],[-6.25227,34.46162],[-6.25227,34.45937],[-6.25452,34.45937]]],[[[-6.22982,34.45937],[-6.22982,34.46162],[-6.22532,34.46162],[-6.22532,34.45937],[-6.22982,34.45937]]],[[[-6.24554,34.46162],[-6.24329,34.46162],[-6.24105,34.46387],[-6.24105,34.45937],[-6.24554,34.46162]]],[[[-6.2388,34.45937],[-6.2388,34.46387],[-6.23655,34.46387],[-6.23431,34.45937],[-6.2388,34.45937]]],[[[-6.2096,34.46162],[-6.2096,34.46387],[-6.20736,34.46387],[-6.20736,34.46162],[-6.2096,34.46162]]],[[[-6.25003,34.46162],[-6.25227,34.46162],[-6.25227,34.46387],[-6.25003,34.46387],[-6.25003,34.46162]]],[[[-6.20511,34.46162],[-6.20511,34.46387],[-6.20287,34.46387],[-6.20287,34.46162],[-6.20511,34.46162]]],[[[-6.2141,34.46162],[-6.2141,34.46387],[-6.21185,34.46387],[-6.21185,34.46162],[-6.2141,34.46162]]],[[[-6.17816,34.46611],[-6.18265,34.46162],[-6.1849,34.46836],[-6.17816,34.46836],[-6.17816,34.46611]]],[[[-6.25227,34.46836],[-6.25227,34.4706],[-6.25003,34.4706],[-6.25003,34.46836],[-6.25227,34.46836]]],[[[-6.2388,34.48632],[-6.2388,34.48857],[-6.23655,34.48857],[-6.23655,34.48632],[-6.2388,34.48632]]],[[[-6.23206,34.48632],[-6.23431,34.48632],[-6.23431,34.48857],[-6.23206,34.48857],[-6.23206,34.48632]]],[[[-6.22083,34.48857],[-6.22083,34.49082],[-6.21859,34.49082],[-6.21859,34.48857],[-6.22083,34.48857]]],[[[-6.18939,34.48857],[-6.18939,34.49082],[-6.18715,34.49082],[-6.18715,34.48857],[-6.18939,34.48857]]],[[[-6.19388,34.48857],[-6.19613,34.48857],[-6.19613,34.49082],[-6.19388,34.49082],[-6.19388,34.48857]]],[[[-6.1849,34.49082],[-6.1849,34.49306],[-6.18265,34.49306],[-6.18265,34.49082],[-6.1849,34.49082]]],[[[-6.22982,34.49082],[-6.22982,34.49306],[-6.22757,34.49306],[-6.22757,34.49082],[-6.22982,34.49082]]],[[[-6.25003,34.49082],[-6.25452,34.49082],[-6.25452,34.49306],[-6.25003,34.49306],[-6.25003,34.49082]]],[[[-6.19164,34.49755],[-6.19164,34.4998],[-6.18939,34.4998],[-6.18939,34.49755],[-6.19164,34.49755]]],[[[-6.18715,34.4998],[-6.18715,34.50429],[-6.18265,34.50429],[-6.18265,34.4998],[-6.18715,34.4998]]],[[[-6.25452,34.50429],[-6.25452,34.50654],[-6.25227,34.50654],[-6.25227,34.50429],[-6.25452,34.50429]]],[[[-6.24329,34.50878],[-6.24105,34.50429],[-6.24778,34.50204],[-6.24778,34.50654],[-6.24329,34.50878]]],[[[-6.25227,34.50654],[-6.25227,34.50878],[-6.25003,34.50878],[-6.25003,34.50654],[-6.25227,34.50654]]],[[[-6.23655,34.50654],[-6.2388,34.50654],[-6.2388,34.50878],[-6.23655,34.50878],[-6.23655,34.50654]]],[[[-6.22982,34.50654],[-6.22982,34.50878],[-6.22757,34.50878],[-6.22757,34.50654],[-6.22982,34.50654]]],[[[-6.22982,34.51103],[-6.22982,34.50878],[-6.23206,34.50878],[-6.23206,34.51103],[-6.22982,34.51103]]],[[[-6.23431,34.50878],[-6.23655,34.50878],[-6.23655,34.51103],[-6.23431,34.51103],[-6.23431,34.50878]]],[[[-6.24554,34.51103],[-6.24554,34.51327],[-6.24105,34.51327],[-6.24105,34.50878],[-6.24554,34.51103]]],[[[-6.25227,34.51103],[-6.25227,34.51327],[-6.25003,34.51327],[-6.25003,34.51103],[-6.25227,34.51103]]],[[[-6.19164,34.51552],[-6.19164,34.51776],[-6.1849,34.51776],[-6.1849,34.51552],[-6.19164,34.51552]]],[[[-6.24778,34.51552],[-6.24778,34.51776],[-6.24554,34.51776],[-6.24554,34.51552],[-6.24778,34.51552]]],[[[-6.1849,34.51776],[-6.1849,34.52001],[-6.18265,34.52001],[-6.18265,34.51776],[-6.1849,34.51776]]],[[[-6.24778,34.51776],[-6.25003,34.51776],[-6.25003,34.52226],[-6.24778,34.52226],[-6.24778,34.51776]]],[[[-6.2096,34.52001],[-6.2096,34.52226],[-6.20511,34.52226],[-6.20511,34.52001],[-6.2096,34.52001]]],[[[-6.18265,34.52001],[-6.18265,34.5245],[-6.18041,34.5245],[-6.18041,34.52001],[-6.18265,34.52001]]],[[[-6.25227,34.52226],[-6.25452,34.52226],[-6.25452,34.5245],[-6.25227,34.5245],[-6.25227,34.52226]]],[[[-6.2388,34.52226],[-6.2388,34.5245],[-6.23655,34.5245],[-6.23655,34.52226],[-6.2388,34.52226]]],[[[-6.21185,34.5245],[-6.21185,34.52675],[-6.20736,34.52675],[-6.20736,34.5245],[-6.21185,34.5245]]],[[[-6.24105,34.52675],[-6.24329,34.52675],[-6.24329,34.52899],[-6.24105,34.52899],[-6.24105,34.52675]]],[[[-6.23431,34.53349],[-6.22982,34.53573],[-6.22757,34.53124],[-6.23206,34.5245],[-6.23431,34.53349]]],[[[-6.19164,34.53124],[-6.19164,34.52899],[-6.20736,34.52899],[-6.20062,34.53349],[-6.19164,34.53124]]],[[[-6.22083,34.52899],[-6.21859,34.53349],[-6.2141,34.53124],[-6.2141,34.52899],[-6.22083,34.52899]]],[[[-6.2141,34.53124],[-6.2141,34.53349],[-6.2096,34.53349],[-6.2096,34.53124],[-6.2141,34.53124]]],[[[-6.22757,34.53349],[-6.22757,34.53573],[-6.22532,34.53573],[-6.22532,34.53349],[-6.22757,34.53349]]],[[[-6.19613,34.53349],[-6.19613,34.53573],[-6.19388,34.53573],[-6.19388,34.53349],[-6.19613,34.53349]]],[[[-6.22308,34.53349],[-6.22308,34.53798],[-6.22083,34.53798],[-6.22083,34.53349],[-6.22308,34.53349]]],[[[-6.21634,34.53573],[-6.21634,34.53798],[-6.2141,34.53798],[-6.2141,34.53573],[-6.21634,34.53573]]],[[[-6.18939,34.53798],[-6.19164,34.53573],[-6.18715,34.54247],[-6.18715,34.53798],[-6.18939,34.53798]]],[[[-6.18265,34.53798],[-6.1849,34.53798],[-6.1849,34.54022],[-6.18265,34.54022],[-6.18265,34.53798]]],[[[-6.24554,34.53573],[-6.24778,34.54022],[-6.24329,34.54022],[-6.24329,34.54471],[-6.23655,34.54471],[-6.23655,34.54022],[-6.24554,34.53573]]],[[[-6.22532,34.54247],[-6.22532,34.53798],[-6.22982,34.54022],[-6.22982,34.54471],[-6.22083,34.54471],[-6.22532,34.54247]]],[[[-6.19388,34.54022],[-6.19613,34.54022],[-6.19613,34.54247],[-6.19388,34.54247],[-6.19388,34.54022]]],[[[-6.23431,34.54022],[-6.23431,34.54471],[-6.23206,34.54471],[-6.23206,34.54022],[-6.23431,34.54022]]],[[[-6.20736,34.54022],[-6.20736,34.54471],[-6.20511,34.54471],[-6.20511,34.54022],[-6.20736,34.54022]]],[[[-6.19164,34.54471],[-6.19164,34.54696],[-6.18939,34.54696],[-6.18939,34.54471],[-6.19164,34.54471]]],[[[-6.23655,34.54471],[-6.23655,34.54921],[-6.23431,34.54921],[-6.23431,34.54471],[-6.23655,34.54471]]],[[[-6.18939,34.54696],[-6.18939,34.54921],[-6.18715,34.54921],[-6.18715,34.54696],[-6.18939,34.54696]]],[[[-6.24329,34.54696],[-6.24554,34.54696],[-6.24554,34.54921],[-6.24329,34.54921],[-6.24329,34.54696]]],[[[-6.1849,34.54696],[-6.1849,34.54921],[-6.18265,34.54921],[-6.18265,34.54696],[-6.1849,34.54696]]],[[[-6.24105,34.54921],[-6.24105,34.55145],[-6.2388,34.55145],[-6.2388,34.54921],[-6.24105,34.54921]]],[[[-6.1849,34.54921],[-6.18715,34.54921],[-6.18715,34.5537],[-6.1849,34.5537],[-6.1849,34.54921]]],[[[-6.25452,34.55145],[-6.25452,34.5537],[-6.25227,34.5537],[-6.25227,34.55145],[-6.25452,34.55145]]],[[[-6.22532,34.55594],[-6.22308,34.55819],[-6.22308,34.5537],[-6.22757,34.5537],[-6.22532,34.55594]]],[[[-6.2388,34.55594],[-6.24105,34.55594],[-6.24105,34.55819],[-6.2388,34.55819],[-6.2388,34.55594]]],[[[-6.24554,34.55594],[-6.24554,34.55819],[-6.24329,34.55819],[-6.24329,34.55594],[-6.24554,34.55594]]],[[[-6.1849,34.55819],[-6.18265,34.56043],[-6.18265,34.55594],[-6.18939,34.55594],[-6.1849,34.55819]]],[[[-6.18939,34.55819],[-6.19164,34.55819],[-6.19164,34.56043],[-6.18939,34.56043],[-6.18939,34.55819]]],[[[-6.21185,34.55819],[-6.21185,34.56043],[-6.2096,34.56043],[-6.2096,34.55819],[-6.21185,34.55819]]],[[[-6.20062,34.55819],[-6.20062,34.56043],[-6.19838,34.56043],[-6.19838,34.55819],[-6.20062,34.55819]]],[[[-6.22757,34.56043],[-6.22532,34.55819],[-6.23206,34.55819],[-6.22982,34.56268],[-6.22757,34.56043]]],[[[-6.19388,34.56493],[-6.19388,34.56268],[-6.20062,34.56268],[-6.20511,34.55819],[-6.20287,34.56493],[-6.19388,34.56493]]],[[[-6.21634,34.56043],[-6.21634,34.56268],[-6.2141,34.56268],[-6.2141,34.56043],[-6.21634,34.56043]]],[[[-6.23206,34.56043],[-6.23431,34.56043],[-6.23431,34.56268],[-6.23206,34.56268],[-6.23206,34.56043]]],[[[-6.25003,34.55819],[-6.25003,34.56717],[-6.24554,34.56717],[-6.24778,34.55819],[-6.25003,34.55819]]],[[[-6.18939,34.56268],[-6.18939,34.56493],[-6.18715,34.56493],[-6.18715,34.56268],[-6.18939,34.56268]]],[[[-6.22982,34.56268],[-6.23206,34.56268],[-6.23206,34.56493],[-6.22982,34.56493],[-6.22982,34.56268]]],[[[-6.24329,34.56268],[-6.24329,34.56717],[-6.23431,34.56717],[-6.23431,34.56268],[-6.24329,34.56268]]],[[[-6.2141,34.56268],[-6.2141,34.56717],[-6.20511,34.56493],[-6.20511,34.56268],[-6.2141,34.56268]]],[[[-6.18715,34.56717],[-6.19164,34.56717],[-6.19164,34.56942],[-6.18715,34.56942],[-6.18715,34.56717]]],[[[-6.21859,34.56717],[-6.21859,34.57166],[-6.2141,34.57166],[-6.2141,34.56942],[-6.21859,34.56717]]],[[[-6.25677,34.56717],[-6.25452,34.57391],[-6.24329,34.57166],[-6.24329,34.56717],[-6.25452,34.56942],[-6.25452,34.56493],[-6.26126,34.56493],[-6.25677,34.56717]]],[[[-6.22757,34.57391],[-6.22308,34.57616],[-6.22308,34.56493],[-6.23206,34.56717],[-6.22532,34.56942],[-6.22757,34.57391]]],[[[-6.2096,34.56942],[-6.2096,34.57166],[-6.20511,34.57166],[-6.20511,34.56942],[-6.2096,34.56942]]],[[[-6.18265,34.57166],[-6.18041,34.57391],[-6.17816,34.56942],[-6.18715,34.56942],[-6.18265,34.57166]]],[[[-6.18265,34.57391],[-6.1849,34.57391],[-6.1849,34.57616],[-6.18265,34.57616],[-6.18265,34.57391]]],[[[-6.22308,34.57616],[-6.22308,34.5784],[-6.22083,34.5784],[-6.22083,34.57616],[-6.22308,34.57616]]],[[[-6.2388,34.5784],[-6.24105,34.57616],[-6.24329,34.58065],[-6.22757,34.58065],[-6.2388,34.5784]]],[[[-6.12651,34.40548],[-6.13325,34.40548],[-6.13325,34.40772],[-6.12651,34.40772],[-6.12651,34.40548]]],[[[-6.11528,34.40772],[-6.11528,34.40997],[-6.11079,34.40997],[-6.11079,34.40772],[-6.11528,34.40772]]],[[[-6.13998,34.40772],[-6.13998,34.41221],[-6.13549,34.41221],[-6.13549,34.40772],[-6.13998,34.40772]]],[[[-6.11753,34.40772],[-6.11977,34.40772],[-6.11977,34.41221],[-6.11753,34.41221],[-6.11753,34.40772]]],[[[-6.12651,34.40772],[-6.12651,34.41446],[-6.11977,34.41446],[-6.11977,34.41221],[-6.12651,34.40772]]],[[[-6.11528,34.41221],[-6.11528,34.41446],[-6.11304,34.41446],[-6.11304,34.41221],[-6.11528,34.41221]]],[[[-6.14223,34.41221],[-6.14223,34.41446],[-6.13998,34.41446],[-6.13998,34.41221],[-6.14223,34.41221]]],[[[-6.15121,34.41221],[-6.15121,34.41446],[-6.14448,34.41446],[-6.14448,34.41221],[-6.15121,34.41221]]],[[[-6.10181,34.41446],[-6.10405,34.41895],[-6.09507,34.41895],[-6.09956,34.40997],[-6.1063,34.41221],[-6.10181,34.41446]]],[[[-6.16918,34.41446],[-6.16918,34.4167],[-6.16693,34.4167],[-6.16693,34.41446],[-6.16918,34.41446]]],[[[-6.16244,34.4167],[-6.16469,34.4167],[-6.16469,34.41895],[-6.16244,34.41895],[-6.16244,34.4167]]],[[[-6.11528,34.4167],[-6.11528,34.41895],[-6.11304,34.41895],[-6.11304,34.4167],[-6.11528,34.4167]]],[[[-6.12202,34.4167],[-6.12202,34.4212],[-6.11977,34.4212],[-6.11977,34.4167],[-6.12202,34.4167]]],[[[-6.11528,34.41895],[-6.11753,34.41895],[-6.11753,34.4212],[-6.11528,34.4212],[-6.11528,34.41895]]],[[[-6.10854,34.41895],[-6.10854,34.4212],[-6.10405,34.4212],[-6.10405,34.41895],[-6.10854,34.41895]]],[[[-6.131,34.41895],[-6.131,34.4212],[-6.12876,34.4212],[-6.12876,34.41895],[-6.131,34.41895]]],[[[-6.15795,34.41895],[-6.1602,34.41895],[-6.1602,34.4212],[-6.15795,34.4212],[-6.15795,34.41895]]],[[[-6.17143,34.4212],[-6.16918,34.4212],[-6.16918,34.41895],[-6.17143,34.41895],[-6.17143,34.4212]]],[[[-6.16469,34.4212],[-6.16918,34.4212],[-6.16918,34.42344],[-6.16469,34.42344],[-6.16469,34.4212]]],[[[-6.12202,34.4212],[-6.12426,34.4212],[-6.12426,34.42569],[-6.12202,34.42569],[-6.12202,34.4212]]],[[[-6.11079,34.42344],[-6.11528,34.4212],[-6.11753,34.42569],[-6.11304,34.42569],[-6.11079,34.42344]]],[[[-6.18041,34.42344],[-6.18041,34.42569],[-6.17816,34.42569],[-6.17816,34.42344],[-6.18041,34.42344]]],[[[-6.16469,34.42344],[-6.16469,34.42569],[-6.16244,34.42569],[-6.16244,34.42344],[-6.16469,34.42344]]],[[[-6.17367,34.42569],[-6.17367,34.42793],[-6.17143,34.42793],[-6.17143,34.42569],[-6.17367,34.42569]]],[[[-6.16244,34.42569],[-6.16244,34.42793],[-6.1602,34.42793],[-6.1602,34.42569],[-6.16244,34.42569]]],[[[-6.12426,34.42569],[-6.12651,34.42569],[-6.12651,34.43018],[-6.12426,34.43018],[-6.12426,34.42569]]],[[[-6.15571,34.42793],[-6.15571,34.43018],[-6.15346,34.43018],[-6.15346,34.42793],[-6.15571,34.42793]]],[[[-6.12202,34.42793],[-6.12202,34.43018],[-6.11977,34.43018],[-6.11977,34.42793],[-6.12202,34.42793]]],[[[-6.16469,34.43018],[-6.16918,34.43018],[-6.16918,34.43242],[-6.16469,34.43242],[-6.16469,34.43018]]],[[[-6.11977,34.43018],[-6.11977,34.43242],[-6.11753,34.43242],[-6.11753,34.43018],[-6.11977,34.43018]]],[[[-6.15795,34.43018],[-6.15795,34.43242],[-6.15571,34.43242],[-6.15571,34.43018],[-6.15795,34.43018]]],[[[-6.16244,34.43242],[-6.16244,34.43467],[-6.1602,34.43467],[-6.1602,34.43242],[-6.16244,34.43242]]],[[[-6.17592,34.43242],[-6.17592,34.43467],[-6.17367,34.43467],[-6.17367,34.43242],[-6.17592,34.43242]]],[[[-6.13325,34.43467],[-6.131,34.43916],[-6.12876,34.43916],[-6.12876,34.43467],[-6.13325,34.43467]]],[[[-6.13325,34.43916],[-6.13325,34.43692],[-6.13774,34.43692],[-6.13774,34.43916],[-6.13325,34.43916]]],[[[-6.16469,34.43692],[-6.16693,34.43692],[-6.16693,34.43916],[-6.16469,34.43916],[-6.16469,34.43692]]],[[[-6.17367,34.44141],[-6.17367,34.4459],[-6.17143,34.4459],[-6.17143,34.44141],[-6.17367,34.44141]]],[[[-6.12876,34.44365],[-6.12876,34.4459],[-6.12651,34.4459],[-6.12651,34.44365],[-6.12876,34.44365]]],[[[-6.16693,34.44365],[-6.16918,34.44365],[-6.16918,34.44815],[-6.16693,34.44815],[-6.16693,34.44365]]],[[[-6.13998,34.4459],[-6.13998,34.44815],[-6.13774,34.44815],[-6.13774,34.4459],[-6.13998,34.4459]]],[[[-6.131,34.4459],[-6.131,34.45039],[-6.12876,34.45039],[-6.12876,34.4459],[-6.131,34.4459]]],[[[-6.14448,34.44815],[-6.14672,34.44815],[-6.14672,34.45039],[-6.14448,34.45039],[-6.14448,34.44815]]],[[[-6.18041,34.44815],[-6.18041,34.45264],[-6.17816,34.45264],[-6.17816,34.44815],[-6.18041,34.44815]]],[[[-6.17143,34.45039],[-6.17143,34.45264],[-6.16918,34.45264],[-6.16918,34.45039],[-6.17143,34.45039]]],[[[-6.16244,34.45264],[-6.16469,34.45264],[-6.16469,34.45488],[-6.16244,34.45488],[-6.16244,34.45264]]],[[[-6.17592,34.45488],[-6.17592,34.45713],[-6.17143,34.45713],[-6.17143,34.45488],[-6.17592,34.45488]]],[[[-6.18041,34.45488],[-6.18041,34.45713],[-6.17816,34.45713],[-6.17816,34.45488],[-6.18041,34.45488]]],[[[-6.11304,34.45488],[-6.11528,34.45488],[-6.11528,34.45713],[-6.11304,34.45713],[-6.11304,34.45488]]],[[[-6.17816,34.45713],[-6.17816,34.45937],[-6.17592,34.45937],[-6.17592,34.45713],[-6.17816,34.45713]]],[[[-6.15346,34.45713],[-6.15346,34.45937],[-6.15121,34.45937],[-6.15121,34.45713],[-6.15346,34.45713]]],[[[-6.14223,34.45937],[-6.14448,34.45937],[-6.14448,34.46162],[-6.14223,34.46162],[-6.14223,34.45937]]],[[[-6.15121,34.45937],[-6.15121,34.46162],[-6.14672,34.46162],[-6.14672,34.45937],[-6.15121,34.45937]]],[[[-6.15795,34.46162],[-6.15795,34.46387],[-6.15571,34.46387],[-6.15571,34.46162],[-6.15795,34.46162]]],[[[-6.14448,34.48408],[-6.14672,34.48408],[-6.14672,34.48632],[-6.14448,34.48632],[-6.14448,34.48408]]],[[[-6.18041,34.49082],[-6.18041,34.49306],[-6.17816,34.49306],[-6.17816,34.49082],[-6.18041,34.49082]]],[[[-6.16469,34.49306],[-6.16469,34.49531],[-6.16244,34.49531],[-6.16244,34.49306],[-6.16469,34.49306]]],[[[-6.14448,34.49531],[-6.14448,34.49755],[-6.14223,34.49755],[-6.14223,34.49531],[-6.14448,34.49531]]],[[[-6.17592,34.49755],[-6.17143,34.4998],[-6.17143,34.49531],[-6.17367,34.49531],[-6.17592,34.49755]]],[[[-6.16918,34.49755],[-6.16918,34.4998],[-6.16693,34.4998],[-6.16693,34.49755],[-6.16918,34.49755]]],[[[-6.15795,34.4998],[-6.15795,34.50204],[-6.15571,34.50204],[-6.15571,34.4998],[-6.15795,34.4998]]],[[[-6.17592,34.4998],[-6.17816,34.4998],[-6.17816,34.50204],[-6.17592,34.50204],[-6.17592,34.4998]]],[[[-6.18041,34.50204],[-6.18041,34.50429],[-6.17816,34.50429],[-6.17816,34.50204],[-6.18041,34.50204]]],[[[-6.15571,34.50204],[-6.15571,34.50654],[-6.15346,34.50654],[-6.15346,34.50204],[-6.15571,34.50204]]],[[[-6.1602,34.50654],[-6.16244,34.50654],[-6.16244,34.50878],[-6.1602,34.50878],[-6.1602,34.50654]]],[[[-6.14672,34.51552],[-6.14672,34.51776],[-6.13998,34.51776],[-6.13998,34.51552],[-6.14672,34.51552]]],[[[-6.13325,34.51552],[-6.13325,34.51776],[-6.12876,34.51776],[-6.12876,34.51552],[-6.13325,34.51552]]],[[[-6.11977,34.51552],[-6.12202,34.51552],[-6.12202,34.51776],[-6.11977,34.51776],[-6.11977,34.51552]]],[[[-6.12426,34.51776],[-6.12426,34.52001],[-6.12202,34.52001],[-6.12202,34.51776],[-6.12426,34.51776]]],[[[-6.13774,34.51776],[-6.13774,34.52001],[-6.13325,34.52001],[-6.13325,34.51776],[-6.13774,34.51776]]],[[[-6.15121,34.52001],[-6.15346,34.52001],[-6.15346,34.5245],[-6.14897,34.5245],[-6.15121,34.52001]]],[[[-6.14223,34.52001],[-6.14223,34.5245],[-6.13774,34.52226],[-6.13774,34.52001],[-6.14223,34.52001]]],[[[-6.10854,34.52226],[-6.10854,34.52675],[-6.1063,34.52675],[-6.1063,34.52226],[-6.10854,34.52226]]],[[[-6.12651,34.52675],[-6.11977,34.52226],[-6.13549,34.52226],[-6.12651,34.5245],[-6.12651,34.52675]]],[[[-6.12202,34.52675],[-6.11304,34.52899],[-6.11304,34.52226],[-6.11753,34.52226],[-6.12202,34.52675]]],[[[-6.13774,34.5245],[-6.13774,34.52899],[-6.12651,34.52899],[-6.12651,34.52675],[-6.13774,34.5245]]],[[[-6.09731,34.5245],[-6.09956,34.5245],[-6.09956,34.52899],[-6.09731,34.52899],[-6.09731,34.5245]]],[[[-6.14223,34.52675],[-6.14223,34.53124],[-6.13998,34.53124],[-6.13998,34.52675],[-6.14223,34.52675]]],[[[-6.15795,34.53124],[-6.15795,34.53349],[-6.15571,34.53349],[-6.15571,34.53124],[-6.15795,34.53124]]],[[[-6.14223,34.53349],[-6.14448,34.53349],[-6.14448,34.53573],[-6.14223,34.53573],[-6.14223,34.53349]]],[[[-6.09282,34.53798],[-6.09507,34.53124],[-6.10181,34.53349],[-6.09731,34.53798],[-6.09282,34.53798]]],[[[-6.1602,34.53349],[-6.1602,34.53573],[-6.15795,34.53573],[-6.15795,34.53349],[-6.1602,34.53349]]],[[[-6.11528,34.53798],[-6.11304,34.54247],[-6.10854,34.54022],[-6.11079,34.53124],[-6.11528,34.53798]]],[[[-6.12426,34.53573],[-6.12426,34.53798],[-6.12202,34.53798],[-6.12202,34.53573],[-6.12426,34.53573]]],[[[-6.15571,34.54921],[-6.15121,34.54471],[-6.15795,34.54696],[-6.1602,34.54022],[-6.15571,34.53798],[-6.1602,34.53798],[-6.16244,34.53349],[-6.16918,34.53798],[-6.16918,34.52899],[-6.15571,34.52899],[-6.15795,34.52226],[-6.15346,34.51552],[-6.16469,34.5245],[-6.16918,34.52226],[-6.17143,34.53124],[-6.17816,34.52226],[-6.17592,34.54247],[-6.18041,34.54471],[-6.16693,34.54022],[-6.16693,34.54921],[-6.15346,34.55819],[-6.15571,34.54921]],[[-6.16244,34.5245],[-6.1602,34.5245],[-6.1602,34.52675],[-6.16244,34.52675],[-6.16244,34.5245]],[[-6.16244,34.54696],[-6.1602,34.54696],[-6.1602,34.54921],[-6.16244,34.54921],[-6.16244,34.54696]]],[[[-6.1063,34.53573],[-6.10854,34.53573],[-6.10854,34.53798],[-6.1063,34.53798],[-6.1063,34.53573]]],[[[-6.13549,34.53573],[-6.13549,34.53798],[-6.13325,34.53798],[-6.13325,34.53573],[-6.13549,34.53573]]],[[[-6.14223,34.53573],[-6.14223,34.53798],[-6.13774,34.53798],[-6.13774,34.53573],[-6.14223,34.53573]]],[[[-6.14897,34.54022],[-6.15121,34.54022],[-6.15121,34.54247],[-6.14897,34.54247],[-6.14897,34.54022]]],[[[-6.18265,34.54022],[-6.18265,34.54247],[-6.18041,34.54247],[-6.18041,34.54022],[-6.18265,34.54022]]],[[[-6.10854,34.54022],[-6.10854,34.54247],[-6.10405,34.54247],[-6.10405,34.54022],[-6.10854,34.54022]]],[[[-6.13998,34.54247],[-6.14223,34.54247],[-6.14223,34.54471],[-6.13998,34.54471],[-6.13998,34.54247]]],[[[-6.15795,34.54247],[-6.15795,34.54471],[-6.15571,34.54471],[-6.15571,34.54247],[-6.15795,34.54247]]],[[[-6.12651,34.54247],[-6.12651,34.54471],[-6.12426,34.54471],[-6.12426,34.54247],[-6.12651,34.54247]]],[[[-6.11753,34.54247],[-6.12202,34.54247],[-6.12202,34.54471],[-6.11753,34.54471],[-6.11753,34.54247]]],[[[-6.14672,34.54247],[-6.14672,34.54471],[-6.14448,34.54471],[-6.14448,34.54247],[-6.14672,34.54247]]],[[[-6.12426,34.54471],[-6.12426,34.54921],[-6.12202,34.54921],[-6.12202,34.54471],[-6.12426,34.54471]]],[[[-6.14897,34.54696],[-6.15121,34.54696],[-6.15121,34.54921],[-6.14897,34.54921],[-6.14897,34.54696]]],[[[-6.17816,34.5537],[-6.16918,34.55145],[-6.16918,34.54921],[-6.17816,34.54696],[-6.17816,34.5537]]],[[[-6.15121,34.55145],[-6.15121,34.5537],[-6.14897,34.5537],[-6.14897,34.55145],[-6.15121,34.55145]]],[[[-6.131,34.55594],[-6.13325,34.55594],[-6.13325,34.55819],[-6.131,34.55819],[-6.131,34.55594]]],[[[-6.14672,34.55594],[-6.14672,34.55819],[-6.14223,34.55819],[-6.14223,34.55594],[-6.14672,34.55594]]],[[[-6.16693,34.55819],[-6.16693,34.56043],[-6.16244,34.56043],[-6.16244,34.55819],[-6.16693,34.55819]]],[[[-6.12651,34.56043],[-6.12876,34.56043],[-6.12876,34.56268],[-6.12651,34.56268],[-6.12651,34.56043]]],[[[-6.13549,34.56717],[-6.13549,34.56268],[-6.13325,34.55819],[-6.13998,34.56268],[-6.13549,34.56717]]],[[[-6.17367,34.56268],[-6.17367,34.56493],[-6.17143,34.56493],[-6.17143,34.56268],[-6.17367,34.56268]]],[[[-6.14897,34.56493],[-6.14897,34.56717],[-6.14672,34.56717],[-6.14672,34.56493],[-6.14897,34.56493]]],[[[-6.14223,34.56493],[-6.14223,34.56717],[-6.13998,34.56717],[-6.13998,34.56493],[-6.14223,34.56493]]],[[[-6.15121,34.56717],[-6.15121,34.56942],[-6.14897,34.56942],[-6.14897,34.56717],[-6.15121,34.56717]]],[[[-6.131,34.56717],[-6.131,34.56942],[-6.12876,34.56942],[-6.12876,34.56717],[-6.131,34.56717]]],[[[-6.16469,34.56717],[-6.16693,34.56717],[-6.16693,34.56942],[-6.16469,34.56942],[-6.16469,34.56717]]],[[[-6.16244,34.56043],[-6.16469,34.57616],[-6.1602,34.5784],[-6.1602,34.57166],[-6.15346,34.56717],[-6.15795,34.56717],[-6.16244,34.56043]]],[[[-6.14897,34.56942],[-6.14897,34.57166],[-6.14672,34.57166],[-6.14672,34.56942],[-6.14897,34.56942]]],[[[-6.11079,34.56942],[-6.11304,34.56942],[-6.11304,34.57166],[-6.11079,34.57166],[-6.11079,34.56942]]],[[[-6.14448,34.56942],[-6.14448,34.57391],[-6.13998,34.57166],[-6.13998,34.56942],[-6.14448,34.56942]]],[[[-6.15346,34.56942],[-6.15346,34.57391],[-6.15121,34.57391],[-6.15121,34.56942],[-6.15346,34.56942]]],[[[-6.16469,34.57166],[-6.16693,34.57166],[-6.16693,34.57391],[-6.16469,34.57391],[-6.16469,34.57166]]],[[[-6.17143,34.57166],[-6.17143,34.5784],[-6.16918,34.5784],[-6.16918,34.57166],[-6.17143,34.57166]]],[[[-6.14672,34.57391],[-6.14672,34.57616],[-6.14448,34.57616],[-6.14448,34.57391],[-6.14672,34.57391]]],[[[-6.13325,34.5784],[-6.14223,34.5784],[-6.14223,34.58065],[-6.13325,34.58065],[-6.13325,34.5784]]],[[[-6.1602,34.5784],[-6.1602,34.58065],[-6.15121,34.58065],[-6.15121,34.5784],[-6.1602,34.5784]]],[[[-6.16918,34.5784],[-6.16918,34.58065],[-6.16244,34.58065],[-6.16244,34.5784],[-6.16918,34.5784]]],[[[-6.00075,34.37179],[-5.9985,34.37179],[-5.99625,34.3673],[-6.00299,34.3673],[-6.00075,34.37179]]],[[[-6.00973,34.36954],[-6.00973,34.37179],[-6.00299,34.37179],[-6.00299,34.36954],[-6.00973,34.36954]]],[[[-6.00973,34.37403],[-6.01647,34.37179],[-6.01647,34.37628],[-6.01422,34.37403],[-6.00973,34.37403]]],[[[-6.01647,34.37628],[-6.01871,34.37628],[-6.01871,34.37853],[-6.01647,34.37853],[-6.01647,34.37628]]],[[[-6.00973,34.37853],[-6.00973,34.38077],[-6.00748,34.38077],[-6.00748,34.37853],[-6.00973,34.37853]]],[[[-6.02096,34.38077],[-6.02096,34.38302],[-6.01647,34.38302],[-6.01647,34.38077],[-6.02096,34.38077]]],[[[-6.00973,34.38526],[-6.01422,34.38526],[-6.01422,34.38751],[-6.00973,34.38751],[-6.00973,34.38526]]],[[[-5.9985,34.38526],[-5.9985,34.38751],[-5.99625,34.38751],[-5.99625,34.38526],[-5.9985,34.38526]]],[[[-6.03892,34.38751],[-6.04342,34.38526],[-6.04566,34.38975],[-6.04117,34.38975],[-6.03892,34.38751]]],[[[-6.03219,34.38751],[-6.03443,34.38751],[-6.03443,34.38975],[-6.03219,34.38975],[-6.03219,34.38751]]],[[[-6.00299,34.38751],[-6.00299,34.38975],[-5.9985,34.38975],[-5.9985,34.38751],[-6.00299,34.38751]]],[[[-6.02994,34.38751],[-6.02994,34.392],[-6.02545,34.392],[-6.02545,34.38975],[-6.02994,34.38751]]],[[[-6.07261,34.392],[-6.07486,34.392],[-6.07486,34.39425],[-6.07261,34.39425],[-6.07261,34.392]]],[[[-6.0524,34.392],[-6.0524,34.39425],[-6.05015,34.39425],[-6.05015,34.392],[-6.0524,34.392]]],[[[-6.00973,34.38975],[-6.00973,34.39874],[-6.00748,34.39874],[-6.00524,34.38975],[-6.00973,34.38975]]],[[[-6.03892,34.392],[-6.04117,34.392],[-6.04117,34.39649],[-6.03892,34.39649],[-6.03892,34.392]]],[[[-6.03219,34.39874],[-6.0277,34.39425],[-6.03668,34.392],[-6.03443,34.39874],[-6.03219,34.39874]]],[[[-6.00299,34.39425],[-6.00299,34.39649],[-6.00075,34.39649],[-6.00075,34.39425],[-6.00299,34.39425]]],[[[-6.05689,34.40098],[-6.0524,34.39425],[-6.05914,34.392],[-6.05689,34.39425],[-6.05689,34.40098]]],[[[-6.01871,34.39649],[-6.01871,34.39874],[-6.01647,34.39874],[-6.01647,34.39649],[-6.01871,34.39649]]],[[[-6.03892,34.39649],[-6.03892,34.39874],[-6.03668,34.39874],[-6.03668,34.39649],[-6.03892,34.39649]]],[[[-6.04117,34.39649],[-6.04342,34.39649],[-6.04342,34.39874],[-6.04117,34.39874],[-6.04117,34.39649]]],[[[-6.06138,34.39649],[-6.06138,34.39874],[-6.05914,34.39874],[-6.05914,34.39649],[-6.06138,34.39649]]],[[[-6.04566,34.39874],[-6.04791,34.39425],[-6.05015,34.39425],[-6.05015,34.40098],[-6.04566,34.39874]]],[[[-6.09507,34.39874],[-6.09731,34.39874],[-6.09731,34.40098],[-6.09507,34.40098],[-6.09507,34.39874]]],[[[-6.03219,34.39874],[-6.03219,34.40098],[-6.02545,34.40098],[-6.02545,34.39874],[-6.03219,34.39874]]],[[[-6.00524,34.39874],[-6.00524,34.40098],[-6.00299,34.40098],[-6.00299,34.39874],[-6.00524,34.39874]]],[[[-6.07935,34.40548],[-6.0771,34.40098],[-6.07037,34.39874],[-6.07935,34.39874],[-6.07935,34.40548]]],[[[-6.09058,34.40098],[-6.09058,34.40323],[-6.08833,34.40323],[-6.08833,34.40098],[-6.09058,34.40098]]],[[[-6.06363,34.40098],[-6.06363,34.40323],[-6.06138,34.40323],[-6.06138,34.40098],[-6.06363,34.40098]]],[[[-6.05015,34.40098],[-6.0524,34.40098],[-6.0524,34.40323],[-6.05015,34.40323],[-6.05015,34.40098]]],[[[-6.00973,34.40323],[-6.00973,34.40548],[-6.00524,34.40548],[-6.00524,34.40323],[-6.00973,34.40323]]],[[[-6.09731,34.40323],[-6.09731,34.40548],[-6.09058,34.40548],[-6.09058,34.40323],[-6.09731,34.40323]]],[[[-6.07486,34.40323],[-6.07486,34.40548],[-6.07261,34.40548],[-6.07261,34.40323],[-6.07486,34.40323]]],[[[-6.08833,34.40323],[-6.08833,34.40548],[-6.08609,34.40548],[-6.08609,34.40323],[-6.08833,34.40323]]],[[[-6.03219,34.40323],[-6.03219,34.40548],[-6.02994,34.40548],[-6.02994,34.40323],[-6.03219,34.40323]]],[[[-6.03668,34.40323],[-6.03668,34.40548],[-6.03443,34.40548],[-6.03443,34.40323],[-6.03668,34.40323]]],[[[-6.08833,34.40548],[-6.09058,34.40548],[-6.09058,34.40772],[-6.08833,34.40772],[-6.08833,34.40548]]],[[[-6.0277,34.40548],[-6.0277,34.40772],[-6.02545,34.40772],[-6.02545,34.40548],[-6.0277,34.40548]]],[[[-6.05689,34.40772],[-6.05689,34.40997],[-6.05465,34.40997],[-6.05465,34.40772],[-6.05689,34.40772]]],[[[-6.04342,34.40772],[-6.04566,34.40772],[-6.04566,34.40997],[-6.04342,34.40997],[-6.04342,34.40772]]],[[[-6.00973,34.40772],[-6.00973,34.40997],[-6.00748,34.40997],[-6.00748,34.40772],[-6.00973,34.40772]]],[[[-6.09058,34.40997],[-6.09058,34.41221],[-6.08609,34.41221],[-6.08609,34.40997],[-6.09058,34.40997]]],[[[-6.06363,34.40997],[-6.06587,34.40997],[-6.06587,34.41446],[-6.06363,34.41446],[-6.06363,34.40997]]],[[[-6.01198,34.41221],[-6.01198,34.41446],[-6.00973,34.41446],[-6.00973,34.41221],[-6.01198,34.41221]]],[[[-6.09282,34.41221],[-6.09282,34.41446],[-6.09058,34.41446],[-6.09058,34.41221],[-6.09282,34.41221]]],[[[-6.05015,34.41221],[-6.0524,34.41221],[-6.0524,34.41446],[-6.05015,34.41446],[-6.05015,34.41221]]],[[[-6.04791,34.41221],[-6.04791,34.4167],[-6.04342,34.41446],[-6.04342,34.41221],[-6.04791,34.41221]]],[[[-6.08833,34.41446],[-6.08833,34.4167],[-6.08609,34.4167],[-6.08609,34.41446],[-6.08833,34.41446]]],[[[-6.05689,34.4167],[-6.05914,34.4167],[-6.05914,34.41895],[-6.05689,34.41895],[-6.05689,34.4167]]],[[[-6.09507,34.41895],[-6.09507,34.4212],[-6.09282,34.4212],[-6.09282,34.41895],[-6.09507,34.41895]]],[[[-6.00524,34.41895],[-6.00524,34.4212],[-6.00299,34.4212],[-6.00299,34.41895],[-6.00524,34.41895]]],[[[-6.09507,34.4212],[-6.09731,34.4212],[-6.09731,34.42344],[-6.09507,34.42344],[-6.09507,34.4212]]],[[[-6.02994,34.42344],[-6.02994,34.42569],[-6.0277,34.42569],[-6.0277,34.42344],[-6.02994,34.42344]]],[[[-6.07935,34.42344],[-6.07935,34.42569],[-6.0771,34.42569],[-6.0771,34.42344],[-6.07935,34.42344]]],[[[-6.09507,34.42569],[-6.09731,34.42569],[-6.09731,34.42793],[-6.09507,34.42793],[-6.09507,34.42569]]],[[[-6.03892,34.43692],[-6.03892,34.43916],[-6.03443,34.43916],[-6.03443,34.43692],[-6.03892,34.43692]]],[[[-6.04791,34.43916],[-6.04791,34.44141],[-6.04566,34.44141],[-6.04566,34.43916],[-6.04791,34.43916]]],[[[-6.04791,34.44365],[-6.05015,34.44365],[-6.05015,34.4459],[-6.04791,34.4459],[-6.04791,34.44365]]],[[[-6.04791,34.44815],[-6.04791,34.45264],[-6.04566,34.45264],[-6.04566,34.44815],[-6.04791,34.44815]]],[[[-6.0524,34.45039],[-6.0524,34.45264],[-6.05015,34.45264],[-6.05015,34.45039],[-6.0524,34.45039]]],[[[-6.00524,34.45488],[-6.00748,34.45488],[-6.00748,34.45713],[-6.00524,34.45713],[-6.00524,34.45488]]],[[[-6.01422,34.45488],[-6.01422,34.45937],[-6.01198,34.45937],[-6.00973,34.45488],[-6.01422,34.45488]]],[[[-6.01871,34.46162],[-6.01871,34.46387],[-6.01647,34.46387],[-6.01647,34.46162],[-6.01871,34.46162]]],[[[-6.01871,34.46387],[-6.02096,34.46387],[-6.02096,34.46611],[-6.01871,34.46611],[-6.01871,34.46387]]],[[[-6.01647,34.46387],[-6.01647,34.46611],[-6.01422,34.46611],[-6.01422,34.46387],[-6.01647,34.46387]]],[[[-6.00299,34.46387],[-6.00299,34.46611],[-6.00075,34.46611],[-6.00075,34.46387],[-6.00299,34.46387]]],[[[-6.06812,34.46387],[-6.07037,34.46387],[-6.07037,34.46611],[-6.06812,34.46611],[-6.06812,34.46387]]],[[[-6.07486,34.47509],[-6.07486,34.47734],[-6.07261,34.47734],[-6.07261,34.47509],[-6.07486,34.47509]]],[[[-6.01871,34.48183],[-6.01871,34.48408],[-6.01647,34.48408],[-6.01647,34.47959],[-6.02096,34.47959],[-6.01871,34.48183]]],[[[-6.07261,34.48857],[-6.07486,34.48857],[-6.07486,34.49082],[-6.07261,34.49082],[-6.07261,34.48857]]],[[[-6.03892,34.49531],[-6.03892,34.49755],[-6.03668,34.49755],[-6.03668,34.49531],[-6.03892,34.49531]]],[[[-6.04566,34.49755],[-6.04566,34.4998],[-6.04342,34.4998],[-6.04342,34.49755],[-6.04566,34.49755]]],[[[-6.04791,34.49755],[-6.05015,34.49755],[-6.05015,34.4998],[-6.04791,34.4998],[-6.04791,34.49755]]],[[[-6.07935,34.49755],[-6.07935,34.4998],[-6.0771,34.4998],[-6.0771,34.49755],[-6.07935,34.49755]]],[[[-6.0524,34.4998],[-6.0524,34.50204],[-6.05015,34.50204],[-6.05015,34.4998],[-6.0524,34.4998]]],[[[-6.06587,34.50204],[-6.06812,34.50204],[-6.06812,34.50429],[-6.06587,34.50429],[-6.06587,34.50204]]],[[[-6.04566,34.51103],[-6.04566,34.51327],[-6.04342,34.51327],[-6.04342,34.51103],[-6.04566,34.51103]]],[[[-6.00075,34.51103],[-6.00075,34.51552],[-5.99625,34.51552],[-5.9985,34.51103],[-6.00075,34.51103]]],[[[-6.00973,34.51552],[-6.00748,34.51327],[-6.01422,34.51776],[-6.00973,34.51776],[-6.00973,34.51552]]],[[[-6.04791,34.51552],[-6.04791,34.51776],[-6.04566,34.51776],[-6.04566,34.51552],[-6.04791,34.51552]]],[[[-6.0232,34.51552],[-6.0232,34.51776],[-6.02096,34.51776],[-6.02096,34.51552],[-6.0232,34.51552]]],[[[-6.07486,34.51552],[-6.07486,34.51776],[-6.07261,34.51776],[-6.07261,34.51552],[-6.07486,34.51552]]],[[[-6.0524,34.51552],[-6.0524,34.51776],[-6.05015,34.51776],[-6.05015,34.51552],[-6.0524,34.51552]]],[[[-6.02994,34.51103],[-6.0277,34.51776],[-6.04342,34.51327],[-6.03892,34.5245],[-6.03668,34.52001],[-6.02545,34.52226],[-6.02545,34.51103],[-6.02994,34.51103]],[[-6.03668,34.51776],[-6.03892,34.51776],[-6.03892,34.51552],[-6.03668,34.51552],[-6.03668,34.51776]]],[[[-6.07261,34.51776],[-6.07261,34.52001],[-6.07037,34.52001],[-6.07037,34.51776],[-6.07261,34.51776]]],[[[-6.04791,34.51776],[-6.05015,34.51776],[-6.05015,34.52001],[-6.04791,34.52001],[-6.04791,34.51776]]],[[[-6.04566,34.51776],[-6.04566,34.52001],[-6.04342,34.52001],[-6.04342,34.51776],[-6.04566,34.51776]]],[[[-6.07261,34.5245],[-6.07486,34.51776],[-6.07935,34.52001],[-6.0771,34.5245],[-6.07261,34.5245]]],[[[-6.05015,34.52001],[-6.0524,34.52001],[-6.0524,34.52226],[-6.05015,34.52226],[-6.05015,34.52001]]],[[[-6.00299,34.52899],[-6.00299,34.52001],[-5.99625,34.52226],[-5.99625,34.51776],[-6.00299,34.51552],[-6.00748,34.51552],[-6.00973,34.52001],[-6.01871,34.51776],[-6.01647,34.52226],[-6.00748,34.52226],[-6.00748,34.52899],[-6.00299,34.52899]],[[-6.00524,34.51776],[-6.00524,34.52001],[-6.00748,34.52001],[-6.00748,34.51776],[-6.00524,34.51776]]],[[[-6.04566,34.52226],[-6.04566,34.5245],[-6.04342,34.5245],[-6.04342,34.52226],[-6.04566,34.52226]]],[[[-6.08609,34.5245],[-6.09058,34.5245],[-6.09058,34.52899],[-6.08609,34.52675],[-6.08609,34.5245]]],[[[-6.0232,34.52675],[-6.0232,34.52899],[-6.02096,34.52899],[-6.02096,34.52675],[-6.0232,34.52675]]],[[[-6.04566,34.52675],[-6.04566,34.52899],[-6.04342,34.52899],[-6.04342,34.52675],[-6.04566,34.52675]]],[[[-6.03443,34.52675],[-6.03892,34.52675],[-6.03892,34.53124],[-6.03668,34.53124],[-6.03443,34.52675]]],[[[-6.0277,34.52899],[-6.0277,34.53124],[-6.02545,34.53124],[-6.02545,34.52899],[-6.0277,34.52899]]],[[[-6.09282,34.52899],[-6.09282,34.53573],[-6.09058,34.53573],[-6.09058,34.52899],[-6.09282,34.52899]]],[[[-6.01422,34.53573],[-6.01198,34.53124],[-6.00748,34.53349],[-6.00748,34.52899],[-6.01647,34.52899],[-6.01422,34.53573]]],[[[-6.03668,34.53124],[-6.03668,34.53349],[-6.03443,34.53349],[-6.03443,34.53124],[-6.03668,34.53124]]],[[[-6.02096,34.53349],[-6.02096,34.53573],[-6.01871,34.53573],[-6.01871,34.53349],[-6.02096,34.53349]]],[[[-6.01647,34.53573],[-6.01871,34.53573],[-6.01871,34.53798],[-6.01647,34.53798],[-6.01647,34.53573]]],[[[-6.04342,34.54022],[-6.04342,34.54247],[-6.03892,34.54247],[-6.03892,34.53798],[-6.04342,34.54022]]],[[[-6.04342,34.54471],[-6.04342,34.54247],[-6.04566,34.54247],[-6.04566,34.54471],[-6.04342,34.54471]]],[[[-6.01871,34.54247],[-6.02545,34.54247],[-6.02545,34.54471],[-6.01871,34.54471],[-6.01871,34.54247]]],[[[-6.0277,34.54471],[-6.0277,34.54696],[-6.02545,34.54696],[-6.02545,34.54471],[-6.0277,34.54471]]],[[[-6.03668,34.54471],[-6.03668,34.54696],[-6.03443,34.54696],[-6.03443,34.54471],[-6.03668,34.54471]]],[[[-6.03892,34.54471],[-6.04117,34.54471],[-6.04117,34.54696],[-6.03892,34.54696],[-6.03892,34.54471]]],[[[-6.05465,34.54471],[-6.05465,34.54696],[-6.0524,34.54696],[-6.0524,34.54471],[-6.05465,34.54471]]],[[[-6.05465,34.54921],[-6.05465,34.54696],[-6.05689,34.54696],[-6.05689,34.54921],[-6.05465,34.54921]]],[[[-6.02994,34.54696],[-6.03219,34.54696],[-6.03219,34.54921],[-6.02994,34.54921],[-6.02994,34.54696]]],[[[-6.04117,34.55145],[-6.03892,34.55594],[-6.03892,34.54921],[-6.04791,34.54471],[-6.04566,34.55145],[-6.04117,34.55145]]],[[[-6.0277,34.54921],[-6.0277,34.55145],[-6.02545,34.55145],[-6.02545,34.54921],[-6.0277,34.54921]]],[[[-6.0771,34.54921],[-6.08159,34.54921],[-6.08159,34.55145],[-6.0771,34.55145],[-6.0771,34.54921]]],[[[-6.03443,34.54921],[-6.03443,34.55145],[-6.03219,34.55145],[-6.03219,34.54921],[-6.03443,34.54921]]],[[[-6.05914,34.55145],[-6.05689,34.5537],[-6.05689,34.54921],[-6.06138,34.54921],[-6.05914,34.55145]]],[[[-6.04791,34.55145],[-6.05015,34.55145],[-6.05015,34.5537],[-6.04791,34.5537],[-6.04791,34.55145]]],[[[-6.07037,34.5537],[-6.07486,34.55145],[-6.0771,34.55594],[-6.07261,34.55594],[-6.07037,34.5537]]],[[[-6.08384,34.5537],[-6.08384,34.55594],[-6.08159,34.55594],[-6.08159,34.5537],[-6.08384,34.5537]]],[[[-6.04342,34.5537],[-6.04566,34.5537],[-6.04566,34.55594],[-6.04342,34.55594],[-6.04342,34.5537]]],[[[-6.05689,34.5537],[-6.05689,34.55594],[-6.05015,34.55594],[-6.05015,34.5537],[-6.05689,34.5537]]],[[[-5.94685,34.32463],[-5.94685,34.32014],[-5.95583,34.32014],[-5.95358,34.32687],[-5.94236,34.32687],[-5.94685,34.32463]]],[[[-5.96032,34.32014],[-5.96706,34.32238],[-5.96481,34.32687],[-5.96032,34.32687],[-5.96032,34.32014]]],[[[-5.95808,34.32238],[-5.95808,34.32687],[-5.95583,34.32687],[-5.95583,34.32238],[-5.95808,34.32238]]],[[[-5.97155,34.32687],[-5.97155,34.32912],[-5.96706,34.32912],[-5.96706,34.32687],[-5.97155,34.32687]]],[[[-5.96257,34.32912],[-5.96481,34.32912],[-5.96481,34.33136],[-5.96257,34.33136],[-5.96257,34.32912]]],[[[-5.9738,34.33136],[-5.9738,34.33361],[-5.96931,34.33361],[-5.96931,34.33136],[-5.9738,34.33136]]],[[[-5.95808,34.33136],[-5.95808,34.33586],[-5.95583,34.33586],[-5.95583,34.33136],[-5.95808,34.33136]]],[[[-5.96032,34.33136],[-5.96257,34.33136],[-5.96257,34.33586],[-5.96032,34.33586],[-5.96032,34.33136]]],[[[-5.97155,34.33586],[-5.97155,34.3381],[-5.96931,34.3381],[-5.96931,34.33586],[-5.97155,34.33586]]],[[[-5.97604,34.3381],[-5.97604,34.34035],[-5.9738,34.34035],[-5.9738,34.3381],[-5.97604,34.3381]]],[[[-5.96257,34.3381],[-5.96257,34.34035],[-5.96032,34.34035],[-5.96032,34.3381],[-5.96257,34.3381]]],[[[-5.98278,34.34035],[-5.97829,34.34259],[-5.97829,34.33586],[-5.98053,34.34035],[-5.98278,34.34035]]],[[[-5.95583,34.3381],[-5.95583,34.34259],[-5.95358,34.34259],[-5.95358,34.3381],[-5.95583,34.3381]]],[[[-5.98727,34.34035],[-5.98727,34.34259],[-5.98503,34.34259],[-5.98503,34.34035],[-5.98727,34.34035]]],[[[-5.97155,34.34035],[-5.9738,34.34035],[-5.9738,34.34484],[-5.96931,34.34484],[-5.97155,34.34035]]],[[[-5.94236,34.34259],[-5.94236,34.34484],[-5.94011,34.34484],[-5.94011,34.34259],[-5.94236,34.34259]]],[[[-5.94909,34.34484],[-5.94909,34.34708],[-5.9446,34.34708],[-5.9446,34.34259],[-5.94909,34.34484]]],[[[-5.95583,34.34484],[-5.95808,34.34484],[-5.95808,34.34933],[-5.95583,34.34933],[-5.95583,34.34484]]],[[[-5.96706,34.34259],[-5.96931,34.34708],[-5.97829,34.34484],[-5.98278,34.34708],[-5.97829,34.35158],[-5.9738,34.34933],[-5.96706,34.35158],[-5.96481,34.34708],[-5.96032,34.35382],[-5.95808,34.34933],[-5.96706,34.34259]]],[[[-5.98727,34.34933],[-5.98727,34.35158],[-5.98503,34.35158],[-5.98503,34.34933],[-5.98727,34.34933]]],[[[-5.94685,34.35158],[-5.94236,34.35158],[-5.94236,34.35607],[-5.93786,34.35607],[-5.93786,34.34708],[-5.94685,34.35158]]],[[[-5.96706,34.35158],[-5.96706,34.35382],[-5.96481,34.35382],[-5.96481,34.35158],[-5.96706,34.35158]]],[[[-5.97155,34.35158],[-5.97155,34.35382],[-5.96931,34.35382],[-5.96931,34.35158],[-5.97155,34.35158]]],[[[-5.98278,34.35382],[-5.98727,34.35382],[-5.98727,34.35607],[-5.98278,34.35607],[-5.98278,34.35382]]],[[[-5.98053,34.35158],[-5.98053,34.35831],[-5.97829,34.35831],[-5.97829,34.35158],[-5.98053,34.35158]]],[[[-5.99401,34.35607],[-5.99401,34.35831],[-5.99176,34.35831],[-5.99176,34.35607],[-5.99401,34.35607]]],[[[-5.94909,34.35607],[-5.95134,34.36056],[-5.94685,34.36056],[-5.94685,34.35831],[-5.94909,34.35607]]],[[[-5.97829,34.35831],[-5.97829,34.36056],[-5.97604,34.36056],[-5.97604,34.35831],[-5.97829,34.35831]]],[[[-5.94685,34.36281],[-5.94685,34.36505],[-5.9446,34.36505],[-5.9446,34.36281],[-5.94685,34.36281]]],[[[-5.95808,34.36505],[-5.96257,34.36505],[-5.96257,34.3673],[-5.95808,34.3673],[-5.95808,34.36505]]],[[[-5.95583,34.36505],[-5.95583,34.3673],[-5.95358,34.3673],[-5.95358,34.36505],[-5.95583,34.36505]]],[[[-5.94909,34.3673],[-5.94909,34.36954],[-5.94685,34.36954],[-5.94685,34.3673],[-5.94909,34.3673]]],[[[-5.9738,34.3673],[-5.97604,34.3673],[-5.97604,34.36954],[-5.9738,34.36954],[-5.9738,34.3673]]],[[[-5.96931,34.36954],[-5.96931,34.37179],[-5.96706,34.37179],[-5.96706,34.36954],[-5.96931,34.36954]]],[[[-5.9446,34.37179],[-5.9446,34.37403],[-5.94236,34.37403],[-5.94236,34.37179],[-5.9446,34.37179]]],[[[-5.98278,34.37179],[-5.98503,34.37179],[-5.98503,34.37853],[-5.98278,34.37853],[-5.98278,34.37179]]],[[[-5.94685,34.37403],[-5.94685,34.37628],[-5.9446,34.37628],[-5.9446,34.37403],[-5.94685,34.37403]]],[[[-5.95134,34.37628],[-5.95134,34.37853],[-5.94909,34.37853],[-5.94909,34.37628],[-5.95134,34.37628]]],[[[-5.99176,34.37853],[-5.99401,34.37853],[-5.99401,34.38077],[-5.99176,34.38077],[-5.99176,34.37853]]],[[[-5.9985,34.37853],[-5.9985,34.38077],[-5.99625,34.38077],[-5.99625,34.37853],[-5.9985,34.37853]]],[[[-5.95583,34.37853],[-5.95583,34.38302],[-5.95134,34.38302],[-5.95134,34.37853],[-5.95583,34.37853]]],[[[-5.94685,34.38077],[-5.94909,34.38302],[-5.9446,34.38302],[-5.9446,34.37853],[-5.94685,34.38077]]],[[[-5.97604,34.38526],[-5.9738,34.38526],[-5.9738,34.38302],[-5.97604,34.38302],[-5.97604,34.38526]]],[[[-5.97155,34.38526],[-5.9738,34.38526],[-5.9738,34.38751],[-5.97155,34.38751],[-5.97155,34.38526]]],[[[-5.94011,34.38526],[-5.94236,34.38526],[-5.94236,34.38751],[-5.94011,34.38751],[-5.94011,34.38526]]],[[[-5.98503,34.38526],[-5.98503,34.38751],[-5.98278,34.38751],[-5.98278,34.38526],[-5.98503,34.38526]]],[[[-5.96257,34.38751],[-5.96257,34.38975],[-5.95583,34.38975],[-5.95583,34.38751],[-5.96257,34.38751]]],[[[-5.99176,34.38751],[-5.99401,34.38751],[-5.99401,34.38975],[-5.99176,34.38975],[-5.99176,34.38751]]],[[[-5.94909,34.38975],[-5.95134,34.38751],[-5.95358,34.392],[-5.94685,34.392],[-5.94909,34.38975]]],[[[-5.98503,34.38975],[-5.98503,34.392],[-5.98278,34.392],[-5.98278,34.38975],[-5.98503,34.38975]]],[[[-5.99401,34.38975],[-5.99625,34.38975],[-5.99625,34.392],[-5.99401,34.392],[-5.99401,34.38975]]],[[[-5.98503,34.39425],[-5.98503,34.39649],[-5.98278,34.39649],[-5.98278,34.39425],[-5.98503,34.39425]]],[[[-5.94909,34.39425],[-5.94909,34.39649],[-5.94685,34.39649],[-5.94685,34.39425],[-5.94909,34.39425]]],[[[-5.98727,34.39425],[-5.98952,34.39425],[-5.98952,34.39649],[-5.98727,34.39649],[-5.98727,34.39425]]],[[[-5.99401,34.39649],[-5.9985,34.39425],[-6.00075,34.39874],[-5.99625,34.39874],[-5.99401,34.39649]]],[[[-5.99176,34.39649],[-5.99176,34.39874],[-5.98952,34.39874],[-5.98952,34.39649],[-5.99176,34.39649]]],[[[-5.98503,34.39649],[-5.98727,34.39649],[-5.98727,34.39874],[-5.98503,34.39874],[-5.98503,34.39649]]],[[[-5.95808,34.39874],[-5.95808,34.40098],[-5.95583,34.40098],[-5.95583,34.39874],[-5.95808,34.39874]]],[[[-5.96481,34.39874],[-5.96481,34.40098],[-5.96032,34.40098],[-5.96032,34.39874],[-5.96481,34.39874]]],[[[-5.95358,34.39874],[-5.95358,34.40098],[-5.95134,34.40098],[-5.95134,34.39874],[-5.95358,34.39874]]],[[[-5.98727,34.40098],[-5.98727,34.40323],[-5.98503,34.40323],[-5.98503,34.40098],[-5.98727,34.40098]]],[[[-5.94909,34.40323],[-5.94909,34.40548],[-5.9446,34.40548],[-5.9446,34.40323],[-5.94909,34.40323]]],[[[-5.94909,34.40772],[-5.94909,34.40548],[-5.95358,34.40548],[-5.95358,34.40772],[-5.94909,34.40772]]],[[[-5.96481,34.40772],[-5.96706,34.40772],[-5.96706,34.40997],[-5.96481,34.40997],[-5.96481,34.40772]]],[[[-5.96931,34.40997],[-5.96931,34.41221],[-5.96706,34.41221],[-5.96706,34.40997],[-5.96931,34.40997]]],[[[-5.97829,34.41221],[-5.97829,34.41446],[-5.97604,34.41446],[-5.97604,34.41221],[-5.97829,34.41221]]],[[[-5.98278,34.41221],[-5.98503,34.41221],[-5.98503,34.41446],[-5.98278,34.41446],[-5.98278,34.41221]]],[[[-5.99176,34.41446],[-5.99176,34.4167],[-5.98952,34.4167],[-5.98952,34.41446],[-5.99176,34.41446]]],[[[-5.94909,34.41446],[-5.94909,34.4167],[-5.94685,34.4167],[-5.94685,34.41446],[-5.94909,34.41446]]],[[[-5.99401,34.4167],[-5.99625,34.41446],[-6.00075,34.41446],[-5.9985,34.41895],[-5.99401,34.4167]]],[[[-5.95358,34.4167],[-5.95358,34.41895],[-5.95134,34.41895],[-5.95134,34.4167],[-5.95358,34.4167]]],[[[-5.96706,34.43018],[-5.96706,34.43242],[-5.96032,34.43242],[-5.96032,34.43018],[-5.96706,34.43018]]],[[[-5.97155,34.43242],[-5.9738,34.43692],[-5.96706,34.42793],[-5.9738,34.42793],[-5.97155,34.43242]]],[[[-5.95134,34.43242],[-5.95134,34.43467],[-5.94909,34.43467],[-5.94909,34.43242],[-5.95134,34.43242]]],[[[-5.96481,34.43916],[-5.96706,34.44365],[-5.96257,34.4459],[-5.96032,34.43692],[-5.96931,34.43692],[-5.96481,34.43916]]],[[[-5.95808,34.44141],[-5.96032,34.44141],[-5.96032,34.44365],[-5.95808,34.44365],[-5.95808,34.44141]]],[[[-5.96257,34.4459],[-5.96257,34.44815],[-5.96032,34.44815],[-5.96032,34.4459],[-5.96257,34.4459]]],[[[-5.95808,34.4459],[-5.95808,34.45039],[-5.95583,34.45039],[-5.95583,34.4459],[-5.95808,34.4459]]],[[[-5.98053,34.44815],[-5.98278,34.44815],[-5.98278,34.45039],[-5.98053,34.45039],[-5.98053,34.44815]]],[[[-5.97829,34.45264],[-5.97829,34.45488],[-5.97604,34.45488],[-5.97604,34.45264],[-5.97829,34.45264]]],[[[-5.98503,34.45264],[-5.98503,34.45488],[-5.98278,34.45488],[-5.98278,34.45264],[-5.98503,34.45264]]],[[[-5.98952,34.45264],[-5.99176,34.45264],[-5.99176,34.45713],[-5.98727,34.45713],[-5.98952,34.45264]]],[[[-5.98053,34.45713],[-5.98053,34.45937],[-5.97604,34.45937],[-5.97604,34.45713],[-5.98053,34.45713]]],[[[-5.98503,34.45713],[-5.98503,34.45937],[-5.98278,34.45937],[-5.98278,34.45713],[-5.98503,34.45713]]],[[[-5.98053,34.46162],[-5.98503,34.46162],[-5.98503,34.46387],[-5.98053,34.46387],[-5.98053,34.46162]]],[[[-5.99176,34.46611],[-5.99176,34.46836],[-5.98952,34.46836],[-5.98952,34.46611],[-5.99176,34.46611]]],[[[-5.98503,34.4706],[-5.98503,34.47509],[-5.98053,34.47509],[-5.98053,34.4706],[-5.98503,34.4706]]],[[[-5.96481,34.47509],[-5.96032,34.47734],[-5.96032,34.47285],[-5.96481,34.47285],[-5.96481,34.47509]]],[[[-5.95134,34.47509],[-5.95134,34.47734],[-5.94909,34.47734],[-5.94909,34.47509],[-5.95134,34.47509]]],[[[-5.99176,34.47509],[-5.99176,34.47734],[-5.98952,34.47734],[-5.98952,34.47509],[-5.99176,34.47509]]],[[[-5.95134,34.47734],[-5.95358,34.48408],[-5.94236,34.48408],[-5.94236,34.47959],[-5.94685,34.48183],[-5.95134,34.47734]]],[[[-5.96257,34.48632],[-5.96257,34.48857],[-5.96032,34.48857],[-5.96032,34.48632],[-5.96257,34.48632]]],[[[-5.95358,34.48632],[-5.95358,34.48857],[-5.94909,34.48857],[-5.94909,34.48632],[-5.95358,34.48632]]],[[[-5.95358,34.48857],[-5.95583,34.48857],[-5.95583,34.49082],[-5.95358,34.49082],[-5.95358,34.48857]]],[[[-5.98727,34.48857],[-5.98727,34.49082],[-5.98503,34.49082],[-5.98503,34.48857],[-5.98727,34.48857]]],[[[-5.96931,34.48857],[-5.96931,34.49082],[-5.96706,34.49082],[-5.96706,34.48857],[-5.96931,34.48857]]],[[[-5.94685,34.49306],[-5.94011,34.48857],[-5.94011,34.48632],[-5.9446,34.48632],[-5.94685,34.49306]]],[[[-5.96032,34.49082],[-5.96032,34.49306],[-5.95808,34.49306],[-5.95808,34.49082],[-5.96032,34.49082]]],[[[-5.95358,34.49082],[-5.95358,34.49531],[-5.94909,34.49306],[-5.94909,34.49082],[-5.95358,34.49082]]],[[[-5.94685,34.49306],[-5.94909,34.49306],[-5.94909,34.49531],[-5.94685,34.49531],[-5.94685,34.49306]]],[[[-5.95808,34.49306],[-5.95808,34.49531],[-5.95583,34.49531],[-5.95583,34.49306],[-5.95808,34.49306]]],[[[-5.96481,34.49306],[-5.96481,34.49531],[-5.96032,34.49531],[-5.96032,34.49306],[-5.96481,34.49306]]],[[[-5.96931,34.49306],[-5.96931,34.49531],[-5.96706,34.49531],[-5.96706,34.49306],[-5.96931,34.49306]]],[[[-5.94685,34.49531],[-5.94685,34.49755],[-5.94236,34.49755],[-5.94236,34.49531],[-5.94685,34.49531]]],[[[-5.96706,34.49531],[-5.96706,34.49755],[-5.96481,34.49755],[-5.96481,34.49531],[-5.96706,34.49531]]],[[[-5.95358,34.49531],[-5.95583,34.49531],[-5.95583,34.49755],[-5.95358,34.49755],[-5.95358,34.49531]]],[[[-5.9738,34.49531],[-5.9738,34.4998],[-5.96931,34.4998],[-5.97155,34.49531],[-5.9738,34.49531]]],[[[-5.95134,34.49755],[-5.95134,34.4998],[-5.94909,34.4998],[-5.94909,34.49755],[-5.95134,34.49755]]],[[[-5.94685,34.4998],[-5.94685,34.50204],[-5.9446,34.50204],[-5.9446,34.4998],[-5.94685,34.4998]]],[[[-5.98278,34.4998],[-5.97829,34.50429],[-5.98053,34.50878],[-5.97604,34.50878],[-5.9738,34.50204],[-5.97829,34.49531],[-5.98278,34.4998]]],[[[-5.98952,34.50654],[-5.98952,34.50878],[-5.98727,34.50878],[-5.98727,34.50654],[-5.98952,34.50654]]],[[[-5.94685,34.50654],[-5.94685,34.51327],[-5.9446,34.51327],[-5.9446,34.50654],[-5.94685,34.50654]]],[[[-5.98952,34.51103],[-5.99176,34.51103],[-5.99176,34.51327],[-5.98952,34.51327],[-5.98952,34.51103]]],[[[-5.98053,34.51103],[-5.98053,34.51327],[-5.97604,34.51327],[-5.97604,34.51103],[-5.98053,34.51103]]],[[[-5.96706,34.51327],[-5.96706,34.51552],[-5.94909,34.51552],[-5.94909,34.51327],[-5.96706,34.51327]]],[[[-5.98727,34.51327],[-5.98952,34.51327],[-5.98952,34.51552],[-5.98727,34.51552],[-5.98727,34.51327]]],[[[-5.99401,34.51327],[-5.99401,34.51552],[-5.99176,34.51552],[-5.99176,34.51327],[-5.99401,34.51327]]],[[[-5.98278,34.51327],[-5.98278,34.51552],[-5.98053,34.51552],[-5.98053,34.51327],[-5.98278,34.51327]]],[[[-5.9738,34.52001],[-5.97604,34.52001],[-5.97604,34.52226],[-5.9738,34.52226],[-5.9738,34.52001]]],[[[-5.98503,34.5245],[-5.98503,34.52675],[-5.98278,34.52675],[-5.98278,34.52226],[-5.98727,34.52226],[-5.98503,34.5245]]],[[[-5.98503,34.52899],[-5.98503,34.52675],[-5.98727,34.52675],[-5.98727,34.52899],[-5.98503,34.52899]]],[[[-5.87498,34.25501],[-5.87947,34.25501],[-5.87947,34.25725],[-5.87498,34.25725],[-5.87498,34.25501]]],[[[-5.88397,34.26174],[-5.88397,34.26624],[-5.87947,34.26399],[-5.87947,34.26174],[-5.88397,34.26174]]],[[[-5.87723,34.26174],[-5.87723,34.26624],[-5.87498,34.26624],[-5.87498,34.26174],[-5.87723,34.26174]]],[[[-5.88621,34.26399],[-5.88846,34.26399],[-5.88846,34.26848],[-5.88621,34.26848],[-5.88621,34.26399]]],[[[-5.87723,34.26848],[-5.87723,34.27073],[-5.87498,34.27073],[-5.87498,34.26848],[-5.87723,34.26848]]],[[[-5.90418,34.27073],[-5.89969,34.27522],[-5.89295,34.27297],[-5.89744,34.26624],[-5.90867,34.26848],[-5.90418,34.27073]]],[[[-5.87947,34.27073],[-5.88172,34.27073],[-5.88172,34.27297],[-5.87947,34.27297],[-5.87947,34.27073]]],[[[-5.88621,34.27073],[-5.88621,34.27297],[-5.88397,34.27297],[-5.88397,34.27073],[-5.88621,34.27073]]],[[[-5.87723,34.27747],[-5.87723,34.27522],[-5.88172,34.27522],[-5.87498,34.27971],[-5.87723,34.27747]]],[[[-5.90867,34.27522],[-5.91316,34.28196],[-5.90193,34.2842],[-5.90193,34.27522],[-5.90867,34.27522]]],[[[-5.91541,34.27747],[-5.91541,34.27971],[-5.91316,34.27971],[-5.91316,34.27747],[-5.91541,34.27747]]],[[[-5.92439,34.2842],[-5.92439,34.28645],[-5.91765,34.28645],[-5.91765,34.2842],[-5.92439,34.2842]]],[[[-5.91091,34.28869],[-5.91316,34.28869],[-5.91316,34.29094],[-5.91091,34.29094],[-5.91091,34.28869]]],[[[-5.89969,34.29094],[-5.89969,34.29319],[-5.89744,34.29319],[-5.89744,34.29094],[-5.89969,34.29094]]],[[[-5.89519,34.29992],[-5.89295,34.30441],[-5.8907,34.30441],[-5.8907,34.29992],[-5.89969,34.29543],[-5.89519,34.29992]]],[[[-5.93562,34.29992],[-5.93786,34.29992],[-5.93786,34.30217],[-5.93562,34.30217],[-5.93562,34.29992]]],[[[-5.87723,34.30217],[-5.87723,34.30441],[-5.87498,34.30441],[-5.87498,34.30217],[-5.87723,34.30217]]],[[[-5.88397,34.30217],[-5.88397,34.30441],[-5.88172,34.30441],[-5.88172,34.30217],[-5.88397,34.30217]]],[[[-5.88846,34.30441],[-5.8907,34.30441],[-5.8907,34.30666],[-5.88846,34.30666],[-5.88846,34.30441]]],[[[-5.89969,34.30441],[-5.89969,34.30666],[-5.89519,34.30666],[-5.89519,34.30441],[-5.89969,34.30441]]],[[[-5.93562,34.30441],[-5.93562,34.30666],[-5.93337,34.30666],[-5.93337,34.30441],[-5.93562,34.30441]]],[[[-5.93562,34.30666],[-5.93786,34.30666],[-5.93786,34.30891],[-5.93562,34.30891],[-5.93562,34.30666]]],[[[-5.90418,34.30666],[-5.90418,34.30891],[-5.89969,34.30891],[-5.89969,34.30666],[-5.90418,34.30666]]],[[[-5.93337,34.30666],[-5.93337,34.3134],[-5.93113,34.3134],[-5.93113,34.30666],[-5.93337,34.30666]]],[[[-5.8907,34.31115],[-5.8907,34.3134],[-5.88846,34.3134],[-5.88846,34.31115],[-5.8907,34.31115]]],[[[-5.88846,34.3134],[-5.88846,34.31564],[-5.88621,34.31564],[-5.88621,34.3134],[-5.88846,34.3134]]],[[[-5.93562,34.3134],[-5.94685,34.31115],[-5.94909,34.31564],[-5.94685,34.32014],[-5.9446,34.31564],[-5.93786,34.32014],[-5.93562,34.31564],[-5.93337,34.32238],[-5.92664,34.32238],[-5.93562,34.3134]],[[-5.94011,34.31564],[-5.94011,34.3134],[-5.93786,34.3134],[-5.93786,34.31564],[-5.94011,34.31564]]],[[[-5.88397,34.31564],[-5.88621,34.31564],[-5.88621,34.31789],[-5.88397,34.31789],[-5.88397,34.31564]]],[[[-5.93113,34.31564],[-5.93113,34.31789],[-5.92888,34.31789],[-5.92888,34.31564],[-5.93113,34.31564]]],[[[-5.89969,34.32014],[-5.89969,34.32238],[-5.89519,34.32238],[-5.89519,34.32014],[-5.89969,34.32014]]],[[[-5.90193,34.32238],[-5.90418,34.32238],[-5.90418,34.32463],[-5.90193,34.32463],[-5.90193,34.32238]]],[[[-5.94011,34.32238],[-5.94011,34.32687],[-5.93786,34.32687],[-5.93786,34.32238],[-5.94011,34.32238]]],[[[-5.88397,34.32463],[-5.88397,34.32687],[-5.88172,34.32687],[-5.88172,34.32463],[-5.88397,34.32463]]],[[[-5.8907,34.32463],[-5.89295,34.32463],[-5.89295,34.32687],[-5.8907,34.32687],[-5.8907,34.32463]]],[[[-5.89295,34.32912],[-5.89295,34.33136],[-5.8907,34.33136],[-5.8907,34.32912],[-5.89295,34.32912]]],[[[-5.92214,34.33136],[-5.92214,34.33586],[-5.91316,34.33361],[-5.91316,34.33136],[-5.92214,34.33136]]],[[[-5.91316,34.33361],[-5.91316,34.33586],[-5.91091,34.33586],[-5.91091,34.33361],[-5.91316,34.33361]]],[[[-5.92664,34.33361],[-5.92664,34.3381],[-5.92439,34.3381],[-5.92439,34.33361],[-5.92664,34.33361]]],[[[-5.9199,34.33586],[-5.9199,34.3381],[-5.91765,34.3381],[-5.91765,34.33586],[-5.9199,34.33586]]],[[[-5.91091,34.33586],[-5.91091,34.3381],[-5.90867,34.3381],[-5.90867,34.33586],[-5.91091,34.33586]]],[[[-5.89519,34.33586],[-5.89744,34.33586],[-5.89744,34.34035],[-5.89519,34.34035],[-5.89519,34.33586]]],[[[-5.89295,34.3381],[-5.89295,34.34035],[-5.8907,34.34035],[-5.8907,34.3381],[-5.89295,34.3381]]],[[[-5.92888,34.34035],[-5.92888,34.34259],[-5.92664,34.34259],[-5.92664,34.34035],[-5.92888,34.34035]]],[[[-5.90418,34.34708],[-5.90642,34.34708],[-5.90642,34.34933],[-5.90418,34.34933],[-5.90418,34.34708]]],[[[-5.90867,34.34933],[-5.90867,34.35158],[-5.90642,34.35158],[-5.90642,34.34933],[-5.90867,34.34933]]],[[[-5.87723,34.34933],[-5.87723,34.35158],[-5.87498,34.35158],[-5.87498,34.34933],[-5.87723,34.34933]]],[[[-5.90867,34.35158],[-5.91091,34.35158],[-5.91091,34.35382],[-5.90867,34.35382],[-5.90867,34.35158]]],[[[-5.88172,34.35382],[-5.88172,34.35607],[-5.87947,34.35607],[-5.87947,34.35382],[-5.88172,34.35382]]],[[[-5.88621,34.35382],[-5.88621,34.35607],[-5.88397,34.35607],[-5.88397,34.35382],[-5.88621,34.35382]]],[[[-5.91316,34.35382],[-5.91541,34.35382],[-5.91541,34.35607],[-5.91316,34.35607],[-5.91316,34.35382]]],[[[-5.9199,34.35382],[-5.9199,34.35831],[-5.91541,34.35831],[-5.91765,34.35382],[-5.9199,34.35382]]],[[[-5.89519,34.35607],[-5.89519,34.35831],[-5.89295,34.35831],[-5.89295,34.35607],[-5.89519,34.35607]]],[[[-5.87498,34.35607],[-5.87723,34.35607],[-5.87723,34.35831],[-5.87498,34.35831],[-5.87498,34.35607]]],[[[-5.90642,34.35831],[-5.90642,34.36056],[-5.90418,34.36056],[-5.90418,34.35831],[-5.90642,34.35831]]],[[[-5.89744,34.35831],[-5.89744,34.36281],[-5.89519,34.36281],[-5.89519,34.35831],[-5.89744,34.35831]]],[[[-5.88172,34.36056],[-5.88397,34.36056],[-5.88397,34.36505],[-5.88172,34.36505],[-5.88172,34.36056]]],[[[-5.90193,34.3673],[-5.90193,34.37179],[-5.89969,34.37179],[-5.89969,34.36505],[-5.90418,34.36505],[-5.90193,34.3673]]],[[[-5.88172,34.37853],[-5.88172,34.38077],[-5.87947,34.38077],[-5.87947,34.37853],[-5.88172,34.37853]]],[[[-5.89519,34.37628],[-5.89744,34.38077],[-5.90193,34.37853],[-5.90193,34.38302],[-5.89519,34.38302],[-5.89519,34.37628]]],[[[-5.93562,34.38751],[-5.93562,34.38975],[-5.93337,34.38975],[-5.93337,34.38526],[-5.93786,34.38526],[-5.93562,34.38751]]],[[[-5.93562,34.392],[-5.93562,34.38975],[-5.94011,34.38975],[-5.94011,34.392],[-5.93562,34.392]]],[[[-5.92664,34.39425],[-5.92664,34.39649],[-5.92214,34.39649],[-5.92214,34.39425],[-5.92664,34.39425]]],[[[-5.92664,34.39874],[-5.92664,34.39649],[-5.93113,34.39649],[-5.93113,34.39874],[-5.92664,34.39874]]],[[[-5.94236,34.40098],[-5.94236,34.40323],[-5.93786,34.40323],[-5.93786,34.40098],[-5.94236,34.40098]]],[[[-5.9199,34.4167],[-5.9199,34.41895],[-5.91765,34.41895],[-5.91765,34.4167],[-5.9199,34.4167]]],[[[-5.90867,34.4167],[-5.91091,34.4167],[-5.91091,34.41895],[-5.90867,34.41895],[-5.90867,34.4167]]],[[[-5.94011,34.42344],[-5.94011,34.42569],[-5.93786,34.42569],[-5.93786,34.42344],[-5.94011,34.42344]]],[[[-5.89519,34.42344],[-5.89519,34.42569],[-5.89295,34.42569],[-5.89295,34.42344],[-5.89519,34.42344]]],[[[-5.93337,34.42793],[-5.93562,34.42793],[-5.93562,34.43018],[-5.93337,34.43018],[-5.93337,34.42793]]],[[[-5.92214,34.43018],[-5.92214,34.43242],[-5.91765,34.43242],[-5.91765,34.43018],[-5.92214,34.43018]]],[[[-5.8907,34.43018],[-5.89744,34.43242],[-5.90193,34.42793],[-5.89744,34.44141],[-5.88846,34.44141],[-5.89295,34.43916],[-5.88846,34.43242],[-5.87947,34.43692],[-5.88172,34.43018],[-5.8907,34.43018]],[[-5.89744,34.43692],[-5.89744,34.43467],[-5.89295,34.43467],[-5.89295,34.43692],[-5.89744,34.43692]]],[[[-5.92439,34.43467],[-5.92664,34.43467],[-5.92664,34.43692],[-5.92439,34.43692],[-5.92439,34.43467]]],[[[-5.91541,34.43916],[-5.91316,34.43916],[-5.91316,34.43692],[-5.91541,34.43692],[-5.91541,34.43916]]],[[[-5.90193,34.43916],[-5.91091,34.43692],[-5.91316,34.44141],[-5.90193,34.44141],[-5.90193,34.43916]]],[[[-5.88621,34.43916],[-5.88172,34.44141],[-5.88172,34.43692],[-5.88621,34.43692],[-5.88621,34.43916]]],[[[-5.92214,34.44141],[-5.92214,34.44365],[-5.9199,34.44365],[-5.9199,34.44141],[-5.92214,34.44141]]],[[[-5.88846,34.44141],[-5.88846,34.44365],[-5.88621,34.44365],[-5.88621,34.44141],[-5.88846,34.44141]]],[[[-5.91091,34.44365],[-5.91091,34.4459],[-5.90867,34.4459],[-5.90867,34.44365],[-5.91091,34.44365]]],[[[-5.8907,34.44365],[-5.8907,34.4459],[-5.88846,34.4459],[-5.88846,34.44365],[-5.8907,34.44365]]],[[[-5.90867,34.4459],[-5.90867,34.44815],[-5.90642,34.44815],[-5.90642,34.4459],[-5.90867,34.4459]]],[[[-5.90418,34.44815],[-5.90642,34.44815],[-5.90642,34.45039],[-5.90193,34.45039],[-5.90193,34.4459],[-5.90418,34.44815]]],[[[-5.92439,34.44815],[-5.92439,34.45039],[-5.92214,34.45039],[-5.92214,34.44815],[-5.92439,34.44815]]],[[[-5.92888,34.44815],[-5.92888,34.45039],[-5.92664,34.45039],[-5.92664,34.44815],[-5.92888,34.44815]]],[[[-5.93786,34.44815],[-5.94011,34.44815],[-5.94011,34.45039],[-5.93786,34.45039],[-5.93786,34.44815]]],[[[-5.88621,34.45039],[-5.87947,34.45039],[-5.87947,34.44815],[-5.88846,34.44815],[-5.88846,34.45264],[-5.88621,34.45039]]],[[[-5.87498,34.45039],[-5.87947,34.45039],[-5.87947,34.45264],[-5.87498,34.45264],[-5.87498,34.45039]]],[[[-5.93786,34.45264],[-5.93786,34.45488],[-5.93562,34.45488],[-5.93562,34.45264],[-5.93786,34.45264]]],[[[-5.91316,34.45488],[-5.91316,34.45713],[-5.91091,34.45713],[-5.91091,34.45488],[-5.91316,34.45488]]],[[[-5.93562,34.45488],[-5.93562,34.45713],[-5.93337,34.45713],[-5.93337,34.45488],[-5.93562,34.45488]]],[[[-5.8907,34.45713],[-5.8907,34.45937],[-5.88846,34.45937],[-5.88846,34.45713],[-5.8907,34.45713]]],[[[-5.90642,34.45713],[-5.91091,34.45713],[-5.90867,34.46387],[-5.89969,34.45488],[-5.90642,34.45264],[-5.90642,34.45713]]],[[[-5.93786,34.45713],[-5.93786,34.45937],[-5.93562,34.45937],[-5.93562,34.45713],[-5.93786,34.45713]]],[[[-5.92888,34.45937],[-5.92664,34.46162],[-5.92664,34.45713],[-5.93113,34.45713],[-5.92888,34.45937]]],[[[-5.89295,34.45713],[-5.89519,34.45713],[-5.89519,34.46162],[-5.89295,34.46162],[-5.89295,34.45713]]],[[[-5.91765,34.45937],[-5.91765,34.46162],[-5.91541,34.46162],[-5.91541,34.45937],[-5.91765,34.45937]]],[[[-5.92214,34.46162],[-5.92214,34.46387],[-5.9199,34.46387],[-5.9199,34.45937],[-5.92439,34.45937],[-5.92214,34.46162]]],[[[-5.92439,34.46162],[-5.92664,34.46162],[-5.92664,34.46387],[-5.92439,34.46387],[-5.92439,34.46162]]],[[[-5.91316,34.46387],[-5.91316,34.46611],[-5.90867,34.46611],[-5.90867,34.46387],[-5.91316,34.46387]]],[[[-5.90193,34.46387],[-5.90193,34.46611],[-5.89969,34.46611],[-5.89969,34.46387],[-5.90193,34.46387]]],[[[-5.89519,34.46387],[-5.89744,34.46387],[-5.89744,34.46611],[-5.89519,34.46611],[-5.89519,34.46387]]],[[[-5.92664,34.46836],[-5.92664,34.4706],[-5.92439,34.4706],[-5.92439,34.46836],[-5.92664,34.46836]]],[[[-5.94011,34.46836],[-5.94011,34.4706],[-5.93562,34.4706],[-5.93562,34.46836],[-5.94011,34.46836]]],[[[-5.90867,34.4706],[-5.91316,34.4706],[-5.91316,34.47285],[-5.90867,34.47285],[-5.90867,34.4706]]],[[[-5.90193,34.47285],[-5.90193,34.47509],[-5.89969,34.47509],[-5.89969,34.47285],[-5.90193,34.47285]]],[[[-5.93562,34.47285],[-5.93562,34.47734],[-5.93113,34.47734],[-5.93337,34.47285],[-5.93562,34.47285]]],[[[-5.88846,34.47509],[-5.8907,34.47509],[-5.8907,34.47734],[-5.88846,34.47734],[-5.88846,34.47509]]],[[[-5.92664,34.47509],[-5.92664,34.47734],[-5.9199,34.47734],[-5.9199,34.47509],[-5.92664,34.47509]]],[[[-5.93113,34.47734],[-5.93113,34.47959],[-5.92888,34.47959],[-5.92888,34.47734],[-5.93113,34.47734]]],[[[-5.93562,34.47734],[-5.93786,34.47734],[-5.93786,34.47959],[-5.93562,34.47959],[-5.93562,34.47734]]],[[[-5.91765,34.47959],[-5.91765,34.48183],[-5.91541,34.48183],[-5.91541,34.47959],[-5.91765,34.47959]]],[[[-5.94011,34.47959],[-5.94011,34.48408],[-5.93786,34.48408],[-5.93786,34.47959],[-5.94011,34.47959]]],[[[-5.92664,34.49082],[-5.9199,34.48857],[-5.9199,34.48632],[-5.92888,34.48632],[-5.92664,34.49082]]],[[[-5.91316,34.48857],[-5.91316,34.49082],[-5.91091,34.49082],[-5.91091,34.48857],[-5.91316,34.48857]]],[[[-5.93113,34.48857],[-5.93113,34.49082],[-5.92888,34.49082],[-5.92888,34.48857],[-5.93113,34.48857]]],[[[-5.90193,34.48857],[-5.90418,34.48857],[-5.90418,34.49306],[-5.90193,34.49306],[-5.90193,34.48857]]],[[[-5.92439,34.49082],[-5.92439,34.49306],[-5.92214,34.49306],[-5.92214,34.49082],[-5.92439,34.49082]]],[[[-5.92888,34.49082],[-5.92888,34.49531],[-5.92664,34.49531],[-5.92664,34.49082],[-5.92888,34.49082]]],[[[-5.91765,34.49306],[-5.9199,34.49306],[-5.9199,34.49755],[-5.91765,34.49755],[-5.91765,34.49306]]],[[[-5.93786,34.49755],[-5.93113,34.49755],[-5.93113,34.49306],[-5.93786,34.49531],[-5.93786,34.49755]]],[[[-5.92888,34.49755],[-5.93113,34.49755],[-5.93113,34.4998],[-5.92888,34.4998],[-5.92888,34.49755]]],[[[-5.93786,34.4998],[-5.94236,34.4998],[-5.94236,34.50204],[-5.93786,34.50204],[-5.93786,34.4998]]],[[[-5.83905,34.21907],[-5.8368,34.21907],[-5.8368,34.21683],[-5.83905,34.21683],[-5.83905,34.21907]]],[[[-5.83456,34.21907],[-5.8368,34.21907],[-5.8368,34.22132],[-5.83456,34.22132],[-5.83456,34.21907]]],[[[-5.84354,34.22357],[-5.84579,34.22132],[-5.84579,34.22806],[-5.83905,34.22581],[-5.84354,34.22357]]],[[[-5.83905,34.22581],[-5.83905,34.22806],[-5.8368,34.22806],[-5.8368,34.22581],[-5.83905,34.22581]]],[[[-5.87274,34.22806],[-5.87274,34.2303],[-5.87049,34.2303],[-5.87049,34.22806],[-5.87274,34.22806]]],[[[-5.84803,34.22581],[-5.85028,34.22581],[-5.85028,34.23255],[-5.84803,34.23255],[-5.84803,34.22581]]],[[[-5.84354,34.2303],[-5.84354,34.23255],[-5.8413,34.23255],[-5.8413,34.2303],[-5.84354,34.2303]]],[[[-5.86375,34.23255],[-5.86375,34.2348],[-5.86151,34.2348],[-5.86151,34.23255],[-5.86375,34.23255]]],[[[-5.84579,34.23255],[-5.84803,34.23255],[-5.84803,34.2348],[-5.84579,34.2348],[-5.84579,34.23255]]],[[[-5.85252,34.23255],[-5.85252,34.23929],[-5.85028,34.23929],[-5.85028,34.23255],[-5.85252,34.23255]]],[[[-5.85926,34.23704],[-5.85926,34.23929],[-5.85702,34.23929],[-5.85702,34.23704],[-5.85926,34.23704]]],[[[-5.8368,34.23704],[-5.8413,34.23704],[-5.8413,34.23929],[-5.8368,34.23929],[-5.8368,34.23704]]],[[[-5.85702,34.23929],[-5.85702,34.24153],[-5.85477,34.24153],[-5.85477,34.23929],[-5.85702,34.23929]]],[[[-5.84354,34.23929],[-5.84354,34.24153],[-5.8413,34.24153],[-5.8413,34.23929],[-5.84354,34.23929]]],[[[-5.8368,34.23929],[-5.8368,34.24153],[-5.83231,34.24153],[-5.83231,34.23929],[-5.8368,34.23929]]],[[[-5.866,34.23929],[-5.866,34.24378],[-5.85926,34.24378],[-5.85926,34.24153],[-5.866,34.23929]]],[[[-5.85252,34.24378],[-5.85252,34.24602],[-5.85028,34.24602],[-5.85028,34.24378],[-5.85252,34.24378]]],[[[-5.8368,34.24602],[-5.83456,34.24827],[-5.83456,34.24378],[-5.84354,34.24378],[-5.8368,34.24602]]],[[[-5.85252,34.24602],[-5.85477,34.24602],[-5.85477,34.24827],[-5.85252,34.24827],[-5.85252,34.24602]]],[[[-5.86824,34.24827],[-5.866,34.25052],[-5.866,34.24602],[-5.87274,34.24602],[-5.87274,34.25052],[-5.86824,34.24827]]],[[[-5.84803,34.24827],[-5.84803,34.25052],[-5.84579,34.25052],[-5.84579,34.24602],[-5.85028,34.24602],[-5.84803,34.24827]]],[[[-5.8368,34.24827],[-5.83905,34.24827],[-5.83905,34.25052],[-5.8368,34.25052],[-5.8368,34.24827]]],[[[-5.87049,34.25052],[-5.87049,34.25276],[-5.86824,34.25276],[-5.86824,34.25052],[-5.87049,34.25052]]],[[[-5.85926,34.25501],[-5.85702,34.25725],[-5.85477,34.25276],[-5.85926,34.25052],[-5.85926,34.25501]]],[[[-5.87274,34.25276],[-5.87498,34.25276],[-5.87498,34.25501],[-5.87274,34.25501],[-5.87274,34.25276]]],[[[-5.84579,34.25276],[-5.84579,34.25725],[-5.8413,34.25501],[-5.8413,34.25276],[-5.84579,34.25276]]],[[[-5.84803,34.25725],[-5.84803,34.25052],[-5.85252,34.25052],[-5.85477,34.2595],[-5.84803,34.25725]]],[[[-5.83456,34.25501],[-5.83905,34.25501],[-5.83905,34.26174],[-5.83007,34.26174],[-5.83007,34.25501],[-5.83456,34.25501]]],[[[-5.866,34.25725],[-5.866,34.2595],[-5.86375,34.2595],[-5.86375,34.25725],[-5.866,34.25725]]],[[[-5.87274,34.2595],[-5.87274,34.26174],[-5.87049,34.26174],[-5.87049,34.2595],[-5.87274,34.2595]]],[[[-5.866,34.2595],[-5.86824,34.2595],[-5.86824,34.26174],[-5.866,34.26174],[-5.866,34.2595]]],[[[-5.84579,34.26174],[-5.84579,34.26399],[-5.8413,34.26399],[-5.8413,34.26174],[-5.84579,34.26174]]],[[[-5.84579,34.26624],[-5.84803,34.26174],[-5.85252,34.26174],[-5.85252,34.26624],[-5.84579,34.26624]]],[[[-5.86151,34.26399],[-5.86375,34.26399],[-5.86375,34.26624],[-5.86151,34.26624],[-5.86151,34.26399]]],[[[-5.85702,34.26399],[-5.85702,34.26624],[-5.85477,34.26624],[-5.85477,34.26399],[-5.85702,34.26399]]],[[[-5.8413,34.26399],[-5.8413,34.26624],[-5.83905,34.26624],[-5.83905,34.26399],[-5.8413,34.26399]]],[[[-5.8413,34.26624],[-5.84354,34.26624],[-5.84354,34.26848],[-5.8413,34.26848],[-5.8413,34.26624]]],[[[-5.866,34.26848],[-5.866,34.26624],[-5.87049,34.26624],[-5.86375,34.27073],[-5.866,34.26848]]],[[[-5.84579,34.26848],[-5.84579,34.27073],[-5.84354,34.27073],[-5.84354,34.26848],[-5.84579,34.26848]]],[[[-5.8413,34.27522],[-5.83905,34.27522],[-5.8368,34.26848],[-5.84354,34.27073],[-5.8413,34.27522]]],[[[-5.86375,34.27073],[-5.86375,34.27522],[-5.86151,34.27522],[-5.86151,34.27073],[-5.86375,34.27073]]],[[[-5.86824,34.27297],[-5.86824,34.27522],[-5.866,34.27522],[-5.866,34.27297],[-5.86824,34.27297]]],[[[-5.85028,34.27747],[-5.85252,34.27747],[-5.85252,34.27971],[-5.85028,34.27971],[-5.85028,34.27747]]],[[[-5.8368,34.2842],[-5.8368,34.27522],[-5.83905,34.27747],[-5.84354,34.27522],[-5.84354,34.27971],[-5.8368,34.2842]]],[[[-5.85926,34.28196],[-5.85926,34.2842],[-5.85702,34.2842],[-5.85702,34.28196],[-5.85926,34.28196]]],[[[-5.86375,34.2842],[-5.866,34.2842],[-5.866,34.28645],[-5.86375,34.28645],[-5.86375,34.2842]]],[[[-5.84354,34.28869],[-5.83905,34.28869],[-5.83905,34.28645],[-5.84354,34.2842],[-5.84354,34.28869]]],[[[-5.8368,34.28869],[-5.83905,34.28869],[-5.83905,34.29094],[-5.8368,34.29094],[-5.8368,34.28869]]],[[[-5.86375,34.29094],[-5.86151,34.29094],[-5.85926,34.29543],[-5.85926,34.28869],[-5.86375,34.29094]]],[[[-5.8413,34.29094],[-5.8413,34.29319],[-5.83905,34.29319],[-5.83905,34.29094],[-5.8413,34.29094]]],[[[-5.84579,34.29543],[-5.84579,34.29094],[-5.85028,34.29094],[-5.84803,34.29768],[-5.84354,34.29768],[-5.84579,34.29543]]],[[[-5.85252,34.29319],[-5.85477,34.29319],[-5.85477,34.29768],[-5.85028,34.29768],[-5.85252,34.29319]]],[[[-5.866,34.29543],[-5.866,34.29768],[-5.86375,34.29768],[-5.86375,34.29543],[-5.866,34.29543]]],[[[-5.8368,34.29543],[-5.84354,34.29768],[-5.84354,34.30441],[-5.83007,34.30441],[-5.83007,34.29992],[-5.8368,34.29543]],[[-5.8368,34.29992],[-5.83905,34.29992],[-5.83905,34.29768],[-5.8368,34.29768],[-5.8368,34.29992]]],[[[-5.86375,34.30441],[-5.866,34.30441],[-5.866,34.31564],[-5.85926,34.31115],[-5.85926,34.29992],[-5.86151,34.30666],[-5.86375,34.30441]]],[[[-5.85252,34.31564],[-5.85028,34.31789],[-5.84354,34.3134],[-5.84354,34.30666],[-5.84803,34.30891],[-5.84803,34.30217],[-5.85028,34.3134],[-5.85477,34.3134],[-5.85252,34.31564]],[[-5.84803,34.3134],[-5.84803,34.31115],[-5.84579,34.31115],[-5.84579,34.3134],[-5.84803,34.3134]]],[[[-5.8413,34.31115],[-5.8413,34.3134],[-5.8368,34.3134],[-5.8368,34.31115],[-5.8413,34.31115]]],[[[-5.85702,34.31115],[-5.85926,34.31115],[-5.85926,34.3134],[-5.85702,34.3134],[-5.85702,34.31115]]],[[[-5.87498,34.31789],[-5.87498,34.32014],[-5.87274,34.32014],[-5.87274,34.31789],[-5.87498,34.31789]]],[[[-5.85702,34.31789],[-5.85702,34.32014],[-5.85477,34.32014],[-5.85477,34.31789],[-5.85702,34.31789]]],[[[-5.85926,34.31789],[-5.866,34.31789],[-5.866,34.32014],[-5.85926,34.32014],[-5.85926,34.31789]]],[[[-5.83905,34.32687],[-5.83905,34.32912],[-5.83456,34.32912],[-5.83456,34.32687],[-5.83905,34.32687]]],[[[-5.85252,34.32912],[-5.85702,34.32687],[-5.85477,34.33136],[-5.84354,34.33136],[-5.85252,34.32912]]],[[[-5.85028,34.33361],[-5.85028,34.33586],[-5.84803,34.33586],[-5.84803,34.33361],[-5.85028,34.33361]]],[[[-5.85477,34.33586],[-5.85702,34.33136],[-5.85926,34.3381],[-5.85702,34.3381],[-5.85477,34.33586]]],[[[-5.84579,34.33586],[-5.84579,34.3381],[-5.83905,34.3381],[-5.83905,34.33586],[-5.84579,34.33586]]],[[[-5.8368,34.33586],[-5.8368,34.3381],[-5.83456,34.3381],[-5.83456,34.33586],[-5.8368,34.33586]]],[[[-5.85028,34.33586],[-5.85477,34.33586],[-5.85477,34.3381],[-5.85028,34.3381],[-5.85028,34.33586]]],[[[-5.86824,34.33586],[-5.86824,34.34035],[-5.86375,34.34035],[-5.86375,34.33586],[-5.86824,34.33586]]],[[[-5.85702,34.34035],[-5.85702,34.34259],[-5.85477,34.34259],[-5.85477,34.34035],[-5.85702,34.34035]]],[[[-5.85926,34.34035],[-5.86375,34.34035],[-5.86375,34.34259],[-5.85926,34.34259],[-5.85926,34.34035]]],[[[-5.87274,34.34259],[-5.87274,34.34484],[-5.87049,34.34484],[-5.87049,34.34259],[-5.87274,34.34259]]],[[[-5.85252,34.34259],[-5.85252,34.34484],[-5.85028,34.34484],[-5.85028,34.34259],[-5.85252,34.34259]]],[[[-5.87049,34.34708],[-5.87274,34.34708],[-5.87274,34.34933],[-5.87049,34.34933],[-5.87049,34.34708]]],[[[-5.85926,34.34708],[-5.85926,34.34933],[-5.85252,34.34933],[-5.85252,34.34708],[-5.85926,34.34708]]],[[[-5.84803,34.34708],[-5.84803,34.34933],[-5.84354,34.34933],[-5.84354,34.34708],[-5.84803,34.34708]]],[[[-5.866,34.34933],[-5.86824,34.34933],[-5.86824,34.35158],[-5.866,34.35158],[-5.866,34.34933]]],[[[-5.87498,34.36505],[-5.87498,34.3673],[-5.87049,34.3673],[-5.87049,34.36505],[-5.87498,34.36505]]],[[[-5.85028,34.37179],[-5.84579,34.37403],[-5.84579,34.36954],[-5.84803,34.36954],[-5.85028,34.37179]]],[[[-5.85028,34.37403],[-5.85702,34.37179],[-5.85926,34.37628],[-5.85028,34.37628],[-5.85028,34.37403]]],[[[-5.87274,34.37853],[-5.87274,34.38077],[-5.87049,34.38077],[-5.87049,34.37853],[-5.87274,34.37853]]],[[[-5.85252,34.38077],[-5.85252,34.38302],[-5.85028,34.38302],[-5.85028,34.38077],[-5.85252,34.38077]]],[[[-5.8413,34.38526],[-5.84579,34.38526],[-5.84579,34.38751],[-5.8413,34.38751],[-5.8413,34.38526]]],[[[-5.84803,34.38975],[-5.84579,34.38975],[-5.84579,34.38751],[-5.84803,34.38751],[-5.84803,34.38975]]],[[[-5.84354,34.38975],[-5.84579,34.38975],[-5.84579,34.392],[-5.84354,34.392],[-5.84354,34.38975]]],[[[-5.83905,34.38975],[-5.8413,34.38975],[-5.8413,34.392],[-5.83905,34.392],[-5.83905,34.38975]]],[[[-5.84354,34.39425],[-5.84354,34.39649],[-5.83905,34.39649],[-5.83905,34.39425],[-5.84354,34.39425]]],[[[-5.85702,34.39425],[-5.85702,34.39649],[-5.85477,34.39649],[-5.85477,34.39425],[-5.85702,34.39425]]],[[[-5.85028,34.40098],[-5.84354,34.40323],[-5.83905,34.39874],[-5.84579,34.39649],[-5.84579,34.392],[-5.85028,34.392],[-5.85477,34.40323],[-5.85028,34.40098]],[[-5.84579,34.39874],[-5.85028,34.39874],[-5.85028,34.39649],[-5.84579,34.39649],[-5.84579,34.39874]]],[[[-5.86151,34.39649],[-5.86151,34.40098],[-5.85926,34.40098],[-5.85702,34.39649],[-5.86151,34.39649]]],[[[-5.8368,34.39874],[-5.8368,34.40323],[-5.83456,34.40323],[-5.83456,34.39874],[-5.8368,34.39874]]],[[[-5.86151,34.40098],[-5.86375,34.40098],[-5.86375,34.40323],[-5.86151,34.40323],[-5.86151,34.40098]]],[[[-5.84354,34.40323],[-5.84354,34.40772],[-5.8368,34.40772],[-5.83905,34.40323],[-5.84354,34.40323]]],[[[-5.85252,34.40548],[-5.86151,34.40772],[-5.85926,34.41446],[-5.85252,34.41446],[-5.85477,34.40997],[-5.85028,34.40772],[-5.84579,34.40997],[-5.84579,34.40548],[-5.85252,34.40548]]],[[[-5.84803,34.40997],[-5.85028,34.40997],[-5.85028,34.41446],[-5.84803,34.41446],[-5.84803,34.40997]]],[[[-5.86375,34.41221],[-5.86375,34.41446],[-5.86151,34.41446],[-5.86151,34.41221],[-5.86375,34.41221]]],[[[-5.87049,34.4167],[-5.87049,34.41895],[-5.866,34.41895],[-5.866,34.4167],[-5.87049,34.4167]]],[[[-5.85477,34.4167],[-5.85477,34.41895],[-5.85252,34.41895],[-5.85252,34.4167],[-5.85477,34.4167]]],[[[-5.85926,34.4167],[-5.85926,34.41895],[-5.85702,34.41895],[-5.85702,34.4167],[-5.85926,34.4167]]],[[[-5.85252,34.41895],[-5.85252,34.4212],[-5.85028,34.4212],[-5.85028,34.41895],[-5.85252,34.41895]]],[[[-5.84579,34.41895],[-5.84803,34.41895],[-5.84803,34.4212],[-5.84579,34.4212],[-5.84579,34.41895]]],[[[-5.85702,34.41895],[-5.85702,34.4212],[-5.85477,34.4212],[-5.85477,34.41895],[-5.85702,34.41895]]],[[[-5.84354,34.42793],[-5.84354,34.43467],[-5.8413,34.43467],[-5.8413,34.42793],[-5.84354,34.42793]]],[[[-5.8368,34.43018],[-5.83905,34.43018],[-5.83905,34.43242],[-5.8368,34.43242],[-5.8368,34.43018]]],[[[-5.8413,34.43467],[-5.8413,34.43916],[-5.8368,34.43916],[-5.8368,34.43692],[-5.8413,34.43467]]],[[[-5.85252,34.44141],[-5.85252,34.44365],[-5.8413,34.44365],[-5.8413,34.44141],[-5.85252,34.44141]]],[[[-5.84354,34.4459],[-5.84579,34.4459],[-5.84579,34.44815],[-5.84354,34.44815],[-5.84354,34.4459]]],[[[-5.85702,34.4459],[-5.85702,34.44815],[-5.85477,34.44815],[-5.85477,34.4459],[-5.85702,34.4459]]],[[[-5.85028,34.4459],[-5.85028,34.44815],[-5.84803,34.44815],[-5.84803,34.4459],[-5.85028,34.4459]]],[[[-5.87049,34.44815],[-5.87498,34.44815],[-5.87498,34.45039],[-5.87049,34.45039],[-5.87049,34.44815]]],[[[-5.83905,34.45039],[-5.83905,34.45264],[-5.8368,34.45264],[-5.8368,34.45039],[-5.83905,34.45039]]],[[[-5.85028,34.45039],[-5.85028,34.45488],[-5.84803,34.45488],[-5.84803,34.45039],[-5.85028,34.45039]]],[[[-5.87274,34.45264],[-5.87274,34.45488],[-5.86824,34.45488],[-5.86824,34.45264],[-5.87274,34.45264]]],[[[-5.8368,34.45713],[-5.83905,34.45264],[-5.84354,34.45039],[-5.84354,34.45488],[-5.8368,34.45713]]],[[[-5.85702,34.45488],[-5.85926,34.45039],[-5.86375,34.45039],[-5.86375,34.45713],[-5.85702,34.45488]]],[[[-5.84579,34.45488],[-5.84579,34.45713],[-5.84354,34.45713],[-5.84354,34.45488],[-5.84579,34.45488]]],[[[-5.85028,34.45488],[-5.85252,34.45488],[-5.85252,34.45713],[-5.85028,34.45713],[-5.85028,34.45488]]],[[[-5.85926,34.45713],[-5.85926,34.45937],[-5.85702,34.45937],[-5.85702,34.45713],[-5.85926,34.45713]]],[[[-5.85477,34.45713],[-5.85477,34.45937],[-5.85252,34.45937],[-5.85252,34.45713],[-5.85477,34.45713]]],[[[-5.85477,34.45937],[-5.85702,34.45937],[-5.85702,34.46162],[-5.85477,34.46162],[-5.85477,34.45937]]],[[[-5.87498,34.46836],[-5.87498,34.4706],[-5.87274,34.4706],[-5.87274,34.46836],[-5.87498,34.46836]]],[[[-5.81435,34.18988],[-5.81435,34.19437],[-5.8121,34.19437],[-5.8121,34.18988],[-5.81435,34.18988]]],[[[-5.80312,34.19213],[-5.80536,34.19213],[-5.80536,34.19437],[-5.80312,34.19437],[-5.80312,34.19213]]],[[[-5.80761,34.19437],[-5.80761,34.19662],[-5.80536,34.19662],[-5.80536,34.19437],[-5.80761,34.19437]]],[[[-5.81884,34.19886],[-5.81884,34.20111],[-5.81659,34.20111],[-5.81659,34.19662],[-5.82108,34.19662],[-5.81884,34.19886]]],[[[-5.8121,34.19662],[-5.81435,34.19662],[-5.81435,34.20335],[-5.8121,34.20335],[-5.8121,34.19662]]],[[[-5.81884,34.20335],[-5.81884,34.2056],[-5.81659,34.2056],[-5.81659,34.20335],[-5.81884,34.20335]]],[[[-5.82333,34.2056],[-5.82108,34.20785],[-5.82108,34.20335],[-5.82557,34.20335],[-5.82333,34.2056]]],[[[-5.80761,34.20111],[-5.80761,34.2056],[-5.81435,34.20785],[-5.80985,34.21458],[-5.80536,34.2056],[-5.79638,34.20335],[-5.80087,34.19886],[-5.80312,34.20335],[-5.80761,34.20111]]],[[[-5.83007,34.20335],[-5.83007,34.21009],[-5.82782,34.21009],[-5.82782,34.20335],[-5.83007,34.20335]]],[[[-5.80087,34.2056],[-5.80087,34.20785],[-5.79863,34.20785],[-5.79863,34.2056],[-5.80087,34.2056]]],[[[-5.80087,34.20785],[-5.80312,34.20785],[-5.80312,34.21009],[-5.80087,34.21009],[-5.80087,34.20785]]],[[[-5.82557,34.20785],[-5.82557,34.21009],[-5.82333,34.21009],[-5.82333,34.20785],[-5.82557,34.20785]]],[[[-5.80087,34.21234],[-5.80087,34.21458],[-5.79863,34.21458],[-5.79863,34.21234],[-5.80087,34.21234]]],[[[-5.79413,34.21234],[-5.79638,34.21234],[-5.79638,34.21458],[-5.79413,34.21458],[-5.79413,34.21234]]],[[[-5.82333,34.21234],[-5.82333,34.21458],[-5.81884,34.21458],[-5.81884,34.21234],[-5.82333,34.21234]]],[[[-5.80761,34.21458],[-5.80761,34.21683],[-5.80312,34.21683],[-5.80312,34.21458],[-5.80761,34.21458]]],[[[-5.8121,34.21458],[-5.8121,34.21683],[-5.80985,34.21683],[-5.80985,34.21458],[-5.8121,34.21458]]],[[[-5.78964,34.21458],[-5.78964,34.21683],[-5.7874,34.21683],[-5.7874,34.21458],[-5.78964,34.21458]]],[[[-5.82557,34.21234],[-5.8368,34.21009],[-5.8368,34.21683],[-5.83456,34.21234],[-5.82782,34.21683],[-5.83231,34.22357],[-5.82557,34.22132],[-5.82557,34.21234]]],[[[-5.83007,34.21683],[-5.83456,34.21683],[-5.83456,34.21907],[-5.83007,34.21907],[-5.83007,34.21683]]],[[[-5.80761,34.21683],[-5.80985,34.21683],[-5.80985,34.21907],[-5.80761,34.21907],[-5.80761,34.21683]]],[[[-5.7829,34.21683],[-5.7829,34.22132],[-5.78066,34.22132],[-5.78066,34.21683],[-5.7829,34.21683]]],[[[-5.81435,34.22357],[-5.8121,34.21683],[-5.81884,34.21458],[-5.81884,34.21907],[-5.81435,34.22357]]],[[[-5.81884,34.21907],[-5.82333,34.21907],[-5.82333,34.22132],[-5.81884,34.22132],[-5.81884,34.21907]]],[[[-5.83456,34.22357],[-5.83456,34.22581],[-5.83231,34.22581],[-5.83231,34.22357],[-5.83456,34.22357]]],[[[-5.81884,34.22357],[-5.81884,34.22581],[-5.81659,34.22581],[-5.81659,34.22357],[-5.81884,34.22357]]],[[[-5.80312,34.22357],[-5.80761,34.22357],[-5.80761,34.22581],[-5.80312,34.22581],[-5.80312,34.22357]]],[[[-5.8121,34.22357],[-5.8121,34.22806],[-5.80761,34.22806],[-5.80985,34.22357],[-5.8121,34.22357]]],[[[-5.82333,34.22581],[-5.82333,34.22806],[-5.82108,34.22806],[-5.82108,34.22581],[-5.82333,34.22581]]],[[[-5.78964,34.22581],[-5.79189,34.22581],[-5.79189,34.22806],[-5.78964,34.22806],[-5.78964,34.22581]]],[[[-5.7874,34.22806],[-5.7874,34.2303],[-5.78515,34.2303],[-5.78515,34.22806],[-5.7874,34.22806]]],[[[-5.81435,34.22806],[-5.81435,34.2303],[-5.8121,34.2303],[-5.8121,34.22806],[-5.81435,34.22806]]],[[[-5.81884,34.2303],[-5.82333,34.2303],[-5.82333,34.23255],[-5.81884,34.23255],[-5.81884,34.2303]]],[[[-5.79189,34.2303],[-5.79189,34.23255],[-5.78964,34.23255],[-5.78964,34.2303],[-5.79189,34.2303]]],[[[-5.83456,34.22806],[-5.83456,34.23704],[-5.83007,34.23929],[-5.83231,34.2303],[-5.82782,34.22806],[-5.83456,34.22806]]],[[[-5.80312,34.23255],[-5.80536,34.23255],[-5.80536,34.2348],[-5.80312,34.2348],[-5.80312,34.23255]]],[[[-5.8121,34.23255],[-5.8121,34.2348],[-5.80985,34.2348],[-5.80985,34.23255],[-5.8121,34.23255]]],[[[-5.77841,34.23255],[-5.77841,34.2348],[-5.77617,34.2348],[-5.77617,34.23255],[-5.77841,34.23255]]],[[[-5.81659,34.23704],[-5.82108,34.23704],[-5.82108,34.23929],[-5.81659,34.23929],[-5.81659,34.23704]]],[[[-5.7874,34.2348],[-5.7874,34.24378],[-5.78515,34.24378],[-5.78515,34.2348],[-5.7874,34.2348]]],[[[-5.78066,34.23929],[-5.78066,34.24153],[-5.77841,34.24153],[-5.77841,34.23929],[-5.78066,34.23929]]],[[[-5.79638,34.23704],[-5.79189,34.23929],[-5.79413,34.24378],[-5.80087,34.24378],[-5.79863,34.23929],[-5.80536,34.23704],[-5.80761,34.24602],[-5.7874,34.24602],[-5.78964,34.23704],[-5.79638,34.23704]]],[[[-5.7829,34.24153],[-5.7829,34.24378],[-5.78066,34.24378],[-5.78066,34.24153],[-5.7829,34.24153]]],[[[-5.8121,34.24153],[-5.8121,34.24378],[-5.80761,34.24378],[-5.80761,34.24153],[-5.8121,34.24153]]],[[[-5.78066,34.24378],[-5.78066,34.24602],[-5.77841,34.24602],[-5.77841,34.24378],[-5.78066,34.24378]]],[[[-5.82782,34.24602],[-5.83007,34.24602],[-5.83007,34.24827],[-5.82782,34.24827],[-5.82782,34.24602]]],[[[-5.7829,34.24602],[-5.7829,34.24827],[-5.78066,34.24827],[-5.78066,34.24602],[-5.7829,34.24602]]],[[[-5.7874,34.24602],[-5.7874,34.24827],[-5.78515,34.24827],[-5.78515,34.24602],[-5.7874,34.24602]]],[[[-5.77617,34.24602],[-5.77841,34.24602],[-5.77841,34.25052],[-5.77617,34.25052],[-5.77617,34.24602]]],[[[-5.80985,34.24602],[-5.81435,34.24602],[-5.81435,34.25052],[-5.80761,34.25052],[-5.80985,34.24602]]],[[[-5.78964,34.24827],[-5.78964,34.25052],[-5.7874,34.25052],[-5.7874,34.24827],[-5.78964,34.24827]]],[[[-5.80536,34.25725],[-5.80312,34.25501],[-5.80761,34.25276],[-5.80761,34.2595],[-5.80536,34.25725]]],[[[-5.7874,34.25501],[-5.7874,34.25725],[-5.7829,34.25725],[-5.7829,34.25501],[-5.7874,34.25501]]],[[[-5.80985,34.25725],[-5.80985,34.25501],[-5.81659,34.25501],[-5.81435,34.2595],[-5.80985,34.25725]]],[[[-5.79413,34.25725],[-5.79638,34.25725],[-5.79638,34.2595],[-5.79413,34.2595],[-5.79413,34.25725]]],[[[-5.78964,34.25725],[-5.78964,34.26174],[-5.78515,34.26174],[-5.7874,34.25725],[-5.78964,34.25725]]],[[[-5.79863,34.26174],[-5.79863,34.26624],[-5.79638,34.26624],[-5.79638,34.26174],[-5.79863,34.26174]]],[[[-5.79189,34.26399],[-5.79413,34.26399],[-5.79413,34.26624],[-5.79189,34.26624],[-5.79189,34.26399]]],[[[-5.81435,34.26624],[-5.81435,34.26399],[-5.82108,34.26399],[-5.81659,34.26848],[-5.80985,34.26848],[-5.81435,34.26624]]],[[[-5.7874,34.27073],[-5.7874,34.27297],[-5.78515,34.27297],[-5.78515,34.27073],[-5.7874,34.27073]]],[[[-5.81435,34.27073],[-5.81659,34.27073],[-5.81659,34.27297],[-5.81435,34.27297],[-5.81435,34.27073]]],[[[-5.79863,34.27297],[-5.80087,34.26399],[-5.80761,34.26848],[-5.80312,34.28196],[-5.79863,34.27297]]],[[[-5.79638,34.27073],[-5.79863,34.27522],[-5.79863,34.28196],[-5.79413,34.27747],[-5.79413,34.26848],[-5.79863,34.26848],[-5.79638,34.27073]]],[[[-5.81659,34.2842],[-5.81884,34.27971],[-5.81659,34.26848],[-5.82108,34.26848],[-5.82108,34.28645],[-5.81659,34.2842]]],[[[-5.81659,34.27522],[-5.81659,34.27971],[-5.81435,34.27971],[-5.81435,34.27522],[-5.81659,34.27522]]],[[[-5.7829,34.27747],[-5.7829,34.27971],[-5.78066,34.27971],[-5.78066,34.27747],[-5.7829,34.27747]]],[[[-5.80761,34.27747],[-5.80985,34.27747],[-5.80985,34.27971],[-5.80761,34.27971],[-5.80761,34.27747]]],[[[-5.78964,34.2842],[-5.78964,34.28196],[-5.79638,34.28196],[-5.79413,34.28645],[-5.78964,34.2842]]],[[[-5.83456,34.28645],[-5.83456,34.29094],[-5.83007,34.28869],[-5.83007,34.28645],[-5.83456,34.28645]]],[[[-5.8121,34.30441],[-5.81435,34.29768],[-5.80761,34.29992],[-5.80985,34.30441],[-5.80312,34.29992],[-5.79638,34.30217],[-5.79863,34.29768],[-5.80985,34.29543],[-5.80087,34.28869],[-5.80087,34.2842],[-5.80761,34.28869],[-5.80985,34.27971],[-5.81435,34.27971],[-5.81884,34.29319],[-5.81659,34.30441],[-5.8121,34.30441]],[[-5.80985,34.28869],[-5.81435,34.28869],[-5.81435,34.28645],[-5.80985,34.28645],[-5.80985,34.28869]]],[[[-5.7874,34.29319],[-5.7874,34.29543],[-5.78515,34.29543],[-5.78515,34.29319],[-5.7874,34.29319]]],[[[-5.77617,34.29992],[-5.77617,34.29094],[-5.77392,34.28869],[-5.7829,34.29094],[-5.77617,34.29992]]],[[[-5.82333,34.30217],[-5.82108,34.29094],[-5.81884,34.28869],[-5.83007,34.29094],[-5.82333,34.30217]]],[[[-5.78515,34.29543],[-5.78515,34.29768],[-5.78066,34.29768],[-5.78066,34.29543],[-5.78515,34.29543]]],[[[-5.82108,34.29768],[-5.82108,34.29992],[-5.81884,34.29992],[-5.81884,34.29768],[-5.82108,34.29768]]],[[[-5.82782,34.29768],[-5.83007,34.29768],[-5.83007,34.29992],[-5.82782,34.29992],[-5.82782,34.29768]]],[[[-5.82333,34.30217],[-5.82333,34.30666],[-5.81659,34.30666],[-5.81659,34.30441],[-5.82333,34.30217]]],[[[-5.77617,34.30891],[-5.77841,34.30217],[-5.78964,34.31115],[-5.79189,34.30666],[-5.80087,34.30441],[-5.80087,34.31115],[-5.80536,34.3134],[-5.79863,34.3134],[-5.79638,34.31789],[-5.78964,34.3134],[-5.7874,34.31789],[-5.77841,34.32014],[-5.78066,34.30891],[-5.77617,34.30891]],[[-5.79638,34.3134],[-5.79863,34.30891],[-5.79413,34.30891],[-5.79413,34.3134],[-5.79638,34.3134]],[[-5.78066,34.31564],[-5.78515,34.31564],[-5.78515,34.31115],[-5.78066,34.31115],[-5.78066,34.31564]]],[[[-5.80985,34.3134],[-5.8121,34.3134],[-5.8121,34.31564],[-5.80985,34.31564],[-5.80985,34.3134]]],[[[-5.78964,34.31789],[-5.78964,34.32014],[-5.7874,34.32014],[-5.7874,34.31789],[-5.78964,34.31789]]],[[[-5.80761,34.31789],[-5.80761,34.32014],[-5.80312,34.32014],[-5.80312,34.31789],[-5.80761,34.31789]]],[[[-5.80985,34.32014],[-5.8121,34.32014],[-5.8121,34.32463],[-5.80761,34.32463],[-5.80985,34.32014]]],[[[-5.82557,34.32463],[-5.81884,34.32687],[-5.82557,34.32238],[-5.82557,34.31789],[-5.83007,34.31789],[-5.82557,34.32463]]],[[[-5.79863,34.32463],[-5.79863,34.32687],[-5.7874,34.32687],[-5.7874,34.32463],[-5.79863,34.32463]]],[[[-5.8121,34.32463],[-5.81435,34.32463],[-5.81435,34.32687],[-5.8121,34.32687],[-5.8121,34.32463]]],[[[-5.83456,34.32463],[-5.83456,34.32687],[-5.83007,34.32687],[-5.83007,34.32463],[-5.83456,34.32463]]],[[[-5.80536,34.32687],[-5.80536,34.32912],[-5.80312,34.32912],[-5.80312,34.32687],[-5.80536,34.32687]]],[[[-5.78515,34.32687],[-5.7874,34.32687],[-5.7874,34.32912],[-5.78515,34.32912],[-5.78515,34.32687]]],[[[-5.80312,34.32912],[-5.80312,34.33136],[-5.80087,34.33136],[-5.80087,34.32912],[-5.80312,34.32912]]],[[[-5.82557,34.32912],[-5.82557,34.33136],[-5.82108,34.33136],[-5.82108,34.32912],[-5.82557,34.32912]]],[[[-5.80087,34.33136],[-5.80087,34.33361],[-5.79638,34.33361],[-5.79638,34.33136],[-5.80087,34.33136]]],[[[-5.82782,34.33136],[-5.82782,34.33361],[-5.82557,34.33361],[-5.82557,34.33136],[-5.82782,34.33136]]],[[[-5.7874,34.33136],[-5.7874,34.33361],[-5.78515,34.33361],[-5.78515,34.33136],[-5.7874,34.33136]]],[[[-5.79413,34.33361],[-5.79413,34.33586],[-5.79189,34.33586],[-5.79189,34.33361],[-5.79413,34.33361]]],[[[-5.82108,34.33361],[-5.82333,34.33361],[-5.82333,34.33586],[-5.82108,34.33586],[-5.82108,34.33361]]],[[[-5.81659,34.32912],[-5.81659,34.33361],[-5.8121,34.33361],[-5.8121,34.34035],[-5.80312,34.3381],[-5.80985,34.33586],[-5.80761,34.33136],[-5.81659,34.32912]]],[[[-5.83007,34.33586],[-5.83007,34.3381],[-5.82782,34.3381],[-5.82782,34.33586],[-5.83007,34.33586]]],[[[-5.79863,34.33586],[-5.80087,34.33586],[-5.80087,34.3381],[-5.79863,34.3381],[-5.79863,34.33586]]],[[[-5.83456,34.3381],[-5.83456,34.34035],[-5.83007,34.34035],[-5.83007,34.3381],[-5.83456,34.3381]]],[[[-5.80312,34.3381],[-5.80312,34.34035],[-5.80087,34.34035],[-5.80087,34.3381],[-5.80312,34.3381]]],[[[-5.80087,34.34035],[-5.80087,34.34259],[-5.79863,34.34259],[-5.79863,34.34035],[-5.80087,34.34035]]],[[[-5.79863,34.34259],[-5.79863,34.34484],[-5.79638,34.34484],[-5.79638,34.34259],[-5.79863,34.34259]]],[[[-5.81435,34.34035],[-5.82108,34.34708],[-5.81435,34.34484],[-5.81435,34.35158],[-5.80761,34.35158],[-5.8121,34.34933],[-5.80761,34.34259],[-5.81435,34.34035]]],[[[-5.79863,34.34484],[-5.80312,34.34484],[-5.80087,34.35158],[-5.79863,34.35158],[-5.79863,34.34484]]],[[[-5.82557,34.34933],[-5.82557,34.35158],[-5.82108,34.35158],[-5.82108,34.34708],[-5.83007,34.34708],[-5.82557,34.34933]]],[[[-5.80536,34.34933],[-5.80761,34.35382],[-5.8121,34.35382],[-5.80985,34.35831],[-5.80087,34.35382],[-5.80312,34.34708],[-5.80761,34.34708],[-5.80536,34.34933]]],[[[-5.81884,34.35158],[-5.82108,34.35158],[-5.82108,34.35382],[-5.81884,34.35382],[-5.81884,34.35158]]],[[[-5.81659,34.35158],[-5.81659,34.35607],[-5.81435,34.35607],[-5.81435,34.35158],[-5.81659,34.35158]]],[[[-5.80087,34.35382],[-5.80087,34.35607],[-5.79863,34.35607],[-5.79863,34.35382],[-5.80087,34.35382]]],[[[-5.79638,34.35607],[-5.79863,34.35607],[-5.79863,34.35831],[-5.79638,34.35831],[-5.79638,34.35607]]],[[[-5.81435,34.35607],[-5.81435,34.36056],[-5.80985,34.36056],[-5.80985,34.35831],[-5.81435,34.35607]]],[[[-5.83007,34.36281],[-5.83007,34.36505],[-5.82557,34.36505],[-5.82557,34.36281],[-5.83007,34.36281]]],[[[-5.80536,34.36505],[-5.80761,34.36505],[-5.80761,34.3673],[-5.80536,34.3673],[-5.80536,34.36505]]],[[[-5.82782,34.37403],[-5.82782,34.37628],[-5.82557,34.37628],[-5.82557,34.37403],[-5.82782,34.37403]]],[[[-5.81884,34.37628],[-5.81659,34.37853],[-5.81659,34.37403],[-5.82108,34.37403],[-5.81884,34.37628]]],[[[-5.82108,34.37628],[-5.82333,34.37628],[-5.82333,34.37853],[-5.82108,34.37853],[-5.82108,34.37628]]],[[[-5.82557,34.38302],[-5.82557,34.38526],[-5.82333,34.38526],[-5.82333,34.38302],[-5.82557,34.38302]]],[[[-5.81435,34.38302],[-5.81435,34.38526],[-5.80985,34.38526],[-5.80985,34.38302],[-5.81435,34.38302]]],[[[-5.81435,34.38526],[-5.81659,34.38526],[-5.81659,34.392],[-5.81435,34.392],[-5.81435,34.38526]]],[[[-5.82333,34.392],[-5.82333,34.39874],[-5.82108,34.39874],[-5.82108,34.392],[-5.82333,34.392]]],[[[-5.8368,34.41446],[-5.8368,34.4212],[-5.83007,34.4212],[-5.83231,34.41221],[-5.8368,34.41446]]],[[[-5.57629,34.11128],[-5.57854,34.11128],[-5.57854,34.11352],[-5.57629,34.11352],[-5.57629,34.11128]]],[[[-5.59875,34.11352],[-5.59875,34.11577],[-5.59426,34.11577],[-5.59426,34.11352],[-5.59875,34.11352]]],[[[-5.59875,34.11801],[-5.59875,34.12026],[-5.5965,34.12026],[-5.5965,34.11801],[-5.59875,34.11801]]],[[[-5.57629,34.11801],[-5.57854,34.11801],[-5.57854,34.12026],[-5.57629,34.12026],[-5.57629,34.11801]]],[[[-5.58303,34.11801],[-5.58303,34.12026],[-5.58078,34.12026],[-5.58078,34.11801],[-5.58303,34.11801]]],[[[-5.59201,34.12026],[-5.59201,34.12251],[-5.58977,34.12251],[-5.58977,34.12026],[-5.59201,34.12026]]],[[[-5.68409,34.12251],[-5.68634,34.12251],[-5.68634,34.12475],[-5.68409,34.12475],[-5.68409,34.12251]]],[[[-5.70206,34.15844],[-5.70206,34.16068],[-5.69981,34.16068],[-5.69981,34.15844],[-5.70206,34.15844]]],[[[-5.53811,34.17191],[-5.53811,34.1764],[-5.53587,34.1764],[-5.53587,34.17191],[-5.53811,34.17191]]],[[[-5.67062,34.18539],[-5.67286,34.18539],[-5.67286,34.18763],[-5.67062,34.18763],[-5.67062,34.18539]]],[[[-5.66388,34.19437],[-5.66388,34.19662],[-5.66163,34.19662],[-5.66163,34.19437],[-5.66388,34.19437]]],[[[-5.49095,34.19662],[-5.49095,34.19886],[-5.48646,34.19886],[-5.48646,34.19662],[-5.49095,34.19662]]],[[[-5.74922,34.20111],[-5.75146,34.20111],[-5.75146,34.20335],[-5.74922,34.20335],[-5.74922,34.20111]]],[[[-5.72901,34.20335],[-5.72901,34.2056],[-5.72451,34.2056],[-5.72451,34.20335],[-5.72901,34.20335]]],[[[-5.76045,34.2056],[-5.76045,34.20785],[-5.75596,34.20785],[-5.75596,34.2056],[-5.76045,34.2056]]],[[[-5.71329,34.2056],[-5.71553,34.2056],[-5.71553,34.20785],[-5.71329,34.20785],[-5.71329,34.2056]]],[[[-5.48197,34.2056],[-5.48197,34.20785],[-5.47972,34.20785],[-5.47972,34.2056],[-5.48197,34.2056]]],[[[-5.73574,34.2056],[-5.73574,34.20785],[-5.7335,34.20785],[-5.7335,34.2056],[-5.73574,34.2056]]],[[[-5.75146,34.20785],[-5.74922,34.20785],[-5.74922,34.2056],[-5.75146,34.2056],[-5.75146,34.20785]]],[[[-5.74697,34.20785],[-5.74922,34.20785],[-5.74922,34.21009],[-5.74697,34.21009],[-5.74697,34.20785]]],[[[-5.7582,34.21458],[-5.76269,34.20785],[-5.76494,34.20785],[-5.76494,34.21234],[-5.7582,34.21458]]],[[[-5.63244,34.21009],[-5.63244,34.21234],[-5.63019,34.21234],[-5.63019,34.21009],[-5.63244,34.21009]]],[[[-5.74922,34.21009],[-5.7582,34.21009],[-5.7582,34.21234],[-5.74922,34.21234],[-5.74922,34.21009]]],[[[-5.74922,34.21458],[-5.74922,34.21683],[-5.74023,34.21683],[-5.74023,34.21234],[-5.74922,34.21458]]],[[[-5.77392,34.21458],[-5.77392,34.21683],[-5.77168,34.21683],[-5.77168,34.21458],[-5.77392,34.21458]]],[[[-5.77617,34.21458],[-5.77841,34.21458],[-5.77841,34.21907],[-5.77392,34.21907],[-5.77617,34.21458]]],[[[-5.76943,34.21234],[-5.76943,34.22132],[-5.76718,34.22132],[-5.76494,34.21234],[-5.76943,34.21234]]],[[[-5.75596,34.21683],[-5.75596,34.21907],[-5.75371,34.21907],[-5.75371,34.21683],[-5.75596,34.21683]]],[[[-5.71553,34.21683],[-5.71778,34.21683],[-5.71778,34.21907],[-5.71553,34.21907],[-5.71553,34.21683]]],[[[-5.77392,34.21907],[-5.77392,34.22132],[-5.77168,34.22132],[-5.77168,34.21907],[-5.77392,34.21907]]],[[[-5.76494,34.21907],[-5.76494,34.22132],[-5.76269,34.22132],[-5.76269,34.21907],[-5.76494,34.21907]]],[[[-5.75371,34.22132],[-5.75596,34.22357],[-5.75146,34.22357],[-5.75146,34.21907],[-5.75371,34.22132]]],[[[-5.72227,34.22132],[-5.72227,34.22357],[-5.72002,34.22357],[-5.72002,34.22132],[-5.72227,34.22132]]],[[[-5.72676,34.22132],[-5.72676,34.22357],[-5.72451,34.22357],[-5.72451,34.22132],[-5.72676,34.22132]]],[[[-5.73125,34.22132],[-5.73125,34.22357],[-5.72901,34.22357],[-5.72901,34.22132],[-5.73125,34.22132]]],[[[-5.77168,34.22357],[-5.77168,34.22581],[-5.76269,34.22581],[-5.76269,34.22357],[-5.77168,34.22357]]],[[[-5.72901,34.22357],[-5.72901,34.22581],[-5.72676,34.22581],[-5.72676,34.22357],[-5.72901,34.22357]]],[[[-5.75146,34.22581],[-5.74697,34.22806],[-5.74697,34.22357],[-5.75146,34.22357],[-5.75146,34.22581]]],[[[-5.72676,34.22581],[-5.72676,34.22806],[-5.72451,34.22806],[-5.72451,34.22581],[-5.72676,34.22581]]],[[[-5.75146,34.22806],[-5.75146,34.2303],[-5.74922,34.2303],[-5.74922,34.22806],[-5.75146,34.22806]]],[[[-5.72676,34.22806],[-5.72901,34.22806],[-5.72901,34.2303],[-5.72676,34.2303],[-5.72676,34.22806]]],[[[-5.73799,34.2303],[-5.73799,34.23255],[-5.73574,34.23255],[-5.73574,34.2303],[-5.73799,34.2303]]],[[[-5.74697,34.2303],[-5.74697,34.23255],[-5.74473,34.23255],[-5.74473,34.2303],[-5.74697,34.2303]]],[[[-5.76943,34.2303],[-5.77168,34.2303],[-5.77168,34.23255],[-5.76943,34.23255],[-5.76943,34.2303]]],[[[-5.71778,34.2348],[-5.71553,34.22806],[-5.72227,34.22806],[-5.72002,34.2303],[-5.72227,34.2348],[-5.71778,34.2348]]],[[[-5.70655,34.2303],[-5.70655,34.23255],[-5.7043,34.23255],[-5.7043,34.2303],[-5.70655,34.2303]]],[[[-5.76269,34.2303],[-5.76494,34.2303],[-5.76494,34.23255],[-5.76269,34.23255],[-5.76269,34.2303]]],[[[-5.71104,34.2303],[-5.71104,34.23255],[-5.70879,34.23255],[-5.70879,34.2303],[-5.71104,34.2303]]],[[[-5.72451,34.2303],[-5.72451,34.23255],[-5.72227,34.23255],[-5.72227,34.2303],[-5.72451,34.2303]]],[[[-5.70655,34.23255],[-5.70879,34.23255],[-5.70879,34.2348],[-5.70655,34.2348],[-5.70655,34.23255]]],[[[-5.74473,34.23255],[-5.74473,34.23704],[-5.74248,34.23704],[-5.74248,34.23255],[-5.74473,34.23255]]],[[[-5.76494,34.2348],[-5.76494,34.23704],[-5.76269,34.23704],[-5.76269,34.2348],[-5.76494,34.2348]]],[[[-5.73125,34.2348],[-5.73574,34.23255],[-5.73574,34.23929],[-5.72451,34.23704],[-5.73125,34.2348]]],[[[-5.7043,34.23704],[-5.7043,34.23929],[-5.69756,34.23929],[-5.69756,34.23704],[-5.7043,34.23704]]],[[[-5.72451,34.23704],[-5.72451,34.23929],[-5.72227,34.23929],[-5.72227,34.23704],[-5.72451,34.23704]]],[[[-5.76943,34.23929],[-5.77617,34.23929],[-5.77617,34.24153],[-5.76943,34.24153],[-5.76943,34.23929]]],[[[-5.74697,34.24153],[-5.74697,34.24378],[-5.74473,34.24378],[-5.74473,34.24153],[-5.74697,34.24153]]],[[[-5.72227,34.24153],[-5.72227,34.24378],[-5.71778,34.24378],[-5.71778,34.24153],[-5.72227,34.24153]]],[[[-5.76269,34.24153],[-5.76494,34.24153],[-5.76494,34.24378],[-5.76269,34.24378],[-5.76269,34.24153]]],[[[-5.7043,34.25501],[-5.69756,34.25501],[-5.7043,34.25276],[-5.69756,34.24827],[-5.7043,34.24827],[-5.69981,34.24378],[-5.70655,34.24153],[-5.70879,34.25052],[-5.70879,34.23929],[-5.71553,34.2303],[-5.71778,34.23704],[-5.71329,34.23929],[-5.71778,34.23929],[-5.71553,34.24827],[-5.72002,34.25276],[-5.7043,34.25501]],[[-5.71329,34.24827],[-5.71329,34.25052],[-5.71553,34.25052],[-5.71553,34.24827],[-5.71329,34.24827]]],[[[-5.72451,34.24602],[-5.72002,34.24827],[-5.72451,34.24153],[-5.72901,34.24378],[-5.72451,34.24602]]],[[[-5.69532,34.24602],[-5.69532,34.25052],[-5.69083,34.25052],[-5.69083,34.24153],[-5.68634,34.23929],[-5.69532,34.23929],[-5.69532,34.24602]]],[[[-5.76718,34.24378],[-5.76718,34.24602],[-5.76494,34.24602],[-5.76494,34.24378],[-5.76718,34.24378]]],[[[-5.77392,34.24378],[-5.77392,34.24827],[-5.77168,34.24827],[-5.77168,34.24378],[-5.77392,34.24378]]],[[[-5.74922,34.24602],[-5.75146,34.24602],[-5.75146,34.24827],[-5.74922,34.24827],[-5.74922,34.24602]]],[[[-5.73574,34.24827],[-5.73574,34.25052],[-5.72901,34.25052],[-5.72901,34.24602],[-5.73574,34.24827]]],[[[-5.74248,34.25052],[-5.74248,34.25276],[-5.74023,34.25276],[-5.74023,34.25052],[-5.74248,34.25052]]],[[[-5.75371,34.25052],[-5.75371,34.25276],[-5.75146,34.25276],[-5.75146,34.25052],[-5.75371,34.25052]]],[[[-5.69083,34.25052],[-5.69083,34.25501],[-5.68634,34.25501],[-5.68634,34.25276],[-5.69083,34.25052]]],[[[-5.7335,34.25276],[-5.7335,34.25501],[-5.73125,34.25501],[-5.73125,34.25276],[-5.7335,34.25276]]],[[[-5.7335,34.25725],[-5.7335,34.25501],[-5.73574,34.25501],[-5.73574,34.25725],[-5.7335,34.25725]]],[[[-5.74248,34.25501],[-5.74473,34.25501],[-5.74473,34.25725],[-5.74248,34.25725],[-5.74248,34.25501]]],[[[-5.69307,34.25725],[-5.69307,34.2595],[-5.69083,34.2595],[-5.69083,34.25501],[-5.69532,34.25501],[-5.69307,34.25725]]],[[[-5.72451,34.2595],[-5.72451,34.25725],[-5.72901,34.25501],[-5.72901,34.26174],[-5.72451,34.2595]]],[[[-5.72002,34.26174],[-5.71104,34.2595],[-5.71104,34.25725],[-5.72227,34.25501],[-5.72002,34.26174]]],[[[-5.70206,34.25725],[-5.70206,34.26174],[-5.69981,34.26174],[-5.69981,34.25725],[-5.70206,34.25725]]],[[[-5.75146,34.25725],[-5.75146,34.26174],[-5.74922,34.26174],[-5.74922,34.25725],[-5.75146,34.25725]]],[[[-5.7043,34.2595],[-5.70655,34.2595],[-5.70655,34.26174],[-5.7043,34.26174],[-5.7043,34.2595]]],[[[-5.69756,34.2595],[-5.69756,34.26174],[-5.69532,34.26174],[-5.69532,34.2595],[-5.69756,34.2595]]],[[[-5.76269,34.26174],[-5.76269,34.26399],[-5.76045,34.26399],[-5.76045,34.26174],[-5.76269,34.26174]]],[[[-5.74248,34.26174],[-5.74473,34.26174],[-5.74473,34.26399],[-5.74248,34.26399],[-5.74248,34.26174]]],[[[-5.7335,34.26174],[-5.7335,34.26399],[-5.73125,34.26399],[-5.73125,34.26174],[-5.7335,34.26174]]],[[[-5.72451,34.26174],[-5.72451,34.26399],[-5.72227,34.26399],[-5.72227,34.26174],[-5.72451,34.26174]]],[[[-5.74697,34.26174],[-5.74922,34.26174],[-5.74922,34.26624],[-5.74697,34.26624],[-5.74697,34.26174]]],[[[-5.76494,34.26399],[-5.76494,34.26624],[-5.76269,34.26624],[-5.76269,34.26399],[-5.76494,34.26399]]],[[[-5.73574,34.26399],[-5.73574,34.26624],[-5.7335,34.26624],[-5.7335,34.26399],[-5.73574,34.26399]]],[[[-5.75146,34.26624],[-5.75371,34.26624],[-5.75371,34.26848],[-5.75146,34.26848],[-5.75146,34.26624]]],[[[-5.74473,34.26624],[-5.74473,34.26848],[-5.74248,34.26848],[-5.74248,34.26624],[-5.74473,34.26624]]],[[[-5.77392,34.26624],[-5.77392,34.26848],[-5.77168,34.26848],[-5.77168,34.26624],[-5.77392,34.26624]]],[[[-5.74023,34.26848],[-5.74248,34.26848],[-5.74248,34.27073],[-5.74023,34.27073],[-5.74023,34.26848]]],[[[-5.76718,34.26848],[-5.76718,34.27073],[-5.76494,34.27073],[-5.76494,34.26848],[-5.76718,34.26848]]],[[[-5.71329,34.27073],[-5.71329,34.27297],[-5.71104,34.27297],[-5.71104,34.27073],[-5.71329,34.27073]]],[[[-5.72901,34.26399],[-5.73125,34.27747],[-5.72002,34.27971],[-5.71778,34.27073],[-5.72676,34.27297],[-5.72451,34.26399],[-5.72901,34.26399]]],[[[-5.74473,34.27073],[-5.74473,34.27297],[-5.74248,34.27297],[-5.74248,34.27073],[-5.74473,34.27073]]],[[[-5.73574,34.27073],[-5.73574,34.27522],[-5.7335,34.27522],[-5.73125,34.27073],[-5.73574,34.27073]]],[[[-5.71553,34.27297],[-5.71553,34.27747],[-5.71329,34.27747],[-5.71329,34.27297],[-5.71553,34.27297]]],[[[-5.77617,34.27522],[-5.77617,34.27971],[-5.77392,34.27971],[-5.77392,34.27522],[-5.77617,34.27522]]],[[[-5.76943,34.27297],[-5.76943,34.2842],[-5.76718,34.2842],[-5.76718,34.27971],[-5.76269,34.28196],[-5.76045,34.27747],[-5.76718,34.27747],[-5.76943,34.27297]]],[[[-5.77392,34.27971],[-5.77392,34.28196],[-5.77168,34.28196],[-5.77168,34.27971],[-5.77392,34.27971]]],[[[-5.73574,34.27971],[-5.73799,34.27971],[-5.73799,34.28196],[-5.73574,34.28196],[-5.73574,34.27971]]],[[[-5.72002,34.27971],[-5.72002,34.28196],[-5.71778,34.28196],[-5.71778,34.27971],[-5.72002,34.27971]]],[[[-5.75371,34.27971],[-5.75371,34.2842],[-5.75146,34.2842],[-5.75146,34.27971],[-5.75371,34.27971]]],[[[-5.71329,34.28196],[-5.71553,34.28196],[-5.71553,34.2842],[-5.71329,34.2842],[-5.71329,34.28196]]],[[[-5.77617,34.28196],[-5.77617,34.28645],[-5.77392,34.28645],[-5.77392,34.28196],[-5.77617,34.28196]]],[[[-5.72451,34.2842],[-5.72451,34.28645],[-5.72227,34.28645],[-5.72227,34.2842],[-5.72451,34.2842]]],[[[-5.72002,34.28645],[-5.72227,34.28645],[-5.72227,34.28869],[-5.72002,34.28869],[-5.72002,34.28645]]],[[[-5.7582,34.28645],[-5.7582,34.29094],[-5.75596,34.29094],[-5.75596,34.2842],[-5.76045,34.2842],[-5.7582,34.28645]]],[[[-5.73799,34.28869],[-5.73799,34.29094],[-5.7335,34.29094],[-5.7335,34.28869],[-5.73799,34.28869]]],[[[-5.74922,34.28869],[-5.75146,34.28869],[-5.75146,34.29094],[-5.74922,34.29094],[-5.74922,34.28869]]],[[[-5.76269,34.28869],[-5.76269,34.29319],[-5.7582,34.29319],[-5.7582,34.29094],[-5.76269,34.28869]]],[[[-5.77168,34.29094],[-5.77168,34.29319],[-5.76943,34.29319],[-5.76943,34.29094],[-5.77168,34.29094]]],[[[-5.72901,34.29768],[-5.72227,34.28869],[-5.73125,34.28645],[-5.72901,34.29094],[-5.72901,34.29768]]],[[[-5.77392,34.29319],[-5.77392,34.29543],[-5.77168,34.29543],[-5.77168,34.29319],[-5.77392,34.29319]]],[[[-5.7582,34.29319],[-5.7582,34.29543],[-5.75596,34.29543],[-5.75596,34.29319],[-5.7582,34.29319]]],[[[-5.7335,34.29319],[-5.74023,34.29094],[-5.74473,34.29992],[-5.74023,34.29543],[-5.73574,34.29768],[-5.7335,34.29319]]],[[[-5.76718,34.29543],[-5.76718,34.29768],[-5.76494,34.29768],[-5.76494,34.29543],[-5.76718,34.29543]]],[[[-5.76718,34.29992],[-5.76718,34.29768],[-5.76943,34.29768],[-5.76943,34.29992],[-5.76718,34.29992]]],[[[-5.77168,34.29992],[-5.77168,34.30217],[-5.76943,34.30217],[-5.76943,34.29992],[-5.77168,34.29992]]],[[[-5.74922,34.29992],[-5.74922,34.30441],[-5.74473,34.30441],[-5.74473,34.30217],[-5.74922,34.29992]]],[[[-5.77392,34.30666],[-5.77392,34.30891],[-5.77168,34.30891],[-5.77168,34.30441],[-5.77617,34.30441],[-5.77392,34.30666]]],[[[-5.77392,34.31115],[-5.77392,34.30891],[-5.77617,34.30891],[-5.77617,34.31115],[-5.77392,34.31115]]]]}},{"type":"Feature","id":5,"properties":{"id":5,"risk_code":"very_high","risk_class":5,"name":"Susceptibilité très élevée","area_km2":825.0,"pct":4.67,"color":"#d73027","border":"#8b1a12","source":"Gradient Tree Boosting (GTB) — apprentissage automatique supervisé","model":"GTB (Gradient Boosting Trees), classification en 5 classes a partir de facteurs conditionnants (pluviometrie, pente, TWI, distance aux rivieres, occupation du sol, elevation, densite de drainage)","note":"Modele entraine sur inventaire d'inondations historiques ; sortie raster reclassee en 5 classes et vectorisee, decoupee sur la limite officielle RSK"},"geometry":{"type":"MultiPolygon","coordinates":[[[[-6.46338,33.91365],[-6.45889,33.91365],[-6.45889,33.9114],[-6.46338,33.9114],[-6.46338,33.91365]]],[[[-6.44092,33.91589],[-6.43867,33.91589],[-6.43867,33.91365],[-6.44092,33.91365],[-6.44092,33.91589]]],[[[-6.42295,33.92488],[-6.42071,33.92488],[-6.42071,33.92263],[-6.42295,33.92263],[-6.42295,33.92488]]],[[[-6.45889,33.92937],[-6.45889,33.92712],[-6.46113,33.92712],[-6.46113,33.92937],[-6.45889,33.92937]]],[[[-6.43418,33.93386],[-6.43418,33.93161],[-6.43643,33.93161],[-6.43643,33.93386],[-6.43418,33.93386]]],[[[-6.43194,33.94284],[-6.42969,33.94284],[-6.42969,33.9406],[-6.43194,33.9406],[-6.43194,33.94284]]],[[[-6.74186,33.96979],[-6.73961,33.96979],[-6.73961,33.96755],[-6.74186,33.96755],[-6.74186,33.96979]]],[[[-6.76881,33.96979],[-6.77105,33.96755],[-6.77105,33.97204],[-6.76656,33.97204],[-6.76881,33.96979]]],[[[-6.76656,33.97204],[-6.76881,33.97428],[-6.76881,33.98102],[-6.76207,33.97653],[-6.76656,33.97204]]],[[[-6.77105,33.98102],[-6.77105,33.97878],[-6.7733,33.97878],[-6.7733,33.98102],[-6.77105,33.98102]]],[[[-6.78902,33.98327],[-6.78677,33.98327],[-6.78677,33.98102],[-6.78902,33.98102],[-6.78902,33.98327]]],[[[-6.77779,33.98551],[-6.77105,33.98551],[-6.77105,33.98327],[-6.77554,33.98102],[-6.77779,33.98551]]],[[[-6.78228,33.98551],[-6.78003,33.98551],[-6.78003,33.98327],[-6.78228,33.98327],[-6.78228,33.98551]]],[[[-6.78902,33.99225],[-6.78902,33.99],[-6.79351,33.99],[-6.79351,33.99225],[-6.78902,33.99225]]],[[[-6.80025,33.99674],[-6.80025,34.00123],[-6.79576,34.00123],[-6.798,33.99225],[-6.80249,33.99],[-6.80025,33.99674]]],[[[-6.53075,33.99674],[-6.52851,33.99674],[-6.52851,33.9945],[-6.53075,33.9945],[-6.53075,33.99674]]],[[[-6.52851,34.00123],[-6.52851,33.99899],[-6.53075,33.99899],[-6.53075,34.00123],[-6.52851,34.00123]]],[[[-6.52401,34.00348],[-6.52401,33.99899],[-6.52626,33.99899],[-6.52626,34.00348],[-6.52401,34.00348]]],[[[-6.52851,34.00573],[-6.52626,34.00573],[-6.52626,34.00348],[-6.52851,34.00348],[-6.52851,34.00573]]],[[[-6.53075,34.01022],[-6.53075,34.00797],[-6.533,34.00797],[-6.533,34.01022],[-6.53075,34.01022]]],[[[-6.52626,34.01246],[-6.52626,34.01022],[-6.52851,34.01022],[-6.52851,34.01246],[-6.52626,34.01246]]],[[[-6.56668,34.06636],[-6.56444,34.06636],[-6.56444,34.06412],[-6.56668,34.06412],[-6.56668,34.06636]]],[[[-6.53974,34.07984],[-6.54647,34.07984],[-6.54647,34.08208],[-6.53974,34.08433],[-6.53974,34.07984]]],[[[-6.53974,34.08657],[-6.53749,34.08657],[-6.53749,34.08433],[-6.53974,34.08433],[-6.53974,34.08657]]],[[[-6.5038,34.08882],[-6.50156,34.09107],[-6.5038,34.08433],[-6.50829,34.08657],[-6.5038,34.08882]]],[[[-6.53075,34.09556],[-6.53075,34.09331],[-6.533,34.09331],[-6.533,34.09556],[-6.53075,34.09556]]],[[[-6.54423,34.10229],[-6.54198,34.10229],[-6.54198,34.10005],[-6.54423,34.10005],[-6.54423,34.10229]]],[[[-6.56893,34.12026],[-6.56668,34.12026],[-6.56668,34.11577],[-6.56893,34.11577],[-6.56893,34.12026]]],[[[-6.51279,34.14047],[-6.51054,34.14047],[-6.51054,34.13823],[-6.51279,34.13823],[-6.51279,34.14047]]],[[[-6.60935,34.2303],[-6.60935,34.22806],[-6.6116,34.22806],[-6.6116,34.2303],[-6.60935,34.2303]]],[[[-6.44317,34.31564],[-6.44317,34.3134],[-6.44541,34.3134],[-6.44541,34.31564],[-6.44317,34.31564]]],[[[-6.43867,34.31115],[-6.44317,34.30891],[-6.44092,34.31564],[-6.44541,34.32687],[-6.42745,34.32014],[-6.43867,34.31115]],[[-6.43643,34.32014],[-6.43643,34.31789],[-6.43418,34.31789],[-6.43418,34.32014],[-6.43643,34.32014]]],[[[-6.43643,34.33361],[-6.42969,34.33361],[-6.4252,34.32463],[-6.43418,34.32463],[-6.43643,34.33361]]],[[[-6.43194,34.34708],[-6.4252,34.34259],[-6.4252,34.3381],[-6.43194,34.3381],[-6.43194,34.34708]]],[[[-6.4252,34.34933],[-6.4252,34.34708],[-6.42745,34.34708],[-6.42745,34.34933],[-6.4252,34.34933]]],[[[-6.43418,34.35382],[-6.43418,34.35158],[-6.43643,34.35158],[-6.43643,34.35382],[-6.43418,34.35382]]],[[[-6.43643,34.38975],[-6.43643,34.38526],[-6.43194,34.38526],[-6.43418,34.38077],[-6.42969,34.37853],[-6.43194,34.37179],[-6.4252,34.36954],[-6.4252,34.36281],[-6.42969,34.36281],[-6.42969,34.35831],[-6.42295,34.35382],[-6.42745,34.35158],[-6.43643,34.35607],[-6.43418,34.36056],[-6.44541,34.3673],[-6.44541,34.37179],[-6.45215,34.37179],[-6.45215,34.38302],[-6.4544,34.37853],[-6.45889,34.38077],[-6.45889,34.38975],[-6.45215,34.39425],[-6.4544,34.39874],[-6.44541,34.39874],[-6.44541,34.39425],[-6.44092,34.39425],[-6.44092,34.39874],[-6.43418,34.39874],[-6.42969,34.38975],[-6.43643,34.38975]],[[-6.44092,34.392],[-6.43867,34.392],[-6.43867,34.39425],[-6.44092,34.39425],[-6.44092,34.392]],[[-6.44317,34.38526],[-6.44317,34.38975],[-6.44541,34.38975],[-6.44541,34.38526],[-6.44317,34.38526]],[[-6.44317,34.38077],[-6.44092,34.38077],[-6.44092,34.38526],[-6.44317,34.38526],[-6.44317,34.38077]],[[-6.44541,34.38077],[-6.44541,34.37853],[-6.44317,34.37853],[-6.44317,34.38077],[-6.44541,34.38077]],[[-6.43867,34.38526],[-6.43867,34.38751],[-6.44092,34.38751],[-6.44092,34.38526],[-6.43867,34.38526]],[[-6.45215,34.38751],[-6.45215,34.38526],[-6.4499,34.38526],[-6.4499,34.38751],[-6.45215,34.38751]]],[[[-6.42071,34.37853],[-6.4252,34.37628],[-6.4252,34.38077],[-6.42295,34.38077],[-6.42071,34.37853]]],[[[-6.41846,34.38751],[-6.42071,34.38302],[-6.42745,34.38526],[-6.42745,34.38751],[-6.41846,34.38751]]],[[[-6.43418,34.40098],[-6.42969,34.40098],[-6.42969,34.39874],[-6.43418,34.39874],[-6.43418,34.40098]]],[[[-6.44317,34.40323],[-6.44317,34.40098],[-6.44541,34.40098],[-6.44541,34.40323],[-6.44317,34.40323]]],[[[-6.43867,34.40548],[-6.43867,34.40323],[-6.44092,34.40323],[-6.44092,34.40548],[-6.43867,34.40548]]],[[[-6.45215,34.40548],[-6.44541,34.40548],[-6.44541,34.40323],[-6.45215,34.40323],[-6.45215,34.40548]]],[[[-6.43194,34.40772],[-6.4252,34.40772],[-6.4252,34.40323],[-6.43194,34.40323],[-6.43194,34.40772]]],[[[-6.44541,34.41221],[-6.43418,34.41221],[-6.43418,34.40548],[-6.43643,34.40772],[-6.44541,34.40548],[-6.44541,34.41221]]],[[[-6.4252,34.41221],[-6.42969,34.41221],[-6.42969,34.4167],[-6.4252,34.41446],[-6.4252,34.41221]]],[[[-6.42745,34.41895],[-6.42295,34.41895],[-6.42295,34.4167],[-6.42745,34.4167],[-6.42745,34.41895]]],[[[-6.42969,34.42569],[-6.42745,34.42569],[-6.42745,34.4212],[-6.42969,34.4212],[-6.42969,34.42569]]],[[[-6.42071,34.43242],[-6.42295,34.44141],[-6.41622,34.44141],[-6.41397,34.4459],[-6.41397,34.43916],[-6.42071,34.43916],[-6.41846,34.43018],[-6.42071,34.43242]]],[[[-6.42295,34.45039],[-6.42071,34.45039],[-6.42071,34.44815],[-6.42295,34.44815],[-6.42295,34.45039]]],[[[-6.41622,34.46162],[-6.42295,34.45713],[-6.42071,34.4706],[-6.41397,34.46836],[-6.41622,34.46387],[-6.41173,34.46162],[-6.41622,34.46162]]],[[[-6.42295,34.4706],[-6.42295,34.47734],[-6.41846,34.47959],[-6.41846,34.47285],[-6.42295,34.4706]]],[[[-6.41397,34.50204],[-6.40723,34.50204],[-6.40723,34.49531],[-6.41173,34.49755],[-6.41622,34.49531],[-6.41622,34.48857],[-6.42969,34.48408],[-6.42969,34.49306],[-6.43643,34.49306],[-6.43643,34.50204],[-6.44092,34.50429],[-6.42969,34.50429],[-6.42071,34.49755],[-6.41397,34.49755],[-6.41397,34.50204]]],[[[-6.4252,34.50654],[-6.42295,34.50654],[-6.42295,34.50429],[-6.4252,34.50429],[-6.4252,34.50654]]],[[[-6.44317,34.50654],[-6.44092,34.50429],[-6.44541,34.50429],[-6.44541,34.50878],[-6.44317,34.50654]]],[[[-6.41846,34.51776],[-6.41846,34.51552],[-6.42071,34.51552],[-6.42071,34.51776],[-6.41846,34.51776]]],[[[-6.44092,34.51776],[-6.44317,34.51103],[-6.4499,34.51552],[-6.44541,34.52899],[-6.43867,34.52899],[-6.43867,34.52001],[-6.44317,34.52001],[-6.44092,34.51776]]],[[[-6.41173,33.91589],[-6.40948,33.91589],[-6.40948,33.91365],[-6.41173,33.91365],[-6.41173,33.91589]]],[[[-6.39151,33.94284],[-6.39151,33.9406],[-6.39376,33.9406],[-6.39376,33.94284],[-6.39151,33.94284]]],[[[-6.36232,33.94958],[-6.36232,33.94733],[-6.36456,33.94733],[-6.36456,33.94958],[-6.36232,33.94958]]],[[[-6.34435,33.96979],[-6.34211,33.96979],[-6.34211,33.96755],[-6.34435,33.96755],[-6.34435,33.96979]]],[[[-6.33537,33.96979],[-6.33537,33.96755],[-6.33761,33.96755],[-6.33761,33.96979],[-6.33537,33.96979]]],[[[-6.33761,34.29094],[-6.33761,34.28869],[-6.34435,34.28869],[-6.34435,34.29094],[-6.33761,34.29094]]],[[[-6.38702,34.29992],[-6.38478,34.29992],[-6.38478,34.29768],[-6.38702,34.29768],[-6.38702,34.29992]]],[[[-6.35109,34.31789],[-6.34884,34.31789],[-6.34884,34.3134],[-6.35333,34.3134],[-6.35333,34.32014],[-6.35109,34.31789]]],[[[-6.33312,34.31789],[-6.33088,34.31789],[-6.33088,34.31564],[-6.33312,34.31564],[-6.33312,34.31789]]],[[[-6.36906,34.32014],[-6.36906,34.31789],[-6.3713,34.31789],[-6.3713,34.32014],[-6.36906,34.32014]]],[[[-6.36456,34.32014],[-6.36456,34.31789],[-6.36681,34.31789],[-6.36681,34.32014],[-6.36456,34.32014]]],[[[-6.34884,34.32463],[-6.3466,34.32463],[-6.3466,34.32238],[-6.34884,34.32238],[-6.34884,34.32463]]],[[[-6.34211,34.32463],[-6.33986,34.32463],[-6.33986,34.32238],[-6.34211,34.32238],[-6.34211,34.32463]]],[[[-6.35109,34.32687],[-6.34884,34.32687],[-6.34884,34.32463],[-6.35109,34.32463],[-6.35109,34.32687]]],[[[-6.40499,34.32687],[-6.40499,34.32463],[-6.40723,34.32463],[-6.40723,34.32687],[-6.40499,34.32687]]],[[[-6.35109,34.33361],[-6.35109,34.33136],[-6.35558,34.33136],[-6.35558,34.33361],[-6.35109,34.33361]]],[[[-6.41622,34.33586],[-6.41397,34.33586],[-6.41397,34.33361],[-6.41622,34.33361],[-6.41622,34.33586]]],[[[-6.34435,34.3381],[-6.34211,34.3381],[-6.34211,34.33586],[-6.34435,34.33586],[-6.34435,34.3381]]],[[[-6.41397,34.34035],[-6.41173,34.34035],[-6.41173,34.3381],[-6.41397,34.3381],[-6.41397,34.34035]]],[[[-6.40499,34.34259],[-6.41173,34.34708],[-6.40274,34.34933],[-6.40274,34.33586],[-6.40948,34.33361],[-6.40499,34.34259]]],[[[-6.41173,34.35607],[-6.41173,34.34933],[-6.41397,34.34933],[-6.41397,34.35607],[-6.41173,34.35607]]],[[[-6.33088,34.35382],[-6.32863,34.35382],[-6.32863,34.35158],[-6.33088,34.35158],[-6.33088,34.35382]]],[[[-6.37804,34.35382],[-6.37804,34.35158],[-6.38028,34.35158],[-6.38028,34.35382],[-6.37804,34.35382]]],[[[-6.3713,34.35831],[-6.3713,34.35607],[-6.37355,34.35607],[-6.37355,34.35831],[-6.3713,34.35831]]],[[[-6.34884,34.36281],[-6.3466,34.36281],[-6.3466,34.35607],[-6.35333,34.35831],[-6.34884,34.36281]]],[[[-6.33986,34.36505],[-6.33986,34.36281],[-6.34435,34.36281],[-6.34435,34.36505],[-6.33986,34.36505]]],[[[-6.41397,34.3673],[-6.41397,34.36505],[-6.41622,34.36505],[-6.41622,34.3673],[-6.41397,34.3673]]],[[[-6.35783,34.3673],[-6.35558,34.3673],[-6.35558,34.36505],[-6.35783,34.36505],[-6.35783,34.3673]]],[[[-6.3713,34.36281],[-6.38028,34.36505],[-6.38028,34.37179],[-6.37355,34.3673],[-6.3713,34.36281]]],[[[-6.38478,34.37403],[-6.38028,34.37403],[-6.38028,34.37179],[-6.38478,34.37179],[-6.38478,34.37403]]],[[[-6.41397,34.40323],[-6.41397,34.40098],[-6.41622,34.40098],[-6.41622,34.40323],[-6.41397,34.40323]]],[[[-6.40499,34.40997],[-6.40499,34.40772],[-6.40723,34.40772],[-6.40723,34.40997],[-6.40499,34.40997]]],[[[-6.41397,34.42569],[-6.40948,34.42569],[-6.40948,34.4212],[-6.4252,34.4212],[-6.42295,34.43018],[-6.41622,34.42344],[-6.41397,34.42569]]],[[[-6.40723,34.42793],[-6.40499,34.42793],[-6.40499,34.42569],[-6.40723,34.42569],[-6.40723,34.42793]]],[[[-6.41173,34.45039],[-6.40948,34.45039],[-6.40948,34.44815],[-6.41173,34.44815],[-6.41173,34.45039]]],[[[-6.41397,34.45488],[-6.41397,34.45039],[-6.41622,34.45039],[-6.41622,34.45488],[-6.41397,34.45488]]],[[[-6.39825,34.46162],[-6.39825,34.45937],[-6.4005,34.45937],[-6.4005,34.46162],[-6.39825,34.46162]]],[[[-6.33537,34.46162],[-6.33312,34.46162],[-6.33312,34.45937],[-6.33537,34.45937],[-6.33537,34.46162]]],[[[-6.40948,34.47285],[-6.40723,34.4706],[-6.41173,34.4706],[-6.41173,34.47509],[-6.40948,34.47285]]],[[[-6.39825,34.47734],[-6.396,34.47734],[-6.396,34.47509],[-6.39825,34.47509],[-6.39825,34.47734]]],[[[-6.41173,34.47734],[-6.41173,34.47959],[-6.41397,34.48183],[-6.40948,34.48183],[-6.41173,34.47734]]],[[[-6.41173,34.48857],[-6.41173,34.48632],[-6.41397,34.48632],[-6.41397,34.48857],[-6.41173,34.48857]]],[[[-6.41173,34.49531],[-6.40948,34.49306],[-6.40274,34.49531],[-6.40274,34.49082],[-6.41173,34.49082],[-6.41173,34.49531]]],[[[-6.396,34.49531],[-6.396,34.49306],[-6.39825,34.49306],[-6.39825,34.49531],[-6.396,34.49531]]],[[[-6.38927,34.49306],[-6.38927,34.49531],[-6.38028,34.49755],[-6.38028,34.49082],[-6.38927,34.49306]]],[[[-6.35109,34.4998],[-6.34884,34.4998],[-6.34884,34.49755],[-6.35109,34.49755],[-6.35109,34.4998]]],[[[-6.40274,34.50429],[-6.40274,34.50204],[-6.40499,34.50204],[-6.40499,34.50429],[-6.40274,34.50429]]],[[[-6.38028,34.50429],[-6.38028,34.50204],[-6.38253,34.50204],[-6.38253,34.50429],[-6.38028,34.50429]]],[[[-6.39376,34.50654],[-6.38927,34.50654],[-6.38927,34.50204],[-6.38253,34.4998],[-6.39151,34.4998],[-6.39376,34.50654]]],[[[-6.4005,34.51327],[-6.39825,34.51327],[-6.396,34.50429],[-6.4005,34.50654],[-6.4005,34.51327]]],[[[-6.33761,34.51103],[-6.32863,34.51103],[-6.32863,34.50878],[-6.33761,34.50878],[-6.33761,34.51103]]],[[[-6.37804,34.50654],[-6.37579,34.51552],[-6.36456,34.51103],[-6.36456,34.50878],[-6.37804,34.50654]]],[[[-6.34211,34.51103],[-6.36007,34.50878],[-6.36007,34.51327],[-6.33761,34.51327],[-6.34211,34.51103]]],[[[-6.38253,34.51327],[-6.38028,34.51327],[-6.38028,34.51103],[-6.38478,34.51103],[-6.38478,34.51552],[-6.38253,34.51327]]],[[[-6.33537,34.51776],[-6.33088,34.51776],[-6.33088,34.51552],[-6.33537,34.51552],[-6.33537,34.51776]]],[[[-6.39151,34.51552],[-6.39376,34.52001],[-6.38478,34.51776],[-6.38927,34.51327],[-6.39151,34.51552]]],[[[-6.32863,34.52226],[-6.32863,34.52001],[-6.33537,34.52001],[-6.33537,34.52226],[-6.32863,34.52226]]],[[[-6.27922,33.98102],[-6.27922,33.97878],[-6.28147,33.97878],[-6.28147,33.98102],[-6.27922,33.98102]]],[[[-6.2927,33.98776],[-6.29045,33.98776],[-6.29045,33.98551],[-6.2927,33.98551],[-6.2927,33.98776]]],[[[-6.24778,34.16293],[-6.24554,34.16293],[-6.24554,34.16068],[-6.24778,34.16068],[-6.24778,34.16293]]],[[[-6.27024,34.17865],[-6.26575,34.17865],[-6.26575,34.1764],[-6.27024,34.1764],[-6.27024,34.17865]]],[[[-6.30393,34.19213],[-6.30393,34.18988],[-6.30617,34.18988],[-6.30617,34.19213],[-6.30393,34.19213]]],[[[-6.30393,34.20111],[-6.30168,34.19886],[-6.30168,34.19437],[-6.30617,34.19662],[-6.30393,34.20111]]],[[[-6.30842,34.25501],[-6.30617,34.25501],[-6.30617,34.25276],[-6.30842,34.25276],[-6.30842,34.25501]]],[[[-6.2927,34.26848],[-6.2927,34.26624],[-6.29494,34.26624],[-6.29494,34.26848],[-6.2927,34.26848]]],[[[-6.29719,34.27073],[-6.29719,34.26848],[-6.29944,34.26848],[-6.29944,34.27073],[-6.29719,34.27073]]],[[[-6.30617,34.27297],[-6.30393,34.27297],[-6.30393,34.27073],[-6.30617,34.27073],[-6.30617,34.27297]]],[[[-6.30168,34.27747],[-6.30168,34.27522],[-6.30393,34.27522],[-6.30393,34.27747],[-6.30168,34.27747]]],[[[-6.31291,34.29543],[-6.31291,34.28869],[-6.31516,34.28869],[-6.31516,34.29543],[-6.31291,34.29543]]],[[[-6.30617,34.29543],[-6.30393,34.29543],[-6.30393,34.29319],[-6.30617,34.29319],[-6.30617,34.29543]]],[[[-6.3174,34.29992],[-6.31516,34.29992],[-6.31516,34.29768],[-6.3174,34.29768],[-6.3174,34.29992]]],[[[-6.31066,34.30217],[-6.30842,34.30217],[-6.30842,34.29992],[-6.31066,34.29992],[-6.31066,34.30217]]],[[[-6.32189,34.32463],[-6.32189,34.32238],[-6.32414,34.32238],[-6.32414,34.32463],[-6.32189,34.32463]]],[[[-6.3174,34.34484],[-6.3174,34.34259],[-6.31965,34.34259],[-6.31965,34.34484],[-6.3174,34.34484]]],[[[-6.31965,34.35831],[-6.3174,34.35831],[-6.3174,34.35607],[-6.31965,34.35607],[-6.31965,34.35831]]],[[[-6.31291,34.36281],[-6.31066,34.36281],[-6.31066,34.36056],[-6.31291,34.36056],[-6.31291,34.36281]]],[[[-6.31066,34.36505],[-6.30842,34.36505],[-6.30842,34.36281],[-6.31066,34.36281],[-6.31066,34.36505]]],[[[-6.30168,34.36505],[-6.30168,34.36281],[-6.30393,34.36281],[-6.30393,34.36505],[-6.30168,34.36505]]],[[[-6.29944,34.38077],[-6.29944,34.37853],[-6.30168,34.37853],[-6.30168,34.38077],[-6.29944,34.38077]]],[[[-6.32639,34.38302],[-6.32414,34.38302],[-6.32414,34.38077],[-6.32639,34.38077],[-6.32639,34.38302]]],[[[-6.2635,34.42569],[-6.25677,34.42793],[-6.25677,34.42344],[-6.26575,34.4212],[-6.2635,34.42569]]],[[[-6.20736,34.4212],[-6.21859,34.4212],[-6.21859,34.42569],[-6.20736,34.42793],[-6.20736,34.4212]]],[[[-6.2141,34.43018],[-6.21185,34.43242],[-6.2096,34.42793],[-6.21859,34.42793],[-6.2141,34.43018]]],[[[-6.22083,34.43242],[-6.21859,34.43692],[-6.21859,34.43018],[-6.22757,34.43018],[-6.22083,34.43242]]],[[[-6.26799,34.45039],[-6.26575,34.45039],[-6.26575,34.4459],[-6.26799,34.4459],[-6.26799,34.45039]]],[[[-6.2388,34.46162],[-6.23431,34.45713],[-6.24554,34.45713],[-6.24554,34.45937],[-6.2388,34.46162]]],[[[-6.32863,34.46162],[-6.32863,34.45937],[-6.33088,34.45937],[-6.33088,34.46162],[-6.32863,34.46162]]],[[[-6.30617,34.50429],[-6.30842,34.50204],[-6.31291,34.50204],[-6.31291,34.50654],[-6.30617,34.50429]]],[[[-6.25227,34.50878],[-6.25227,34.50654],[-6.25452,34.50654],[-6.25452,34.50878],[-6.25227,34.50878]]],[[[-6.29494,34.51103],[-6.29944,34.50878],[-6.29944,34.51327],[-6.29719,34.51327],[-6.29494,34.51103]]],[[[-6.25901,34.51327],[-6.25677,34.51327],[-6.25677,34.51103],[-6.25901,34.51103],[-6.25901,34.51327]]],[[[-6.27698,34.51552],[-6.27249,34.51552],[-6.27249,34.51327],[-6.27698,34.51327],[-6.27698,34.51552]]],[[[-6.31965,34.51776],[-6.3174,34.51776],[-6.3174,34.51552],[-6.31965,34.51552],[-6.31965,34.51776]]],[[[-6.31965,34.52001],[-6.31965,34.51776],[-6.32189,34.51776],[-6.32189,34.52001],[-6.31965,34.52001]]],[[[-6.32639,34.52001],[-6.32639,34.51776],[-6.32863,34.51776],[-6.32863,34.52001],[-6.32639,34.52001]]],[[[-6.25677,34.52675],[-6.25227,34.52675],[-6.25452,34.52226],[-6.25003,34.52226],[-6.24554,34.51552],[-6.24554,34.50654],[-6.25003,34.51327],[-6.25677,34.51327],[-6.25452,34.51776],[-6.26126,34.51776],[-6.27024,34.52899],[-6.25901,34.53124],[-6.25677,34.52675]]],[[[-6.24554,34.5245],[-6.24554,34.52226],[-6.24778,34.52226],[-6.24778,34.5245],[-6.24554,34.5245]]],[[[-6.28821,34.52899],[-6.28821,34.52675],[-6.29045,34.52675],[-6.29045,34.52899],[-6.28821,34.52899]]],[[[-6.30617,34.53124],[-6.30393,34.53124],[-6.30393,34.52899],[-6.30617,34.52899],[-6.30617,34.53124]]],[[[-6.3174,34.53573],[-6.3174,34.53349],[-6.31965,34.53349],[-6.31965,34.53573],[-6.3174,34.53573]]],[[[-6.27473,34.53798],[-6.27473,34.53573],[-6.27698,34.53573],[-6.27698,34.53798],[-6.27473,34.53798]]],[[[-6.20736,34.54022],[-6.2141,34.54247],[-6.2141,34.54471],[-6.20736,34.54471],[-6.20736,34.54022]]],[[[-6.27698,34.56493],[-6.27698,34.56043],[-6.28147,34.56043],[-6.28147,34.55594],[-6.27698,34.55594],[-6.28147,34.54471],[-6.29045,34.54696],[-6.2927,34.54022],[-6.29719,34.54247],[-6.29944,34.53798],[-6.30842,34.53573],[-6.30842,34.52899],[-6.31291,34.52899],[-6.30842,34.52675],[-6.31066,34.52226],[-6.3174,34.5245],[-6.32639,34.52001],[-6.32189,34.53124],[-6.3174,34.52899],[-6.3174,34.53349],[-6.31291,34.53573],[-6.31291,34.54247],[-6.29944,34.54247],[-6.29944,34.55819],[-6.2927,34.55819],[-6.2927,34.56493],[-6.27698,34.56493]],[[-6.31516,34.53124],[-6.31291,34.53124],[-6.31291,34.53349],[-6.31516,34.53349],[-6.31516,34.53124]],[[-6.28821,34.56268],[-6.28821,34.56043],[-6.28596,34.56043],[-6.28596,34.56268],[-6.28821,34.56268]],[[-6.29045,34.5537],[-6.29045,34.55594],[-6.2927,34.55594],[-6.2927,34.5537],[-6.29045,34.5537]],[[-6.29045,34.55145],[-6.28596,34.55145],[-6.28596,34.55594],[-6.28821,34.55594],[-6.29045,34.55145]]],[[[-6.26799,34.54247],[-6.27473,34.54696],[-6.27473,34.55145],[-6.26799,34.55145],[-6.26799,34.54247]]],[[[-6.23655,34.5537],[-6.23655,34.54696],[-6.2388,34.54696],[-6.2388,34.5537],[-6.23655,34.5537]]],[[[-6.24554,34.54921],[-6.24329,34.54022],[-6.25452,34.54022],[-6.2635,34.54921],[-6.2635,34.5537],[-6.25677,34.55145],[-6.25452,34.55594],[-6.25452,34.56942],[-6.24554,34.56942],[-6.25003,34.56717],[-6.25003,34.55819],[-6.24105,34.55594],[-6.24105,34.54921],[-6.24554,34.54921]],[[-6.25452,34.55145],[-6.25227,34.55145],[-6.25227,34.5537],[-6.25452,34.5537],[-6.25452,34.55145]]],[[[-6.27698,34.56043],[-6.27473,34.56043],[-6.27473,34.55819],[-6.27698,34.55819],[-6.27698,34.56043]]],[[[-6.2141,34.56043],[-6.21185,34.56268],[-6.2141,34.55594],[-6.21859,34.55819],[-6.2141,34.56043]]],[[[-6.22982,34.56268],[-6.22982,34.56043],[-6.23206,34.56043],[-6.23206,34.56268],[-6.22982,34.56268]]],[[[-6.22532,34.56493],[-6.22308,34.56493],[-6.22308,34.55819],[-6.22532,34.55819],[-6.22532,34.56493]]],[[[-6.23206,34.56942],[-6.24329,34.56717],[-6.24554,34.57391],[-6.25452,34.57391],[-6.25677,34.56717],[-6.27249,34.56717],[-6.27473,34.56268],[-6.27698,34.57166],[-6.2635,34.57166],[-6.2635,34.5784],[-6.22757,34.5784],[-6.22532,34.56942],[-6.23206,34.56942]]],[[[-6.21859,34.57166],[-6.21859,34.56942],[-6.22308,34.56942],[-6.22308,34.57166],[-6.21859,34.57166]]],[[[-6.26799,34.5784],[-6.26575,34.5784],[-6.26575,34.57616],[-6.26799,34.57616],[-6.26799,34.5784]]],[[[-6.22532,34.5784],[-6.22308,34.5784],[-6.22308,34.57616],[-6.22532,34.57616],[-6.22532,34.5784]]],[[[-5.93113,34.29543],[-5.92888,34.29543],[-5.92888,34.29319],[-5.93113,34.29319],[-5.93113,34.29543]]],[[[-5.93337,34.30441],[-5.93337,34.30217],[-5.93786,34.30217],[-5.93786,34.30441],[-5.93337,34.30441]]],[[[-5.93786,34.30891],[-5.93562,34.3134],[-5.93337,34.3134],[-5.93337,34.30891],[-5.93786,34.30891]]],[[[-5.95134,34.31564],[-5.94909,34.31564],[-5.94909,34.3134],[-5.95134,34.3134],[-5.95134,34.31564]]],[[[-5.93113,34.31564],[-5.92888,34.31564],[-5.92888,34.3134],[-5.93113,34.3134],[-5.93113,34.31564]]],[[[-5.94236,34.31789],[-5.94236,34.31564],[-5.9446,34.31564],[-5.9446,34.31789],[-5.94236,34.31789]]],[[[-5.92664,34.32014],[-5.92664,34.31789],[-5.93113,34.31789],[-5.93113,34.32014],[-5.92664,34.32014]]],[[[-5.93786,34.31564],[-5.93786,34.32014],[-5.94685,34.32014],[-5.94685,34.32463],[-5.93337,34.32463],[-5.93786,34.31564]]],[[[-5.95583,34.32238],[-5.95583,34.32463],[-5.95358,34.32463],[-5.95358,34.32238],[-5.95583,34.32238]]],[[[-5.96032,34.32014],[-5.96032,34.32687],[-5.95808,34.32687],[-5.95583,34.32014],[-5.96032,34.32014]]],[[[-5.9738,34.33136],[-5.97155,34.33136],[-5.97155,34.32912],[-5.9738,34.32912],[-5.9738,34.33136]]],[[[-5.96257,34.33586],[-5.96257,34.34708],[-5.95808,34.34933],[-5.95583,34.33586],[-5.95808,34.33136],[-5.96257,34.33586]]],[[[-5.94685,34.34708],[-5.94236,34.34933],[-5.94011,34.34484],[-5.9446,34.34259],[-5.94685,34.34708]]],[[[-5.98278,34.34484],[-5.97829,34.34708],[-5.96931,34.34484],[-5.9738,34.34484],[-5.97604,34.33586],[-5.97829,34.34259],[-5.98727,34.34259],[-5.98727,34.35382],[-5.98053,34.35831],[-5.97829,34.34933],[-5.98278,34.34484]]],[[[-5.96481,34.35158],[-5.96481,34.34708],[-5.96706,34.34708],[-5.96706,34.35158],[-5.96481,34.35158]]],[[[-5.96931,34.35158],[-5.96931,34.35382],[-5.96706,34.35382],[-5.96706,34.35158],[-5.96931,34.35158]]],[[[-5.99625,34.35831],[-5.99401,34.35831],[-5.99401,34.35607],[-5.99625,34.35607],[-5.99625,34.35831]]],[[[-5.98503,34.35831],[-5.98503,34.35607],[-5.99176,34.35607],[-5.99176,34.35831],[-5.98503,34.35831]]],[[[-5.97829,34.36056],[-5.97829,34.35831],[-5.98053,34.35831],[-5.98053,34.36056],[-5.97829,34.36056]]],[[[-5.9738,34.36954],[-5.97155,34.36954],[-5.97155,34.36505],[-5.9738,34.36505],[-5.9738,34.36954]]],[[[-5.96032,34.36954],[-5.95808,34.3673],[-5.96706,34.3673],[-5.96706,34.37179],[-5.96032,34.36954]]],[[[-5.97829,34.37403],[-5.97604,34.37403],[-5.97604,34.37179],[-5.97829,34.37179],[-5.97829,34.37403]]],[[[-5.98503,34.37853],[-5.98503,34.37628],[-5.98727,34.37628],[-5.98727,34.37853],[-5.98503,34.37853]]],[[[-5.99401,34.38302],[-5.99401,34.38077],[-5.99625,34.38077],[-5.99625,34.38302],[-5.99401,34.38302]]],[[[-5.9738,34.38526],[-5.97155,34.38526],[-5.97155,34.38302],[-5.9738,34.38302],[-5.9738,34.38526]]],[[[-6.04566,34.38751],[-6.04342,34.38751],[-6.04342,34.38526],[-6.04566,34.38526],[-6.04566,34.38751]]],[[[-5.94685,34.38751],[-5.94909,34.38751],[-5.94909,34.38975],[-5.94685,34.38975],[-5.94685,34.38751]]],[[[-6.04117,34.38751],[-6.04117,34.38975],[-6.03892,34.38975],[-6.03892,34.38751],[-6.04117,34.38751]]],[[[-6.131,34.56942],[-6.12876,34.56717],[-6.12651,34.5784],[-6.12651,34.57166],[-6.11304,34.57166],[-6.11079,34.56493],[-6.09731,34.56493],[-6.09731,34.55819],[-6.08384,34.55819],[-6.08159,34.54921],[-6.06812,34.55145],[-6.06812,34.55819],[-6.03892,34.55819],[-6.04566,34.55594],[-6.04117,34.55145],[-6.04566,34.55145],[-6.04791,34.54471],[-6.03892,34.54471],[-6.04117,34.54921],[-6.02545,34.54921],[-6.0277,34.54471],[-6.01871,34.54247],[-6.01871,34.53573],[-6.01422,34.53573],[-6.01647,34.52899],[-6.00748,34.52899],[-6.00748,34.52226],[-6.01871,34.52001],[-6.01198,34.51327],[-5.99625,34.51776],[-5.99625,34.52226],[-6.00524,34.5245],[-6.00299,34.52899],[-5.98727,34.52899],[-5.98727,34.52226],[-5.97604,34.52226],[-5.96706,34.51776],[-5.96706,34.51327],[-5.94685,34.51327],[-5.94685,34.50654],[-5.93113,34.50654],[-5.93113,34.49755],[-5.93786,34.50204],[-5.96706,34.49755],[-5.9738,34.4998],[-5.9738,34.49531],[-5.94909,34.48632],[-5.94909,34.48183],[-5.95358,34.48408],[-5.95358,34.47734],[-5.94685,34.48183],[-5.94236,34.47959],[-5.9446,34.48632],[-5.93786,34.48632],[-5.94011,34.47959],[-5.93562,34.47285],[-5.92664,34.47285],[-5.92439,34.46611],[-5.93113,34.45488],[-5.93562,34.45937],[-5.94011,34.45488],[-5.94011,34.44815],[-5.93562,34.4459],[-5.93786,34.43692],[-5.93113,34.43692],[-5.93337,34.4459],[-5.92214,34.44815],[-5.92214,34.45488],[-5.92664,34.45488],[-5.92664,34.45937],[-5.9199,34.46162],[-5.91316,34.45488],[-5.90642,34.45713],[-5.90642,34.45264],[-5.90193,34.45264],[-5.91091,34.4459],[-5.90867,34.44141],[-5.91316,34.44141],[-5.91091,34.43692],[-5.89969,34.43916],[-5.90193,34.42793],[-5.88172,34.43018],[-5.87947,34.43692],[-5.88397,34.44365],[-5.88846,34.44365],[-5.88846,34.44815],[-5.87947,34.44815],[-5.866,34.45713],[-5.86375,34.45039],[-5.85702,34.45264],[-5.85926,34.45713],[-5.84579,34.45713],[-5.84354,34.45039],[-5.8368,34.45039],[-5.8368,34.44365],[-5.84354,34.43692],[-5.84354,34.42793],[-5.83905,34.43467],[-5.8368,34.41446],[-5.83007,34.41446],[-5.83007,34.39874],[-5.82333,34.39874],[-5.82333,34.392],[-5.81659,34.392],[-5.81435,34.38302],[-5.80761,34.38302],[-5.80761,34.36954],[-5.80087,34.36954],[-5.80087,34.36281],[-5.79413,34.36281],[-5.79413,34.33361],[-5.7874,34.33361],[-5.7874,34.32687],[-5.80312,34.32687],[-5.79638,34.33136],[-5.80087,34.33361],[-5.79638,34.33586],[-5.79638,34.34708],[-5.79863,34.35607],[-5.80761,34.35607],[-5.80985,34.36056],[-5.81435,34.36056],[-5.81659,34.35382],[-5.83007,34.34933],[-5.81884,34.34484],[-5.82333,34.33586],[-5.82108,34.33136],[-5.82557,34.33136],[-5.83007,34.34035],[-5.8368,34.33586],[-5.85028,34.33586],[-5.85028,34.34484],[-5.85926,34.34484],[-5.86824,34.35382],[-5.87498,34.35382],[-5.87498,34.35831],[-5.88172,34.35607],[-5.88397,34.34933],[-5.87274,34.34933],[-5.87274,34.34259],[-5.86375,34.34035],[-5.85702,34.34259],[-5.85702,34.32687],[-5.8413,34.33136],[-5.83905,34.32687],[-5.83007,34.32463],[-5.83007,34.31789],[-5.82557,34.31789],[-5.81884,34.32687],[-5.81435,34.32687],[-5.8121,34.32014],[-5.80761,34.32238],[-5.80761,34.31789],[-5.79189,34.32014],[-5.78964,34.32463],[-5.78964,34.3134],[-5.79638,34.31789],[-5.79863,34.3134],[-5.80536,34.31564],[-5.80536,34.31115],[-5.80087,34.31115],[-5.80087,34.30441],[-5.79189,34.30666],[-5.79189,34.31115],[-5.78066,34.30441],[-5.77841,34.29768],[-5.78515,34.29543],[-5.77841,34.28869],[-5.77392,34.28869],[-5.77617,34.29319],[-5.76943,34.29094],[-5.76943,34.27297],[-5.76494,34.27747],[-5.76718,34.26624],[-5.76269,34.26174],[-5.75146,34.26174],[-5.74922,34.25501],[-5.75371,34.25052],[-5.75146,34.24602],[-5.74473,34.24602],[-5.74697,34.24153],[-5.74248,34.24153],[-5.74697,34.2303],[-5.7582,34.22806],[-5.7582,34.22132],[-5.75596,34.21683],[-5.75146,34.21907],[-5.75146,34.21234],[-5.76494,34.21458],[-5.76269,34.22581],[-5.76718,34.22581],[-5.76718,34.2303],[-5.76269,34.2303],[-5.76269,34.23704],[-5.77168,34.23704],[-5.76943,34.24153],[-5.78066,34.24153],[-5.77617,34.25052],[-5.7874,34.25725],[-5.78515,34.26174],[-5.79638,34.25501],[-5.79189,34.2595],[-5.79413,34.27747],[-5.78066,34.27747],[-5.7829,34.2842],[-5.79638,34.28645],[-5.80087,34.27522],[-5.80087,34.28869],[-5.80985,34.29543],[-5.79863,34.29768],[-5.79638,34.30217],[-5.80312,34.29992],[-5.80985,34.30441],[-5.80761,34.29992],[-5.81435,34.29768],[-5.8121,34.30441],[-5.82333,34.30666],[-5.82782,34.29543],[-5.83007,34.30441],[-5.8368,34.30441],[-5.8368,34.3134],[-5.84354,34.31115],[-5.85028,34.31789],[-5.85477,34.31564],[-5.85028,34.3134],[-5.85028,34.30217],[-5.84803,34.30891],[-5.84354,34.30666],[-5.84354,34.29768],[-5.85477,34.29768],[-5.85252,34.28869],[-5.84354,34.29094],[-5.84354,34.2842],[-5.83905,34.2842],[-5.83905,34.27971],[-5.84803,34.2842],[-5.84803,34.27747],[-5.8413,34.27522],[-5.84579,34.26848],[-5.83905,34.26399],[-5.83905,34.25501],[-5.83007,34.25501],[-5.83007,34.25052],[-5.83456,34.25052],[-5.8368,34.24602],[-5.84579,34.24602],[-5.85028,34.2595],[-5.85477,34.2595],[-5.85252,34.25725],[-5.85477,34.25052],[-5.85477,34.25501],[-5.86375,34.25501],[-5.866,34.26174],[-5.87049,34.25725],[-5.87498,34.26624],[-5.88397,34.26624],[-5.88621,34.26174],[-5.88621,34.26848],[-5.89519,34.26848],[-5.89295,34.27297],[-5.90193,34.27522],[-5.90193,34.2842],[-5.90867,34.2842],[-5.90867,34.29094],[-5.89744,34.29094],[-5.89744,34.29543],[-5.8907,34.29992],[-5.8907,34.30441],[-5.89519,34.30441],[-5.89295,34.30891],[-5.90418,34.30891],[-5.89969,34.31564],[-5.90193,34.32014],[-5.89519,34.32238],[-5.90418,34.32463],[-5.90418,34.33361],[-5.90867,34.33361],[-5.90867,34.3381],[-5.91316,34.33361],[-5.9199,34.33361],[-5.91765,34.3381],[-5.92439,34.3381],[-5.93113,34.34708],[-5.93786,34.34708],[-5.93786,34.35607],[-5.9446,34.35158],[-5.94909,34.35607],[-5.94685,34.36056],[-5.95358,34.36281],[-5.95358,34.3673],[-5.94685,34.3673],[-5.94685,34.37179],[-5.94236,34.37179],[-5.95134,34.37853],[-5.9446,34.37853],[-5.94909,34.38526],[-5.93337,34.38526],[-5.93562,34.392],[-5.95358,34.392],[-5.95358,34.38751],[-5.96257,34.38975],[-5.96481,34.38526],[-5.96931,34.38751],[-5.98278,34.38526],[-5.98727,34.38751],[-5.98727,34.392],[-5.98278,34.38975],[-5.98278,34.39649],[-5.98727,34.40098],[-5.99176,34.40098],[-5.99176,34.39649],[-6.00748,34.39649],[-6.00299,34.40098],[-6.01422,34.40323],[-6.01422,34.39874],[-6.00973,34.39874],[-6.00973,34.38975],[-5.99625,34.392],[-5.99625,34.38751],[-6.00299,34.38975],[-5.9985,34.37853],[-5.98952,34.37853],[-5.98503,34.37403],[-5.98503,34.36954],[-5.98053,34.36954],[-5.99625,34.36505],[-5.9985,34.37179],[-6.00299,34.36954],[-6.01647,34.37853],[-6.02545,34.37853],[-6.02545,34.38526],[-6.03892,34.38526],[-6.02545,34.38975],[-6.02994,34.392],[-6.02994,34.39874],[-6.02545,34.40098],[-6.03892,34.39874],[-6.04117,34.392],[-6.05015,34.392],[-6.05465,34.40098],[-6.05914,34.39874],[-6.06138,34.40323],[-6.06363,34.39649],[-6.07037,34.39649],[-6.07037,34.40098],[-6.07486,34.40098],[-6.07261,34.40548],[-6.08833,34.40548],[-6.08609,34.41221],[-6.09731,34.41446],[-6.09282,34.41895],[-6.09507,34.42344],[-6.09731,34.41895],[-6.10405,34.41895],[-6.11304,34.42569],[-6.11977,34.42569],[-6.12426,34.43242],[-6.12426,34.4212],[-6.11528,34.42344],[-6.11528,34.40772],[-6.11977,34.41446],[-6.12651,34.41446],[-6.12651,34.40772],[-6.13549,34.40772],[-6.13998,34.41446],[-6.17592,34.41446],[-6.17592,34.4212],[-6.19164,34.42344],[-6.18939,34.43242],[-6.18041,34.42569],[-6.1849,34.43467],[-6.19388,34.43467],[-6.19388,34.43018],[-6.2096,34.43018],[-6.2141,34.43916],[-6.22532,34.43692],[-6.22757,34.44365],[-6.23431,34.44365],[-6.23431,34.45488],[-6.22757,34.45713],[-6.24329,34.46611],[-6.24778,34.46387],[-6.24778,34.45713],[-6.27024,34.45713],[-6.27024,34.4459],[-6.26575,34.44365],[-6.26575,34.43692],[-6.27249,34.43692],[-6.27249,34.43018],[-6.26575,34.42569],[-6.27024,34.4212],[-6.2635,34.4167],[-6.25677,34.41895],[-6.25677,34.41446],[-6.27473,34.41221],[-6.27249,34.40098],[-6.28821,34.39874],[-6.27922,34.39649],[-6.27922,34.392],[-6.28596,34.392],[-6.28596,34.38751],[-6.2927,34.38302],[-6.30168,34.38526],[-6.30168,34.38077],[-6.30617,34.38077],[-6.30168,34.37403],[-6.31291,34.36954],[-6.31516,34.36281],[-6.31965,34.36505],[-6.32414,34.36056],[-6.32414,34.36505],[-6.33986,34.36505],[-6.34435,34.38526],[-6.34884,34.37853],[-6.34884,34.36505],[-6.35333,34.36505],[-6.35558,34.37628],[-6.36456,34.37403],[-6.36456,34.36954],[-6.35558,34.37179],[-6.36232,34.3673],[-6.35783,34.36281],[-6.36681,34.36281],[-6.36007,34.35607],[-6.3713,34.35831],[-6.36906,34.36281],[-6.3713,34.3673],[-6.36681,34.3673],[-6.3713,34.37403],[-6.36681,34.37628],[-6.37355,34.37628],[-6.37579,34.36954],[-6.37579,34.37853],[-6.38028,34.38077],[-6.39151,34.37628],[-6.38478,34.36954],[-6.39376,34.3673],[-6.396,34.36056],[-6.40274,34.36056],[-6.41173,34.37403],[-6.41622,34.3673],[-6.42071,34.36954],[-6.42071,34.37628],[-6.41397,34.37853],[-6.41846,34.38975],[-6.40948,34.38751],[-6.40948,34.392],[-6.41622,34.39649],[-6.40723,34.39874],[-6.41173,34.40548],[-6.40274,34.40323],[-6.4005,34.41221],[-6.40274,34.43242],[-6.39151,34.45488],[-6.396,34.48183],[-6.38028,34.47959],[-6.38028,34.48632],[-6.37355,34.49082],[-6.36906,34.48632],[-6.35783,34.49531],[-6.35333,34.49082],[-6.35109,34.49306],[-6.33986,34.49082],[-6.33986,34.4998],[-6.32414,34.50204],[-6.31965,34.49755],[-6.31291,34.4998],[-6.3174,34.49306],[-6.31066,34.49082],[-6.31066,34.49531],[-6.30393,34.4998],[-6.30393,34.50654],[-6.28596,34.50429],[-6.27922,34.4998],[-6.28596,34.50878],[-6.2927,34.50654],[-6.2927,34.51327],[-6.28821,34.51776],[-6.28147,34.51327],[-6.28147,34.50878],[-6.26575,34.51327],[-6.25677,34.50878],[-6.25677,34.50429],[-6.24778,34.50654],[-6.24554,34.50204],[-6.24105,34.50429],[-6.24554,34.52001],[-6.23206,34.52226],[-6.23206,34.52899],[-6.22757,34.52675],[-6.22982,34.53349],[-6.22532,34.53349],[-6.23431,34.53573],[-6.23206,34.54247],[-6.22757,34.53798],[-6.22083,34.54247],[-6.21185,34.52899],[-6.19164,34.52899],[-6.19613,34.53349],[-6.17592,34.54247],[-6.17592,34.53124],[-6.18265,34.52001],[-6.17592,34.52226],[-6.17592,34.52899],[-6.17143,34.53124],[-6.17143,34.52226],[-6.1602,34.52226],[-6.15571,34.51552],[-6.15571,34.53349],[-6.1602,34.53798],[-6.15346,34.53798],[-6.14448,34.54471],[-6.131,34.54247],[-6.131,34.53798],[-6.14448,34.53573],[-6.13998,34.53349],[-6.14448,34.5245],[-6.14223,34.52001],[-6.11977,34.5245],[-6.10181,34.52226],[-6.10181,34.52675],[-6.09731,34.5245],[-6.09731,34.52899],[-6.09058,34.52899],[-6.09282,34.53798],[-6.10405,34.53573],[-6.10405,34.53798],[-6.10854,34.53798],[-6.11079,34.54247],[-6.12202,34.54471],[-6.12651,34.55819],[-6.13325,34.55819],[-6.13549,34.56717],[-6.14897,34.56717],[-6.15121,34.57391],[-6.1602,34.57166],[-6.1602,34.5784],[-6.13325,34.5784],[-6.131,34.56942]],[[-6.04342,34.54022],[-6.03892,34.53798],[-6.03892,34.54247],[-6.04342,34.54247],[-6.04342,34.54022]],[[-6.02096,34.53573],[-6.02096,34.53349],[-6.01871,34.53349],[-6.01871,34.53573],[-6.02096,34.53573]],[[-5.97604,34.51776],[-5.97604,34.51552],[-5.97155,34.51552],[-5.97155,34.51776],[-5.97604,34.51776]],[[-5.98952,34.51552],[-5.98952,34.4998],[-5.98053,34.4998],[-5.97829,34.49531],[-5.9738,34.50654],[-5.98053,34.51103],[-5.97604,34.51103],[-5.97604,34.51552],[-5.98952,34.51552]],[[-5.99176,34.51552],[-5.99401,34.51552],[-5.99401,34.51327],[-5.99176,34.51327],[-5.99176,34.51552]],[[-5.95134,34.47509],[-5.94909,34.47509],[-5.94909,34.47734],[-5.95134,34.47734],[-5.95134,34.47509]],[[-5.91541,34.43916],[-5.91541,34.43692],[-5.91316,34.43692],[-5.91316,34.43916],[-5.91541,34.43916]],[[-5.87498,34.44815],[-5.87049,34.44815],[-5.87049,34.45039],[-5.87498,34.45039],[-5.87498,34.44815]],[[-5.85028,34.45039],[-5.84803,34.45039],[-5.84803,34.45488],[-5.85028,34.45488],[-5.85028,34.45039]],[[-5.8413,34.44365],[-5.85252,34.44365],[-5.85252,34.44141],[-5.8413,34.44141],[-5.8413,34.44365]],[[-5.79638,34.35607],[-5.79638,34.35831],[-5.79863,34.35831],[-5.79863,34.35607],[-5.79638,34.35607]],[[-5.85252,34.34708],[-5.85252,34.34933],[-5.85926,34.34933],[-5.85926,34.34708],[-5.85252,34.34708]],[[-5.86824,34.34035],[-5.87049,34.33586],[-5.86375,34.33586],[-5.86375,34.34035],[-5.86824,34.34035]],[[-5.7874,34.29543],[-5.7874,34.29319],[-5.78515,34.29319],[-5.78515,34.29543],[-5.7874,34.29543]],[[-5.84579,34.26399],[-5.84579,34.26174],[-5.8413,34.26174],[-5.8413,34.26399],[-5.84579,34.26399]],[[-5.84579,34.26624],[-5.85702,34.26624],[-5.85702,34.26399],[-5.84803,34.26174],[-5.84579,34.26624]],[[-5.8368,34.25052],[-5.83905,34.25052],[-5.83905,34.24827],[-5.8368,34.24827],[-5.8368,34.25052]],[[-5.88846,34.30441],[-5.88846,34.30666],[-5.8907,34.30666],[-5.8907,34.30441],[-5.88846,34.30441]],[[-5.98503,34.40098],[-5.98503,34.40772],[-5.98727,34.40772],[-5.98952,34.40323],[-5.98503,34.40098]],[[-5.98952,34.37403],[-5.98952,34.37179],[-5.98727,34.37179],[-5.98727,34.37403],[-5.98952,34.37403]],[[-6.04117,34.39874],[-6.04342,34.39874],[-6.04342,34.39649],[-6.04117,34.39649],[-6.04117,34.39874]],[[-6.04791,34.39425],[-6.04566,34.39874],[-6.05015,34.40098],[-6.05015,34.39425],[-6.04791,34.39425]],[[-6.05015,34.40323],[-6.0524,34.40323],[-6.0524,34.40098],[-6.05015,34.40098],[-6.05015,34.40323]],[[-6.06587,34.40548],[-6.06587,34.40772],[-6.07261,34.40772],[-6.07261,34.40548],[-6.06587,34.40548]],[[-6.08609,34.41446],[-6.08609,34.4167],[-6.09058,34.4167],[-6.09058,34.41446],[-6.08609,34.41446]],[[-6.11753,34.43018],[-6.11753,34.43242],[-6.11977,34.43242],[-6.11977,34.43018],[-6.11753,34.43018]],[[-6.12202,34.4167],[-6.11977,34.4167],[-6.11977,34.4212],[-6.12202,34.4212],[-6.12202,34.4167]],[[-6.18715,34.42344],[-6.18715,34.42569],[-6.18939,34.42569],[-6.18939,34.42344],[-6.18715,34.42344]],[[-6.18041,34.42344],[-6.17816,34.42344],[-6.17816,34.42569],[-6.18041,34.42569],[-6.18041,34.42344]],[[-6.17592,34.42569],[-6.17592,34.42793],[-6.17816,34.42793],[-6.17816,34.42569],[-6.17592,34.42569]],[[-6.17816,34.43018],[-6.17816,34.43242],[-6.18041,34.43242],[-6.18041,34.43018],[-6.17816,34.43018]],[[-6.17367,34.43242],[-6.17367,34.43467],[-6.17816,34.43467],[-6.17816,34.43242],[-6.17367,34.43242]],[[-6.27473,34.41895],[-6.27473,34.4167],[-6.26799,34.4167],[-6.26799,34.41895],[-6.27473,34.41895]],[[-6.27698,34.4167],[-6.27698,34.41895],[-6.27922,34.41895],[-6.27922,34.41446],[-6.27473,34.41446],[-6.27698,34.4167]],[[-6.33761,34.37403],[-6.33537,34.37179],[-6.33537,34.37628],[-6.33986,34.37628],[-6.33761,34.37403]],[[-6.33761,34.38302],[-6.33537,34.37853],[-6.33088,34.37853],[-6.33312,34.38975],[-6.33761,34.38526],[-6.34211,34.38975],[-6.34211,34.38302],[-6.33761,34.38302]],[[-6.33088,34.37628],[-6.32863,34.37628],[-6.32863,34.37853],[-6.33088,34.37853],[-6.33088,34.37628]],[[-6.32863,34.38975],[-6.32863,34.392],[-6.33312,34.392],[-6.33312,34.38975],[-6.32863,34.38975]],[[-6.33312,34.39425],[-6.33537,34.39425],[-6.33537,34.392],[-6.33312,34.392],[-6.33312,34.39425]],[[-6.34884,34.38077],[-6.35783,34.38302],[-6.36007,34.38526],[-6.35783,34.37853],[-6.34884,34.38077]],[[-6.39376,34.37403],[-6.39825,34.37628],[-6.40274,34.3673],[-6.39376,34.3673],[-6.39376,34.37403]],[[-6.39151,34.45264],[-6.38028,34.45264],[-6.38028,34.45488],[-6.39151,34.45488],[-6.39151,34.45264]],[[-6.35109,34.48632],[-6.34884,34.48632],[-6.34884,34.49082],[-6.35109,34.49082],[-6.35109,34.48632]],[[-6.34884,34.48408],[-6.3466,34.48408],[-6.3466,34.48632],[-6.34884,34.48632],[-6.34884,34.48408]],[[-6.35558,34.48408],[-6.35558,34.48183],[-6.34884,34.48183],[-6.34884,34.48408],[-6.35558,34.48408]],[[-6.32189,34.49755],[-6.32189,34.49531],[-6.31965,34.49531],[-6.31965,34.49755],[-6.32189,34.49755]],[[-6.32414,34.49531],[-6.32414,34.49306],[-6.32189,34.49306],[-6.32189,34.49531],[-6.32414,34.49531]],[[-6.26799,34.51103],[-6.26799,34.50878],[-6.26575,34.50878],[-6.26575,34.51103],[-6.26799,34.51103]],[[-6.21634,34.53124],[-6.21859,34.53349],[-6.22083,34.52899],[-6.2141,34.52899],[-6.21634,34.53124]],[[-6.21859,34.53573],[-6.22083,34.53573],[-6.22308,34.53798],[-6.22308,34.53349],[-6.21859,34.53573]],[[-6.1849,34.52001],[-6.1849,34.51776],[-6.18265,34.51776],[-6.18265,34.52001],[-6.1849,34.52001]],[[-6.19164,34.51776],[-6.19164,34.51552],[-6.1849,34.51552],[-6.1849,34.51776],[-6.19164,34.51776]],[[-6.15121,34.52001],[-6.14897,34.5245],[-6.15346,34.5245],[-6.15346,34.52001],[-6.15121,34.52001]],[[-6.13774,34.51776],[-6.13325,34.51776],[-6.13325,34.52001],[-6.13774,34.52001],[-6.13774,34.51776]],[[-6.13325,34.51552],[-6.12876,34.51552],[-6.12876,34.51776],[-6.13325,34.51776],[-6.13325,34.51552]],[[-6.09058,34.5245],[-6.08609,34.5245],[-6.08609,34.52675],[-6.09058,34.52899],[-6.09058,34.5245]],[[-6.10405,34.54022],[-6.10405,34.54247],[-6.10854,34.54247],[-6.10854,34.54022],[-6.10405,34.54022]],[[-6.14672,34.56942],[-6.14672,34.57166],[-6.14897,34.57166],[-6.14897,34.56942],[-6.14672,34.56942]],[[-6.14672,34.57391],[-6.14448,34.56942],[-6.13998,34.56942],[-6.14223,34.57616],[-6.14672,34.57391]],[[-6.12876,34.56043],[-6.12651,34.56043],[-6.12651,34.56268],[-6.12876,34.56268],[-6.12876,34.56043]],[[-6.05015,34.55594],[-6.05689,34.55594],[-6.05689,34.5537],[-6.05015,34.5537],[-6.05015,34.55594]],[[-6.05914,34.5537],[-6.06138,34.55145],[-6.06138,34.54921],[-6.05689,34.54921],[-6.05914,34.5537]],[[-6.05689,34.54696],[-6.05465,34.54696],[-6.05465,34.54921],[-6.05689,34.54921],[-6.05689,34.54696]],[[-6.05465,34.54471],[-6.0524,34.54471],[-6.0524,34.54696],[-6.05465,34.54696],[-6.05465,34.54471]],[[-6.05015,34.55145],[-6.04791,34.55145],[-6.04791,34.5537],[-6.05015,34.5537],[-6.05015,34.55145]],[[-6.03668,34.54471],[-6.03443,34.54471],[-6.03443,34.54696],[-6.03668,34.54696],[-6.03668,34.54471]],[[-6.03443,34.53124],[-6.03443,34.53349],[-6.03668,34.53349],[-6.03668,34.53124],[-6.03443,34.53124]],[[-6.03892,34.53124],[-6.04566,34.52899],[-6.04566,34.52226],[-6.03892,34.52226],[-6.04342,34.51327],[-6.03219,34.51552],[-6.02545,34.51103],[-6.02545,34.52226],[-6.03668,34.52226],[-6.03443,34.52899],[-6.03892,34.53124]],[[-6.0524,34.52226],[-6.0524,34.51552],[-6.04342,34.51776],[-6.04566,34.52226],[-6.0524,34.52226]],[[-6.04566,34.51327],[-6.04566,34.51103],[-6.04342,34.51103],[-6.04342,34.51327],[-6.04566,34.51327]],[[-6.02096,34.51552],[-6.02096,34.51776],[-6.0232,34.51776],[-6.0232,34.51552],[-6.02096,34.51552]],[[-6.02545,34.53349],[-6.0277,34.53349],[-6.0277,34.52899],[-6.02545,34.52899],[-6.02545,34.53349]],[[-6.02545,34.52675],[-6.02096,34.52675],[-6.02096,34.52899],[-6.02545,34.52899],[-6.02545,34.52675]],[[-6.21185,34.5245],[-6.20736,34.5245],[-6.20736,34.52675],[-6.21185,34.52675],[-6.21185,34.5245]],[[-6.07261,34.51776],[-6.07261,34.5245],[-6.07935,34.52226],[-6.07935,34.51552],[-6.07261,34.51776]],[[-6.2096,34.52001],[-6.20511,34.52001],[-6.20511,34.52226],[-6.2096,34.52226],[-6.2096,34.52001]],[[-6.06587,34.52001],[-6.06363,34.52001],[-6.06363,34.52226],[-6.06587,34.52226],[-6.06587,34.52001]],[[-6.12202,34.52001],[-6.12426,34.52001],[-6.12426,34.51776],[-6.12202,34.51776],[-6.12202,34.52001]],[[-6.12202,34.51552],[-6.11977,34.51552],[-6.11977,34.51776],[-6.12202,34.51776],[-6.12202,34.51552]],[[-6.10405,34.51776],[-6.10181,34.51776],[-6.10181,34.52001],[-6.10405,34.52001],[-6.10405,34.51776]],[[-6.14672,34.51552],[-6.13998,34.51552],[-6.13998,34.51776],[-6.14672,34.51776],[-6.14672,34.51552]],[[-6.22308,34.51327],[-6.22083,34.51327],[-6.22083,34.51552],[-6.22308,34.51552],[-6.22308,34.51327]],[[-5.9985,34.51327],[-5.99625,34.51552],[-6.00075,34.51552],[-6.00075,34.51103],[-5.9985,34.51327]],[[-6.23431,34.50878],[-6.23431,34.51103],[-6.23655,34.51103],[-6.23655,34.50878],[-6.23431,34.50878]],[[-6.2388,34.50878],[-6.2388,34.50654],[-6.23655,34.50654],[-6.23655,34.50878],[-6.2388,34.50878]],[[-6.22982,34.51103],[-6.23206,34.51103],[-6.23206,34.50878],[-6.22982,34.50878],[-6.22982,34.51103]],[[-6.22982,34.50654],[-6.22757,34.50654],[-6.22757,34.50878],[-6.22982,34.50878],[-6.22982,34.50654]],[[-6.27473,34.50654],[-6.27473,34.50878],[-6.27698,34.50878],[-6.27698,34.50654],[-6.27473,34.50654]],[[-6.27922,34.50654],[-6.27922,34.50429],[-6.27698,34.50429],[-6.27698,34.50654],[-6.27922,34.50654]],[[-6.16244,34.50654],[-6.1602,34.50654],[-6.1602,34.50878],[-6.16244,34.50878],[-6.16244,34.50654]],[[-6.18041,34.50204],[-6.17592,34.4998],[-6.17592,34.50654],[-6.18041,34.50654],[-6.18041,34.50204]],[[-6.17592,34.49755],[-6.17367,34.49755],[-6.17143,34.49531],[-6.17143,34.4998],[-6.17592,34.49755]],[[-6.15346,34.50204],[-6.15346,34.50654],[-6.15571,34.50654],[-6.15571,34.50204],[-6.15346,34.50204]],[[-6.15795,34.50204],[-6.15795,34.4998],[-6.15571,34.4998],[-6.15571,34.50204],[-6.15795,34.50204]],[[-6.18715,34.4998],[-6.18265,34.4998],[-6.18265,34.50429],[-6.18715,34.50429],[-6.18715,34.4998]],[[-6.06812,34.50204],[-6.06587,34.50204],[-6.06587,34.50429],[-6.06812,34.50429],[-6.06812,34.50204]],[[-6.07486,34.4998],[-6.07486,34.50204],[-6.0771,34.50204],[-6.0771,34.4998],[-6.07486,34.4998]],[[-6.07935,34.4998],[-6.07935,34.49755],[-6.0771,34.49755],[-6.0771,34.4998],[-6.07935,34.4998]],[[-6.05015,34.50204],[-6.0524,34.50204],[-6.0524,34.4998],[-6.05015,34.4998],[-6.05015,34.50204]],[[-6.05015,34.49755],[-6.04791,34.49755],[-6.04791,34.4998],[-6.05015,34.4998],[-6.05015,34.49755]],[[-6.28821,34.49755],[-6.28596,34.49755],[-6.28596,34.4998],[-6.28821,34.4998],[-6.28821,34.49755]],[[-6.19164,34.49755],[-6.18939,34.49755],[-6.18939,34.4998],[-6.19164,34.4998],[-6.19164,34.49755]],[[-6.16918,34.49755],[-6.16693,34.49755],[-6.16693,34.4998],[-6.16918,34.4998],[-6.16918,34.49755]],[[-6.04566,34.49755],[-6.04342,34.49755],[-6.04342,34.4998],[-6.04566,34.4998],[-6.04566,34.49755]],[[-6.27024,34.49531],[-6.26799,34.49531],[-6.26799,34.49755],[-6.27024,34.49755],[-6.27024,34.49531]],[[-6.14448,34.49531],[-6.14223,34.49531],[-6.14223,34.49755],[-6.14448,34.49755],[-6.14448,34.49531]],[[-6.03892,34.49531],[-6.03668,34.49531],[-6.03668,34.49755],[-6.03892,34.49755],[-6.03892,34.49531]],[[-6.16469,34.49306],[-6.16244,34.49306],[-6.16244,34.49531],[-6.16469,34.49531],[-6.16469,34.49306]],[[-6.1602,34.49306],[-6.15795,34.49306],[-6.15795,34.49531],[-6.1602,34.49531],[-6.1602,34.49306]],[[-6.30168,34.49082],[-6.30393,34.49082],[-6.30617,34.49306],[-6.30617,34.48857],[-6.30168,34.49082]],[[-6.2927,34.49306],[-6.29494,34.49306],[-6.29494,34.49082],[-6.2927,34.49082],[-6.2927,34.49306]],[[-6.29944,34.49082],[-6.29944,34.48857],[-6.29494,34.48857],[-6.29494,34.49082],[-6.29944,34.49082]],[[-6.2927,34.48857],[-6.28596,34.48857],[-6.28596,34.49082],[-6.2927,34.49082],[-6.2927,34.48857]],[[-6.25452,34.49082],[-6.25003,34.49082],[-6.25003,34.49306],[-6.25452,34.49306],[-6.25452,34.49082]],[[-6.22982,34.49082],[-6.22757,34.49082],[-6.22757,34.49306],[-6.22982,34.49306],[-6.22982,34.49082]],[[-6.1849,34.49082],[-6.18265,34.49082],[-6.18265,34.49306],[-6.1849,34.49306],[-6.1849,34.49082]],[[-6.18041,34.49082],[-6.17816,34.49082],[-6.17816,34.49306],[-6.18041,34.49306],[-6.18041,34.49082]],[[-6.27249,34.48857],[-6.27024,34.48857],[-6.27024,34.49082],[-6.27249,34.49082],[-6.27249,34.48857]],[[-6.22083,34.48857],[-6.21859,34.48857],[-6.21859,34.49082],[-6.22083,34.49082],[-6.22083,34.48857]],[[-6.19613,34.48857],[-6.19388,34.48857],[-6.19388,34.49082],[-6.19613,34.49082],[-6.19613,34.48857]],[[-6.18939,34.48857],[-6.18715,34.48857],[-6.18715,34.49082],[-6.18939,34.49082],[-6.18939,34.48857]],[[-6.07486,34.48857],[-6.07261,34.48857],[-6.07261,34.49082],[-6.07486,34.49082],[-6.07486,34.48857]],[[-5.98727,34.48857],[-5.98503,34.49082],[-5.98952,34.49082],[-5.98952,34.48632],[-5.98727,34.48857]],[[-5.96931,34.48857],[-5.96706,34.48857],[-5.96706,34.49082],[-5.96931,34.49082],[-5.96931,34.48857]],[[-6.27698,34.48183],[-6.27473,34.48857],[-6.28147,34.48857],[-6.27698,34.48632],[-6.27698,34.48183]],[[-6.2388,34.48632],[-6.23206,34.48632],[-6.23206,34.48857],[-6.2388,34.48857],[-6.2388,34.48632]],[[-5.96257,34.48632],[-5.96032,34.48632],[-5.96032,34.48857],[-5.96257,34.48857],[-5.96257,34.48632]],[[-6.14672,34.48408],[-6.14448,34.48408],[-6.14448,34.48632],[-6.14672,34.48632],[-6.14672,34.48408]],[[-6.03892,34.48408],[-6.03668,34.48408],[-6.03668,34.48632],[-6.03892,34.48632],[-6.03892,34.48408]],[[-6.34211,34.48183],[-6.33986,34.48183],[-6.33986,34.48408],[-6.34211,34.48408],[-6.34211,34.48183]],[[-6.2927,34.48183],[-6.28147,34.48183],[-6.28147,34.48408],[-6.2927,34.48408],[-6.2927,34.48183]],[[-6.26126,34.48183],[-6.25901,34.48183],[-6.25901,34.48408],[-6.26126,34.48408],[-6.26126,34.48183]],[[-6.02096,34.47959],[-6.01647,34.47959],[-6.01647,34.48408],[-6.01871,34.48408],[-6.02096,34.47959]],[[-6.0771,34.47959],[-6.07486,34.47959],[-6.07486,34.48183],[-6.0771,34.48183],[-6.0771,34.47959]],[[-6.36456,34.47509],[-6.36232,34.4706],[-6.35558,34.47959],[-6.36232,34.47959],[-6.36456,34.47509]],[[-6.36681,34.4706],[-6.36681,34.46611],[-6.36456,34.46611],[-6.36456,34.4706],[-6.36681,34.4706]],[[-6.33761,34.4706],[-6.35109,34.46162],[-6.34211,34.46162],[-6.34211,34.45713],[-6.33761,34.46162],[-6.33537,34.45713],[-6.33088,34.45713],[-6.33312,34.45264],[-6.32414,34.45488],[-6.32414,34.46611],[-6.32863,34.46611],[-6.32863,34.4706],[-6.31965,34.4706],[-6.31965,34.47509],[-6.33537,34.47509],[-6.33537,34.46836],[-6.33761,34.4706]],[[-6.07486,34.47509],[-6.07261,34.47509],[-6.07261,34.47734],[-6.07486,34.47734],[-6.07486,34.47509]],[[-5.99176,34.47509],[-5.98952,34.47509],[-5.98952,34.47734],[-5.99176,34.47734],[-5.99176,34.47509]],[[-5.96481,34.47285],[-5.96032,34.47285],[-5.96032,34.47734],[-5.96481,34.47509],[-5.96481,34.47285]],[[-5.94236,34.47509],[-5.94011,34.47509],[-5.94011,34.47734],[-5.94236,34.47734],[-5.94236,34.47509]],[[-6.29944,34.47285],[-6.29719,34.47285],[-6.29719,34.47509],[-6.29944,34.47509],[-6.29944,34.47285]],[[-5.98503,34.4706],[-5.98053,34.4706],[-5.98053,34.47509],[-5.98503,34.47509],[-5.98503,34.4706]],[[-6.26126,34.4706],[-6.25901,34.4706],[-6.25901,34.47285],[-6.26126,34.47285],[-6.26126,34.4706]],[[-6.29944,34.46836],[-6.29719,34.46836],[-6.29719,34.4706],[-6.29944,34.4706],[-6.29944,34.46836]],[[-6.25677,34.46836],[-6.25452,34.46836],[-6.25452,34.4706],[-6.25677,34.4706],[-6.25677,34.46836]],[[-6.25227,34.46836],[-6.25003,34.46836],[-6.25003,34.4706],[-6.25227,34.4706],[-6.25227,34.46836]],[[-5.99176,34.46611],[-5.98952,34.46611],[-5.98952,34.4706],[-5.99176,34.4706],[-5.99176,34.46611]],[[-5.94011,34.46836],[-5.93562,34.46836],[-5.93562,34.4706],[-5.94011,34.4706],[-5.94011,34.46836]],[[-6.37804,34.46611],[-6.37355,34.46611],[-6.37355,34.46836],[-6.37804,34.46836],[-6.37804,34.46611]],[[-6.30617,34.46611],[-6.30842,34.46387],[-6.30393,34.46162],[-6.30393,34.46836],[-6.30617,34.46611]],[[-6.1849,34.46611],[-6.18041,34.46162],[-6.17816,34.46836],[-6.1849,34.46836],[-6.1849,34.46611]],[[-5.98053,34.46387],[-5.98503,34.46387],[-5.98727,34.46836],[-5.98727,34.46162],[-5.98053,34.46387]],[[-6.30168,34.46162],[-6.29719,34.46162],[-6.29719,34.46611],[-6.30168,34.46611],[-6.30168,34.46162]],[[-6.29494,34.46387],[-6.2927,34.46387],[-6.2927,34.46611],[-6.29494,34.46611],[-6.29494,34.46387]],[[-6.07037,34.46387],[-6.06812,34.46387],[-6.06812,34.46611],[-6.07037,34.46611],[-6.07037,34.46387]],[[-6.02096,34.46387],[-6.01647,34.46162],[-6.01422,34.46611],[-6.02096,34.46611],[-6.02096,34.46387]],[[-6.00524,34.46387],[-6.00075,34.46387],[-6.00075,34.46611],[-6.00524,34.46611],[-6.00524,34.46387]],[[-6.37579,34.45937],[-6.37355,34.45937],[-6.37355,34.46387],[-6.37579,34.46387],[-6.37579,34.45937]],[[-6.25452,34.46387],[-6.25677,34.46387],[-6.25677,34.46162],[-6.25452,34.46162],[-6.25452,34.46387]],[[-6.25452,34.45937],[-6.25227,34.45937],[-6.25227,34.46162],[-6.25452,34.46162],[-6.25452,34.45937]],[[-6.25003,34.46162],[-6.25003,34.46387],[-6.25227,34.46387],[-6.25227,34.46162],[-6.25003,34.46162]],[[-6.2141,34.46162],[-6.21185,34.46162],[-6.21185,34.46387],[-6.2141,34.46387],[-6.2141,34.46162]],[[-6.2096,34.46162],[-6.20736,34.46162],[-6.20736,34.46387],[-6.2096,34.46387],[-6.2096,34.46162]],[[-6.20511,34.46162],[-6.20287,34.46162],[-6.20287,34.46387],[-6.20511,34.46387],[-6.20511,34.46162]],[[-6.19838,34.46162],[-6.19164,34.45488],[-6.17816,34.45488],[-6.19164,34.46387],[-6.19838,34.46162]],[[-6.17592,34.45713],[-6.17592,34.45937],[-6.17816,34.45937],[-6.17816,34.45713],[-6.17592,34.45713]],[[-6.17592,34.45488],[-6.17143,34.45488],[-6.17143,34.45713],[-6.17592,34.45713],[-6.17592,34.45488]],[[-6.15795,34.46162],[-6.15571,34.46162],[-6.15571,34.46387],[-6.15795,34.46387],[-6.15795,34.46162]],[[-6.31066,34.45937],[-6.30842,34.45937],[-6.30842,34.46162],[-6.31066,34.46162],[-6.31066,34.45937]],[[-6.22982,34.45937],[-6.22532,34.45937],[-6.22532,34.46162],[-6.22982,34.46162],[-6.22982,34.45937]],[[-6.21859,34.45937],[-6.21634,34.45937],[-6.21634,34.46162],[-6.21859,34.46162],[-6.21859,34.45937]],[[-6.14672,34.45937],[-6.14672,34.46162],[-6.15121,34.46162],[-6.15121,34.45937],[-6.14672,34.45937]],[[-6.15346,34.45937],[-6.15346,34.45713],[-6.15121,34.45713],[-6.15121,34.45937],[-6.15346,34.45937]],[[-6.14448,34.45937],[-6.14223,34.45937],[-6.14223,34.46162],[-6.14448,34.46162],[-6.14448,34.45937]],[[-6.36681,34.45713],[-6.36456,34.45713],[-6.36456,34.45937],[-6.36681,34.45937],[-6.36681,34.45713]],[[-6.00973,34.45713],[-6.01198,34.45713],[-6.01422,34.45937],[-6.01422,34.45488],[-6.00973,34.45713]],[[-5.98727,34.45488],[-5.98278,34.45713],[-5.98278,34.45937],[-5.98952,34.45937],[-5.99176,34.45264],[-5.98727,34.45488]],[[-5.98503,34.45264],[-5.97604,34.45264],[-5.97604,34.45488],[-5.98503,34.45488],[-5.98503,34.45264]],[[-5.98053,34.45713],[-5.97604,34.45713],[-5.97604,34.45937],[-5.98053,34.45937],[-5.98053,34.45713]],[[-6.37355,34.45713],[-6.37579,34.45713],[-6.37579,34.45488],[-6.37355,34.45488],[-6.37355,34.45713]],[[-6.37804,34.45488],[-6.37804,34.45264],[-6.37579,34.45264],[-6.37579,34.45488],[-6.37804,34.45488]],[[-6.37355,34.45264],[-6.36906,34.45264],[-6.36906,34.45713],[-6.37355,34.45488],[-6.37355,34.45264]],[[-6.35333,34.45488],[-6.35109,34.45488],[-6.35109,34.45713],[-6.35333,34.45713],[-6.35333,34.45488]],[[-6.11528,34.45488],[-6.11304,34.45488],[-6.11304,34.45713],[-6.11528,34.45713],[-6.11528,34.45488]],[[-6.00748,34.45488],[-6.00524,34.45488],[-6.00524,34.45713],[-6.00748,34.45713],[-6.00748,34.45488]],[[-6.31965,34.45264],[-6.3174,34.45264],[-6.3174,34.45488],[-6.32189,34.45488],[-6.32189,34.45039],[-6.31965,34.45264]],[[-6.21859,34.45264],[-6.2141,34.45264],[-6.2141,34.45488],[-6.21859,34.45488],[-6.21859,34.45264]],[[-6.16469,34.45264],[-6.16244,34.45264],[-6.16244,34.45488],[-6.16469,34.45488],[-6.16469,34.45264]],[[-6.35333,34.45264],[-6.35558,34.45264],[-6.35558,34.45039],[-6.35333,34.45039],[-6.35333,34.45264]],[[-6.35333,34.44815],[-6.35109,34.44815],[-6.35109,34.45039],[-6.35333,34.45039],[-6.35333,34.44815]],[[-6.27922,34.45039],[-6.27698,34.45039],[-6.27698,34.45264],[-6.27922,34.45264],[-6.27922,34.45039]],[[-6.18041,34.44815],[-6.17816,34.44815],[-6.17816,34.45264],[-6.18041,34.45264],[-6.18041,34.44815]],[[-6.17143,34.45039],[-6.16918,34.45039],[-6.16918,34.45264],[-6.17143,34.45264],[-6.17143,34.45039]],[[-6.0524,34.45039],[-6.05015,34.45039],[-6.05015,34.45264],[-6.0524,34.45264],[-6.0524,34.45039]],[[-6.04791,34.44815],[-6.04566,34.44815],[-6.04566,34.45264],[-6.04791,34.45264],[-6.04791,34.44815]],[[-6.22308,34.45039],[-6.22757,34.45039],[-6.22757,34.4459],[-6.22083,34.44141],[-6.22308,34.45039]],[[-6.14672,34.44815],[-6.14448,34.44815],[-6.14448,34.45039],[-6.14672,34.45039],[-6.14672,34.44815]],[[-6.12876,34.45039],[-6.131,34.45039],[-6.131,34.4459],[-6.12876,34.4459],[-6.12876,34.45039]],[[-6.12876,34.44365],[-6.12651,34.44365],[-6.12651,34.4459],[-6.12876,34.4459],[-6.12876,34.44365]],[[-5.98278,34.44815],[-5.98053,34.44815],[-5.98053,34.45039],[-5.98278,34.45039],[-5.98278,34.44815]],[[-5.95583,34.4459],[-5.95583,34.45039],[-5.95808,34.45039],[-5.95808,34.4459],[-5.95583,34.4459]],[[-5.96032,34.4459],[-5.96706,34.4459],[-5.96706,34.43467],[-5.96032,34.43692],[-5.96032,34.4459]],[[-5.97155,34.43467],[-5.9738,34.43692],[-5.9738,34.42793],[-5.96032,34.43018],[-5.97155,34.43467]],[[-6.29719,34.4459],[-6.29494,34.4459],[-6.29494,34.44815],[-6.29719,34.44815],[-6.29719,34.4459]],[[-6.16693,34.44815],[-6.16918,34.44815],[-6.16918,34.44365],[-6.16693,34.44365],[-6.16693,34.44815]],[[-6.16693,34.44141],[-6.16469,34.44141],[-6.16469,34.44365],[-6.16693,34.44365],[-6.16693,34.44141]],[[-6.13998,34.4459],[-6.13774,34.4459],[-6.13774,34.44815],[-6.13998,34.44815],[-6.13998,34.4459]],[[-5.85702,34.4459],[-5.85477,34.4459],[-5.85477,34.44815],[-5.85702,34.44815],[-5.85702,34.4459]],[[-5.85028,34.4459],[-5.84803,34.4459],[-5.84803,34.44815],[-5.85028,34.44815],[-5.85028,34.4459]],[[-5.84579,34.4459],[-5.84354,34.4459],[-5.84354,34.44815],[-5.84579,34.44815],[-5.84579,34.4459]],[[-6.38702,34.4459],[-6.38927,34.4459],[-6.38927,34.44365],[-6.38702,34.44365],[-6.38702,34.4459]],[[-6.38702,34.44141],[-6.38478,34.44141],[-6.38478,34.44365],[-6.38702,34.44365],[-6.38702,34.44141]],[[-6.2141,34.44365],[-6.21185,34.44365],[-6.21185,34.4459],[-6.2141,34.4459],[-6.2141,34.44365]],[[-6.17367,34.44141],[-6.17143,34.44141],[-6.17143,34.4459],[-6.17367,34.4459],[-6.17367,34.44141]],[[-6.05015,34.44365],[-6.04791,34.44365],[-6.04791,34.4459],[-6.05015,34.4459],[-6.05015,34.44365]],[[-5.99625,34.44365],[-5.99401,34.44365],[-5.99401,34.4459],[-5.99625,34.4459],[-5.99625,34.44365]],[[-5.92214,34.44141],[-5.91765,34.44141],[-5.91765,34.4459],[-5.9199,34.4459],[-5.92214,34.44141]],[[-6.29045,34.44141],[-6.28821,34.44141],[-6.28821,34.44365],[-6.29045,34.44365],[-6.29045,34.44141]],[[-6.04342,34.44141],[-6.04342,34.44365],[-6.04566,34.44365],[-6.04566,34.44141],[-6.04342,34.44141]],[[-6.04791,34.44141],[-6.04791,34.43916],[-6.04566,34.43916],[-6.04566,34.44141],[-6.04791,34.44141]],[[-6.30617,34.43692],[-6.30393,34.43692],[-6.30393,34.43916],[-6.30617,34.43916],[-6.30617,34.43692]],[[-6.16693,34.43692],[-6.16469,34.43692],[-6.16469,34.43916],[-6.16693,34.43916],[-6.16693,34.43692]],[[-6.13325,34.43916],[-6.13774,34.43916],[-6.13774,34.43692],[-6.13325,34.43692],[-6.13325,34.43916]],[[-6.13325,34.43467],[-6.12876,34.43242],[-6.12426,34.43692],[-6.131,34.43916],[-6.13325,34.43467]],[[-6.03892,34.43692],[-6.03443,34.43692],[-6.03443,34.43916],[-6.03892,34.43916],[-6.03892,34.43692]],[[-6.39825,34.43467],[-6.396,34.43467],[-6.396,34.43692],[-6.39825,34.43692],[-6.39825,34.43467]],[[-5.92664,34.43467],[-5.92214,34.43467],[-5.92214,34.43692],[-5.92664,34.43692],[-5.92664,34.43467]],[[-6.30617,34.43242],[-6.30168,34.43242],[-6.30168,34.43467],[-6.30617,34.43467],[-6.30617,34.43242]],[[-6.16244,34.43242],[-6.1602,34.43242],[-6.1602,34.43467],[-6.16244,34.43467],[-6.16244,34.43242]],[[-6.13998,34.43242],[-6.13774,34.43242],[-6.13774,34.43467],[-6.13998,34.43467],[-6.13998,34.43242]],[[-5.94685,34.43242],[-5.94909,34.43242],[-5.95134,34.43467],[-5.95134,34.43018],[-5.94685,34.43242]],[[-6.38702,34.43018],[-6.38478,34.43018],[-6.38478,34.43242],[-6.38702,34.43242],[-6.38702,34.43018]],[[-6.16918,34.43018],[-6.16469,34.43018],[-6.16469,34.43242],[-6.16918,34.43242],[-6.16918,34.43018]],[[-6.15571,34.43242],[-6.15795,34.43242],[-6.15795,34.43018],[-6.15571,34.43018],[-6.15571,34.43242]],[[-6.15571,34.42793],[-6.15346,34.42793],[-6.15346,34.43018],[-6.15571,34.43018],[-6.15571,34.42793]],[[-5.92214,34.43018],[-5.91765,34.43018],[-5.91765,34.43242],[-5.92214,34.43242],[-5.92214,34.43018]],[[-6.37355,34.42793],[-6.3713,34.42793],[-6.3713,34.43018],[-6.37355,34.43018],[-6.37355,34.42793]],[[-6.33312,34.42569],[-6.33088,34.42569],[-6.33088,34.43018],[-6.33312,34.43018],[-6.33312,34.42569]],[[-6.32189,34.42793],[-6.31965,34.42793],[-6.31965,34.43018],[-6.32189,34.43018],[-6.32189,34.42793]],[[-5.93562,34.42793],[-5.93337,34.42793],[-5.93337,34.43018],[-5.93562,34.43018],[-5.93562,34.42793]],[[-6.17367,34.42569],[-6.17143,34.42569],[-6.17143,34.42793],[-6.17367,34.42793],[-6.17367,34.42569]],[[-6.1602,34.42569],[-6.1602,34.42793],[-6.16244,34.42793],[-6.16244,34.42569],[-6.1602,34.42569]],[[-6.16469,34.42569],[-6.16469,34.42344],[-6.16244,34.42344],[-6.16244,34.42569],[-6.16469,34.42569]],[[-6.16918,34.42344],[-6.16918,34.4212],[-6.16469,34.4212],[-6.16469,34.42344],[-6.16918,34.42344]],[[-6.17367,34.4212],[-6.17367,34.41895],[-6.16918,34.41895],[-6.16918,34.4212],[-6.17367,34.4212]],[[-6.09731,34.42569],[-6.09507,34.42569],[-6.09507,34.42793],[-6.09731,34.42793],[-6.09731,34.42569]],[[-6.07935,34.42344],[-6.0771,34.42344],[-6.0771,34.42569],[-6.07935,34.42569],[-6.07935,34.42344]],[[-6.02994,34.42344],[-6.0277,34.42344],[-6.0277,34.42569],[-6.02994,34.42569],[-6.02994,34.42344]],[[-5.94011,34.42344],[-5.93786,34.42344],[-5.93786,34.42569],[-5.94011,34.42569],[-5.94011,34.42344]],[[-5.89519,34.42344],[-5.89295,34.42344],[-5.89295,34.42569],[-5.89519,34.42569],[-5.89519,34.42344]],[[-6.37579,34.4212],[-6.37355,34.4212],[-6.37355,34.42344],[-6.37579,34.42344],[-6.37579,34.4212]],[[-6.38702,34.41895],[-6.38478,34.41895],[-6.38478,34.4212],[-6.38702,34.4212],[-6.38702,34.41895]],[[-6.1602,34.41895],[-6.15795,34.41895],[-6.15795,34.4212],[-6.1602,34.4212],[-6.1602,34.41895]],[[-6.131,34.41895],[-6.12876,34.41895],[-6.12876,34.4212],[-6.131,34.4212],[-6.131,34.41895]],[[-6.08833,34.41895],[-6.08609,34.41895],[-6.08609,34.4212],[-6.08833,34.4212],[-6.08833,34.41895]],[[-6.00973,34.41895],[-6.00748,34.41895],[-6.00748,34.4212],[-6.00973,34.4212],[-6.00973,34.41895]],[[-6.00524,34.41895],[-6.00299,34.41895],[-6.00299,34.4212],[-6.00524,34.4212],[-6.00524,34.41895]],[[-5.87049,34.4167],[-5.866,34.4167],[-5.866,34.4212],[-5.87049,34.4212],[-5.87049,34.4167]],[[-5.85477,34.41895],[-5.85702,34.4212],[-5.85926,34.4167],[-5.85252,34.4167],[-5.85477,34.41895]],[[-5.85028,34.41895],[-5.85028,34.4212],[-5.85252,34.4212],[-5.85252,34.41895],[-5.85028,34.41895]],[[-5.84803,34.41895],[-5.84579,34.41895],[-5.84579,34.4212],[-5.84803,34.4212],[-5.84803,34.41895]],[[-6.16469,34.4167],[-6.16244,34.4167],[-6.16244,34.41895],[-6.16469,34.41895],[-6.16469,34.4167]],[[-6.05914,34.4167],[-6.05689,34.4167],[-6.05689,34.41895],[-6.05914,34.41895],[-6.05914,34.4167]],[[-5.99625,34.4167],[-5.99401,34.41895],[-6.00075,34.41895],[-6.00075,34.41446],[-5.99625,34.4167]],[[-5.95358,34.4167],[-5.95134,34.4167],[-5.95134,34.41895],[-5.95358,34.41895],[-5.95358,34.4167]],[[-5.92214,34.4167],[-5.91765,34.4167],[-5.91765,34.41895],[-5.92214,34.41895],[-5.92214,34.4167]],[[-5.91091,34.4167],[-5.90642,34.4167],[-5.90642,34.41895],[-5.91091,34.41895],[-5.91091,34.4167]],[[-6.0524,34.41221],[-6.05015,34.41221],[-6.05015,34.4167],[-6.0524,34.4167],[-6.0524,34.41221]],[[-6.04566,34.4167],[-6.04791,34.41221],[-6.04117,34.40772],[-6.04117,34.41221],[-6.04566,34.4167]],[[-5.99176,34.41446],[-5.98952,34.41446],[-5.98952,34.4167],[-5.99176,34.4167],[-5.99176,34.41446]],[[-5.94909,34.41446],[-5.94685,34.41446],[-5.94685,34.4167],[-5.94909,34.4167],[-5.94909,34.41446]],[[-6.38927,34.41221],[-6.38702,34.41221],[-6.38702,34.41446],[-6.38927,34.41446],[-6.38927,34.41221]],[[-6.38478,34.41221],[-6.38253,34.41221],[-6.38253,34.41446],[-6.38478,34.41446],[-6.38478,34.41221]],[[-6.06587,34.40997],[-6.06363,34.40997],[-6.06363,34.41446],[-6.06587,34.41446],[-6.06587,34.40997]],[[-6.01198,34.41221],[-6.00973,34.41221],[-6.00973,34.41446],[-6.01198,34.41446],[-6.01198,34.41221]],[[-5.98503,34.41221],[-5.98278,34.41221],[-5.98278,34.41446],[-5.98503,34.41446],[-5.98503,34.41221]],[[-5.97829,34.41221],[-5.97604,34.41221],[-5.97604,34.41446],[-5.97829,34.41446],[-5.97829,34.41221]],[[-5.85028,34.392],[-5.84579,34.392],[-5.84579,34.38526],[-5.8413,34.38526],[-5.83456,34.39874],[-5.8368,34.40772],[-5.84579,34.40548],[-5.84579,34.41446],[-5.85028,34.41446],[-5.85028,34.40997],[-5.85477,34.40997],[-5.85252,34.41446],[-5.86375,34.41446],[-5.86151,34.40772],[-5.85252,34.40548],[-5.85477,34.40098],[-5.86151,34.40098],[-5.86151,34.39649],[-5.85252,34.39649],[-5.85028,34.392]],[[-5.86151,34.40323],[-5.86375,34.40323],[-5.86375,34.40098],[-5.86151,34.40098],[-5.86151,34.40323]],[[-6.39825,34.40997],[-6.39151,34.40997],[-6.39151,34.41221],[-6.39825,34.41221],[-6.39825,34.40997]],[[-5.96706,34.41221],[-5.96931,34.41221],[-5.96931,34.40997],[-5.96706,34.40997],[-5.96706,34.41221]],[[-5.96706,34.40772],[-5.96481,34.40772],[-5.96481,34.40997],[-5.96706,34.40997],[-5.96706,34.40772]],[[-6.05689,34.40772],[-6.05465,34.40772],[-6.05465,34.40997],[-6.05689,34.40997],[-6.05689,34.40772]],[[-6.0524,34.40772],[-6.05015,34.40772],[-6.05015,34.40997],[-6.0524,34.40997],[-6.0524,34.40772]],[[-6.01647,34.40548],[-6.01422,34.40548],[-6.01422,34.40997],[-6.01647,34.40997],[-6.01647,34.40548]],[[-6.00973,34.40772],[-6.00748,34.40772],[-6.00748,34.40997],[-6.00973,34.40997],[-6.00973,34.40772]],[[-5.95358,34.40997],[-5.95583,34.40997],[-5.95583,34.40772],[-5.95358,34.40772],[-5.95358,34.40997]],[[-5.95358,34.40548],[-5.94909,34.40548],[-5.94909,34.40772],[-5.95358,34.40772],[-5.95358,34.40548]],[[-5.94909,34.40323],[-5.9446,34.40323],[-5.9446,34.40548],[-5.94909,34.40548],[-5.94909,34.40323]],[[-6.3466,34.40548],[-6.34435,34.40548],[-6.34435,34.40772],[-6.3466,34.40772],[-6.3466,34.40548]],[[-6.02096,34.40772],[-6.0277,34.40772],[-6.0277,34.40548],[-6.02096,34.40548],[-6.02096,34.40772]],[[-6.02096,34.40323],[-6.01871,34.40323],[-6.01871,34.40548],[-6.02096,34.40548],[-6.02096,34.40323]],[[-5.96257,34.40548],[-5.96032,34.40548],[-5.96032,34.40772],[-5.96257,34.40772],[-5.96257,34.40548]],[[-6.36906,34.40323],[-6.36681,34.40323],[-6.36681,34.40548],[-6.36906,34.40548],[-6.36906,34.40323]],[[-6.35783,34.40323],[-6.35783,34.40548],[-6.36007,34.40548],[-6.36007,34.40323],[-6.35783,34.40323]],[[-6.36232,34.40323],[-6.36232,34.392],[-6.36007,34.392],[-6.35783,34.40098],[-6.36232,34.40323]],[[-6.03892,34.40098],[-6.03443,34.40098],[-6.03443,34.40548],[-6.03892,34.40548],[-6.03892,34.40098]],[[-6.03219,34.40323],[-6.02994,34.40323],[-6.02994,34.40548],[-6.03219,34.40548],[-6.03219,34.40323]],[[-6.00973,34.40323],[-6.00524,34.40323],[-6.00524,34.40548],[-6.00973,34.40548],[-6.00973,34.40323]],[[-5.94909,34.39425],[-5.94685,34.40098],[-5.96481,34.40323],[-5.96257,34.39649],[-5.95134,34.39874],[-5.94909,34.39425]],[[-5.94236,34.40098],[-5.93786,34.40098],[-5.93786,34.40323],[-5.94236,34.40323],[-5.94236,34.40098]],[[-6.36906,34.39874],[-6.36681,34.39874],[-6.36681,34.40098],[-6.3713,34.40098],[-6.3713,34.39649],[-6.36906,34.39874]],[[-6.33761,34.39649],[-6.33537,34.39649],[-6.33537,34.39874],[-6.33761,34.39874],[-6.33761,34.39649]],[[-6.01871,34.39649],[-6.01647,34.39649],[-6.01647,34.39874],[-6.01871,34.39874],[-6.01871,34.39649]],[[-5.92664,34.39874],[-5.93113,34.39874],[-5.93113,34.39649],[-5.92664,34.39649],[-5.92664,34.39874]],[[-5.92664,34.39425],[-5.92214,34.39425],[-5.92214,34.39649],[-5.92664,34.39649],[-5.92664,34.39425]],[[-6.40948,34.39425],[-6.40723,34.39425],[-6.40723,34.39649],[-6.40948,34.39649],[-6.40948,34.39425]],[[-6.32639,34.37853],[-6.31965,34.37853],[-6.31965,34.38751],[-6.31291,34.38751],[-6.31965,34.39649],[-6.32414,34.39649],[-6.32189,34.38975],[-6.32863,34.38751],[-6.32639,34.37853]],[[-6.2927,34.39425],[-6.29045,34.39425],[-6.29045,34.39649],[-6.2927,34.39649],[-6.2927,34.39425]],[[-6.40499,34.392],[-6.40274,34.392],[-6.40274,34.39425],[-6.40499,34.39425],[-6.40499,34.392]],[[-6.37355,34.39425],[-6.37804,34.39425],[-6.37579,34.38751],[-6.3713,34.38975],[-6.37355,34.39425]],[[-6.3466,34.38975],[-6.34435,34.38975],[-6.34435,34.39425],[-6.3466,34.39425],[-6.3466,34.38975]],[[-6.35558,34.38751],[-6.35333,34.38751],[-6.35333,34.38975],[-6.35558,34.38975],[-6.35558,34.38751]],[[-6.01422,34.38526],[-6.00973,34.38526],[-6.00973,34.38751],[-6.01422,34.38751],[-6.01422,34.38526]],[[-5.82333,34.37628],[-5.82108,34.38302],[-5.82557,34.38526],[-5.82782,34.37853],[-5.82333,34.37628]],[[-5.82108,34.37403],[-5.81659,34.37403],[-5.81659,34.37853],[-5.82108,34.37628],[-5.82108,34.37403]],[[-6.37579,34.38077],[-6.37355,34.38077],[-6.37355,34.38302],[-6.37579,34.38302],[-6.37579,34.38077]],[[-6.02096,34.38077],[-6.01647,34.38077],[-6.01647,34.38302],[-6.02096,34.38302],[-6.02096,34.38077]],[[-5.89744,34.37403],[-5.89519,34.38302],[-5.90193,34.38302],[-5.90193,34.37853],[-5.89744,34.37853],[-5.89744,34.37403]],[[-5.85252,34.38077],[-5.85028,34.38077],[-5.85028,34.38302],[-5.85252,34.38302],[-5.85252,34.38077]],[[-6.39376,34.37853],[-6.39151,34.37853],[-6.39151,34.38077],[-6.39376,34.38077],[-6.39376,34.37853]],[[-6.36906,34.37853],[-6.36456,34.37628],[-6.36007,34.37628],[-6.36232,34.38077],[-6.36906,34.37853]],[[-6.00973,34.37853],[-6.00524,34.37853],[-6.00524,34.38077],[-6.00973,34.38077],[-6.00973,34.37853]],[[-5.88172,34.37853],[-5.87947,34.37853],[-5.87947,34.38077],[-5.88172,34.38077],[-5.88172,34.37853]],[[-5.87274,34.37853],[-5.87049,34.37853],[-5.87049,34.38077],[-5.87274,34.38077],[-5.87274,34.37853]],[[-5.84803,34.36954],[-5.84579,34.37628],[-5.85926,34.37628],[-5.85702,34.37179],[-5.85028,34.37403],[-5.84803,34.36954]],[[-5.82782,34.37403],[-5.82557,34.37403],[-5.82557,34.37628],[-5.82782,34.37628],[-5.82782,34.37403]],[[-6.33088,34.37179],[-6.32414,34.37179],[-6.32414,34.37403],[-6.33088,34.37403],[-6.33088,34.37179]],[[-5.90418,34.36505],[-5.90193,34.36505],[-5.89519,34.35831],[-5.89969,34.37179],[-5.90418,34.36505]],[[-5.89519,34.35607],[-5.89295,34.35607],[-5.89295,34.35831],[-5.89519,34.35831],[-5.89519,34.35607]],[[-5.89744,34.35607],[-5.89744,34.35382],[-5.89519,34.35382],[-5.89519,34.35607],[-5.89744,34.35607]],[[-6.33537,34.3673],[-6.33312,34.3673],[-6.33312,34.36954],[-6.33537,34.36954],[-6.33537,34.3673]],[[-6.32639,34.3673],[-6.32189,34.3673],[-6.32189,34.36954],[-6.32639,34.36954],[-6.32639,34.3673]],[[-5.87498,34.36505],[-5.87049,34.36505],[-5.87049,34.3673],[-5.87498,34.3673],[-5.87498,34.36505]],[[-5.80761,34.36505],[-5.80536,34.36505],[-5.80536,34.3673],[-5.80761,34.3673],[-5.80761,34.36505]],[[-5.94685,34.36281],[-5.9446,34.36281],[-5.9446,34.36505],[-5.94685,34.36505],[-5.94685,34.36281]],[[-5.88397,34.36056],[-5.88172,34.36056],[-5.88172,34.36505],[-5.88397,34.36505],[-5.88397,34.36056]],[[-5.83007,34.36281],[-5.82557,34.36281],[-5.82557,34.36505],[-5.83007,34.36505],[-5.83007,34.36281]],[[-5.93786,34.36056],[-5.93562,34.36056],[-5.93562,34.36281],[-5.93786,34.36281],[-5.93786,34.36056]],[[-5.87049,34.36056],[-5.86824,34.36056],[-5.86824,34.36281],[-5.87049,34.36281],[-5.87049,34.36056]],[[-5.90642,34.35831],[-5.90418,34.35831],[-5.90418,34.36056],[-5.90642,34.36056],[-5.90642,34.35831]],[[-5.9199,34.35382],[-5.91765,34.35382],[-5.91541,34.35831],[-5.9199,34.35831],[-5.9199,34.35382]],[[-5.91541,34.35382],[-5.91091,34.35382],[-5.91091,34.35607],[-5.91541,34.35607],[-5.91541,34.35382]],[[-5.91091,34.35158],[-5.90867,34.35158],[-5.90867,34.35382],[-5.91091,34.35382],[-5.91091,34.35158]],[[-5.90867,34.34933],[-5.90642,34.34933],[-5.90642,34.35158],[-5.90867,34.35158],[-5.90867,34.34933]],[[-5.90642,34.34708],[-5.90418,34.34708],[-5.90418,34.34933],[-5.90642,34.34933],[-5.90642,34.34708]],[[-5.88621,34.35382],[-5.88397,34.35382],[-5.88397,34.35607],[-5.88621,34.35607],[-5.88621,34.35382]],[[-5.84803,34.34708],[-5.84354,34.34708],[-5.84354,34.34933],[-5.84803,34.34933],[-5.84803,34.34708]],[[-5.89744,34.33586],[-5.89519,34.33586],[-5.89519,34.34035],[-5.89744,34.34035],[-5.89744,34.33586]],[[-5.89295,34.3381],[-5.8907,34.3381],[-5.8907,34.34035],[-5.89295,34.34035],[-5.89295,34.3381]],[[-5.89295,34.32912],[-5.8907,34.32912],[-5.8907,34.33136],[-5.89295,34.33136],[-5.89295,34.32912]],[[-5.89295,34.32463],[-5.8907,34.32463],[-5.8907,34.32687],[-5.89295,34.32687],[-5.89295,34.32463]],[[-5.88397,34.32463],[-5.88172,34.32463],[-5.88172,34.32687],[-5.88397,34.32687],[-5.88397,34.32463]],[[-5.87723,34.31789],[-5.87274,34.31789],[-5.87274,34.32014],[-5.87723,34.32014],[-5.87723,34.31789]],[[-5.85926,34.29992],[-5.85702,34.31789],[-5.866,34.32014],[-5.866,34.30441],[-5.86151,34.30666],[-5.85926,34.29992]],[[-5.85477,34.31789],[-5.85477,34.32014],[-5.85702,34.32014],[-5.85702,34.31789],[-5.85477,34.31789]],[[-5.88621,34.31789],[-5.88621,34.31564],[-5.88846,34.3134],[-5.88397,34.3134],[-5.88621,34.31789]],[[-5.8907,34.3134],[-5.8907,34.31115],[-5.88846,34.31115],[-5.88846,34.3134],[-5.8907,34.3134]],[[-5.8121,34.3134],[-5.80985,34.3134],[-5.80985,34.31564],[-5.8121,34.31564],[-5.8121,34.3134]],[[-5.88397,34.30217],[-5.88172,34.30217],[-5.88172,34.30441],[-5.88397,34.30441],[-5.88397,34.30217]],[[-5.87723,34.30217],[-5.87498,34.30217],[-5.87498,34.30441],[-5.87723,34.30441],[-5.87723,34.30217]],[[-5.866,34.29543],[-5.86375,34.29543],[-5.86375,34.29768],[-5.866,34.29768],[-5.866,34.29543]],[[-5.85702,34.28645],[-5.86151,34.28645],[-5.85926,34.28869],[-5.86151,34.29543],[-5.866,34.2842],[-5.85702,34.28196],[-5.85702,34.28645]],[[-5.87049,34.28645],[-5.86824,34.28645],[-5.86824,34.28869],[-5.87049,34.28869],[-5.87049,34.28645]],[[-5.77617,34.27522],[-5.77168,34.27971],[-5.77392,34.28645],[-5.77617,34.28645],[-5.77617,34.27522]],[[-5.87947,34.27747],[-5.88172,34.27522],[-5.87498,34.27971],[-5.87947,34.27971],[-5.87947,34.27747]],[[-5.85252,34.27747],[-5.85028,34.27747],[-5.85028,34.27971],[-5.85252,34.27971],[-5.85252,34.27747]],[[-5.86824,34.26848],[-5.87049,34.26624],[-5.86375,34.26624],[-5.86151,34.27522],[-5.86824,34.27522],[-5.86824,34.26848]],[[-5.86375,34.26399],[-5.86151,34.26399],[-5.86151,34.26624],[-5.86375,34.26624],[-5.86375,34.26399]],[[-5.88621,34.27073],[-5.88397,34.27073],[-5.88397,34.27297],[-5.88621,34.27297],[-5.88621,34.27073]],[[-5.88172,34.27073],[-5.87947,34.27073],[-5.87947,34.27297],[-5.88172,34.27297],[-5.88172,34.27073]],[[-5.7874,34.27073],[-5.78515,34.27073],[-5.78515,34.27297],[-5.7874,34.27297],[-5.7874,34.27073]],[[-5.87723,34.26848],[-5.87498,34.26848],[-5.87498,34.27073],[-5.87723,34.27073],[-5.87723,34.26848]],[[-5.85702,34.26848],[-5.85477,34.26848],[-5.85477,34.27073],[-5.85702,34.27073],[-5.85702,34.26848]],[[-5.77392,34.26624],[-5.77168,34.26624],[-5.77168,34.26848],[-5.77392,34.26848],[-5.77392,34.26624]],[[-5.8413,34.25501],[-5.84579,34.25725],[-5.84579,34.25276],[-5.8413,34.25276],[-5.8413,34.25501]],[[-5.77392,34.24378],[-5.77168,34.24378],[-5.77168,34.24827],[-5.77392,34.24827],[-5.77392,34.24378]],[[-5.76494,34.24602],[-5.76718,34.24602],[-5.76718,34.24378],[-5.76494,34.24378],[-5.76494,34.24602]],[[-5.76494,34.24153],[-5.76269,34.24153],[-5.76269,34.24378],[-5.76494,34.24378],[-5.76494,34.24153]],[[-5.75146,34.2348],[-5.74922,34.2348],[-5.74922,34.23704],[-5.75146,34.23704],[-5.75146,34.2348]]],[[[-6.08384,34.40323],[-6.07935,34.40323],[-6.07935,34.40098],[-6.08384,34.40098],[-6.08384,34.40323]]],[[[-6.09058,34.40548],[-6.08833,34.40548],[-6.08833,34.40323],[-6.09058,34.40323],[-6.09058,34.40548]]],[[[-5.93337,34.47959],[-5.93113,34.47959],[-5.93113,34.47734],[-5.93337,34.47734],[-5.93337,34.47959]]],[[[-5.94685,34.49306],[-5.94685,34.48632],[-5.94909,34.48632],[-5.94909,34.49306],[-5.94685,34.49306]]],[[[-5.92664,34.49082],[-5.92664,34.48857],[-5.92888,34.48857],[-5.92888,34.49082],[-5.92664,34.49082]]],[[[-5.95583,34.49531],[-5.95358,34.49531],[-5.95358,34.49082],[-5.95583,34.49082],[-5.95583,34.49531]]],[[[-5.94909,34.49531],[-5.94909,34.49306],[-5.95134,34.49306],[-5.95134,34.49531],[-5.94909,34.49531]]],[[[-5.93113,34.49306],[-5.92888,34.4998],[-5.9199,34.4998],[-5.9199,34.49082],[-5.92664,34.49531],[-5.93113,34.49306]]],[[[-5.98278,34.50429],[-5.98053,34.50429],[-5.98053,34.50204],[-5.98278,34.50204],[-5.98278,34.50429]]],[[[-6.11304,34.52675],[-6.11304,34.5245],[-6.11528,34.5245],[-6.11528,34.52675],[-6.11304,34.52675]]],[[[-5.98278,34.52899],[-5.98278,34.52675],[-5.98503,34.52675],[-5.98503,34.52899],[-5.98278,34.52899]]],[[[-6.09956,34.53124],[-6.09731,34.53124],[-6.09731,34.52899],[-6.09956,34.52899],[-6.09956,34.53124]]],[[[-6.00748,34.53349],[-6.00524,34.53349],[-6.00524,34.52899],[-6.00748,34.52899],[-6.00748,34.53349]]],[[[-6.19164,34.54471],[-6.18939,34.54471],[-6.18715,34.54696],[-6.18939,34.54022],[-6.19388,34.54022],[-6.19164,34.54471]]],[[[-6.12202,34.54471],[-6.12202,34.54247],[-6.12426,34.54247],[-6.12426,34.54471],[-6.12202,34.54471]]],[[[-6.15571,34.54696],[-6.15571,34.54471],[-6.15795,34.54471],[-6.15795,34.54696],[-6.15571,34.54696]]],[[[-6.131,34.54471],[-6.13325,34.54696],[-6.12876,34.54921],[-6.12426,34.54696],[-6.12876,34.54247],[-6.131,34.54471]]],[[[-6.17816,34.5537],[-6.17592,34.5537],[-6.17592,34.55145],[-6.17816,34.55145],[-6.17816,34.5537]]],[[[-6.15346,34.55594],[-6.14672,34.55594],[-6.14672,34.5537],[-6.15346,34.5537],[-6.15346,34.55594]]],[[[-6.15795,34.5537],[-6.15795,34.55594],[-6.1602,34.55819],[-6.15571,34.55819],[-6.15795,34.5537]]],[[[-6.20062,34.56043],[-6.20062,34.55819],[-6.20287,34.55819],[-6.20287,34.56043],[-6.20062,34.56043]]],[[[-6.13998,34.56268],[-6.13774,34.56268],[-6.13774,34.56043],[-6.13998,34.56043],[-6.13998,34.56268]]],[[[-6.20511,34.56493],[-6.20287,34.56493],[-6.20287,34.56268],[-6.20511,34.56268],[-6.20511,34.56493]]],[[[-6.15795,34.56717],[-6.15571,34.56717],[-6.15571,34.56493],[-6.15795,34.56493],[-6.15795,34.56717]]],[[[-6.16469,34.57166],[-6.16244,34.57391],[-6.16244,34.56043],[-6.16693,34.55819],[-6.16918,34.56268],[-6.16469,34.56493],[-6.17367,34.56493],[-6.17592,34.55819],[-6.18265,34.55819],[-6.18265,34.56268],[-6.1849,34.55819],[-6.19164,34.56043],[-6.18715,34.56268],[-6.18939,34.56717],[-6.17816,34.56942],[-6.17592,34.57391],[-6.16918,34.57166],[-6.16918,34.56717],[-6.16469,34.56717],[-6.16469,34.57166]]],[[[-6.15121,34.56942],[-6.15121,34.56717],[-6.15346,34.56717],[-6.15346,34.56942],[-6.15121,34.56942]]],[[[-6.19164,34.57166],[-6.18715,34.57166],[-6.18715,34.56942],[-6.19164,34.56942],[-6.19164,34.57166]]],[[[-6.16244,34.5784],[-6.16469,34.57391],[-6.16918,34.57166],[-6.16918,34.5784],[-6.16244,34.5784]]],[[[-5.80087,34.19213],[-5.80087,34.18988],[-5.80312,34.18988],[-5.80312,34.19213],[-5.80087,34.19213]]],[[[-5.80985,34.19662],[-5.80761,34.19662],[-5.80761,34.18988],[-5.80985,34.18988],[-5.80985,34.19662]]],[[[-5.80536,34.19662],[-5.80761,34.20111],[-5.80312,34.20111],[-5.80312,34.19662],[-5.80536,34.19662]]],[[[-5.81435,34.20335],[-5.81435,34.19662],[-5.81659,34.19662],[-5.81659,34.20335],[-5.81435,34.20335]]],[[[-5.80761,34.20111],[-5.8121,34.19886],[-5.8121,34.2056],[-5.80761,34.2056],[-5.80761,34.20111]]],[[[-5.82333,34.2056],[-5.82557,34.2056],[-5.82782,34.20335],[-5.82782,34.20785],[-5.82333,34.2056]]],[[[-5.81659,34.2056],[-5.81884,34.2056],[-5.82108,34.20335],[-5.82108,34.20785],[-5.81659,34.2056]]],[[[-5.80087,34.20785],[-5.80087,34.2056],[-5.80536,34.2056],[-5.80536,34.20785],[-5.80087,34.20785]]],[[[-5.81884,34.21234],[-5.82108,34.20785],[-5.83007,34.21009],[-5.83007,34.21234],[-5.81884,34.21234]]],[[[-5.81435,34.21234],[-5.80985,34.21234],[-5.80985,34.21009],[-5.81435,34.21009],[-5.81435,34.21234]]],[[[-5.81435,34.21234],[-5.81659,34.21234],[-5.81659,34.21458],[-5.81435,34.21458],[-5.81435,34.21234]]],[[[-5.83456,34.21458],[-5.83231,34.21458],[-5.83231,34.21234],[-5.83456,34.21234],[-5.83456,34.21458]]],[[[-5.8121,34.21683],[-5.8121,34.21458],[-5.81435,34.21458],[-5.81435,34.21683],[-5.8121,34.21683]]],[[[-5.82782,34.21907],[-5.82782,34.21683],[-5.83007,34.21683],[-5.83007,34.21907],[-5.82782,34.21907]]],[[[-5.83456,34.21907],[-5.83456,34.21683],[-5.8368,34.21683],[-5.8368,34.21907],[-5.83456,34.21907]]],[[[-5.83456,34.21907],[-5.83456,34.22132],[-5.83007,34.22132],[-5.83007,34.21907],[-5.83456,34.21907]]],[[[-5.82557,34.22132],[-5.82333,34.22132],[-5.82333,34.21907],[-5.82557,34.21907],[-5.82557,34.22132]]],[[[-5.82557,34.22357],[-5.82557,34.22132],[-5.82782,34.22132],[-5.82782,34.22357],[-5.82557,34.22357]]],[[[-5.81659,34.22357],[-5.81659,34.22132],[-5.82108,34.22132],[-5.82108,34.22357],[-5.81659,34.22357]]],[[[-5.83905,34.22581],[-5.8368,34.22132],[-5.84354,34.21907],[-5.84354,34.22357],[-5.83905,34.22581]]],[[[-5.82108,34.22581],[-5.82108,34.22357],[-5.82557,34.22357],[-5.82557,34.22581],[-5.82108,34.22581]]],[[[-5.84579,34.22806],[-5.84579,34.22581],[-5.84803,34.22581],[-5.84803,34.22806],[-5.84579,34.22806]]],[[[-5.83231,34.23704],[-5.8368,34.23255],[-5.83231,34.22581],[-5.84579,34.22806],[-5.85028,34.23255],[-5.85028,34.23929],[-5.83231,34.23704]],[[-5.84579,34.23255],[-5.84579,34.2348],[-5.84803,34.2348],[-5.84803,34.23255],[-5.84579,34.23255]],[[-5.84354,34.23255],[-5.84354,34.2303],[-5.8413,34.2303],[-5.8413,34.23255],[-5.84354,34.23255]]],[[[-5.85028,34.24153],[-5.85028,34.23929],[-5.85477,34.23929],[-5.85477,34.24153],[-5.85028,34.24153]]],[[[-5.83456,34.24378],[-5.8368,34.23929],[-5.84354,34.24153],[-5.84354,34.24378],[-5.83456,34.24378]]],[[[-5.80087,34.24378],[-5.79413,34.24378],[-5.79413,34.24153],[-5.80087,34.24153],[-5.80087,34.24378]]],[[[-5.83456,34.24827],[-5.83007,34.24827],[-5.83007,34.24602],[-5.83456,34.24602],[-5.83456,34.24827]]],[[[-5.84803,34.24827],[-5.85252,34.24602],[-5.85252,34.25052],[-5.84803,34.25052],[-5.84803,34.24827]]],[[[-5.80536,34.24827],[-5.80761,34.24602],[-5.80761,34.25052],[-5.80312,34.25052],[-5.80536,34.24827]]],[[[-5.87049,34.25276],[-5.87274,34.25052],[-5.87274,34.25501],[-5.86824,34.25501],[-5.87049,34.25276]]],[[[-5.80312,34.25725],[-5.79863,34.25501],[-5.79863,34.25276],[-5.80536,34.25276],[-5.80312,34.25725]]],[[[-5.87947,34.2595],[-5.87723,34.2595],[-5.87723,34.25725],[-5.87947,34.25725],[-5.87947,34.2595]]],[[[-5.8413,34.26848],[-5.83905,34.26848],[-5.83905,34.26624],[-5.8413,34.26624],[-5.8413,34.26848]]],[[[-5.80312,34.26848],[-5.80312,34.26624],[-5.80536,34.26624],[-5.80536,34.26848],[-5.80312,34.26848]]],[[[-5.79863,34.27073],[-5.79863,34.26848],[-5.80087,34.26848],[-5.80087,34.27073],[-5.79863,34.27073]]],[[[-5.83905,34.27297],[-5.8368,34.27297],[-5.8368,34.27073],[-5.83905,34.27073],[-5.83905,34.27297]]],[[[-5.90418,34.27522],[-5.90193,34.27522],[-5.90193,34.27297],[-5.90418,34.27297],[-5.90418,34.27522]]],[[[-5.8413,34.27747],[-5.83905,34.27747],[-5.83905,34.27522],[-5.8413,34.27522],[-5.8413,34.27747]]],[[[-5.81659,34.27971],[-5.81659,34.27522],[-5.81884,34.27522],[-5.81884,34.27971],[-5.81659,34.27971]]],[[[-5.90867,34.27971],[-5.90867,34.27747],[-5.91316,34.27747],[-5.91316,34.27971],[-5.90867,34.27971]]],[[[-5.80761,34.28869],[-5.80536,34.28869],[-5.80536,34.28645],[-5.80761,34.28645],[-5.80761,34.28869]]],[[[-5.82108,34.28645],[-5.82108,34.29768],[-5.81659,34.29768],[-5.81659,34.2842],[-5.82108,34.28645]]],[[[-5.81659,34.33361],[-5.81659,34.33136],[-5.81884,34.33136],[-5.81884,34.33361],[-5.81659,34.33361]]],[[[-5.80312,34.3381],[-5.80087,34.3381],[-5.80087,34.33586],[-5.80312,34.33586],[-5.80312,34.3381]]],[[[-5.80761,34.3381],[-5.8121,34.34035],[-5.80761,34.34708],[-5.79863,34.34484],[-5.80312,34.3381],[-5.80761,34.3381]]],[[[-5.85926,34.34484],[-5.85926,34.34259],[-5.86375,34.34259],[-5.86375,34.34484],[-5.85926,34.34484]]],[[[-5.80761,34.35158],[-5.80536,34.35158],[-5.80536,34.34933],[-5.80761,34.34933],[-5.80761,34.35158]]],[[[-5.81435,34.35607],[-5.8121,34.35607],[-5.8121,34.35382],[-5.81435,34.35382],[-5.81435,34.35607]]],[[[-5.84579,34.39649],[-5.84354,34.39649],[-5.84354,34.39425],[-5.84579,34.39425],[-5.84579,34.39649]]],[[[-5.83231,34.4212],[-5.83231,34.41895],[-5.83456,34.41895],[-5.83456,34.4212],[-5.83231,34.4212]]],[[[-5.8413,34.45713],[-5.8413,34.45488],[-5.84354,34.45488],[-5.84354,34.45713],[-5.8413,34.45713]]],[[[-5.89295,34.46162],[-5.8907,34.46162],[-5.8907,34.45937],[-5.89295,34.45937],[-5.89295,34.46162]]],[[[-5.91541,34.46387],[-5.90867,34.46387],[-5.90867,34.45937],[-5.91541,34.45937],[-5.91541,34.46387]]],[[[-5.92214,34.47959],[-5.91765,34.47959],[-5.91765,34.47734],[-5.92214,34.47734],[-5.92214,34.47959]]],[[[-5.89519,34.48632],[-5.89519,34.48183],[-5.89744,34.48183],[-5.89744,34.48632],[-5.89519,34.48632]]],[[[-5.92214,34.49082],[-5.92214,34.48857],[-5.92439,34.48857],[-5.92439,34.49082],[-5.92214,34.49082]]],[[[-5.90867,34.49082],[-5.90418,34.49082],[-5.90418,34.48857],[-5.90867,34.48857],[-5.90867,34.49082]]],[[[-5.57629,34.11801],[-5.57405,34.11801],[-5.57405,34.11577],[-5.57629,34.11577],[-5.57629,34.11801]]],[[[-5.58977,34.12026],[-5.58752,34.12475],[-5.58303,34.12475],[-5.58303,34.11801],[-5.58977,34.12026]]],[[[-5.5965,34.12251],[-5.5965,34.12026],[-5.59875,34.12026],[-5.59875,34.12251],[-5.5965,34.12251]]],[[[-5.4932,34.16293],[-5.4932,34.16068],[-5.49544,34.16068],[-5.49544,34.16293],[-5.4932,34.16293]]],[[[-5.66388,34.19437],[-5.66163,34.19437],[-5.66163,34.18988],[-5.66388,34.18988],[-5.66388,34.19437]]],[[[-5.48646,34.20111],[-5.48646,34.19886],[-5.48871,34.19886],[-5.48871,34.20111],[-5.48646,34.20111]]],[[[-5.48197,34.20785],[-5.48197,34.20335],[-5.48421,34.20335],[-5.48421,34.20785],[-5.48197,34.20785]]],[[[-5.48197,34.21009],[-5.47972,34.21009],[-5.47972,34.20785],[-5.48197,34.20785],[-5.48197,34.21009]]],[[[-5.63019,34.21009],[-5.63019,34.20785],[-5.63244,34.20785],[-5.63244,34.21009],[-5.63019,34.21009]]],[[[-5.74922,34.21009],[-5.74922,34.20785],[-5.75596,34.20785],[-5.75596,34.21009],[-5.74922,34.21009]]],[[[-5.76045,34.21234],[-5.7582,34.21234],[-5.7582,34.21009],[-5.76045,34.21009],[-5.76045,34.21234]]],[[[-5.74248,34.21009],[-5.74922,34.21009],[-5.74922,34.21234],[-5.74248,34.21458],[-5.74248,34.21009]]],[[[-5.77168,34.21683],[-5.76943,34.21683],[-5.76943,34.21458],[-5.77168,34.21458],[-5.77168,34.21683]]],[[[-5.71329,34.21907],[-5.71329,34.21683],[-5.71553,34.21683],[-5.71553,34.21907],[-5.71329,34.21907]]],[[[-5.77392,34.22132],[-5.77392,34.21907],[-5.77617,34.21907],[-5.77617,34.22132],[-5.77392,34.22132]]],[[[-5.71778,34.22581],[-5.71553,34.22581],[-5.71553,34.22357],[-5.71778,34.22357],[-5.71778,34.22581]]],[[[-5.72676,34.22581],[-5.72451,34.22581],[-5.72451,34.22357],[-5.72676,34.22357],[-5.72676,34.22581]]],[[[-5.75146,34.22581],[-5.75146,34.22357],[-5.75596,34.22357],[-5.75596,34.22581],[-5.75146,34.22581]]],[[[-5.74922,34.22806],[-5.74922,34.22581],[-5.75146,34.22581],[-5.75146,34.22806],[-5.74922,34.22806]]],[[[-5.72227,34.22806],[-5.72227,34.22581],[-5.72451,34.22581],[-5.72451,34.22806],[-5.72227,34.22806]]],[[[-5.78066,34.23255],[-5.77841,34.23255],[-5.77841,34.2303],[-5.78066,34.2303],[-5.78066,34.23255]]],[[[-5.77617,34.23255],[-5.77392,34.23255],[-5.77392,34.2303],[-5.77617,34.2303],[-5.77617,34.23255]]],[[[-5.71778,34.23255],[-5.71553,34.23255],[-5.71553,34.2303],[-5.71778,34.2303],[-5.71778,34.23255]]],[[[-5.70655,34.23255],[-5.70655,34.2303],[-5.70879,34.2303],[-5.70879,34.23255],[-5.70655,34.23255]]],[[[-5.7335,34.2303],[-5.73125,34.2348],[-5.72901,34.2348],[-5.72901,34.2303],[-5.7335,34.2303]]],[[[-5.79413,34.2348],[-5.79189,34.2348],[-5.79189,34.23255],[-5.79413,34.23255],[-5.79413,34.2348]]],[[[-5.78515,34.2348],[-5.78515,34.23255],[-5.7874,34.23255],[-5.7874,34.2348],[-5.78515,34.2348]]],[[[-5.77392,34.23704],[-5.77392,34.2348],[-5.77617,34.2348],[-5.77617,34.23704],[-5.77392,34.23704]]],[[[-5.71778,34.23929],[-5.71329,34.23929],[-5.71329,34.23704],[-5.71778,34.23704],[-5.71778,34.23929]]],[[[-5.78066,34.23929],[-5.78066,34.23704],[-5.7829,34.23704],[-5.7829,34.23929],[-5.78066,34.23929]]],[[[-5.7043,34.23929],[-5.70879,34.23255],[-5.71329,34.23255],[-5.70879,34.23929],[-5.71104,34.24378],[-5.69532,34.24153],[-5.7043,34.23929]]],[[[-5.79413,34.24153],[-5.79189,34.24153],[-5.79189,34.23929],[-5.79413,34.23929],[-5.79413,34.24153]]],[[[-5.78964,34.24378],[-5.7874,34.24378],[-5.7874,34.24153],[-5.78964,34.24153],[-5.78964,34.24378]]],[[[-5.7829,34.24602],[-5.78066,34.24602],[-5.78066,34.24378],[-5.7829,34.24378],[-5.7829,34.24602]]],[[[-5.7874,34.24827],[-5.7874,34.24602],[-5.78964,34.24602],[-5.78964,34.24827],[-5.7874,34.24827]]],[[[-5.69083,34.24153],[-5.69083,34.25052],[-5.68409,34.25276],[-5.68409,34.24153],[-5.69083,34.24153]]],[[[-5.74023,34.25276],[-5.74473,34.2595],[-5.73799,34.2595],[-5.73799,34.26399],[-5.72901,34.26174],[-5.72901,34.25501],[-5.71778,34.25501],[-5.72002,34.24827],[-5.72901,34.24602],[-5.72676,34.24153],[-5.72002,34.24153],[-5.71778,34.2348],[-5.72451,34.23255],[-5.72451,34.23704],[-5.7335,34.23704],[-5.74023,34.25276]],[[-5.72901,34.25052],[-5.73574,34.25052],[-5.73574,34.24827],[-5.72901,34.24602],[-5.72901,34.25052]],[[-5.72227,34.23704],[-5.72227,34.23929],[-5.72451,34.23929],[-5.72451,34.23704],[-5.72227,34.23704]],[[-5.7335,34.25501],[-5.7335,34.25725],[-5.74023,34.25725],[-5.74023,34.25501],[-5.7335,34.25501]],[[-5.7335,34.25276],[-5.73125,34.25276],[-5.73125,34.25501],[-5.7335,34.25501],[-5.7335,34.25276]]],[[[-5.71329,34.25052],[-5.71329,34.24827],[-5.71553,34.24827],[-5.71553,34.25052],[-5.71329,34.25052]]],[[[-5.69083,34.25501],[-5.69083,34.25052],[-5.69532,34.25052],[-5.69307,34.24602],[-5.69756,34.24602],[-5.69756,34.25501],[-5.70206,34.25725],[-5.69981,34.26174],[-5.69307,34.26174],[-5.69532,34.25501],[-5.69083,34.25501]]],[[[-5.78964,34.25725],[-5.7874,34.25725],[-5.7874,34.25501],[-5.78964,34.25501],[-5.78964,34.25725]]],[[[-5.71329,34.25725],[-5.71329,34.25501],[-5.71778,34.25501],[-5.71778,34.25725],[-5.71329,34.25725]]],[[[-5.74473,34.26399],[-5.74473,34.26174],[-5.74697,34.26174],[-5.74697,34.26624],[-5.74248,34.26624],[-5.74473,34.26399]]],[[[-5.70655,34.26848],[-5.69981,34.26848],[-5.70206,34.2595],[-5.70655,34.26174],[-5.70655,34.26848]]],[[[-5.74248,34.26848],[-5.73799,34.26848],[-5.73799,34.26624],[-5.74248,34.26624],[-5.74248,34.26848]]],[[[-5.71329,34.27073],[-5.70655,34.27073],[-5.70655,34.26848],[-5.71329,34.26848],[-5.71329,34.27073]]],[[[-5.72901,34.27297],[-5.72901,34.27073],[-5.73125,34.27073],[-5.73125,34.27297],[-5.72901,34.27297]]],[[[-5.70655,34.27522],[-5.70655,34.27297],[-5.71329,34.27297],[-5.71329,34.27522],[-5.70655,34.27522]]],[[[-5.71778,34.28196],[-5.71329,34.28196],[-5.71553,34.27522],[-5.72002,34.27522],[-5.71778,34.28196]]],[[[-5.7582,34.29094],[-5.7582,34.28869],[-5.76045,34.28869],[-5.76045,34.29094],[-5.7582,34.29094]]],[[[-5.72451,34.28645],[-5.7335,34.2842],[-5.7335,34.29094],[-5.73799,34.29094],[-5.7335,34.29319],[-5.73574,34.29768],[-5.72901,34.29768],[-5.73125,34.28645],[-5.72227,34.28869],[-5.72451,34.28645]]],[[[-5.74473,34.30441],[-5.74248,34.30441],[-5.74473,34.29543],[-5.74023,34.29094],[-5.7582,34.29094],[-5.75596,34.29543],[-5.76494,34.29543],[-5.77168,34.30217],[-5.77392,34.31115],[-5.76494,34.31115],[-5.76494,34.30441],[-5.74922,34.30441],[-5.74922,34.29992],[-5.74473,34.30441]]],[[[-5.77617,34.30666],[-5.77617,34.30441],[-5.77841,34.30441],[-5.77841,34.30666],[-5.77617,34.30666]]],[[[-5.78066,34.31564],[-5.78066,34.31115],[-5.78515,34.31115],[-5.78515,34.31564],[-5.78066,34.31564]]]]}}]}