{"type": "FeatureCollection", "features": [{"type": "Feature", "properties": {"id": 3, "risk_code": "high", "risk_class": 3, "name": "Zone inondable - Risque élevé (Sen1Floods11 - Deep Learning)", "area_km2": 35.0, "source": "Sentinel-1 SAR (Copernicus/ESA) via Google Earth Engine", "model": "FCN-ResNet50 - Sen1Floods11 (Bonafilia et al. 2020, CVPR EarthVision, val IoU=0.542)", "factors": "frequence_inondation_11_saisons_2015-2026", "n_seasons": 11, "note": "Frequence d'inondation detectee sur 11 evenements pluvieux (saisons humides 2015-2026), resolution native 10m, buffer 3km autour du reseau hydrographique, eau permanente JRC exclue, decoupe sur limite officielle RSK"}, "geometry": {"type": "MultiPolygon", "coordinates": [[[[-6.986557290711166, 33.585044032791316], [-6.977574137869971, 33.58252874999578], [-6.980808072892801, 33.57920498344454], [-6.977484306341559, 33.57920498344454], [-6.976675822585851, 33.57579138536489], [-6.970836773239075, 33.574982901609175], [-6.969758794898131, 33.57327610256935], [-6.973352056034609, 33.57085065130223], [-6.973262224506197, 33.56635907488163], [-6.974609697432377, 33.56716755863734], [-6.974969023546024, 33.566628569466864], [-6.970836773239075, 33.56078952012009], [-6.9649977238922975, 33.55746575356885], [-6.9649977238922975, 33.55522660176254], [-6.966194779999853, 33.556858951000095], [-6.968554443999892, 33.558628698000234], [-6.969548034829556, 33.55912549355539], [-6.974495743051886, 33.56336489153224], [-6.975043517999893, 33.565117773000225], [-6.976075870999864, 33.56659256300003], [-6.979467887999931, 33.56821483200008], [-6.980500240999845, 33.56850979000012], [-6.977536943356129, 33.57052059900019], [-6.976387723999835, 33.57052059900019], [-6.974087722999855, 33.57142059900019], [-6.973928436999927, 33.571802886000114], [-6.972536375999937, 33.57234424300009], [-6.972241417999953, 33.574113991000104], [-6.974306123999895, 33.574851385000045], [-6.97686706948431, 33.57399773705667], [-6.977687723999907, 33.57397711200008], [-6.977687723999907, 33.57422059900023], [-6.977587723999932, 33.576520599000105], [-6.977818480347188, 33.576655206869276], [-6.977845618999936, 33.57721104900003], [-6.97843553499996, 33.577800965000165], [-6.978774152762174, 33.577823539517624], [-6.984227283999928, 33.58142059900018], [-6.983987723999917, 33.58142059900018], [-6.981787722999854, 33.581320599000094], [-6.980587722999871, 33.58192059900017], [-6.980587722999871, 33.58242059899999], [-6.981387722999898, 33.58292059900015], [-6.982087723999939, 33.58342059900008], [-6.983387723999897, 33.58382059899998], [-6.985887722999905, 33.584020598999984], [-6.985921057094699, 33.584020598999984], [-6.987587723999866, 33.58452059900014], [-6.987587723999866, 33.58552059900012], [-6.987587723999866, 33.58632059900009], [-6.987587723999866, 33.58752059900007], [-6.987487722999958, 33.58822059900024], [-6.987187723999909, 33.589120599000125], [-6.986687722999932, 33.58992059900004], [-6.987087722999888, 33.59002059900013], [-6.987592384999914, 33.59030897700018], [-6.988021667999931, 33.59181146800006], [-6.991767519359059, 33.591242408251745], [-6.991892837674278, 33.5930791920669], [-6.990823768999917, 33.5953509630001], [-6.992003600999851, 33.596383316000185], [-6.9921871419497235, 33.59739279402462], [-6.992381999999907, 33.60024881800007], [-6.991187722999939, 33.600920599000176], [-6.990087723999864, 33.60152059900008], [-6.989487723999957, 33.602320599000166], [-6.989497376142144, 33.602368860645434], [-6.988611583999955, 33.603019870000196], [-6.991856121999831, 33.609066508000126], [-6.992888473999869, 33.61009886000011], [-6.993773347999934, 33.60995138100003], [-6.994845677999933, 33.60932059900006], [-6.995387723999897, 33.60932059900006], [-6.998263130999874, 33.60878145999999], [-7.000852338999948, 33.61334339799993], [-7.002262864999864, 33.61414941300012], [-7.002298098999859, 33.61420981499998], [-7.003949396999872, 33.61481818800013], [-7.003654439999934, 33.62676398399998], [-7.002179649999903, 33.62956608500008], [-6.998684547046779, 33.630768280753], [-6.995899769666009, 33.62995979699729], [-7.001379492899138, 33.629600470883645], [-7.002457471240081, 33.61666473079232], [-6.997516737177424, 33.61001719768984], [-6.994192970626182, 33.61163416520125], [-6.99086920407494, 33.61001719768984], [-6.987455605995286, 33.60417814834306], [-6.99086920407494, 33.5999560665077], [-6.9905098779612915, 33.59250004964951], [-6.987455605995286, 33.593308533405214], [-6.985479312370223, 33.59088308213809], [-6.986557290711166, 33.585044032791316]], [[-6.973980876733493, 33.569772672961285], [-6.974969023546024, 33.57004216754652], [-6.974969023546024, 33.56941334684764], [-6.974609697432377, 33.56941334684764], [-6.973980876733493, 33.569772672961285]], [[-6.976047001886967, 33.56887435767717], [-6.97568767577332, 33.56887435767717], [-6.97568767577332, 33.5691438522624], [-6.976047001886967, 33.5691438522624], [-6.976047001886967, 33.56887435767717]], [[-6.977124980227911, 33.56887435767717], [-6.977484306341559, 33.5691438522624], [-6.977484306341559, 33.568335368506695], [-6.977124980227911, 33.568335368506695], [-6.977124980227911, 33.56887435767717]], [[-7.003355786524201, 33.620976644156094], [-7.002996460410554, 33.62133597026975], [-7.003086291938965, 33.62259361166751], [-7.003355786524201, 33.62259361166751], [-7.003355786524201, 33.620976644156094]]], [[[-6.974519865903964, 33.60777140947954], [-6.97847245315409, 33.61091551297396], [-6.985119986256575, 33.60211202318959], [-6.986197964597518, 33.61001719768984], [-6.984131839444044, 33.611274839087606], [-6.982425040404216, 33.607951072536366], [-6.979819926080269, 33.61352062729791], [-6.9834131872167475, 33.619090182059445], [-6.981796219705332, 33.62061731804245], [-6.981257230534861, 33.61819186677533], [-6.9754181811880835, 33.612622312013784], [-6.974519865903964, 33.60777140947954]]], [[[-6.9942828021545935, 33.614329111053614], [-6.9947319597966535, 33.619359676644684], [-6.99778623176266, 33.61666473079232], [-6.999223536217252, 33.62421057917893], [-6.996259095779656, 33.62501906293463], [-6.990779372546528, 33.62232411708228], [-6.989072573506701, 33.61594607856503], [-6.992396340057943, 33.618910519002625], [-6.9942828021545935, 33.614329111053614]], [[-6.996259095779656, 33.62142580179816], [-6.9956302750807735, 33.621246138741334], [-6.99545061202395, 33.62187495944022], [-6.996708253421716, 33.62178512791181], [-6.996259095779656, 33.62142580179816]]], [[[-6.992486171586354, 33.65574144565152], [-6.988713247393052, 33.654124478140105], [-6.99545061202395, 33.654124478140105], [-6.993923476040946, 33.660592348185766], [-6.996259095779656, 33.659334706788], [-6.995360780495537, 33.66167032652671], [-7.001199829842315, 33.66741954434508], [-7.00236763971167, 33.67101280548155], [-7.000840503728666, 33.67065347936791], [-6.996438758836481, 33.66409577779383], [-6.993025160756827, 33.66238897875401], [-6.990779372546528, 33.664185609322246], [-6.98538948084181, 33.65619060329358], [-6.983952176387219, 33.650351553946805], [-6.984940323199751, 33.64756677656604], [-6.984940323199751, 33.65008205936157], [-6.987814932108933, 33.650800711588865], [-6.985748806955458, 33.65421430966852], [-6.992396340057943, 33.66220931569718], [-6.9905098779612915, 33.65663976093564], [-6.992486171586354, 33.65574144565152]]], [[[-6.993114992285238, 33.669934827140615], [-6.989252236563525, 33.671821289237265], [-6.993025160756827, 33.674156908975974], [-6.990240383376056, 33.677031517885155], [-6.995270948967125, 33.67640269718627], [-6.995091285910301, 33.6781094962261], [-6.992845497700003, 33.67721118094198], [-6.993294655342062, 33.68116376819211], [-6.996079432722833, 33.678019664697686], [-6.996259095779656, 33.67271960452138], [-6.997876063291072, 33.68098410513528], [-6.9956302750807735, 33.68305023028876], [-6.998594715518368, 33.68170275736258], [-6.998325220933132, 33.67784000164087], [-6.998774378575192, 33.67981629526593], [-7.002008313598022, 33.678917979981804], [-7.000750672200255, 33.68080444207846], [-7.001738819012786, 33.681343431248926], [-7.0060507323765595, 33.67954680068069], [-7.007128710717503, 33.675594213430564], [-7.007488036831151, 33.67936713762386], [-7.010003319626685, 33.67999595832275], [-7.003265954995789, 33.68179258889099], [-7.0031761234673775, 33.68547568155588], [-7.005871069319736, 33.68430787168652], [-7.008655846700506, 33.688529953521886], [-7.009194835870978, 33.68475702932859], [-7.011710118666513, 33.68457736627176], [-7.012428770893808, 33.68781130129459], [-7.016561021200758, 33.68242140958987], [-7.018896640939468, 33.684936692385406], [-7.014944053689343, 33.68772146976618], [-7.017998325655349, 33.68844012199347], [-7.013686412291576, 33.690685910203776], [-7.015572874388226, 33.692302877715186], [-7.020513608450884, 33.69077574173218], [-7.018357651768997, 33.69553681273802], [-7.015662705916639, 33.69697411719261], [-7.0140457384052235, 33.69418933981184], [-7.015662705916639, 33.69293169841407], [-7.011440624081277, 33.69149439395948], [-7.015932200501874, 33.698231758590374], [-7.0169203473144055, 33.70586743850539], [-7.012877928535868, 33.697782600948315], [-7.010901634910805, 33.69607580190849], [-7.008925341285742, 33.696614791078964], [-7.009913488098274, 33.699219905402906], [-7.007308373774327, 33.70110636749956], [-7.0144948960472835, 33.7111674986817], [-7.010542308797158, 33.70847255282934], [-7.011081297967629, 33.71556924357388], [-7.007398205302739, 33.710898004096464], [-7.006230395433383, 33.71673705344324], [-7.000750672200255, 33.70982002575552], [-6.998864210103603, 33.709191205056634], [-6.999582862330899, 33.710628509511224], [-6.999043873160427, 33.71134716173852], [-6.996528590364893, 33.70928103658505], [-6.997876063291072, 33.70775390060204], [-6.99688791647854, 33.70631659614745], [-6.995809938137597, 33.70865221588616], [-6.995720106609185, 33.70460979710762], [-6.987994595165757, 33.70460979710762], [-6.989551763786729, 33.69528045081102], [-6.987994595165757, 33.66948566949855], [-6.993114992285238, 33.669934827140615]], [[-6.988892910449877, 33.677301012470394], [-6.988892910449877, 33.67757050705563], [-6.989611562677172, 33.67766033858404], [-6.98952173114876, 33.6773908439988], [-6.988892910449877, 33.677301012470394]], [[-6.990150551847644, 33.681612925834166], [-6.989611562677172, 33.681612925834166], [-6.989611562677172, 33.68233157806146], [-6.990150551847644, 33.68233157806146], [-6.990150551847644, 33.681612925834166]], [[-6.990150551847644, 33.68960793186283], [-6.990779372546528, 33.689697763391244], [-6.990779372546528, 33.68870961657871], [-6.98997088879082, 33.68835029046506], [-6.990150551847644, 33.68960793186283]], [[-6.990779372546528, 33.678738316924985], [-6.9918573508874715, 33.67864848539657], [-6.991767519359059, 33.67775017011245], [-6.990150551847644, 33.67792983316927], [-6.990779372546528, 33.678738316924985]], [[-6.993025160756827, 33.69005708950489], [-6.992755666171591, 33.68879944810712], [-6.9909590356033515, 33.68879944810712], [-6.993564149927298, 33.690416415618536], [-6.993025160756827, 33.69005708950489]], [[-6.9914081932454115, 33.69454866592549], [-6.991138698660175, 33.69454866592549], [-6.991048867131764, 33.69526731815278], [-6.9914081932454115, 33.695177486624374], [-6.9914081932454115, 33.69454866592549]], [[-6.991767519359059, 33.689877426448064], [-6.991677687830648, 33.689877426448064], [-6.991677687830648, 33.68996725797648], [-6.991767519359059, 33.68996725797648], [-6.991767519359059, 33.689877426448064]], [[-6.992935329228414, 33.695177486624374], [-6.992845497700003, 33.69454866592549], [-6.992306508529531, 33.69472832898231], [-6.992486171586354, 33.69499782356755], [-6.992935329228414, 33.695177486624374]], [[-6.993204823813651, 33.68996725797648], [-6.993743812984122, 33.69023675256172], [-6.994372633683006, 33.68906894269236], [-6.993564149927298, 33.688979111163945], [-6.993204823813651, 33.68996725797648]], [[-7.002098145126434, 33.68835029046506], [-6.996169264251245, 33.68906894269236], [-6.999672693859311, 33.69032658409012], [-7.000660840671842, 33.68933843727759], [-7.002098145126434, 33.68835029046506]], [[-7.00146932442755, 33.68197225194781], [-7.00146932442755, 33.681612925834166], [-7.000481177615018, 33.681612925834166], [-7.000840503728666, 33.68233157806146], [-7.00146932442755, 33.68197225194781]], [[-7.010991466439217, 33.69194355160154], [-7.004613427921968, 33.691135067845835], [-7.0069490476606795, 33.69454866592549], [-7.007847362944799, 33.69383001369819], [-7.010991466439217, 33.69194355160154]], [[-7.005511743206088, 33.71386244453406], [-7.006679553075443, 33.71440143370453], [-7.006230395433383, 33.71323362383517], [-7.006230395433383, 33.711616656323756], [-7.005691406262912, 33.71071834103964], [-7.005511743206088, 33.71386244453406]], [[-7.007398205302739, 33.70928103658505], [-7.007667699887975, 33.70928103658505], [-7.007667699887975, 33.709011541999814], [-7.007398205302739, 33.709011541999814], [-7.007398205302739, 33.70928103658505]], [[-7.011171129496041, 33.68646382836841], [-7.0107219718539815, 33.68637399684], [-7.010542308797158, 33.6886197850503], [-7.011440624081277, 33.688260458936654], [-7.011171129496041, 33.68646382836841]]], [[[-7.057793692741844, 33.79345317870705], [-7.055817399116781, 33.79659728220147], [-7.050337675883652, 33.79372267329228], [-7.048271550730177, 33.79659728220147], [-7.025450095795345, 33.79659728220147], [-7.025547184785349, 33.7941786853448], [-7.017155698133695, 33.787725605206326], [-7.010991466439217, 33.78010885882732], [-7.010991466439217, 33.76614439406981], [-7.008566015172094, 33.76398843738792], [-7.002098145126434, 33.73838645179052], [-7.002008313598022, 33.73587116899498], [-7.007128710717503, 33.73209824480168], [-7.004793090978792, 33.731379592574385], [-7.004793090978792, 33.727606668381085], [-7.001289661370726, 33.72859481519362], [-6.998774378575192, 33.727606668381085], [-6.995899769666009, 33.710448846454405], [-7.005781237791323, 33.723025260432074], [-7.007577868359562, 33.72050997763654], [-7.008027026001622, 33.72293542890366], [-7.012698265479044, 33.72338458654572], [-7.012428770893808, 33.71979132540925], [-7.016830515785994, 33.72185745056272], [-7.0173695049564655, 33.717994694841], [-7.018177988712173, 33.72149812444907], [-7.020962766092944, 33.719252336238775], [-7.0253645109851295, 33.739284767074636], [-7.025005184871482, 33.741979712927], [-7.02266956513277, 33.74099156611447], [-7.022310239019123, 33.74171021834176], [-7.026622152382897, 33.743147522796356], [-7.0249153533430695, 33.74602213170554], [-7.028867940593195, 33.745483142535065], [-7.027789962252252, 33.75015438201248], [-7.032101875616026, 33.75320865397849], [-7.031652717973966, 33.75446629537626], [-7.028867940593195, 33.75518494760355], [-7.029676424348903, 33.75293915939326], [-7.0249153533430695, 33.751951012580726], [-7.028059456837488, 33.75410696926261], [-7.0258136686271895, 33.755993431359265], [-7.031293391860318, 33.758868040268446], [-7.028957772121608, 33.76255113293333], [-7.033000190900145, 33.76326978516063], [-7.031473054917142, 33.76542574184252], [-7.035605305224092, 33.765785067956166], [-7.031383223388731, 33.76641388865505], [-7.034706989939973, 33.768569845336934], [-7.031562886445554, 33.77153428577453], [-7.03461715841156, 33.77342074787118], [-7.031293391860318, 33.77782249276336], [-7.03461715841156, 33.77611569372354], [-7.038659577190098, 33.76785119310964], [-7.03461715841156, 33.76039517625145], [-7.036413788979799, 33.757430735813855], [-7.034347663826325, 33.75509511607514], [-7.034437495354736, 33.74251870209747], [-7.032191707144437, 33.73964409318829], [-7.031562886445554, 33.74440516419412], [-7.027071310024956, 33.742608533625884], [-7.030844234218258, 33.7382067887337], [-7.024735690286246, 33.717545537198944], [-7.020154282337236, 33.71503025440341], [-7.023208554303243, 33.71368278147723], [-7.02033394539406, 33.70766406907363], [-7.020872934564531, 33.70083687291432], [-7.026622152382897, 33.69329102452772], [-7.02401703805895, 33.687541806709355], [-7.0258136686271895, 33.686104502254764], [-7.02311872277483, 33.68592483919794], [-7.025274679456717, 33.68403837710129], [-7.02266956513277, 33.68331972487399], [-7.025095016399893, 33.68287056723193], [-7.026083163212425, 33.685835007669525], [-7.027520467667016, 33.68331972487399], [-7.019166135524705, 33.68116376819211], [-7.015033885217755, 33.67334842522027], [-7.014135569933635, 33.678917979981804], [-7.012518602422221, 33.67316876216344], [-7.009554161984626, 33.67262977299297], [-7.011350792552864, 33.67119246853838], [-7.010182982683509, 33.660592348185766], [-7.007398205302739, 33.65574144565152], [-7.011440624081277, 33.65502279342423], [-7.005332080149264, 33.65322616285599], [-7.001559155955962, 33.64397351542956], [-6.997606568705836, 33.64109890652038], [-6.991228530188588, 33.643434526259085], [-6.997606568705836, 33.64038025429308], [-6.997426905649013, 33.637954803025956], [-7.002457471240081, 33.6428057055602], [-6.998415052461547, 33.631469336254625], [-7.003359481999951, 33.64121692399999], [-7.00542418699996, 33.65168793100008], [-7.013683009999852, 33.65478499000011], [-7.01501032099992, 33.67130263500013], [-7.018992252999851, 33.67882406199993], [-7.029168301999903, 33.682953474000044], [-7.026218722999943, 33.68885263300024], [-7.027988469999912, 33.69253960700013], [-7.021646873999941, 33.70286313500009], [-7.02659412213246, 33.7203434109151], [-7.027103595999961, 33.72233036000006], [-7.028430906999915, 33.72763960300017], [-7.030495612999857, 33.73412867799999], [-7.032560317999923, 33.737373215000105], [-7.032876621999947, 33.73781412300019], [-7.03289823699987, 33.73784425299999], [-7.037427124999908, 33.74415724800019], [-7.038459476999947, 33.752563550000104], [-7.038787723999917, 33.7588205990001], [-7.038987723999867, 33.760420598999985], [-7.039786787999901, 33.76288707800023], [-7.041150219985086, 33.76545032976252], [-7.041444354570869, 33.76713254088234], [-7.0442291319516395, 33.771713948831355], [-7.045846099463055, 33.77108512813247], [-7.044408795008463, 33.76978042531082], [-7.050700231999883, 33.76952363200007], [-7.052469979999955, 33.775422790999926], [-7.062498549999873, 33.782944218000125], [-7.0621954376340295, 33.78464968892268], [-7.060578470122614, 33.78662598254774], [-7.06084796470785, 33.78330221599649], [-7.0508766650541235, 33.7758461991383], [-7.049978349770004, 33.77081563354724], [-7.048720708372237, 33.772702095643886], [-7.046295257105114, 33.77135462271771], [-7.044588458065287, 33.77467838926895], [-7.046654583218762, 33.77351057939959], [-7.056356388287253, 33.78518867809315], [-7.050158012826828, 33.784829351979496], [-7.043600311252756, 33.789141265343275], [-7.058153018855492, 33.78779379241709], [-7.057793692741844, 33.79345317870705]], [[-6.999672693859311, 33.7232049234889], [-6.999672693859311, 33.723833744187786], [-6.999942188444547, 33.723833744187786], [-6.999942188444547, 33.7232049234889], [-6.999672693859311, 33.7232049234889]], [[-7.000301514558195, 33.72670835309697], [-7.001559155955962, 33.727606668381085], [-7.001559155955962, 33.72652869004014], [-7.000840503728666, 33.72563037475602], [-7.000301514558195, 33.72670835309697]], [[-7.00236763971167, 33.720689640693365], [-7.00236763971167, 33.7209591352786], [-7.0027269658253175, 33.7209591352786], [-7.0027269658253175, 33.720689640693365], [-7.00236763971167, 33.720689640693365]], [[-7.003894775694673, 33.72554054322761], [-7.003984607223085, 33.72625919545491], [-7.004523596393557, 33.725899869341255], [-7.004433764865144, 33.72527104864238], [-7.003894775694673, 33.72554054322761]], [[-7.005781237791323, 33.73515251676769], [-7.005781237791323, 33.73488302218245], [-7.004793090978792, 33.73470335912563], [-7.004972754035617, 33.73506268523928], [-7.005781237791323, 33.73515251676769]], [[-7.005332080149264, 33.733535549256274], [-7.005511743206088, 33.73461352759722], [-7.006410058490207, 33.734523696068806], [-7.0060507323765595, 33.733535549256274], [-7.005332080149264, 33.733535549256274]], [[-7.00973382504145, 33.730750771875506], [-7.00973382504145, 33.73102026646074], [-7.010003319626685, 33.73102026646074], [-7.010003319626685, 33.730750771875506], [-7.00973382504145, 33.730750771875506]], [[-7.010542308797158, 33.65744824469135], [-7.013327086177927, 33.6698449956122], [-7.013327086177927, 33.660861842771006], [-7.012159276308572, 33.65996352748689], [-7.010542308797158, 33.65744824469135]], [[-7.011979613251748, 33.72643885851173], [-7.011979613251748, 33.72679818462538], [-7.012249107836984, 33.72679818462538], [-7.012338939365396, 33.72643885851173], [-7.011979613251748, 33.72643885851173]], [[-7.012788097007456, 33.764527426558395], [-7.012069444780161, 33.76461725808681], [-7.012069444780161, 33.764976584200454], [-7.012518602422221, 33.76488675267205], [-7.012788097007456, 33.764527426558395]], [[-7.012249107836984, 33.655831277179935], [-7.012249107836984, 33.65610077176517], [-7.012518602422221, 33.65610077176517], [-7.012518602422221, 33.655831277179935], [-7.012249107836984, 33.655831277179935]], [[-7.01296776006428, 33.76506641572887], [-7.012608433950632, 33.76506641572887], [-7.012518602422221, 33.76560540489934], [-7.012877928535868, 33.76551557337093], [-7.01296776006428, 33.76506641572887]], [[-7.012877928535868, 33.764527426558395], [-7.012877928535868, 33.764796921143635], [-7.013327086177927, 33.764796921143635], [-7.013327086177927, 33.764527426558395], [-7.012877928535868, 33.764527426558395]], [[-7.013955906876811, 33.764527426558395], [-7.013955906876811, 33.76488675267205], [-7.01431523299046, 33.764796921143635], [-7.01431523299046, 33.764527426558395], [-7.013955906876811, 33.764527426558395]], [[-7.018896640939468, 33.73111009798915], [-7.014584727575695, 33.72940329894932], [-7.016111863558698, 33.73515251676769], [-7.018806809411057, 33.73560167440975], [-7.018896640939468, 33.73111009798915]], [[-7.020154282337236, 33.737667799563226], [-7.019076303996293, 33.736410158165455], [-7.0182678202405855, 33.73757796803481], [-7.019615293166765, 33.73838645179052], [-7.020154282337236, 33.737667799563226]], [[-7.019076303996293, 33.727157510739026], [-7.019076303996293, 33.727606668381085], [-7.019435630109941, 33.727606668381085], [-7.019435630109941, 33.727157510739026], [-7.019076303996293, 33.727157510739026]], [[-7.02078310303612, 33.742608533625884], [-7.0211424291497675, 33.742608533625884], [-7.020872934564531, 33.74153055528494], [-7.020513608450884, 33.741979712927], [-7.02078310303612, 33.742608533625884]], [[-7.020872934564531, 33.73919493554623], [-7.020872934564531, 33.74009325083035], [-7.021501755263415, 33.74018308235876], [-7.021411923735004, 33.73910510401782], [-7.020872934564531, 33.73919493554623]], [[-7.02123226067818, 33.736859315807514], [-7.02123226067818, 33.73739830497799], [-7.0215915867918275, 33.73739830497799], [-7.021501755263415, 33.736859315807514], [-7.02123226067818, 33.736859315807514]], [[-7.021411923735004, 33.70757423754522], [-7.022489902075947, 33.70838272130093], [-7.022489902075947, 33.7066759222611], [-7.02123226067818, 33.70694541684634], [-7.021411923735004, 33.70757423754522]], [[-7.021681418320239, 33.742608533625884], [-7.021322092206591, 33.742608533625884], [-7.0215915867918275, 33.744045838080474], [-7.022220407490711, 33.74323735432476], [-7.021681418320239, 33.742608533625884]], [[-7.021411923735004, 33.771893611888174], [-7.022310239019123, 33.77198344341659], [-7.022130575962299, 33.771444454246115], [-7.021411923735004, 33.77153428577453], [-7.021411923735004, 33.771893611888174]], [[-7.021861081377063, 33.72688801615379], [-7.022220407490711, 33.72706767921061], [-7.022400070547535, 33.72643885851173], [-7.0220407444338875, 33.72643885851173], [-7.021861081377063, 33.72688801615379]], [[-7.0220407444338875, 33.73003211964821], [-7.0220407444338875, 33.73030161423344], [-7.022310239019123, 33.73030161423344], [-7.022310239019123, 33.73003211964821], [-7.0220407444338875, 33.73003211964821]], [[-7.024286532644186, 33.79210570578087], [-7.024556027229422, 33.79174637966722], [-7.023388217360067, 33.7916565481388], [-7.023028891246419, 33.79210570578087], [-7.024286532644186, 33.79210570578087]], [[-7.023298385831654, 33.75150185493867], [-7.023478048888478, 33.75257983327961], [-7.024196701115774, 33.7524900017512], [-7.023927206530538, 33.75150185493867], [-7.023298385831654, 33.75150185493867]], [[-7.024286532644186, 33.75311882245008], [-7.023298385831654, 33.75311882245008], [-7.023298385831654, 33.75356798009214], [-7.024196701115774, 33.75356798009214], [-7.024286532644186, 33.75311882245008]], [[-7.02356788041689, 33.75796972498433], [-7.023837375002127, 33.758868040268446], [-7.024735690286246, 33.75877820874003], [-7.024735690286246, 33.7577900619275], [-7.02356788041689, 33.75796972498433]], [[-7.031293391860318, 33.78132592237143], [-7.038210419548038, 33.775486873024654], [-7.038210419548038, 33.777642829706544], [-7.045576604877819, 33.777373335121304], [-7.042791827497048, 33.77449872621212], [-7.040546039286749, 33.77602586219513], [-7.040186713173101, 33.7727919271723], [-7.0427019959686366, 33.772702095643886], [-7.040725702343573, 33.77153428577453], [-7.030574739633023, 33.78042760708731], [-7.026891646968132, 33.77306142175753], [-7.024825521814658, 33.77602586219513], [-7.0281492883659, 33.78168524848508], [-7.031293391860318, 33.78132592237143]], [[-7.02770013072384, 33.76443759502999], [-7.024825521814658, 33.76282062751857], [-7.0249153533430695, 33.76542574184252], [-7.026172994740837, 33.764976584200454], [-7.02770013072384, 33.76443759502999]], [[-7.025005184871482, 33.766683383240284], [-7.0249153533430695, 33.76731220393917], [-7.025723837098777, 33.76713254088234], [-7.025903500155601, 33.766683383240284], [-7.025005184871482, 33.766683383240284]], [[-7.025544174041953, 33.74611196323395], [-7.0249153533430695, 33.74745943616013], [-7.0258136686271895, 33.7472797731033], [-7.0258136686271895, 33.74611196323395], [-7.025544174041953, 33.74611196323395]], [[-7.025634005570366, 33.766234225598225], [-7.025634005570366, 33.76650372018346], [-7.025903500155601, 33.76650372018346], [-7.025903500155601, 33.766234225598225], [-7.025634005570366, 33.766234225598225]], [[-7.026352657797661, 33.77243260105865], [-7.026352657797661, 33.7727919271723], [-7.026622152382897, 33.7727919271723], [-7.026622152382897, 33.77243260105865], [-7.026352657797661, 33.77243260105865]], [[-7.027430636138604, 33.79138705355357], [-7.030305245047787, 33.79129722202516], [-7.030305245047787, 33.791027727439925], [-7.02859844600796, 33.7908480643831], [-7.027430636138604, 33.79138705355357]], [[-7.028508614479548, 33.76425793197316], [-7.028328951422724, 33.76470708961522], [-7.028778109064784, 33.76470708961522], [-7.028778109064784, 33.76425793197316], [-7.028508614479548, 33.76425793197316]], [[-7.031562886445554, 33.737128810392754], [-7.031203560331906, 33.73721864192117], [-7.03228153867285, 33.738296620262105], [-7.031922212559202, 33.737667799563226], [-7.031562886445554, 33.737128810392754]], [[-7.034976484525208, 33.790309075212626], [-7.033988337712676, 33.79021924368421], [-7.033988337712676, 33.79066840132627], [-7.034706989939973, 33.790578569797866], [-7.034976484525208, 33.790309075212626]], [[-7.034796821468384, 33.74754926768854], [-7.0366832835650355, 33.749795055898836], [-7.0366832835650355, 33.745033984893006], [-7.035605305224092, 33.74530347947824], [-7.034796821468384, 33.74754926768854]], [[-7.03506631605362, 33.780068280973666], [-7.034976484525208, 33.78087676472937], [-7.035964631337739, 33.78114625931461], [-7.036144294394564, 33.78015811250208], [-7.03506631605362, 33.780068280973666]], [[-7.036413788979799, 33.75033404506931], [-7.036413788979799, 33.751142528825014], [-7.0366832835650355, 33.751142528825014], [-7.0366832835650355, 33.75033404506931], [-7.036413788979799, 33.75033404506931]], [[-7.037491767320743, 33.75437646384785], [-7.037491767320743, 33.751681517995486], [-7.036862946621859, 33.751681517995486], [-7.0371324412070955, 33.75410696926261], [-7.037491767320743, 33.75437646384785]], [[-7.0409053654003975, 33.789590422985334], [-7.038659577190098, 33.78968025451374], [-7.038659577190098, 33.78994974909898], [-7.039827387059454, 33.78985991757057], [-7.0409053654003975, 33.789590422985334]], [[-7.041174859985633, 33.7683003507517], [-7.041354523042457, 33.768839339922174], [-7.041624017627693, 33.768839339922174], [-7.041624017627693, 33.7683003507517], [-7.041174859985633, 33.7683003507517]], [[-7.048810539900649, 33.78348187905332], [-7.048810539900649, 33.78312255293967], [-7.0484512137870015, 33.78312255293967], [-7.0484512137870015, 33.783392047524906], [-7.048810539900649, 33.78348187905332]], [[-7.052134306451891, 33.79111755896834], [-7.052044474923479, 33.792015874252456], [-7.052583464093951, 33.791476885081984], [-7.0522241379803035, 33.79111755896834], [-7.052134306451891, 33.79111755896834]], [[-7.05438009466219, 33.788871770758035], [-7.052763127150775, 33.793632841763866], [-7.056985208986137, 33.79318368412181], [-7.05438009466219, 33.79174637966722], [-7.055368241474722, 33.78923109687168], [-7.05438009466219, 33.788871770758035]], [[-7.053841105491718, 33.78438019433744], [-7.053841105491718, 33.78393103669538], [-7.05303262173601, 33.78393103669538], [-7.053212284792835, 33.78438019433744], [-7.053841105491718, 33.78438019433744]], [[-7.053212284792835, 33.78321238446809], [-7.053212284792835, 33.78348187905332], [-7.0535716109064825, 33.78348187905332], [-7.0535716109064825, 33.78321238446809], [-7.053212284792835, 33.78321238446809]], [[-7.0559970621736054, 33.78994974909898], [-7.056086893702017, 33.789590422985334], [-7.055637736059957, 33.78950059145692], [-7.0555479045315455, 33.78985991757057], [-7.0559970621736054, 33.78994974909898]], [[-7.056625882872488, 33.793902336349106], [-7.056625882872488, 33.79426166246275], [-7.056985208986137, 33.79426166246275], [-7.056985208986137, 33.793902336349106], [-7.056625882872488, 33.793902336349106]], [[-7.05761402968502, 33.78923109687168], [-7.05761402968502, 33.78896160228645], [-7.056985208986137, 33.788871770758035], [-7.056985208986137, 33.78941075992851], [-7.05761402968502, 33.78923109687168]]]]}}, {"type": "Feature", "properties": {"id": 4, "risk_code": "very_high", "risk_class": 4, "name": "Zone inondable - Risque très élevé (Sen1Floods11 - Deep Learning)", "area_km2": 1400.3, "source": "Sentinel-1 SAR (Copernicus/ESA) via Google Earth Engine", "model": "FCN-ResNet50 - Sen1Floods11 (Bonafilia et al. 2020, CVPR EarthVision, val IoU=0.542)", "factors": "frequence_inondation_11_saisons_2015-2026", "n_seasons": 11, "note": "Frequence d'inondation detectee sur 11 evenements pluvieux (saisons humides 2015-2026), resolution native 10m, buffer 3km autour du reseau hydrographique, eau permanente JRC exclue, decoupe sur limite officielle RSK"}, "geometry": {"type": "MultiPolygon", "coordinates": [[[[-6.804199288034903, 33.390738436836266], [-6.805636592489495, 33.395948665484156], [-6.807523054586145, 33.394331697972746], [-6.806624739302026, 33.387145175699786], [-6.802402657466664, 33.38687568111455], [-6.804019624978079, 33.38454006137584], [-6.805995918603142, 33.38678584958614], [-6.806624739302026, 33.38454006137584], [-6.801953499824604, 33.38229427316554], [-6.807523054586145, 33.37313145726752], [-6.806265413188378, 33.37124499517087], [-6.803300972750784, 33.37160432128452], [-6.804378951091727, 33.37393994102323], [-6.803300972750784, 33.37456876172212], [-6.802133162881428, 33.372592468097054], [-6.804109456506492, 33.370167016829924], [-6.807523054586145, 33.370436511415164], [-6.807523054586145, 33.36253133691491], [-6.805816255546318, 33.348337955425826], [-6.805007771790611, 33.34672098791441], [-6.801863668296193, 33.34761930319853], [-6.805007771790611, 33.34654132485758], [-6.805007771790611, 33.34169042232334], [-6.801953499824604, 33.33674968826068], [-6.803300972750784, 33.33504288922085], [-6.799977206199541, 33.324173274283005], [-6.799977206199541, 33.30854258833933], [-6.797102597290359, 33.30899174598139], [-6.796563608119888, 33.30692562082791], [-6.797461923404007, 33.304859495674435], [-6.799977206199541, 33.30575781095856], [-6.797461923404007, 33.28168296134415], [-6.795485629778944, 33.282940602741924], [-6.796653439648299, 33.27359812378708], [-6.793060178511821, 33.27422694448596], [-6.793778830739116, 33.26739974832665], [-6.791802537114053, 33.26560311775842], [-6.786412645409337, 33.26739974832665], [-6.786771971522985, 33.27018452570742], [-6.783538036500154, 33.26713025374142], [-6.780034606892088, 33.269825199593775], [-6.77644134575561, 33.268837052781244], [-6.7774294925681415, 33.27117267251995], [-6.783448204971743, 33.27018452570742], [-6.786861803051396, 33.27278964003137], [-6.786861803051396, 33.27440660754279], [-6.784795677897922, 33.272160819332484], [-6.782370226630799, 33.27458627059961], [-6.784616014841098, 33.277640542565614], [-6.782100732045563, 33.282491445099865], [-6.784885509426333, 33.27997616230433], [-6.787400792221868, 33.28087447758845], [-6.782549889687623, 33.28383891802604], [-6.776800671869258, 33.282221950514625], [-6.780393933005736, 33.284557570253334], [-6.774554883658959, 33.28922880973076], [-6.779226123136381, 33.28851015750346], [-6.779495617721616, 33.29111527182741], [-6.783627868028566, 33.2887796520887], [-6.78380753108539, 33.292013587111526], [-6.781112585233031, 33.292462744753585], [-6.78290921580127, 33.294618701435475], [-6.779675280778441, 33.29740347881625], [-6.78335837344333, 33.300547582310664], [-6.7816515744035035, 33.30315269663461], [-6.785244835539981, 33.301356066066376], [-6.789377085846931, 33.30351202274826], [-6.7891974227901075, 33.30584764248697], [-6.785873656238865, 33.30333235969144], [-6.786682139994572, 33.305128990259675], [-6.78147191134668, 33.30539848484491], [-6.783897362613802, 33.3075544415268], [-6.778148144795437, 33.31312399628834], [-6.778866797022733, 33.315369784498635], [-6.774644715187371, 33.31303416475993], [-6.776082019641962, 33.316807088953226], [-6.773746399903251, 33.31824439340782], [-6.77599218811355, 33.32013085550447], [-6.773027747675956, 33.32201731760112], [-6.7741057260168995, 33.32596990485125], [-6.778148144795437, 33.326329230964895], [-6.775453198943079, 33.329024176817256], [-6.778148144795437, 33.33046148127185], [-6.77644134575561, 33.335132720749264], [-6.779944775363676, 33.334683563107205], [-6.780483764534148, 33.33881581341416], [-6.78335837344333, 33.34025311786875], [-6.782190563573975, 33.33567170991974], [-6.785065172483157, 33.33531238380609], [-6.786592308466161, 33.33585137297656], [-6.784705846369509, 33.340432780925575], [-6.787580455278692, 33.337019182845914], [-6.7920720316992895, 33.338276824243685], [-6.790005906545815, 33.340881938567634], [-6.794317819909589, 33.34124126468128], [-6.792880515454997, 33.348517618482646], [-6.798360238688126, 33.35830925507955], [-6.794766977551649, 33.3586685811932], [-6.793688999210705, 33.353997341715775], [-6.790634727244698, 33.35696178215337], [-6.793419504625469, 33.35166172197707], [-6.787760118335516, 33.34950576529518], [-6.789646580432167, 33.353278689488484], [-6.78793978139234, 33.35786009743749], [-6.787580455278692, 33.353009194903244], [-6.783178710386506, 33.35606346686925], [-6.7849753409547455, 33.35238037420436], [-6.782639721216035, 33.348158292369], [-6.7801244384205, 33.34860745001106], [-6.7822803951023864, 33.35148205892024], [-6.780393933005736, 33.35238037420436], [-6.7812024167614435, 33.35499784771699], [-6.7705193708560225, 33.34506089727208], [-6.766721179936488, 33.33247057141483], [-6.768987440843259, 33.31941132662066], [-6.757298342383793, 33.28626038388501], [-6.756064057295614, 33.27453034103588], [-6.758765185209659, 33.264240167095174], [-6.76185001588255, 33.25962362403088], [-6.765931056931412, 33.25563181810469], [-6.774375220602135, 33.253655524479626], [-6.773027747675956, 33.256979291030866], [-6.775093872829431, 33.26012339452529], [-6.772578590033896, 33.261740362036704], [-6.7671886983291785, 33.25994373146846], [-6.762517458851757, 33.26353699260494], [-6.761798806624462, 33.26111154133782], [-6.760271670641458, 33.26236918273558], [-6.760810659811931, 33.266052275400476], [-6.770153138766774, 33.26820823208236], [-6.7618886381528736, 33.27278964003137], [-6.76907516042583, 33.27799986867927], [-6.767458192914415, 33.2887796520887], [-6.771590443221364, 33.28922880973076], [-6.769703981124714, 33.285545717065865], [-6.7751837043578425, 33.28338976038398], [-6.773746399903251, 33.28069481453162], [-6.776082019641962, 33.27808970020768], [-6.774015894488487, 33.273418460730255], [-6.776800671869258, 33.27189132474725], [-6.77554303047149, 33.26874722125283], [-6.779046460079557, 33.261740362036704], [-6.778058313267025, 33.2586860900707], [-6.780034606892088, 33.26030305758211], [-6.783268541914918, 33.256979291030866], [-6.78749062375028, 33.25706912255928], [-6.790904221829934, 33.252667377667095], [-6.789107591261695, 33.25060125251362], [-6.78749062375028, 33.25428434517851], [-6.782460058159211, 33.25428434517851], [-6.7854244985968055, 33.25185889391139], [-6.783538036500154, 33.24853512736014], [-6.78335837344333, 33.250511420985205], [-6.778866797022733, 33.2497029372295], [-6.781561742875091, 33.25158939932615], [-6.779226123136381, 33.254553839763744], [-6.779315954664792, 33.25275720919551], [-6.774195557545311, 33.25185889391139], [-6.777609155624965, 33.25114024168409], [-6.775206176272581, 33.25042158945679], [-6.782582343652226, 33.24849556701856], [-6.79201089459616, 33.248268440021626], [-6.798792879300776, 33.24960791424705], [-6.7976263119998634, 33.27576402500023], [-6.800575891999927, 33.298033351000186], [-6.801460765999877, 33.30407998900023], [-6.801460765999877, 33.322514860000126], [-6.805885134999926, 33.34183460600008], [-6.808687234999866, 33.369118216000174], [-6.807949840999868, 33.384898467000085], [-6.809277150999947, 33.396844262999934], [-6.806555016838975, 33.410427231843336], [-6.805007771790611, 33.40996238391642], [-6.807523054586145, 33.397385969938746], [-6.804738277205375, 33.39756563299557], [-6.8042891195633155, 33.39487068714321], [-6.803480635807608, 33.39747580146716], [-6.801504342182545, 33.39648765465463], [-6.80222299440984, 33.39136725753515], [-6.8000670377279535, 33.395948665484156], [-6.796922934233535, 33.39388254033068], [-6.793958493795941, 33.39531984478528], [-6.793599167682292, 33.3925350674045], [-6.7967432711767115, 33.39127742600674], [-6.7991687224438335, 33.3932537196318], [-6.794497482966412, 33.38840281709756], [-6.797192428818771, 33.38687568111455], [-6.79485680908006, 33.38543837665996], [-6.798899227858598, 33.38454006137584], [-6.801234847597309, 33.38588753430202], [-6.797372091875594, 33.38750450181343], [-6.800336532313189, 33.38921130085326], [-6.797372091875594, 33.39010961613738], [-6.804199288034903, 33.390738436836266]], [[-6.769254823482654, 33.31006972432233], [-6.7689853288974176, 33.31006972432233], [-6.7689853288974176, 33.31069854502122], [-6.769254823482654, 33.31069854502122], [-6.769254823482654, 33.31006972432233]], [[-6.770602296408833, 33.292013587111526], [-6.770422633352009, 33.29309156545247], [-6.771770106278188, 33.292732239338825], [-6.7718599378066004, 33.292283081696766], [-6.770602296408833, 33.292013587111526]], [[-6.772488758505484, 33.30575781095856], [-6.772398926977072, 33.30674595777109], [-6.773476905318016, 33.30620696860062], [-6.773476905318016, 33.305578147901734], [-6.772488758505484, 33.30575781095856]], [[-6.775453198943079, 33.29156442946947], [-6.7741057260168995, 33.29138476641265], [-6.77644134575561, 33.29363055462294], [-6.778687133965909, 33.29345089156612], [-6.776800671869258, 33.29282207086724], [-6.775453198943079, 33.29156442946947]], [[-6.777698987153377, 33.27458627059961], [-6.7765311772840215, 33.272969303088196], [-6.7751837043578425, 33.27440660754279], [-6.7765311772840215, 33.277011721866735], [-6.777698987153377, 33.27584391199738], [-6.777698987153377, 33.27458627059961]], [[-6.775722693528314, 33.3443853681757], [-6.776171851170374, 33.34429553664729], [-6.776171851170374, 33.34402604206205], [-6.775722693528314, 33.34402604206205], [-6.775722693528314, 33.3443853681757]], [[-6.776800671869258, 33.34321755830634], [-6.776800671869258, 33.343487052891575], [-6.777609155624965, 33.343487052891575], [-6.777609155624965, 33.34312772677793], [-6.776800671869258, 33.34321755830634]], [[-6.780034606892088, 33.27611340658262], [-6.778237976323849, 33.27647273269626], [-6.777339661039729, 33.28087447758845], [-6.781921068988739, 33.2797964992475], [-6.780034606892088, 33.27611340658262]], [[-6.780034606892088, 33.26497429705953], [-6.783717699556978, 33.261740362036704], [-6.782819384272859, 33.259314910769575], [-6.7774294925681415, 33.26659126457095], [-6.780663427590972, 33.267938737497126], [-6.780034606892088, 33.26497429705953]], [[-6.7774294925681415, 33.34690065097123], [-6.7789566285511444, 33.34672098791441], [-6.778597302437497, 33.34618199874394], [-6.777698987153377, 33.34645149332917], [-6.7774294925681415, 33.34690065097123]], [[-6.778417639380673, 33.25149956779774], [-6.778058313267025, 33.25149956779774], [-6.778058313267025, 33.25176906238298], [-6.778417639380673, 33.25176906238298], [-6.778417639380673, 33.25149956779774]], [[-6.779226123136381, 33.352110879619126], [-6.780393933005736, 33.35220071114754], [-6.780034606892088, 33.35121256433501], [-6.778866797022733, 33.351841385033886], [-6.779226123136381, 33.352110879619126]], [[-6.779315954664792, 33.29237291322518], [-6.778866797022733, 33.292462744753585], [-6.7789566285511444, 33.29282207086724], [-6.779315954664792, 33.29282207086724], [-6.779315954664792, 33.29237291322518]], [[-6.782639721216035, 33.272160819332484], [-6.779136291607968, 33.275125259770086], [-6.780034606892088, 33.27521509129849], [-6.781921068988739, 33.27431677601437], [-6.782639721216035, 33.272160819332484]], [[-6.779765112306852, 33.34528368345982], [-6.7801244384205, 33.34528368345982], [-6.780214269948912, 33.344924357346166], [-6.779854943835264, 33.34483452581776], [-6.779765112306852, 33.34528368345982]], [[-6.78102275370462, 33.34321755830634], [-6.780663427590972, 33.34321755830634], [-6.780663427590972, 33.343487052891575], [-6.78102275370462, 33.343487052891575], [-6.78102275370462, 33.34321755830634]], [[-6.780932922176207, 33.34573284110188], [-6.780663427590972, 33.34573284110188], [-6.780663427590972, 33.34627183027235], [-6.780932922176207, 33.34627183027235], [-6.780932922176207, 33.34573284110188]], [[-6.786771971522985, 33.3429480637211], [-6.784436351784274, 33.34681081944282], [-6.781921068988739, 33.344744694289346], [-6.783897362613802, 33.34869728153947], [-6.786682139994572, 33.348517618482646], [-6.786771971522985, 33.3429480637211]], [[-6.783178710386506, 33.26425564483223], [-6.785604161653629, 33.26515396011636], [-6.7849753409547455, 33.26407598177541], [-6.784346520255862, 33.26389631871859], [-6.783178710386506, 33.26425564483223]], [[-6.785963487767277, 33.350673575164535], [-6.785693993182041, 33.350673575164535], [-6.785693993182041, 33.35094306974977], [-6.785963487767277, 33.35094306974977], [-6.785963487767277, 33.350673575164535]], [[-6.786771971522985, 33.262728508849236], [-6.786502476937748, 33.262728508849236], [-6.786502476937748, 33.263357329548114], [-6.786861803051396, 33.26344716107653], [-6.786771971522985, 33.262728508849236]], [[-6.792431357812937, 33.34483452581776], [-6.787131297636632, 33.344924357346166], [-6.787221129165045, 33.34788879778376], [-6.791263547943582, 33.348158292369], [-6.790634727244698, 33.34654132485758], [-6.792431357812937, 33.34483452581776]], [[-6.791083884886758, 33.249523274172674], [-6.790814390301522, 33.249523274172674], [-6.790455064187874, 33.25024192639997], [-6.790994053358347, 33.25015209487156], [-6.791083884886758, 33.249523274172674]], [[-6.791083884886758, 33.34986509140882], [-6.790544895716287, 33.34986509140882], [-6.790544895716287, 33.35013458599406], [-6.791083884886758, 33.35013458599406], [-6.791083884886758, 33.34986509140882]], [[-6.791083884886758, 33.257248785616106], [-6.793778830739116, 33.25904541618434], [-6.7916228740572295, 33.26183019356511], [-6.795485629778944, 33.261021709809405], [-6.797461923404007, 33.26048272063893], [-6.797461923404007, 33.2497029372295], [-6.791083884886758, 33.257248785616106]], [[-6.791353379471994, 33.263177666491295], [-6.791353379471994, 33.26353699260494], [-6.792251694756113, 33.26353699260494], [-6.791982200170878, 33.263177666491295], [-6.791353379471994, 33.263177666491295]], [[-6.791443211000406, 33.34258873760746], [-6.792161863227702, 33.34258873760746], [-6.792161863227702, 33.342319243022224], [-6.791533042528818, 33.3421395799654], [-6.791443211000406, 33.34258873760746]], [[-6.791712705585642, 33.249074116530615], [-6.791443211000406, 33.249074116530615], [-6.791443211000406, 33.249343611115854], [-6.791712705585642, 33.249343611115854], [-6.791712705585642, 33.249074116530615]], [[-6.793419504625469, 33.34222941149381], [-6.793150010040233, 33.34222941149381], [-6.793150010040233, 33.342498906079044], [-6.793419504625469, 33.342498906079044], [-6.793419504625469, 33.34222941149381]], [[-6.794497482966412, 33.353278689488484], [-6.794048325324352, 33.35309902643166], [-6.793958493795941, 33.35363801560213], [-6.794317819909589, 33.35381767865895], [-6.794497482966412, 33.353278689488484]], [[-6.797461923404007, 33.261021709809405], [-6.794317819909589, 33.26425564483223], [-6.796024618949415, 33.264794634002705], [-6.796833102705123, 33.26308783496288], [-6.797461923404007, 33.261021709809405]], [[-6.794946640608472, 33.35507532005672], [-6.795216135193708, 33.35507532005672], [-6.795126303665296, 33.35408717324419], [-6.79485680908006, 33.35435666782942], [-6.794946640608472, 33.35507532005672]], [[-6.794946640608472, 33.26722008526983], [-6.794946640608472, 33.270543851821074], [-6.796114450477828, 33.26919637889489], [-6.796024618949415, 33.26856755819601], [-6.794946640608472, 33.26722008526983]], [[-6.796653439648299, 33.26668109609936], [-6.796653439648299, 33.26497429705953], [-6.79575512436418, 33.265243791644764], [-6.79575512436418, 33.26641160151412], [-6.796653439648299, 33.26668109609936]], [[-6.796833102705123, 33.26497429705953], [-6.797461923404007, 33.26497429705953], [-6.797461923404007, 33.263986150247], [-6.797102597290359, 33.264165813303826], [-6.796833102705123, 33.26497429705953]], [[-6.799258553972246, 33.307284946941564], [-6.798899227858598, 33.307284946941564], [-6.798899227858598, 33.3075544415268], [-6.799258553972246, 33.3075544415268], [-6.799258553972246, 33.307284946941564]], [[-6.804109456506492, 33.381126463296184], [-6.805546760961082, 33.3812162948246], [-6.805007771790611, 33.38013831648365], [-6.804019624978079, 33.38013831648365], [-6.804109456506492, 33.381126463296184]], [[-6.805995918603142, 33.38148578940984], [-6.805726424017906, 33.38148578940984], [-6.805726424017906, 33.38175528399507], [-6.805995918603142, 33.38175528399507], [-6.805995918603142, 33.38148578940984]], [[-6.806624739302026, 33.3789705066143], [-6.80635524471679, 33.3789705066143], [-6.80635524471679, 33.379240001199534], [-6.806624739302026, 33.379240001199534], [-6.806624739302026, 33.3789705066143]], [[-6.807523054586145, 33.37528741394941], [-6.80725356000091, 33.37528741394941], [-6.807073896944086, 33.376634886875586], [-6.807523054586145, 33.376634886875586], [-6.807523054586145, 33.37528741394941]]], [[[-6.782819384272859, 33.392175741290856], [-6.786951634579808, 33.39181641517721], [-6.779315954664792, 33.38849264862596], [-6.780034606892088, 33.386426523472494], [-6.786951634579808, 33.39001978460897], [-6.782010900517151, 33.38391124067696], [-6.778327807852261, 33.383372251506486], [-6.780483764534148, 33.38076713718254], [-6.777070166454494, 33.37932983272795], [-6.782370226630799, 33.373760277966404], [-6.784885509426333, 33.376634886875586], [-6.7840770256706255, 33.37906033814271], [-6.786143150824101, 33.379240001199534], [-6.782460058159211, 33.37932983272795], [-6.78147191134668, 33.37654505534718], [-6.7812024167614435, 33.38058747412571], [-6.786143150824101, 33.382114610108715], [-6.79117371641517, 33.379778990370006], [-6.7920720316992895, 33.38921130085326], [-6.788478770562811, 33.39109776294991], [-6.791443211000406, 33.395499507842096], [-6.793958493795941, 33.39531984478528], [-6.790994053358347, 33.398104622166045], [-6.791712705585642, 33.40178771483093], [-6.787580455278692, 33.39612832854098], [-6.784616014841098, 33.39819445369446], [-6.785155004011569, 33.395769002427336], [-6.78102275370462, 33.39819445369446], [-6.779534227350486, 33.396218160069395], [-6.782819384272859, 33.392175741290856]], [[-6.785244835539981, 33.38750450181343], [-6.787670286807104, 33.38957062696691], [-6.787400792221868, 33.38364174609172], [-6.7882991075059875, 33.387594333341845], [-6.79027540113105, 33.387414670285025], [-6.788478770562811, 33.38247393622237], [-6.786143150824101, 33.382114610108715], [-6.785244835539981, 33.38750450181343]]], [[[-6.678345316729758, 33.41301665588243], [-6.676279191576283, 33.40421316609806], [-6.677626664502463, 33.40013059171533], [-6.680680936468469, 33.4113098568426], [-6.681679855473726, 33.4075369326493], [-6.690203078480136, 33.41765939798624], [-6.688136953326661, 33.41849637911556], [-6.691370888349491, 33.41993368357015], [-6.680770767996881, 33.42065233579744], [-6.680052115769585, 33.42271846095092], [-6.674931718650104, 33.422898124007745], [-6.673584245723925, 33.42613205903057], [-6.672236772797746, 33.42128115649633], [-6.666487554979381, 33.426221890558985], [-6.667924859433972, 33.42155065108157], [-6.665768902752085, 33.42137098802474], [-6.663073956899726, 33.42343711317822], [-6.662534967729255, 33.43089313003641], [-6.662355304672431, 33.42864734182611], [-6.663163788428138, 33.422179471780446], [-6.678345316729758, 33.41301665588243]], [[-6.668374017076031, 33.41984385204174], [-6.6704401422295065, 33.4211014934395], [-6.672146941269333, 33.42020317815538], [-6.672596098911393, 33.418406547587146], [-6.668374017076031, 33.41984385204174]], [[-6.674572392536456, 33.4165200854905], [-6.6737639087807485, 33.42020317815538], [-6.676638517689931, 33.42020317815538], [-6.6756503708774, 33.41660991701891], [-6.674572392536456, 33.4165200854905]], [[-6.680950431053705, 33.41813705300191], [-6.680680936468469, 33.41813705300191], [-6.680680936468469, 33.41849637911556], [-6.680950431053705, 33.41849637911556], [-6.680950431053705, 33.41813705300191]]], [[[-6.796473776591475, 33.478952997736805], [-6.793239841568645, 33.482007269702805], [-6.794407651438, 33.480120807606156], [-6.793239841568645, 33.47832417703792], [-6.786322813880925, 33.484612384026754], [-6.786412645409337, 33.481827606645986], [-6.790994053358347, 33.48003097607774], [-6.787670286807104, 33.47158681240702], [-6.792700852398173, 33.46826304585578], [-6.789556748903755, 33.46952068725355], [-6.792161863227702, 33.464849447776125], [-6.786861803051396, 33.462513828037416], [-6.78749062375028, 33.459369724542995], [-6.796653439648299, 33.46574776306024], [-6.793329673097057, 33.46565793153183], [-6.7953957982505315, 33.469161361139896], [-6.793778830739116, 33.47095799170814], [-6.8000670377279535, 33.47922249232204], [-6.7958449558925915, 33.485151373197226], [-6.794766977551649, 33.48398356332787], [-6.796473776591475, 33.478952997736805]], [[-6.78982624348899, 33.47194613852067], [-6.789287254318519, 33.47266479074796], [-6.790095738074227, 33.47311394839002], [-6.790904221829934, 33.472215633105904], [-6.78982624348899, 33.47194613852067]], [[-6.790544895716287, 33.47544956812874], [-6.792341526284526, 33.475808894242384], [-6.792341526284526, 33.47500041048668], [-6.791263547943582, 33.47446142131621], [-6.790544895716287, 33.47544956812874]], [[-6.793509336153881, 33.469880013367195], [-6.7929703469834095, 33.469880013367195], [-6.7929703469834095, 33.470329171009254], [-6.793419504625469, 33.47041900253767], [-6.793509336153881, 33.469880013367195]]], [[[-6.775433649999854, 33.510158378000085], [-6.7724805719999495, 33.513371424000184], [-6.7570695939999155, 33.54255348999993], [-6.760305378999931, 33.546624316000134], [-6.761641442999917, 33.548305169999935], [-6.76754060199994, 33.54977996000014], [-6.771375054999908, 33.557891303000076], [-6.77358723999987, 33.56202071500013], [-6.7843532049998885, 33.5626106310001], [-6.796593959999882, 33.56202071500013], [-6.797860630841574, 33.565011601955455], [-6.79575512436418, 33.563304802915624], [-6.773297242261192, 33.563304802915624], [-6.768715834312182, 33.55755558509726], [-6.769164991954241, 33.55504030230173], [-6.767458192914415, 33.55162670422207], [-6.758475040073219, 33.54920125295495], [-6.760810659811931, 33.548302937670826], [-6.755869925749273, 33.54336220360817], [-6.764134426363173, 33.52746202307925], [-6.762697121908581, 33.52575522403943], [-6.767458192914415, 33.51982634316424], [-6.763775100249525, 33.522341625959776], [-6.761439480510814, 33.52081448997677], [-6.7685361712553584, 33.51785004953918], [-6.768266676670122, 33.515873755914114], [-6.774195557545311, 33.51003470656734], [-6.773926062960076, 33.50742959224339], [-6.777519324096553, 33.50671094001609], [-6.78749062375028, 33.49503284132254], [-6.792611020869761, 33.49431418909525], [-6.794138156852765, 33.49664980883396], [-6.799977206199541, 33.49745829258966], [-6.813362103932922, 33.49081075948718], [-6.812463788648802, 33.48838530822005], [-6.820009637035406, 33.48622935153817], [-6.818123174938756, 33.481827606645986], [-6.819470647864935, 33.47886316620839], [-6.816685870484164, 33.475090242015085], [-6.81830283799558, 33.472754622276376], [-6.82153677301841, 33.47859367162315], [-6.825848686382184, 33.47931232385045], [-6.826657170137891, 33.460807028997586], [-6.823602898171885, 33.458381577730464], [-6.825040202626476, 33.45586629493493], [-6.820009637035406, 33.45083572934386], [-6.81417058768863, 33.44832044654832], [-6.80914002209756, 33.44418819624138], [-6.805546760961082, 33.44499667999708], [-6.807523054586145, 33.44167291344584], [-6.794407651438, 33.428377847240874], [-6.795036472136884, 33.424784586104394], [-6.792790683926585, 33.422448966365685], [-6.796653439648299, 33.41939469439968], [-6.793599167682292, 33.41912519981444], [-6.8032515413344825, 33.4162425005659], [-6.796593959999882, 33.42117829400013], [-6.796593959999882, 33.4275198900001], [-6.8103095039999175, 33.4438900560001], [-6.82476244399993, 33.45273879500013], [-6.828301938999914, 33.46276736499999], [-6.827417064999906, 33.478842573000065], [-6.824467485999946, 33.485184169000036], [-6.798511185999928, 33.49919467199993], [-6.789335294999887, 33.49613604100011], [-6.787687723999909, 33.49692059900019], [-6.781256145999862, 33.50332408300011], [-6.77812247199995, 33.507062158999986], [-6.775433649999854, 33.510158378000085]], [[-6.768895497369006, 33.51695173425506], [-6.769164991954241, 33.51668223966982], [-6.769703981124714, 33.51668223966982], [-6.76907516042583, 33.51614325049935], [-6.768895497369006, 33.51695173425506]], [[-6.775812525056726, 33.50760925530022], [-6.7747345467157825, 33.507788918357036], [-6.774285389073723, 33.50814824447069], [-6.775004041301019, 33.50913639128322], [-6.775812525056726, 33.50760925530022]], [[-6.824141887342357, 33.48290558498693], [-6.824321550399181, 33.48137844900393], [-6.823602898171885, 33.48074962830504], [-6.822884245944589, 33.48173777511757], [-6.824141887342357, 33.48290558498693]]], [[[-6.7801244384205, 33.49314637922589], [-6.780393933005736, 33.498715933987434], [-6.778148144795437, 33.49736846106125], [-6.776800671869258, 33.50168037442503], [-6.770512464880421, 33.49916509162949], [-6.773566736846427, 33.49458368368048], [-6.767907350556475, 33.499254923157906], [-6.773387073789603, 33.49081075948718], [-6.784795677897922, 33.48910396044735], [-6.7801244384205, 33.49314637922589]], [[-6.774195557545311, 33.497997281760135], [-6.7747345467157825, 33.49638031424872], [-6.773027747675956, 33.49647014577713], [-6.772848084619132, 33.4977277871749], [-6.774195557545311, 33.497997281760135]], [[-6.775093872829431, 33.49602098813507], [-6.77689050339767, 33.49602098813507], [-6.777519324096553, 33.494673515208895], [-6.7785074709090845, 33.49260739005542], [-6.775093872829431, 33.49602098813507]]], [[[-6.743652837885247, 33.52575522403943], [-6.742574859544304, 33.534738376880625], [-6.729793785140218, 33.53195359949985], [-6.729851086400682, 33.51589869750282], [-6.73547816879976, 33.50545329861833], [-6.744012163998895, 33.51246015783446], [-6.744012163998895, 33.51668223966982], [-6.735657831856583, 33.52144331067566], [-6.743652837885247, 33.52575522403943]]], [[[-6.9612247996989955, 33.56671840099528], [-6.9541281089544515, 33.56608958029639], [-6.952421309914624, 33.56887435767717], [-6.954217940482863, 33.56716755863734], [-6.95637389716475, 33.57004216754652], [-6.949097543363382, 33.572916776455706], [-6.951522994630505, 33.5758812168933], [-6.947390744323555, 33.57543205925124], [-6.946402597511024, 33.579294814972954], [-6.949816195590677, 33.57731852134789], [-6.953589119783979, 33.577138858291065], [-6.953409456727155, 33.57947447802977], [-6.952600972971448, 33.57776767898995], [-6.94990602711909, 33.57848633121724], [-6.953409456727155, 33.5834270652799], [-6.955385750352218, 33.581899929296895], [-6.955834907994278, 33.58324740222308], [-6.95682305480681, 33.583606728336726], [-6.956463728693162, 33.57749818440471], [-6.959518000659169, 33.578576162745655], [-6.961584125812643, 33.58181009776849], [-6.958170527732989, 33.5834270652799], [-6.9612247996989955, 33.58755931558685], [-6.957631538562517, 33.58513386431973], [-6.95727221244887, 33.585942348075434], [-6.95960783218758, 33.58836779934256], [-6.960146821358052, 33.59294920729157], [-6.964009577079766, 33.592230555064276], [-6.966614691403713, 33.596901794541694], [-6.9692198057276595, 33.5954644900871], [-6.968590985028776, 33.60094421332023], [-6.969848626426543, 33.601932360132764], [-6.973980876733493, 33.598339098996284], [-6.970567278653839, 33.602920506945296], [-6.974340202847141, 33.60498663209877], [-6.974699528960788, 33.61118500755919], [-6.962662104153587, 33.60085438179182], [-6.955769141668486, 33.60130353943388], [-6.944689914437438, 33.583733932045504], [-6.941594493612851, 33.57432536425666], [-6.949382176999961, 33.565117773000225], [-6.950267050999912, 33.55744886700023], [-6.945400244999917, 33.54977996000014], [-6.945400244999917, 33.54668290100011], [-6.950709487999916, 33.54225853200023], [-6.953587723999931, 33.543220599000165], [-6.956243219677572, 33.543298701837124], [-6.958487723999895, 33.54372059899998], [-6.959546135350762, 33.545823873878234], [-6.959687723999878, 33.546720599000196], [-6.960087723999948, 33.54782059900009], [-6.960287723999954, 33.54952059900023], [-6.961087723999924, 33.55132059900012], [-6.962187723999875, 33.552520598999934], [-6.963508735612232, 33.55369835252555], [-6.9649977238922975, 33.556657269813144], [-6.959967158301228, 33.55252501950619], [-6.958350190789813, 33.54560799181847], [-6.956643391749986, 33.544260518892294], [-6.949187374891794, 33.54417068736388], [-6.946672092096259, 33.546865633216235], [-6.949187374891794, 33.553602997847136], [-6.951702657687329, 33.55297417714825], [-6.950804342403209, 33.56348446597245], [-6.954397603539687, 33.56105901470533], [-6.955026424238571, 33.55396232396078], [-6.961045136642172, 33.55755558509726], [-6.958709516903461, 33.55899288955185], [-6.9603264844148764, 33.561148846233735], [-6.954756929653335, 33.56348446597245], [-6.960595979000112, 33.562136993046266], [-6.9612247996989955, 33.56671840099528]], [[-6.947750070437203, 33.56869469462034], [-6.947480575851967, 33.56869469462034], [-6.947480575851967, 33.56950317837605], [-6.947839901965614, 33.56941334684764], [-6.947750070437203, 33.56869469462034]], [[-6.950445016289561, 33.56582008571116], [-6.949995858647502, 33.56582008571116], [-6.949995858647502, 33.56635907488163], [-6.950445016289561, 33.566179411824805], [-6.950445016289561, 33.56582008571116]], [[-6.9523314783862125, 33.565999748767986], [-6.95269080449986, 33.565999748767986], [-6.952600972971448, 33.56555059112593], [-6.9523314783862125, 33.56555059112593], [-6.9523314783862125, 33.565999748767986]], [[-6.953499288255568, 33.56510143348386], [-6.953499288255568, 33.5646522758418], [-6.953229793670332, 33.56483193889863], [-6.95313996214192, 33.56510143348386], [-6.953499288255568, 33.56510143348386]], [[-6.954397603539687, 33.56402345514292], [-6.953768782840804, 33.56402345514292], [-6.953768782840804, 33.56447261278498], [-6.954217940482863, 33.56447261278498], [-6.954397603539687, 33.56402345514292]], [[-6.957362043977281, 33.587828810172084], [-6.95637389716475, 33.59025426143921], [-6.9589790114886965, 33.59294920729157], [-6.959338337602344, 33.591242408251745], [-6.95772137009093, 33.59007459838239], [-6.957362043977281, 33.587828810172084]], [[-6.956912886335222, 33.56402345514292], [-6.956553560221574, 33.56402345514292], [-6.956553560221574, 33.564292949728156], [-6.956912886335222, 33.564292949728156], [-6.956912886335222, 33.56402345514292]], [[-6.960146821358052, 33.593128870348394], [-6.9598773267728165, 33.593128870348394], [-6.9598773267728165, 33.59339836493363], [-6.960146821358052, 33.59339836493363], [-6.960146821358052, 33.593128870348394]], [[-6.961763788869467, 33.599596740394055], [-6.961404462755819, 33.59968657192246], [-6.961494294284232, 33.600225561092934], [-6.961763788869467, 33.600225561092934], [-6.961763788869467, 33.599596740394055]]], [[[-6.779315954664792, 33.603639159172594], [-6.774195557545311, 33.6059747789113], [-6.7732074107327795, 33.60453747445671], [-6.772488758505484, 33.60112387637706], [-6.769344655011066, 33.600045898036115], [-6.772039600863424, 33.5992374142804], [-6.771949769335013, 33.59564415314393], [-6.766200551516647, 33.59483566938822], [-6.770063307238361, 33.59007459838239], [-6.771141285579305, 33.593847522575686], [-6.775004041301019, 33.59537465855869], [-6.776710840340845, 33.58980510379715], [-6.779315954664792, 33.603639159172594]]], [[[-6.969040142670836, 33.631037775338235], [-6.9692198057276595, 33.62753434573017], [-6.96342652641871, 33.623402095423224], [-6.955924739522691, 33.60588494738289], [-6.9574518755056936, 33.60857989323525], [-6.960955305113759, 33.60633410502495], [-6.959967158301228, 33.6089392193489], [-6.962123114983115, 33.60804090406478], [-6.962662104153587, 33.60849006170684], [-6.960595979000112, 33.61001719768984], [-6.964368903193414, 33.609837534633016], [-6.961134968170583, 33.611544333672846], [-6.961584125812643, 33.613610458826315], [-6.965626544591181, 33.61558675245138], [-6.967602838216244, 33.61396978493997], [-6.966794354460537, 33.61837152983215], [-6.970836773239075, 33.618910519002625], [-6.968590985028776, 33.62088681262769], [-6.972813066864138, 33.624120747650515], [-6.97110626782431, 33.62762417725858], [-6.973891045205081, 33.629151313241586], [-6.971824920051606, 33.631037775338235], [-6.97568767577332, 33.63714631927025], [-6.973172392977785, 33.63669716162819], [-6.969040142670836, 33.631037775338235]], [[-6.962123114983115, 33.61630540467868], [-6.962392609568351, 33.615766415508205], [-6.961134968170583, 33.61567658397979], [-6.961314631227408, 33.616215573150264], [-6.962123114983115, 33.61630540467868]]], [[[-6.972723235335725, 33.650800711588865], [-6.972363909222078, 33.652058352986636], [-6.975148686602848, 33.652058352986636], [-6.97613683341538, 33.6472972819808], [-6.9800894206655055, 33.64451250460003], [-6.979011442324562, 33.64765660809445], [-6.984042007915631, 33.64900408102063], [-6.985479312370223, 33.658705886089116], [-6.987994595165757, 33.66140083194148], [-6.987904763637346, 33.66292796792448], [-6.98260470346104, 33.656549929407234], [-6.987994595165757, 33.66732971281667], [-6.987994595165757, 33.69364075771259], [-6.973796770430378, 33.665481096663406], [-6.968037473705099, 33.65017189088998], [-6.969938457954955, 33.64711761892398], [-6.970387615597015, 33.64810576573651], [-6.969758794898131, 33.648465091850156], [-6.971465593937958, 33.65071088006045], [-6.972723235335725, 33.650800711588865]], [[-6.9778436324552064, 33.655382119537876], [-6.978292790097266, 33.6570889185777], [-6.979011442324562, 33.65610077176517], [-6.97847245315409, 33.65529228800946], [-6.9778436324552064, 33.655382119537876]], [[-6.981257230534861, 33.65151936381616], [-6.9811673990064484, 33.652507510628695], [-6.981706388176921, 33.65259734215711], [-6.981796219705332, 33.65160919534458], [-6.981257230534861, 33.65151936381616]], [[-6.982514871932628, 33.655112624952636], [-6.982514871932628, 33.654843130367404], [-6.981975882762156, 33.65475329883899], [-6.981616556648508, 33.655112624952636], [-6.982514871932628, 33.655112624952636]]], [[[-6.716523716304838, 33.77854114499066], [-6.720206808969728, 33.78285305835443], [-6.719757651327668, 33.77467838926895], [-6.730088277095042, 33.771444454246115], [-6.728740804168863, 33.76650372018346], [-6.723171249407322, 33.76587489948458], [-6.721644113424319, 33.76892917145058], [-6.720925461197023, 33.766683383240284], [-6.71661354783325, 33.76641388865505], [-6.715805064077542, 33.763539279745864], [-6.722632260236851, 33.76416810044475], [-6.723350912464146, 33.762461301404926], [-6.715805064077542, 33.763090122103804], [-6.715355906435483, 33.76129349153557], [-6.7114931507137685, 33.76102399695033], [-6.710864330014885, 33.752400170222785], [-6.707360900406819, 33.7457526371203], [-6.701881177173689, 33.74512381642142], [-6.70143201953163, 33.73892544096099], [-6.6972997692246805, 33.735422011352924], [-6.691640382934727, 33.734972853710865], [-6.69909639979292, 33.73084060340391], [-6.705025280668108, 33.733086391614215], [-6.703138818571457, 33.74009325083035], [-6.711582982242181, 33.749525561313604], [-6.719218662157196, 33.748357751444246], [-6.724518722333501, 33.74009325083035], [-6.725237374560797, 33.73730847344957], [-6.72029664049814, 33.73506268523928], [-6.72442889080509, 33.732637233972156], [-6.721913608009555, 33.72688801615379], [-6.72353057552097, 33.725720206284436], [-6.717601694645781, 33.724282901829845], [-6.720925461197023, 33.72221677667637], [-6.718410178401489, 33.71934216776719], [-6.716433884776426, 33.720689640693365], [-6.71751186311737, 33.72275576584684], [-6.714367759622951, 33.72338458654572], [-6.720027145912904, 33.71323362383517], [-6.712121971412652, 33.71170648785217], [-6.715176243378659, 33.70811322671569], [-6.709786351673942, 33.702813166539386], [-6.715805064077542, 33.70550811239175], [-6.724069564691442, 33.714940422875], [-6.727842488884744, 33.711886150908995], [-6.726225521373329, 33.70173518819844], [-6.71751186311737, 33.70002838915862], [-6.720476303554964, 33.69320119299931], [-6.713738938924068, 33.691135067845835], [-6.716703379361662, 33.68844012199347], [-6.714727085736599, 33.684936692385406], [-6.725956026788093, 33.68170275736258], [-6.72442889080509, 33.676582360243096], [-6.7303577716802785, 33.67523488731692], [-6.732064570720105, 33.66975516408379], [-6.728561141112039, 33.66661106058937], [-6.730088277095042, 33.66292796792448], [-6.729549287924571, 33.66688055517461], [-6.730986592379162, 33.6675992074019], [-6.732423896833754, 33.660592348185766], [-6.734849348100876, 33.665083924606364], [-6.74239519648748, 33.66077201124259], [-6.745090142339839, 33.662748304867655], [-6.747964751249021, 33.65762790774817], [-6.747066435964902, 33.65241767910028], [-6.7450003108114265, 33.65358548896964], [-6.740957892032889, 33.652507510628695], [-6.747605425135373, 33.65133970075934], [-6.750120707930908, 33.64711761892398], [-6.743832500942071, 33.645770145997794], [-6.746347783737606, 33.64828542879333], [-6.745718963038723, 33.64945323866269], [-6.740957892032889, 33.645590482940975], [-6.736017157970231, 33.64765660809445], [-6.732334065305341, 33.645770145997794], [-6.734490021987228, 33.643883683901144], [-6.73916126146465, 33.64550065141256], [-6.739071429936238, 33.64163789569085], [-6.7445511531693665, 33.64424301001479], [-6.7492223926467885, 33.64109890652038], [-6.746886772908078, 33.637775139969136], [-6.747695256663786, 33.631936090622354], [-6.745718963038723, 33.63570901481566], [-6.742664691072716, 33.63166659603712], [-6.748054582777433, 33.63049878616776], [-6.746976604436489, 33.62214445402545], [-6.752635990726443, 33.62070714957086], [-6.754252958237858, 33.62169529638339], [-6.750390202516144, 33.62430041070734], [-6.74976138181726, 33.63166659603712], [-6.752007170027559, 33.634181878832656], [-6.750749528629791, 33.63669716162819], [-6.75434278976627, 33.65313633132757], [-6.760810659811931, 33.65565161412311], [-6.765032741647292, 33.648914249492215], [-6.766919203743943, 33.65421430966852], [-6.765032741647292, 33.65888554914594], [-6.7618886381528736, 33.655831277179935], [-6.76125981745399, 33.658436391503884], [-6.7751837043578425, 33.661311000413065], [-6.778961305209501, 33.666341566004135], [-6.7778786502102015, 33.66892409937768], [-6.776351514227198, 33.66292796792448], [-6.769344655011066, 33.66238897875401], [-6.767278529857591, 33.67101280548155], [-6.770063307238361, 33.67352808827709], [-6.767548024442827, 33.67837899081133], [-6.765032741647292, 33.67397724591915], [-6.75712756714704, 33.67218061535091], [-6.754252958237858, 33.66616190294731], [-6.747335930550138, 33.66732971281667], [-6.74607828915237, 33.669216174913316], [-6.748593571947905, 33.66795853351555], [-6.749402055703612, 33.671372131595206], [-6.756049588806097, 33.6720907838225], [-6.757666556317512, 33.676851854828335], [-6.744730816226191, 33.67451623508962], [-6.744191827055719, 33.6781094962261], [-6.74607828915237, 33.67837899081133], [-6.741946038845421, 33.683499387930816], [-6.747964751249021, 33.68502652391382], [-6.739071429936238, 33.686823154482056], [-6.734939179629288, 33.69409950828343], [-6.736556147140703, 33.70011822068703], [-6.744371490112543, 33.69886057928926], [-6.746707109851254, 33.697602937891496], [-6.744371490112543, 33.69418933981184], [-6.7454494684534865, 33.69050624714695], [-6.75021053945932, 33.68781130129459], [-6.7487732350047285, 33.68547568155588], [-6.759103860772103, 33.68601467072635], [-6.763236111079053, 33.681343431248926], [-6.766290383045059, 33.681343431248926], [-6.772978083303111, 33.687901132823], [-6.769164991954241, 33.69535926549904], [-6.762427627323345, 33.69293169841407], [-6.758385208544808, 33.68736214365253], [-6.755869925749273, 33.68960793186283], [-6.755151273521977, 33.68781130129459], [-6.751647843913911, 33.688529953521886], [-6.7514681808570876, 33.69338085605613], [-6.760630996755106, 33.69895041081767], [-6.7575767247891, 33.70164535667003], [-6.758295377016395, 33.70434030252239], [-6.7520970015559705, 33.702094514312094], [-6.752905485311678, 33.70002838915862], [-6.750569865572968, 33.69877074776085], [-6.7416765442601845, 33.70056737832909], [-6.739790082163534, 33.703082661124625], [-6.741586712731772, 33.70505895474969], [-6.739071429936238, 33.70568777544857], [-6.74607828915237, 33.706855585317925], [-6.750749528629791, 33.71224547702264], [-6.763725433838415, 33.71098783562488], [-6.76215813273811, 33.71538958051706], [-6.765316448140722, 33.717815031784184], [-6.765578536951606, 33.7221636026866], [-6.763415774135877, 33.731649087159624], [-6.760720828283518, 33.72670835309697], [-6.7618886381528736, 33.722126945147956], [-6.758385208544808, 33.7276964999095], [-6.755959757277685, 33.72670835309697], [-6.758115713959572, 33.71889301012513], [-6.751827506970735, 33.713053960778346], [-6.749581718760436, 33.71242514007947], [-6.751288517800264, 33.714940422875], [-6.750749528629791, 33.71628789580118], [-6.749402055703612, 33.713772613005645], [-6.747246099021726, 33.71503025440341], [-6.748503740419493, 33.71152682479534], [-6.743383343300011, 33.70838272130093], [-6.730717097793926, 33.7082030582441], [-6.730986592379162, 33.71503025440341], [-6.734759516572464, 33.723294755017314], [-6.731705244606458, 33.73416436995516], [-6.733142549061049, 33.73551184288134], [-6.738083283123706, 33.73515251676769], [-6.73826294618053, 33.730750771875506], [-6.738981598407826, 33.7329965600858], [-6.747964751249021, 33.732367739386916], [-6.740418902862417, 33.73551184288134], [-6.742574859544304, 33.738296620262105], [-6.740688397447653, 33.73883560943258], [-6.741407049674948, 33.7412610606997], [-6.747785088192197, 33.74180004987017], [-6.743203680243187, 33.742878028211116], [-6.735388337271348, 33.73730847344957], [-6.732783222947401, 33.739015272489404], [-6.742754522601128, 33.744045838080474], [-6.73871210382259, 33.74638145781918], [-6.741496881203361, 33.751142528825014], [-6.733142549061049, 33.755544273717206], [-6.7341306958735805, 33.762191806819686], [-6.739430756049885, 33.762461301404926], [-6.739251092993062, 33.77018681284835], [-6.741856207317008, 33.771713948831355], [-6.735747663384996, 33.772073274945], [-6.732423896833754, 33.77683434595083], [-6.727303499714272, 33.776475019837186], [-6.7270340051290365, 33.780966596257784], [-6.730088277095042, 33.78177508001349], [-6.7267645105438, 33.783661542110146], [-6.7232610809357345, 33.782403900712374], [-6.722093271066379, 33.78806328700233], [-6.726225521373329, 33.795788798445756], [-6.724788216918737, 33.799382059582236], [-6.727393331242684, 33.801268521678885], [-6.736017157970231, 33.80324481530395], [-6.745718963038723, 33.79408199940593], [-6.747335930550138, 33.79587862997417], [-6.741586712731772, 33.79893290194018], [-6.740239239805593, 33.802166836963], [-6.741496881203361, 33.804861782815365], [-6.745718963038723, 33.805041445872185], [-6.738173114652119, 33.80593976115631], [-6.7374544624248225, 33.80333464683236], [-6.73637648408388, 33.810072011463255], [-6.731525581549634, 33.813216114957676], [-6.731705244606458, 33.815372071639565], [-6.731076423907574, 33.813665272599735], [-6.727393331242684, 33.81528224011115], [-6.725237374560797, 33.81483308246909], [-6.734669685044052, 33.810521169105314], [-6.735747663384996, 33.80593976115631], [-6.733322212117873, 33.80567026657107], [-6.731525581549634, 33.80917369617914], [-6.731705244606458, 33.804592288230126], [-6.72487804844715, 33.804143130588066], [-6.720116977441316, 33.796687113729874], [-6.721913608009555, 33.79408199940593], [-6.720835629668612, 33.7930938525934], [-6.716344053248014, 33.79255486342293], [-6.720566135083375, 33.791476885081984], [-6.719218662157196, 33.78905143381486], [-6.714367759622951, 33.78985991757057], [-6.718410178401489, 33.79066840132627], [-6.715176243378659, 33.79273452647975], [-6.7048456176112845, 33.7916565481388], [-6.709606688617118, 33.78851244464439], [-6.706103259009051, 33.78312255293967], [-6.709696520145529, 33.78375137363855], [-6.716523716304838, 33.77854114499066]], [[-6.71293045516836, 33.75410696926261], [-6.713289781282008, 33.75545444218879], [-6.714547422679775, 33.75518494760355], [-6.714188096566127, 33.75419680079102], [-6.71293045516836, 33.75410696926261]], [[-6.71337961281042, 33.759317197910505], [-6.71337961281042, 33.759047703325265], [-6.71293045516836, 33.759047703325265], [-6.71293045516836, 33.759317197910505], [-6.71337961281042, 33.759317197910505]], [[-6.715176243378659, 33.757610398870675], [-6.715176243378659, 33.75725107275703], [-6.714906748793423, 33.75725107275703], [-6.714906748793423, 33.757610398870675], [-6.715176243378659, 33.757610398870675]], [[-6.7157152325491305, 33.755723936774025], [-6.717601694645781, 33.75770023039909], [-6.717601694645781, 33.75662225205814], [-6.716883042418486, 33.756173094416084], [-6.7157152325491305, 33.755723936774025]], [[-6.71661354783325, 33.76039517625145], [-6.715984727134366, 33.76111382847874], [-6.716703379361662, 33.761473154592395], [-6.717961020759429, 33.76057483930827], [-6.71661354783325, 33.76039517625145]], [[-6.7341306958735805, 33.745932300177124], [-6.732693391418989, 33.74305769126794], [-6.7312560869643985, 33.74440516419412], [-6.733322212117873, 33.74674078393283], [-6.727932320413156, 33.743776343495234], [-6.728830635697276, 33.74701027851807], [-6.724069564691442, 33.745033984893006], [-6.718679672986725, 33.75150185493867], [-6.731705244606458, 33.76326978516063], [-6.7312560869643985, 33.76048500777986], [-6.727393331242684, 33.75581376830244], [-6.731974739191694, 33.75132219188184], [-6.729369624867747, 33.74718994157489], [-6.735747663384996, 33.748806909086305], [-6.738532440765766, 33.745932300177124], [-6.7341306958735805, 33.745932300177124]], [[-6.71939832521402, 33.69095540478901], [-6.71939832521402, 33.690685910203776], [-6.7190389991003725, 33.690685910203776], [-6.7190389991003725, 33.69095540478901], [-6.71939832521402, 33.69095540478901]], [[-6.7194881567424325, 33.76093416542192], [-6.720476303554964, 33.76093416542192], [-6.720116977441316, 33.76030534472304], [-6.719667819799256, 33.76057483930827], [-6.7194881567424325, 33.76093416542192]], [[-6.721554281895907, 33.69176388854471], [-6.721554281895907, 33.69149439395948], [-6.720386472026552, 33.69149439395948], [-6.720655966611788, 33.69194355160154], [-6.721554281895907, 33.69176388854471]], [[-6.721284787310672, 33.715659075102295], [-6.721284787310672, 33.715928569687534], [-6.722632260236851, 33.715209917460236], [-6.721644113424319, 33.714940422875], [-6.721284787310672, 33.715659075102295]], [[-6.721913608009555, 33.69149439395948], [-6.721913608009555, 33.69176388854471], [-6.722542428708438, 33.69185372007313], [-6.722722091765263, 33.69149439395948], [-6.721913608009555, 33.69149439395948]], [[-6.725506869146033, 33.68700281753888], [-6.725686532202857, 33.68772146976618], [-6.726495015958564, 33.68763163823777], [-6.7261356898449165, 33.687092649067296], [-6.725506869146033, 33.68700281753888]], [[-6.723440743992558, 33.68475702932859], [-6.722901754822087, 33.684936692385406], [-6.723171249407322, 33.686104502254764], [-6.725506869146033, 33.68700281753888], [-6.723440743992558, 33.68475702932859]], [[-6.724069564691442, 33.73416436995516], [-6.72353057552097, 33.73506268523928], [-6.725057711503974, 33.73515251676769], [-6.724518722333501, 33.73434403301198], [-6.724069564691442, 33.73416436995516]], [[-6.724518722333501, 33.70011822068703], [-6.725506869146033, 33.70002838915862], [-6.725327206089209, 33.6991300738745], [-6.724788216918737, 33.699489399988146], [-6.724518722333501, 33.70011822068703]], [[-6.726495015958564, 33.73290672855739], [-6.726225521373329, 33.73344571772786], [-6.726674679015389, 33.733535549256274], [-6.7267645105438, 33.73290672855739], [-6.726495015958564, 33.73290672855739]], [[-6.726405184430153, 33.72985245659138], [-6.727572994299508, 33.73039144576185], [-6.727572994299508, 33.729762625062975], [-6.726944173600624, 33.72877447825044], [-6.726405184430153, 33.72985245659138]], [[-6.727572994299508, 33.73272706550057], [-6.72766282582792, 33.73200841327327], [-6.727303499714272, 33.73200841327327], [-6.7267645105438, 33.73272706550057], [-6.727572994299508, 33.73272706550057]], [[-6.7270340051290365, 33.68817062740824], [-6.7270340051290365, 33.688529953521886], [-6.727752657356332, 33.68870961657871], [-6.727842488884744, 33.688260458936654], [-6.7270340051290365, 33.68817062740824]], [[-6.728381478055216, 33.68116376819211], [-6.728471309583627, 33.68044511596481], [-6.728111983469979, 33.68044511596481], [-6.727842488884744, 33.68098410513528], [-6.728381478055216, 33.68116376819211]], [[-6.728471309583627, 33.68933843727759], [-6.728381478055216, 33.68888927963553], [-6.728022151941568, 33.68888927963553], [-6.728111983469979, 33.68933843727759], [-6.728471309583627, 33.68933843727759]], [[-6.729010298754099, 33.741440723756526], [-6.728920467225687, 33.74180004987017], [-6.729639119452983, 33.74180004987017], [-6.729639119452983, 33.74153055528494], [-6.729010298754099, 33.741440723756526]], [[-6.729010298754099, 33.68601467072635], [-6.7308069293223385, 33.686823154482056], [-6.7308069293223385, 33.68655365989682], [-6.729728950981395, 33.68574517614112], [-6.729010298754099, 33.68601467072635]], [[-6.729189961810923, 33.68367905098764], [-6.729818782509807, 33.68367905098764], [-6.729549287924571, 33.68322989334558], [-6.729010298754099, 33.683499387930816], [-6.729189961810923, 33.68367905098764]], [[-6.729818782509807, 33.68385871404446], [-6.731974739191694, 33.68547568155588], [-6.732064570720105, 33.68484686085699], [-6.73089676085075, 33.68403837710129], [-6.729818782509807, 33.68385871404446]], [[-6.730267940151866, 33.676582360243096], [-6.730717097793926, 33.67766033858404], [-6.731525581549634, 33.67694168635674], [-6.731076423907574, 33.67631286565786], [-6.730267940151866, 33.676582360243096]], [[-6.730627266265515, 33.75877820874003], [-6.731974739191694, 33.761922312234454], [-6.732783222947401, 33.7615629861208], [-6.732693391418989, 33.75913753485368], [-6.730627266265515, 33.75877820874003]], [[-6.731525581549634, 33.66813819657237], [-6.731435750021222, 33.66849752268602], [-6.731884907663281, 33.66858735421443], [-6.732064570720105, 33.668228028100785], [-6.731525581549634, 33.66813819657237]], [[-6.731884907663281, 33.675145055788505], [-6.731884907663281, 33.67487556120327], [-6.731525581549634, 33.67478572967486], [-6.731435750021222, 33.675145055788505], [-6.731884907663281, 33.675145055788505]], [[-6.731435750021222, 33.75653242052974], [-6.731435750021222, 33.75689174664338], [-6.731705244606458, 33.75689174664338], [-6.73179507613487, 33.75653242052974], [-6.731435750021222, 33.75653242052974]], [[-6.734939179629288, 33.68296039876034], [-6.740418902862417, 33.67784000164087], [-6.740957892032889, 33.672989099106616], [-6.736017157970231, 33.67307893063503], [-6.734400190458817, 33.67757050705563], [-6.731435750021222, 33.67784000164087], [-6.732783222947401, 33.683948545572875], [-6.734939179629288, 33.68296039876034]], [[-6.733232380589461, 33.68619433378318], [-6.733322212117873, 33.68574517614112], [-6.73224423377693, 33.68556551308429], [-6.732334065305341, 33.686104502254764], [-6.733232380589461, 33.68619433378318]], [[-6.732603559890578, 33.668677185742844], [-6.73224423377693, 33.668677185742844], [-6.733322212117873, 33.67083314242473], [-6.735568000328172, 33.67119246853838], [-6.733951032816757, 33.67029415325426], [-6.732603559890578, 33.668677185742844]], [[-6.73547816879976, 33.70110636749956], [-6.735208674214524, 33.70056737832909], [-6.733142549061049, 33.70362165029509], [-6.734310358930404, 33.70272333501097], [-6.73547816879976, 33.70110636749956]], [[-6.734040864345168, 33.66840769115761], [-6.734759516572464, 33.66840769115761], [-6.7345798535156405, 33.66732971281667], [-6.733771369759933, 33.667778870458726], [-6.734040864345168, 33.66840769115761]], [[-6.7350290111577, 33.76488675267205], [-6.735118842686112, 33.764078268916336], [-6.7341306958735805, 33.764796921143635], [-6.734490021987228, 33.76506641572887], [-6.7350290111577, 33.76488675267205]], [[-6.737544293953235, 33.74341701738159], [-6.737634125481646, 33.74224920751223], [-6.734220527401993, 33.74539331100665], [-6.736106989498643, 33.74494415336459], [-6.737544293953235, 33.74341701738159]], [[-6.734759516572464, 33.646039640583034], [-6.735837494913407, 33.646039640583034], [-6.735837494913407, 33.645770145997794], [-6.7350290111577, 33.64523115682732], [-6.734759516572464, 33.646039640583034]], [[-6.735118842686112, 33.6683178596292], [-6.737993451595295, 33.67083314242473], [-6.73592732644182, 33.671821289237265], [-6.740329071334005, 33.67065347936791], [-6.7383527777089425, 33.669216174913316], [-6.740598565919241, 33.66804836504396], [-6.740239239805593, 33.66670089211778], [-6.737723957010059, 33.66876701727126], [-6.735118842686112, 33.6683178596292]], [[-6.737364630896411, 33.66732971281667], [-6.737274799367999, 33.66768903893031], [-6.73781378853847, 33.667778870458726], [-6.7379036200668825, 33.66741954434508], [-6.737364630896411, 33.66732971281667]], [[-6.737634125481646, 33.705148786278095], [-6.737634125481646, 33.70487929169286], [-6.737364630896411, 33.70487929169286], [-6.737364630896411, 33.705148786278095], [-6.737634125481646, 33.705148786278095]], [[-6.739790082163534, 33.66481443002113], [-6.739700250635122, 33.66517375613478], [-6.740329071334005, 33.66526358766319], [-6.740418902862417, 33.664904261549545], [-6.739790082163534, 33.66481443002113]], [[-6.744191827055719, 33.66364662015177], [-6.740598565919241, 33.66598223989049], [-6.741946038845421, 33.66616190294731], [-6.743113848714776, 33.66553308224842], [-6.744191827055719, 33.66364662015177]], [[-6.745539299981898, 33.63346322660536], [-6.745539299981898, 33.633193732020125], [-6.744820647754603, 33.63310390049171], [-6.744730816226191, 33.63346322660536], [-6.745539299981898, 33.63346322660536]], [[-6.747246099021726, 33.6428057055602], [-6.74652744679443, 33.64550065141256], [-6.750030876402496, 33.645141325298916], [-6.750300370987732, 33.64325486320226], [-6.747246099021726, 33.6428057055602]], [[-6.751378349328675, 33.66167032652671], [-6.754252958237858, 33.66149066346989], [-6.753534306010562, 33.65996352748689], [-6.750030876402496, 33.6615804949983], [-6.7520970015559705, 33.664455103907486], [-6.751378349328675, 33.66167032652671]], [[-6.752186833084383, 33.68637399684], [-6.751737675442323, 33.68763163823777], [-6.7525461591980305, 33.68808079587983], [-6.753264811425327, 33.68691298601047], [-6.752186833084383, 33.68637399684]], [[-6.760181839113047, 33.6570889185777], [-6.752186833084383, 33.657268581634526], [-6.756588577976569, 33.65888554914594], [-6.758385208544808, 33.65834655997547], [-6.760181839113047, 33.6570889185777]], [[-6.7563190833913325, 33.675594213430564], [-6.756229251862921, 33.67595353954421], [-6.7567682410333925, 33.67604337107262], [-6.756858072561805, 33.67568404495898], [-6.7563190833913325, 33.675594213430564]], [[-6.759283523828927, 33.66391611473701], [-6.757397061732276, 33.664904261549545], [-6.757307230203864, 33.66616190294731], [-6.758654703130043, 33.665083924606364], [-6.759283523828927, 33.66391611473701]], [[-6.757397061732276, 33.6698449956122], [-6.757397061732276, 33.67020432172585], [-6.757666556317512, 33.67020432172585], [-6.757756387845924, 33.6698449956122], [-6.757397061732276, 33.6698449956122]], [[-6.759463186885751, 33.66840769115761], [-6.759283523828927, 33.66715004975984], [-6.758924197715279, 33.66732971281667], [-6.758834366186868, 33.66858735421443], [-6.759463186885751, 33.66840769115761]], [[-6.759732681470987, 33.666341566004135], [-6.760181839113047, 33.66643139753255], [-6.760181839113047, 33.66472459849272], [-6.759373355357339, 33.66517375613478], [-6.759732681470987, 33.666341566004135]], [[-6.766290383045059, 33.66149066346989], [-6.759463186885751, 33.6615804949983], [-6.761439480510814, 33.665353419191604], [-6.765931056931412, 33.66517375613478], [-6.766290383045059, 33.66149066346989]], [[-6.759553018414163, 33.71395227606247], [-6.760271670641458, 33.714940422875], [-6.760361502169871, 33.71323362383517], [-6.759732681470987, 33.71323362383517], [-6.759553018414163, 33.71395227606247]], [[-6.760720828283518, 33.71619806427277], [-6.759822512999399, 33.7179048633126], [-6.7600920075846345, 33.7179048633126], [-6.760900491340342, 33.7171862110853], [-6.760720828283518, 33.71619806427277]], [[-6.764673415533644, 33.682780735703524], [-6.760630996755106, 33.68592483919794], [-6.766200551516647, 33.68619433378318], [-6.766919203743943, 33.68484686085699], [-6.764673415533644, 33.682780735703524]], [[-6.763056448022229, 33.719431999295594], [-6.7623377957949335, 33.718982841653535], [-6.763236111079053, 33.720240483051306], [-6.765122573175704, 33.72006081999448], [-6.76404459483476, 33.719252336238775], [-6.763056448022229, 33.719431999295594]], [[-6.765841225402999, 33.666521229060955], [-6.764134426363173, 33.66939583797014], [-6.764853078590468, 33.669216174913316], [-6.765302236232528, 33.66804836504396], [-6.765841225402999, 33.666521229060955]], [[-6.7661107199882355, 33.68745197518094], [-6.765481899289352, 33.68745197518094], [-6.765481899289352, 33.68772146976618], [-6.766020888459823, 33.68781130129459], [-6.7661107199882355, 33.68745197518094]], [[-6.765931056931412, 33.67334842522027], [-6.765931056931412, 33.67245010993614], [-6.7656615623461756, 33.67245010993614], [-6.7656615623461756, 33.67334842522027], [-6.765931056931412, 33.67334842522027]], [[-6.7661107199882355, 33.69176388854471], [-6.766829372215531, 33.69203338312995], [-6.766829372215531, 33.689697763391244], [-6.766290383045059, 33.690685910203776], [-6.7661107199882355, 33.69176388854471]], [[-6.766739540687119, 33.688529953521886], [-6.766739540687119, 33.68817062740824], [-6.766470046101883, 33.68817062740824], [-6.766470046101883, 33.688529953521886], [-6.766739540687119, 33.688529953521886]], [[-6.770422633352009, 33.69194355160154], [-6.76862600278377, 33.689877426448064], [-6.76817684514171, 33.69266220382884], [-6.769254823482654, 33.69122489937425], [-6.770422633352009, 33.69194355160154]]], [[[-7.010991466439217, 33.78010885882732], [-7.005949857939924, 33.771134666442066], [-7.001789125766237, 33.750283073749515], [-6.996534801523987, 33.74119765500743], [-6.99357568022429, 33.72390733035884], [-6.987932378280917, 33.708830585579335], [-6.987994595165757, 33.7013745405625], [-6.987994595165757, 33.70460979710762], [-6.995720106609185, 33.70460979710762], [-6.998774378575192, 33.727606668381085], [-7.001109998313902, 33.72832532060838], [-7.004793090978792, 33.727606668381085], [-7.004793090978792, 33.731379592574385], [-7.006410058490207, 33.7314694241028], [-7.007128710717503, 33.73209824480168], [-7.0022778081832575, 33.73703897886434], [-7.004074438751497, 33.74898657214313], [-7.010991466439217, 33.76614439406981], [-7.010991466439217, 33.78010885882732]], [[-7.0022778081832575, 33.73632032663704], [-7.002008313598022, 33.73632032663704], [-7.002008313598022, 33.73703897886434], [-7.0022778081832575, 33.73703897886434], [-7.0022778081832575, 33.73632032663704]], [[-6.998145557876308, 33.727606668381085], [-6.998145557876308, 33.727157510739026], [-6.997876063291072, 33.727157510739026], [-6.997876063291072, 33.727606668381085], [-6.998145557876308, 33.727606668381085]], [[-7.005511743206088, 33.73155925563121], [-7.005511743206088, 33.731649087159624], [-7.005691406262912, 33.731649087159624], [-7.005691406262912, 33.73155925563121], [-7.005511743206088, 33.73155925563121]]], [[[-6.702420166344162, 33.77512754691101], [-6.696670948525797, 33.77081563354724], [-6.710864330014885, 33.76892917145058], [-6.712301634469476, 33.77180378035977], [-6.716254221719602, 33.77162411730294], [-6.712571129054712, 33.77593603066671], [-6.707630394992055, 33.775486873024654], [-6.702420166344162, 33.77512754691101]]], [[[-7.0626445952760895, 33.80701773949725], [-7.068842970736514, 33.80540077198584], [-7.072526063401404, 33.80037020639477], [-7.086449950305257, 33.79569896691734], [-7.092288999652034, 33.796507450673055], [-7.093905967163449, 33.80423296211648], [-7.099206027339754, 33.803604141417594], [-7.101631478606877, 33.80917369617914], [-7.106302718084298, 33.81204830508832], [-7.106662044197946, 33.81429409329862], [-7.108997663936657, 33.815372071639565], [-7.10360777223194, 33.808634707008665], [-7.102529793890996, 33.80252616307666], [-7.099206027339754, 33.796687113729874], [-7.09624158690216, 33.795788798445756], [-7.099565353453402, 33.80162784779253], [-7.096600913015807, 33.80225666849142], [-7.094085630220273, 33.795070146218464], [-7.087348265589377, 33.793363347178634], [-7.082227868469895, 33.79596846150258], [-7.084024499038134, 33.793363347178634], [-7.081688879299423, 33.793363347178634], [-7.0799820802595965, 33.79587862997417], [-7.0799820802595965, 33.79333085707574], [-7.089487202999862, 33.79253035200014], [-7.099663251999857, 33.795627410000236], [-7.109691821999888, 33.8142097610002], [-7.125885991278103, 33.831817600222706], [-7.120855425687035, 33.83235023050942], [-7.108746630259678, 33.8411211159649], [-7.108364510999934, 33.84134589200005], [-7.105709889999957, 33.8429681610001], [-7.105167997806362, 33.843713262766265], [-7.100707654164811, 33.84694406829162], [-7.100015968999912, 33.847289911000075], [-7.099687723999921, 33.84704372700014], [-7.098968152999873, 33.84740771700024], [-7.098968152999873, 33.847921337000116], [-7.099043558999938, 33.84811538800005], [-7.097716547096506, 33.84911064692767], [-7.080415830533593, 33.8275277946591], [-7.063647266656857, 33.83050932840984], [-7.044590373884619, 33.826538931024864], [-7.030549961874629, 33.8150023833085], [-7.025450095795345, 33.79659728220147], [-7.048271550730177, 33.79659728220147], [-7.050068181298416, 33.79354301023546], [-7.052493632565539, 33.793902336349106], [-7.055907230645193, 33.796687113729874], [-7.0573445350997845, 33.80243633154824], [-7.057883524270256, 33.79659728220147], [-7.06098390560141, 33.7961481245594], [-7.060728802999904, 33.79798707400005], [-7.066333003999887, 33.800346736999984], [-7.0745012141182535, 33.7961481245594], [-7.078365112748181, 33.79659728220147], [-7.075849829952647, 33.796687113729874], [-7.067495497810335, 33.80162784779253], [-7.0593208287248475, 33.79830408124129], [-7.059949649423731, 33.80099902709365], [-7.0639920682022685, 33.80252616307666], [-7.068393813094454, 33.80189734237777], [-7.070280275191106, 33.80063970098], [-7.067495497810335, 33.80405329905965], [-7.057434366628196, 33.80252616307666], [-7.058153018855492, 33.8051312774006], [-7.062554763747677, 33.80468211975854], [-7.0626445952760895, 33.80701773949725]], [[-7.070998927418401, 33.822289099327286], [-7.070729432833165, 33.822289099327286], [-7.070729432833165, 33.82264842544093], [-7.070998927418401, 33.82264842544093], [-7.070998927418401, 33.822289099327286]], [[-7.071358253532049, 33.82157044709999], [-7.071358253532049, 33.82192977321363], [-7.07189724270252, 33.82183994168523], [-7.071807411174109, 33.82139078404316], [-7.071358253532049, 33.82157044709999]], [[-7.104865413629707, 33.80836521242343], [-7.104865413629707, 33.808634707008665], [-7.105404402800179, 33.80935335923596], [-7.105853560442238, 33.80836521242343], [-7.104865413629707, 33.80836521242343]], [[-7.11097395756172, 33.81923482736128], [-7.110794294504895, 33.81662971303733], [-7.109446821578716, 33.81734836526463], [-7.109536653107129, 33.81860600666239], [-7.11097395756172, 33.81923482736128]]], [[[-6.753624137538974, 33.81806701749192], [-6.751558012385499, 33.81618055539527], [-6.749851213345672, 33.820133142645396], [-6.747695256663786, 33.81240763120197], [-6.744910479283015, 33.81231779967356], [-6.744281658584131, 33.8163602184521], [-6.742934185657952, 33.81806701749192], [-6.74374266941366, 33.81097032674737], [-6.746617278322842, 33.808455043951845], [-6.755869925749273, 33.80872453853708], [-6.756947904090216, 33.80593976115631], [-6.755061441993566, 33.80495161434378], [-6.758115713959572, 33.80279565766189], [-6.758295377016395, 33.79884307041176], [-6.759732681470987, 33.80243633154824], [-6.766196798659203, 33.80063970098], [-6.764482087062936, 33.824956769027565], [-6.767919708708084, 33.834057177548516], [-6.77464592877596, 33.84126603835113], [-6.779675280778441, 33.85166400911799], [-6.774015894488487, 33.84932838937928], [-6.773297242261192, 33.85390979732829], [-6.772848084619132, 33.84905889479404], [-6.76817684514171, 33.84663344352692], [-6.765931056931412, 33.84187237252109], [-6.758654703130043, 33.83854860596985], [-6.756408914919745, 33.84007574195285], [-6.760900491340342, 33.84339950850409], [-6.756858072561805, 33.84807074798151], [-6.753713969067386, 33.84591479129963], [-6.754971610465153, 33.84070456265173], [-6.748413908891081, 33.8442079922598], [-6.741137555089713, 33.84259102474839], [-6.750569865572968, 33.84088422570856], [-6.750300370987732, 33.83720113304366], [-6.748503740419493, 33.83791978527096], [-6.748144414305845, 33.8374706276289], [-6.7520970015559705, 33.830104442299124], [-6.750749528629791, 33.82579252893535], [-6.753983463652622, 33.82426539295235], [-6.753624137538974, 33.81806701749192]], [[-6.752635990726443, 33.816000892338444], [-6.752635990726443, 33.81573139775321], [-6.752276664612795, 33.81573139775321], [-6.752276664612795, 33.816000892338444], [-6.752635990726443, 33.816000892338444]], [[-6.753085148368502, 33.8163602184521], [-6.753264811425327, 33.816989039150975], [-6.753624137538974, 33.816989039150975], [-6.753534306010562, 33.8164500499805], [-6.753085148368502, 33.8163602184521]]], [[[-6.915680214794135, 33.77324108481436], [-6.923046400123916, 33.772163106473414], [-6.924932862220567, 33.77521737843942], [-6.9254718513910385, 33.77164465727053], [-6.927268481959278, 33.77199711923455], [-6.926998987374041, 33.7772835035929], [-6.91909381287379, 33.77800215582019], [-6.91999212815791, 33.775307209967835], [-6.923765052351212, 33.77611569372354], [-6.924573536106919, 33.77557670455307], [-6.9216989271977365, 33.77378007398483], [-6.917117519248727, 33.77512754691101], [-6.915680214794135, 33.784559857394264], [-6.91909381287379, 33.778810639575894], [-6.920081959686321, 33.782403900712374], [-6.921609095669325, 33.77782249276336], [-6.9292447755843405, 33.7772835035929], [-6.927807471129749, 33.773151253285945], [-6.930951574624167, 33.769378329092646], [-6.929281361508624, 33.76695287782552], [-6.933327326479112, 33.7574401644877], [-6.939278385812077, 33.75127421128524], [-6.9500336000062575, 33.74578119281921], [-6.954577266596511, 33.744725976667794], [-6.9594281691307565, 33.74701027851807], [-6.957990864676165, 33.74844758297266], [-6.960146821358052, 33.75015438201248], [-6.9603264844148764, 33.74808825685901], [-6.9665248598753005, 33.745932300177124], [-6.963021430267235, 33.74530347947824], [-6.9683214904435395, 33.74485432183618], [-6.964907892363885, 33.76129349153557], [-6.969489300312895, 33.75653242052974], [-6.969938457954955, 33.74530347947824], [-6.985161455324111, 33.752973538769815], [-7.002723824284556, 33.77766140313884], [-7.003829976655263, 33.79584280240188], [-6.999623971931976, 33.81034151915819], [-7.003435691787116, 33.81986886490643], [-7.014551052091317, 33.827802128211964], [-7.023333244961305, 33.840329137688066], [-7.025575730211465, 33.8479057871509], [-7.0249868693155895, 33.86170667982933], [-7.0275755111328095, 33.87187308553119], [-7.03170217501774, 33.87735582624381], [-7.031358881515753, 33.87735996140915], [-7.030207998999856, 33.87687733299998], [-7.02892822899986, 33.87738924000013], [-7.02846751199985, 33.87928329900012], [-7.028569893999872, 33.88005116000011], [-7.029449665355945, 33.88056050159709], [-7.029477477999933, 33.88072965200013], [-7.028446741999915, 33.881134584999984], [-7.0278240039999105, 33.881383680000226], [-7.027638246058802, 33.882149930935554], [-7.026161214232025, 33.88329051421035], [-7.025447257999872, 33.883685705000175], [-7.024986539999929, 33.88419761300008], [-7.0242737015281, 33.88405659077304], [-7.024212121999938, 33.88362553700017], [-7.023215740999888, 33.8833764420001], [-7.022094812999853, 33.88362553700017], [-7.006872457176926, 33.89331989325393], [-7.006837727999937, 33.89321570499999], [-7.006695343999922, 33.89318406400014], [-7.005716798999913, 33.892966608999984], [-7.004585860169442, 33.89477611240011], [-7.004433764865144, 33.89487297428414], [-7.004284270354942, 33.89499054727411], [-7.003724036999927, 33.89508391900023], [-7.00172261799986, 33.89666837599998], [-7.001343575999954, 33.89730331600009], [-7.00241628699996, 33.901124479000146], [-6.997361109659538, 33.90139066594718], [-6.996749369999861, 33.90118675299999], [-6.995998246999875, 33.90143407900018], [-6.995895756999914, 33.901467826000044], [-6.993795723293352, 33.90393399295482], [-6.992016559999854, 33.90473636100023], [-6.991082452999933, 33.90610638400017], [-6.98908969099989, 33.9079123250001], [-6.989348828840693, 33.90915618730164], [-6.987914968770296, 33.90937656851813], [-6.986349642999926, 33.909344622999924], [-6.983485046999874, 33.90990508700014], [-6.983132797973733, 33.910111577909454], [-6.982335208875805, 33.910234165642585], [-6.982051511828465, 33.91074543561464], [-6.981679106999934, 33.91096374200009], [-6.9806204519999255, 33.9119601230002], [-6.980433629999936, 33.912333766000074], [-6.980581920999953, 33.91281571000019], [-6.980443441999853, 33.91347918800017], [-6.980449570656475, 33.913632404040705], [-6.970792721865176, 33.90441741571478], [-6.961106590164111, 33.88051894109544], [-6.9505090752616, 33.87917239633237], [-6.939029263387407, 33.87369309998382], [-6.9307941748176765, 33.864901282071656], [-6.924286463158081, 33.8516858260884], [-6.9025441437245725, 33.85469350083038], [-6.893283035058147, 33.852108260531374], [-6.883161002765507, 33.8453264495869], [-6.8740115529299475, 33.83218086505883], [-6.872024776514082, 33.81971245621276], [-6.875398407627647, 33.80825897472049], [-6.888801181068685, 33.784244565176806], [-6.897251160219473, 33.77766853329178], [-6.910831940896947, 33.771896323696105], [-6.915680214794135, 33.77324108481436]], [[-6.911188638373538, 33.81141948438944], [-6.9037326215153465, 33.816000892338444], [-6.905978409725645, 33.81528224011115], [-6.907775040293884, 33.81456358788385], [-6.911188638373538, 33.81141948438944]], [[-6.905080094441526, 33.821031457929514], [-6.906876725009765, 33.82336707766822], [-6.906427567367705, 33.82148061557157], [-6.908134366407531, 33.817438196793034], [-6.915949709379372, 33.81159914744626], [-6.9070563880665885, 33.816270386923684], [-6.905080094441526, 33.821031457929514]], [[-6.9108293122598905, 33.80333464683236], [-6.91172762754401, 33.80324481530395], [-6.912086953657658, 33.802166836963], [-6.9108293122598905, 33.80180751084936], [-6.9108293122598905, 33.80333464683236]], [[-6.913164931998601, 33.80019054333794], [-6.913793752697485, 33.80001088028112], [-6.914332741867956, 33.79920239652541], [-6.913344595055425, 33.799112564996996], [-6.913164931998601, 33.80019054333794]], [[-6.913973415754309, 33.801717679320944], [-6.913973415754309, 33.805041445872185], [-6.916129372436195, 33.805041445872185], [-6.915680214794135, 33.80243633154824], [-6.920531117328381, 33.79884307041176], [-6.924304041521683, 33.792465031894515], [-6.913973415754309, 33.801717679320944]], [[-6.915141225623664, 33.77961912333161], [-6.914692067981604, 33.779798786388426], [-6.914871731038428, 33.78042760708731], [-6.915320888680488, 33.780517438615725], [-6.915141225623664, 33.77961912333161]], [[-6.915500551737312, 33.78824295005915], [-6.915680214794135, 33.7886022761728], [-6.916219203964608, 33.788422613115976], [-6.916758193135079, 33.788153118530744], [-6.915500551737312, 33.78824295005915]], [[-6.9188243182885545, 33.80656858185519], [-6.916398867021432, 33.807466897139314], [-6.916578530078255, 33.81106015827579], [-6.917746339947611, 33.808904201593904], [-6.918285329118082, 33.807197402554074], [-6.9188243182885545, 33.80656858185519]], [[-6.916398867021432, 33.78994974909898], [-6.916398867021432, 33.79021924368421], [-6.917207350777139, 33.79012941215581], [-6.917746339947611, 33.78968025451374], [-6.916398867021432, 33.78994974909898]], [[-6.917117519248727, 33.785727667263615], [-6.917656508419198, 33.78770396088868], [-6.919183644402202, 33.78653615101933], [-6.9183751606464945, 33.785548004206795], [-6.917117519248727, 33.785727667263615]], [[-6.917836171476023, 33.822738256969345], [-6.918464992174906, 33.822917920026164], [-6.919363307459026, 33.822019604742046], [-6.91909381287379, 33.821300952514754], [-6.917836171476023, 33.822738256969345]], [[-6.918015834532847, 33.78905143381486], [-6.920890443442029, 33.790758232854685], [-6.920620948856794, 33.79426166246275], [-6.921519264140913, 33.792914189536575], [-6.9216989271977365, 33.789590422985334], [-6.918015834532847, 33.78905143381486]], [[-6.919722633572674, 33.7825835637692], [-6.9216989271977365, 33.7863564879625], [-6.9212497695556765, 33.78464968892268], [-6.920800611913617, 33.78330221599649], [-6.919722633572674, 33.7825835637692]], [[-6.929604101697988, 33.811958473559905], [-6.920800611913617, 33.82004331111698], [-6.92232774789662, 33.81878566971922], [-6.927448145016101, 33.815551734696385], [-6.929604101697988, 33.811958473559905]], [[-6.926549829731982, 33.8118686420315], [-6.927537976544514, 33.811778810503085], [-6.9287956179422805, 33.81061100063373], [-6.927627808072925, 33.81061100063373], [-6.926549829731982, 33.8118686420315]], [[-6.930232922396872, 33.810072011463255], [-6.9301430908684605, 33.80926352770755], [-6.929514270169577, 33.809622853821196], [-6.928975280999104, 33.81025167452008], [-6.930232922396872, 33.810072011463255]], [[-6.930053259340048, 33.81159914744626], [-6.929783764754812, 33.81159914744626], [-6.929783764754812, 33.8118686420315], [-6.930053259340048, 33.8118686420315], [-6.930053259340048, 33.81159914744626]], [[-6.931221069209403, 33.76569523642775], [-6.930412585453696, 33.76560540489934], [-6.930053259340048, 33.7660545625414], [-6.930951574624167, 33.76641388865505], [-6.931221069209403, 33.76569523642775]], [[-6.930682080038932, 33.770995296604056], [-6.931760058379875, 33.77108512813247], [-6.931849889908287, 33.77072580201882], [-6.930771911567343, 33.77063597049041], [-6.930682080038932, 33.770995296604056]], [[-6.930861743095756, 33.81240763120197], [-6.932748205192406, 33.81420426177021], [-6.934724498817469, 33.8133957780145], [-6.932119384493523, 33.812946620372436], [-6.930861743095756, 33.81240763120197]], [[-6.934814330345882, 33.811329652861026], [-6.932478710607171, 33.809622853821196], [-6.934095678118586, 33.81204830508832], [-6.93750927619824, 33.81123982133261], [-6.937778770783476, 33.809892348406436], [-6.934814330345882, 33.811329652861026]], [[-6.937599107726652, 33.812946620372436], [-6.936431297857297, 33.813216114957676], [-6.936431297857297, 33.81330594648609], [-6.936880455499357, 33.813665272599735], [-6.937599107726652, 33.812946620372436]], [[-6.9401143905221865, 33.81070083216214], [-6.939755064408539, 33.81070083216214], [-6.939755064408539, 33.81097032674737], [-6.9401143905221865, 33.81097032674737], [-6.9401143905221865, 33.81070083216214]], [[-6.9476602389087905, 33.810521169105314], [-6.950175521704326, 33.81420426177021], [-6.946312765982611, 33.81977381653175], [-6.948378891136087, 33.82031280570222], [-6.948289059607674, 33.81824668054875], [-6.951163668516857, 33.8133957780145], [-6.949995858647502, 33.8111499898042], [-6.946761923624671, 33.80935335923596], [-6.948738217249734, 33.808455043951845], [-6.9481093965508505, 33.806029592684716], [-6.943707651658665, 33.80980251687802], [-6.946402597511024, 33.81025167452008], [-6.940024558993775, 33.81402459871338], [-6.9476602389087905, 33.810521169105314]], [[-6.943348325545017, 33.81088049521897], [-6.943348325545017, 33.81061100063373], [-6.942719504846133, 33.810521169105314], [-6.942360178732486, 33.81097032674737], [-6.943348325545017, 33.81088049521897]], [[-6.945594113755316, 33.80162784779253], [-6.945594113755316, 33.802705826133476], [-6.946043271397375, 33.8028854891903], [-6.945953439868964, 33.80162784779253], [-6.945594113755316, 33.80162784779253]], [[-6.946133102925788, 33.803154983775535], [-6.9476602389087905, 33.80549060351425], [-6.947300912795143, 33.804143130588066], [-6.946761923624671, 33.803154983775535], [-6.946133102925788, 33.803154983775535]], [[-6.949097543363382, 33.82381623531029], [-6.949546701005442, 33.82363657225346], [-6.949995858647502, 33.82183994168523], [-6.9481093965508505, 33.822289099327286], [-6.949097543363382, 33.82381623531029]], [[-6.950085690175913, 33.80540077198584], [-6.950085690175913, 33.804861782815365], [-6.949367037948618, 33.803873636002834], [-6.948917880306558, 33.80477195128695], [-6.950085690175913, 33.80540077198584]], [[-6.949816195590677, 33.80656858185519], [-6.94900771183497, 33.80926352770755], [-6.950894173931621, 33.80926352770755], [-6.950265353232737, 33.808455043951845], [-6.949816195590677, 33.80656858185519]], [[-6.9522416468578, 33.815102577054326], [-6.949097543363382, 33.81851617513398], [-6.953499288255568, 33.821031457929514], [-6.950265353232737, 33.818695838190806], [-6.953499288255568, 33.815102577054326], [-6.951702657687329, 33.81061100063373], [-6.9522416468578, 33.815102577054326]], [[-6.949995858647502, 33.823906066838695], [-6.949636532533853, 33.823906066838695], [-6.949636532533853, 33.824355224480755], [-6.950085690175913, 33.82453488753758], [-6.949995858647502, 33.823906066838695]], [[-6.9552060872953945, 33.82579252893535], [-6.951612826158916, 33.82722983338994], [-6.955026424238571, 33.82731966491835], [-6.956463728693162, 33.826151855049], [-6.961045136642172, 33.82579252893535], [-6.951522994630505, 33.823187414611404], [-6.9552060872953945, 33.82579252893535]], [[-6.9598773267728165, 33.84905889479404], [-6.962302778039939, 33.84816057950992], [-6.959068843017109, 33.84672327505533], [-6.957182380920457, 33.84151304640744], [-6.963021430267235, 33.83872826902667], [-6.963919745551354, 33.8366621438732], [-6.961314631227408, 33.83405702954925], [-6.973082561449373, 33.823187414611404], [-6.969399468784483, 33.825343371293286], [-6.969668963369719, 33.823456909196636], [-6.966165533761653, 33.825343371293286], [-6.962841767210411, 33.82489421365123], [-6.967153680574184, 33.823187414611404], [-6.962392609568351, 33.82381623531029], [-6.956912886335222, 33.834865513304955], [-6.961943451926291, 33.83756045915732], [-6.952600972971448, 33.84070456265173], [-6.95637389716475, 33.84816057950992], [-6.959518000659169, 33.849957210078166], [-6.958709516903461, 33.85453861802717], [-6.960955305113759, 33.8555267648397], [-6.965806207648005, 33.84950805243611], [-6.969399468784483, 33.8524724928737], [-6.979999589137093, 33.84519613907233], [-6.9843115025008675, 33.84519613907233], [-6.983952176387219, 33.84860973715198], [-6.989252236563525, 33.85139451453276], [-6.990150551847644, 33.85660474318065], [-6.98628779612593, 33.866126885192315], [-6.991677687830648, 33.87223542912433], [-6.994192970626182, 33.87268458676639], [-6.992935329228414, 33.8712472823118], [-6.987904763637346, 33.86585739060708], [-6.990779372546528, 33.85938952056142], [-6.990779372546528, 33.86540823296502], [-6.992755666171591, 33.864689580737725], [-6.99500145438189, 33.85669457470906], [-6.994821791325066, 33.84986737854975], [-6.988982741978289, 33.84672327505533], [-6.991318361716999, 33.843489340032505], [-6.9905098779612915, 33.83908759514032], [-6.987545437523697, 33.84609445435645], [-6.985928470012283, 33.84375883461774], [-6.979101273852974, 33.84330967697568], [-6.9867369537679895, 33.84357917156092], [-6.988443752807817, 33.838907932083494], [-6.985658975427047, 33.841782540992675], [-6.980628409835977, 33.84052489959491], [-6.968411321971952, 33.84789108492469], [-6.9640994086081776, 33.84627411741327], [-6.962572272625175, 33.84744192728263], [-6.9636502509661184, 33.850855525362284], [-6.9603264844148764, 33.85390979732829], [-6.9598773267728165, 33.84905889479404]], [[-6.960955305113759, 33.771713948831355], [-6.963560419437706, 33.76344944821746], [-6.961943451926291, 33.76183248070604], [-6.9607756420569356, 33.76919866603582], [-6.957541707034106, 33.76991731826311], [-6.9603264844148764, 33.771713948831355], [-6.958080696204577, 33.77261226411547], [-6.960955305113759, 33.7743190631553], [-6.959518000659169, 33.77845131346225], [-6.961763788869467, 33.77827165040543], [-6.962482441096763, 33.782673395297614], [-6.968680816557187, 33.78662598254774], [-6.967602838216244, 33.78968025451374], [-6.969399468784483, 33.79426166246275], [-6.961943451926291, 33.8058499296279], [-6.956194234107926, 33.80809571783819], [-6.957990864676165, 33.81546190316797], [-6.955475581880631, 33.81348560954291], [-6.9552060872953945, 33.807466897139314], [-6.954038277426039, 33.81357544107132], [-6.958260359261401, 33.81896533277604], [-6.958529853846637, 33.81546190316797], [-6.968501153500363, 33.82192977321363], [-6.968051995858304, 33.82040263723063], [-6.958080696204577, 33.8118686420315], [-6.965985870704829, 33.80755672866772], [-6.966704522932124, 33.80576009809948], [-6.960416315943288, 33.808634707008665], [-6.97065711018225, 33.79471082010481], [-6.97065711018225, 33.79093789591151], [-6.968680816557187, 33.79003958062739], [-6.9702977840686025, 33.78617682490568], [-6.96374008249453, 33.78042760708731], [-6.962033283454703, 33.776924177479245], [-6.962123114983115, 33.77297159022912], [-6.9645485662502375, 33.77413940009848], [-6.963021430267235, 33.777193672064485], [-6.964728229307061, 33.780068280973666], [-6.969848626426543, 33.78321238446809], [-6.973082561449373, 33.78923109687168], [-6.971824920051606, 33.78330221599649], [-6.964818060835474, 33.776744514422425], [-6.9669740175173605, 33.77512754691101], [-6.964009577079766, 33.771713948831355], [-6.966255365290065, 33.769108834507406], [-6.960955305113759, 33.771713948831355]], [[-6.955116255766983, 33.74656112087601], [-6.954846761181747, 33.74656112087601], [-6.954846761181747, 33.74683061546124], [-6.955116255766983, 33.74683061546124], [-6.955116255766983, 33.74656112087601]], [[-6.9556552449374545, 33.74763909921695], [-6.95682305480681, 33.74781876227377], [-6.956912886335222, 33.747369604631714], [-6.9556552449374545, 33.7472797731033], [-6.9556552449374545, 33.74763909921695]], [[-6.957811201619341, 33.76237146987651], [-6.957362043977281, 33.7622816383481], [-6.95727221244887, 33.762640964461745], [-6.957811201619341, 33.762640964461745], [-6.957811201619341, 33.76237146987651]], [[-6.961943451926291, 33.81887550124763], [-6.957541707034106, 33.824175561423935], [-6.960416315943288, 33.82363657225346], [-6.963470587909295, 33.8209416264011], [-6.961943451926291, 33.81887550124763]], [[-6.964009577079766, 33.755544273717206], [-6.962392609568351, 33.75491545301832], [-6.965896039176417, 33.753388317035316], [-6.965985870704829, 33.748357751444246], [-6.958080696204577, 33.75814938804115], [-6.96005698982964, 33.75770023039909], [-6.959248506073933, 33.759317197910505], [-6.961314631227408, 33.76138332306398], [-6.963021430267235, 33.76048500777986], [-6.965267218477534, 33.75491545301832], [-6.964009577079766, 33.755544273717206]], [[-6.9605061474717, 33.76201214376286], [-6.960146821358052, 33.76129349153557], [-6.958619685375049, 33.7615629861208], [-6.958350190789813, 33.76183248070604], [-6.9605061474717, 33.76201214376286]], [[-6.9598773267728165, 33.76821051922329], [-6.959068843017109, 33.76821051922329], [-6.959068843017109, 33.76848001380852], [-6.9598773267728165, 33.76848001380852], [-6.9598773267728165, 33.76821051922329]], [[-6.961584125812643, 33.75015438201248], [-6.962482441096763, 33.750064550484076], [-6.963111261795646, 33.74943572978519], [-6.962033283454703, 33.74898657214313], [-6.961584125812643, 33.75015438201248]], [[-6.964279071665002, 33.76183248070604], [-6.964009577079766, 33.76803085616646], [-6.965806207648005, 33.76659355171187], [-6.966435028346889, 33.76317995363222], [-6.964279071665002, 33.76183248070604]], [[-6.964368903193414, 33.82148061557157], [-6.964009577079766, 33.82148061557157], [-6.964009577079766, 33.82192977321363], [-6.964458734721826, 33.82183994168523], [-6.964368903193414, 33.82148061557157]], [[-6.970836773239075, 33.79893290194018], [-6.9665248598753005, 33.80432279364489], [-6.968051995858304, 33.80306515224712], [-6.970926604767486, 33.80010071180953], [-6.970836773239075, 33.79893290194018]], [[-6.969848626426543, 33.82175011015681], [-6.971016436295899, 33.822019604742046], [-6.970836773239075, 33.82148061557157], [-6.969848626426543, 33.82148061557157], [-6.969848626426543, 33.82175011015681]], [[-6.971016436295899, 33.797585429014], [-6.971914751580018, 33.797585429014], [-6.972453740750489, 33.796058293030995], [-6.971465593937958, 33.79551930386052], [-6.971016436295899, 33.797585429014]], [[-6.972363909222078, 33.79039890674104], [-6.972274077693665, 33.794800651633224], [-6.972723235335725, 33.79300402106499], [-6.973172392977785, 33.790758232854685], [-6.972363909222078, 33.79039890674104]], [[-6.989342068091936, 33.83756045915732], [-6.989072573506701, 33.83756045915732], [-6.988713247393052, 33.838189279856195], [-6.989252236563525, 33.838458774441435], [-6.989342068091936, 33.83756045915732]], [[-6.993474318398887, 33.878254141527925], [-6.990779372546528, 33.881667739607586], [-6.991767519359059, 33.88058976126664], [-6.993384486870474, 33.87924228834046], [-6.993474318398887, 33.878254141527925]], [[-6.995270948967125, 33.87187610301068], [-6.99545061202395, 33.869899809385615], [-6.994911622853477, 33.868282841874205], [-6.9918573508874715, 33.86738452659008], [-6.995270948967125, 33.87187610301068]], [[-6.993294655342062, 33.878074478471106], [-6.994372633683006, 33.877535489300634], [-6.994642128268242, 33.87412189122098], [-6.993384486870474, 33.874930374976685], [-6.993294655342062, 33.878074478471106]], [[-6.994462465211418, 33.882296560306465], [-6.996798084950129, 33.88436268545994], [-6.996079432722833, 33.88292538100535], [-6.995091285910301, 33.88220672877805], [-6.994462465211418, 33.882296560306465]], [[-6.995989601194421, 33.877804983885866], [-6.996259095779656, 33.87484054344827], [-6.9956302750807735, 33.87457104886304], [-6.9956302750807735, 33.877535489300634], [-6.995989601194421, 33.877804983885866]], [[-6.995809938137597, 33.88023043515299], [-6.998594715518368, 33.88265588642012], [-6.997516737177424, 33.881398245022346], [-6.996798084950129, 33.87978127751093], [-6.995809938137597, 33.88023043515299]], [[-6.996169264251245, 33.87079812466974], [-6.997247242592188, 33.87295408135162], [-6.998864210103603, 33.87214559759592], [-6.998415052461544, 33.869720146328795], [-6.996169264251245, 33.87079812466974]], [[-7.003265954995789, 33.882745717948524], [-7.00425410180832, 33.88292538100535], [-7.00515241709244, 33.8810389189087], [-7.004433764865144, 33.88076942432346], [-7.003265954995789, 33.882745717948524]], [[-7.005960900848148, 33.88023043515299], [-7.005960900848148, 33.87969144598252], [-7.005691406262912, 33.87987110903934], [-7.0056015747344995, 33.88023043515299], [-7.005960900848148, 33.88023043515299]]], [[[-6.694245497258674, 33.82902646395818], [-6.692359035162022, 33.83001461077071], [-6.693437013502966, 33.82480438212282], [-6.68948442625284, 33.82687050727629], [-6.68873284772709, 33.82509158773025], [-6.689286924533681, 33.8096490235864], [-6.701881177173689, 33.80279565766189], [-6.699545557434979, 33.80638891879837], [-6.702240503287338, 33.808455043951845], [-6.7010726934179825, 33.80800588630978], [-6.698826905207683, 33.808455043951845], [-6.705384606781756, 33.810521169105314], [-6.699635388963391, 33.81043133757691], [-6.70098286188957, 33.81276695731562], [-6.697569263809916, 33.811509315917846], [-6.6997252204918025, 33.81501274552591], [-6.697569263809916, 33.816989039150975], [-6.695233644071205, 33.8156415662248], [-6.69451499184391, 33.81851617513398], [-6.6972997692246805, 33.81878566971922], [-6.696131959355324, 33.81995347958857], [-6.6968506115826205, 33.82148061557157], [-6.702599829400985, 33.81824668054875], [-6.700803198832746, 33.82022297417381], [-6.703408313156693, 33.82444505600917], [-6.709247362503469, 33.81761785984986], [-6.710864330014885, 33.8209416264011], [-6.705294775253344, 33.82758915950359], [-6.710055846259177, 33.82731966491835], [-6.711852476827416, 33.830823094526416], [-6.707989721105703, 33.83244006203783], [-6.708708373332998, 33.8366621438732], [-6.704935449139696, 33.83827911138461], [-6.713199949753595, 33.844657149901856], [-6.715894895605954, 33.84339950850409], [-6.720925461197023, 33.845375802129155], [-6.721913608009555, 33.84384866614615], [-6.72029664049814, 33.844657149901856], [-6.719757651327668, 33.84384866614615], [-6.7232610809357345, 33.841602877935856], [-6.730986592379162, 33.84843007409516], [-6.724518722333501, 33.84474698143027], [-6.720835629668612, 33.84672327505533], [-6.730627266265515, 33.8517538406464], [-6.726405184430153, 33.851304683004344], [-6.725596700674445, 33.85346063968623], [-6.7232610809357345, 33.85292165051576], [-6.722272934123203, 33.85435895497035], [-6.726045858316505, 33.85570642789653], [-6.723889901634618, 33.85786238457842], [-6.718410178401489, 33.84950805243611], [-6.714098265037715, 33.848969063265635], [-6.714547422679775, 33.85139451453276], [-6.718050852287841, 33.85238266134529], [-6.714637254208187, 33.85328097662941], [-6.717961020759429, 33.857323395407946], [-6.71661354783325, 33.861365814186485], [-6.714277928094539, 33.85687423776589], [-6.711582982242181, 33.857503058464765], [-6.713469444338831, 33.85480811261241], [-6.709247362503469, 33.847262264225805], [-6.706821911236347, 33.854448786498764], [-6.705833764423816, 33.854179291913525], [-6.706911742764759, 33.84169270946426], [-6.70601342748064, 33.843040182390446], [-6.703228650099869, 33.84187237252109], [-6.7034981446851045, 33.84591479129963], [-6.701342188003218, 33.84528597060074], [-6.700713367304334, 33.84860973715198], [-6.696042127826913, 33.844926644487096], [-6.699365894378155, 33.849957210078166], [-6.697120106167856, 33.85067586230546], [-6.698557410622447, 33.85283181898735], [-6.695503138656441, 33.852292829816875], [-6.696940443111032, 33.85696406929429], [-6.692987855860906, 33.85220299828846], [-6.686160659701598, 33.85390979732829], [-6.681669083281, 33.857772553050005], [-6.678974137428642, 33.85714373235112], [-6.686430154286834, 33.85265215593052], [-6.687238638042541, 33.84905889479404], [-6.68301655620718, 33.84860973715198], [-6.6859809966447745, 33.84528597060074], [-6.683106387735592, 33.8464537804701], [-6.683914871491299, 33.84259102474839], [-6.691550551406316, 33.83782995374255], [-6.694446976734513, 33.83907944371505], [-6.694155665730261, 33.83621298623113], [-6.698018421451976, 33.833428208850364], [-6.694245497258674, 33.82902646395818]], [[-6.6897539208380765, 33.843040182390446], [-6.691011562235843, 33.842501193219974], [-6.690562404593784, 33.84214186710632], [-6.689664089309664, 33.842501193219974], [-6.6897539208380765, 33.843040182390446]], [[-6.689843752366488, 33.85238266134529], [-6.689843752366488, 33.85265215593052], [-6.690113246951724, 33.85265215593052], [-6.690113246951724, 33.85238266134529], [-6.689843752366488, 33.85238266134529]], [[-6.693257350446142, 33.817438196793034], [-6.693347181974554, 33.81779752290669], [-6.694335328787085, 33.81779752290669], [-6.694425160315498, 33.817438196793034], [-6.693257350446142, 33.817438196793034]], [[-6.6935268450313785, 33.851574177589576], [-6.693706508088202, 33.85193350370323], [-6.694425160315498, 33.851843672174816], [-6.694245497258674, 33.85139451453276], [-6.6935268450313785, 33.851574177589576]], [[-6.693706508088202, 33.82004331111698], [-6.695143812542793, 33.8209416264011], [-6.695682801713265, 33.81986364806016], [-6.694784486429145, 33.8194144904181], [-6.693706508088202, 33.82004331111698]], [[-6.69451499184391, 33.84546563365757], [-6.693796339616614, 33.84564529671439], [-6.693886171145026, 33.84618428588486], [-6.69451499184391, 33.84609445435645], [-6.69451499184391, 33.84546563365757]], [[-6.694874317957558, 33.844926644487096], [-6.694874317957558, 33.84519613907233], [-6.695233644071205, 33.84519613907233], [-6.695233644071205, 33.844926644487096], [-6.694874317957558, 33.844926644487096]], [[-6.6964014539405605, 33.814383924827034], [-6.6968506115826205, 33.814383924827034], [-6.697569263809916, 33.81420426177021], [-6.697030274639444, 33.81393476718497], [-6.6964014539405605, 33.814383924827034]], [[-6.697569263809916, 33.80881437006549], [-6.698108252980388, 33.80782622325296], [-6.697209937696268, 33.807736391724546], [-6.697030274639444, 33.808634707008665], [-6.697569263809916, 33.80881437006549]], [[-6.697659095338328, 33.806299087269956], [-6.697928589923563, 33.80567026657107], [-6.697209937696268, 33.80549060351425], [-6.697209937696268, 33.80611942421313], [-6.697659095338328, 33.806299087269956]], [[-6.699276062849743, 33.845375802129155], [-6.699365894378155, 33.84474698143027], [-6.6981980845088, 33.84384866614615], [-6.698287916037212, 33.84474698143027], [-6.699276062849743, 33.845375802129155]], [[-6.699815052020215, 33.843219845447265], [-6.70053370424751, 33.845106307543915], [-6.701342188003218, 33.84483681295868], [-6.7010726934179825, 33.84402832920298], [-6.699815052020215, 33.843219845447265]], [[-6.70466595455446, 33.82579252893535], [-6.70466595455446, 33.826062023520585], [-6.705294775253344, 33.826151855049], [-6.705654101366991, 33.82570269740694], [-6.70466595455446, 33.82579252893535]], [[-6.7048456176112845, 33.841602877935856], [-6.7048456176112845, 33.84187237252109], [-6.70511511219652, 33.84187237252109], [-6.70511511219652, 33.841602877935856], [-6.7048456176112845, 33.841602877935856]], [[-6.712571129054712, 33.849418220907694], [-6.712660960583124, 33.848250411038336], [-6.712211802941064, 33.84860973715198], [-6.712211802941064, 33.84932838937928], [-6.712571129054712, 33.849418220907694]], [[-6.714367759622951, 33.852741987458934], [-6.713918601980891, 33.8509453568907], [-6.713199949753595, 33.850855525362284], [-6.712301634469476, 33.85220299828846], [-6.714367759622951, 33.852741987458934]], [[-6.715625401020718, 33.85903019444777], [-6.715625401020718, 33.85929968903301], [-6.716074558662778, 33.85929968903301], [-6.715984727134366, 33.858940362919355], [-6.715625401020718, 33.85903019444777]]], [[[-6.6959522962985005, 33.866576042834375], [-6.69361667655979, 33.86477941226614], [-6.692898024332495, 33.86693536894802], [-6.691191225292667, 33.864240423095666], [-6.692448866690435, 33.859209857504595], [-6.698826905207683, 33.86486924379455], [-6.697389600753092, 33.86998964091403], [-6.7034981446851045, 33.871606608425445], [-6.7010726934179825, 33.871606608425445], [-6.702330334815749, 33.87600835331763], [-6.695862464770089, 33.8765473424881], [-6.693976002673438, 33.87331340746527], [-6.695053981014381, 33.87250492370956], [-6.695053981014381, 33.87142694536862], [-6.6926285297472585, 33.87250492370956], [-6.692089540576787, 33.869899809385615], [-6.6959522962985005, 33.866576042834375]], [[-6.696940443111032, 33.870887956198146], [-6.6968506115826205, 33.8705286300845], [-6.696581116997384, 33.8705286300845], [-6.696581116997384, 33.87097778772656], [-6.696940443111032, 33.870887956198146]]], [[[-6.681669083281, 33.87340323899368], [-6.675830033934224, 33.86792351576055], [-6.685352175945891, 33.866845537419614], [-6.686430154286834, 33.86954048327197], [-6.684274197604947, 33.870348967027674], [-6.68669964887207, 33.870887956198146], [-6.687238638042541, 33.8743015542778], [-6.681669083281, 33.87340323899368]]], [[[-6.726854342072213, 33.875199869561925], [-6.72766282582792, 33.88058976126664], [-6.720925461197023, 33.88220672877805], [-6.721644113424319, 33.87744565777222], [-6.720835629668612, 33.87241509218115], [-6.718769504515136, 33.87259475523798], [-6.720655966611788, 33.86792351576055], [-6.727752657356332, 33.87223542912433], [-6.7308069293223385, 33.87097778772656], [-6.73089676085075, 33.867833684232146], [-6.7312560869643985, 33.872055766067504], [-6.736825641725939, 33.87340323899368], [-6.736825641725939, 33.869450651743556], [-6.732873054475813, 33.86738452659008], [-6.73871210382259, 33.86648621130596], [-6.73826294618053, 33.869450651743556], [-6.741407049674948, 33.86918115715832], [-6.73871210382259, 33.87187610301068], [-6.741766375788597, 33.8750202065051], [-6.7370053047827625, 33.87816430999952], [-6.736017157970231, 33.8757388587324], [-6.733232380589461, 33.876367679431276], [-6.73547816879976, 33.881667739607586], [-6.73089676085075, 33.87870329916999], [-6.729549287924571, 33.88005077209617], [-6.726854342072213, 33.875199869561925]], [[-6.725776363731269, 33.876367679431276], [-6.726674679015389, 33.87546936414716], [-6.726854342072213, 33.874481217334626], [-6.725327206089209, 33.87322357593686], [-6.725776363731269, 33.876367679431276]], [[-6.728740804168863, 33.87690666860175], [-6.728650972640452, 33.87627784790286], [-6.728201814998392, 33.87609818484604], [-6.728022151941568, 33.87672700554493], [-6.728740804168863, 33.87690666860175]], [[-6.728201814998392, 33.874481217334626], [-6.728471309583627, 33.874481217334626], [-6.728561141112039, 33.87385239663574], [-6.728201814998392, 33.87385239663574], [-6.728201814998392, 33.874481217334626]], [[-6.732603559890578, 33.875199869561925], [-6.732154402248518, 33.875379532618744], [-6.73224423377693, 33.87600835331763], [-6.732962886004225, 33.87609818484604], [-6.732603559890578, 33.875199869561925]]], [[[-6.755151273521977, 33.897567920136495], [-6.754612284351506, 33.90026286598886], [-6.759732681470987, 33.89675943638079], [-6.7618886381528736, 33.89810690930697], [-6.758385208544808, 33.90107134974456], [-6.759463186885751, 33.90268831725598], [-6.756408914919745, 33.90313747489804], [-6.746168120680782, 33.90089168668774], [-6.745090142339839, 33.893794995943196], [-6.740059576748769, 33.89729842555126], [-6.7341306958735805, 33.89801707777856], [-6.724069564691442, 33.89316617524431], [-6.728291646526803, 33.891369544676074], [-6.7265848474869765, 33.887596620482775], [-6.728740804168863, 33.8870576313123], [-6.728201814998392, 33.893256006772724], [-6.730088277095042, 33.89541196345461], [-6.738173114652119, 33.89702893096603], [-6.746257952209194, 33.89217802843178], [-6.745269805396663, 33.889483082579424], [-6.750120707930908, 33.889213587994185], [-6.750749528629791, 33.887327125897535], [-6.750120707930908, 33.88678813672706], [-6.749491887232025, 33.88526100074406], [-6.750030876402496, 33.88517116921565], [-6.753264811425327, 33.88840510423848], [-6.7492223926467885, 33.89514246886937], [-6.755151273521977, 33.897567920136495]], [[-6.751737675442323, 33.89622044721032], [-6.749132561118376, 33.89765775166491], [-6.752366496141207, 33.89900522459109], [-6.750749528629791, 33.900442529045684], [-6.753354642953738, 33.89918488764791], [-6.751737675442323, 33.89622044721032]], [[-6.759373355357339, 33.900173034460444], [-6.759373355357339, 33.89990353987521], [-6.759103860772103, 33.89990353987521], [-6.759103860772103, 33.900173034460444], [-6.759373355357339, 33.900173034460444]]], [[[-6.824093690458967, 34.05362047227668], [-6.823499156580348, 34.05433353368398], [-6.8086846690468485, 34.05365276029946], [-6.792833922715749, 34.048180555877536], [-6.781685402207193, 34.038798708308285], [-6.775451323542829, 34.02616400576299], [-6.7727582530907195, 34.02580196045908], [-6.776621008812434, 34.02144559781658], [-6.777609155624965, 34.02270323921435], [-6.7801244384205, 34.02099644017452], [-6.779315954664792, 34.01902014654946], [-6.775453198943079, 34.020367619475635], [-6.772039600863424, 34.025667679651946], [-6.768706615809011, 34.02491161510015], [-6.759924759478185, 34.02134178759978], [-6.744232489514088, 34.00981140162543], [-6.732140530418687, 33.9917343535479], [-6.729112757802541, 33.98022128592595], [-6.719863284772512, 33.9873296329854], [-6.7074971707939595, 33.99101345381093], [-6.692036390387626, 33.991128079297795], [-6.686519985815246, 33.98996245129987], [-6.687687795684601, 33.9885672584178], [-6.684903018303831, 33.989375742173515], [-6.684274197604947, 33.98686045937798], [-6.681669083281, 33.98668079632115], [-6.685262344417478, 33.986051975622274], [-6.685891165116362, 33.98281804059944], [-6.6855318390027145, 33.987938437718924], [-6.689394594724428, 33.98829776383257], [-6.6899335838949, 33.99063338357128], [-6.691730214463139, 33.99018422592922], [-6.691730214463139, 33.986231638679094], [-6.688136953326661, 33.986770627849566], [-6.68858611096872, 33.974643371513956], [-6.702599829400985, 33.97491286609919], [-6.712571129054712, 33.970061963564945], [-6.718769504515136, 33.96251611517834], [-6.7190389991003725, 33.95685672888839], [-6.717691526174193, 33.95200582635414], [-6.712571129054712, 33.949849869672256], [-6.729279793339335, 33.943381999626595], [-6.729100130282511, 33.94778374451878], [-6.73179507613487, 33.94967020661543], [-6.7303577716802785, 33.94733458687672], [-6.733052717532637, 33.94616677700736], [-6.733771369759933, 33.93915991779123], [-6.736466315612291, 33.93924974931964], [-6.7374544624248225, 33.93565648818316], [-6.746796941379666, 33.93655480346729], [-6.747066435964902, 33.934758172899045], [-6.748683403476317, 33.93718362416617], [-6.751647843913911, 33.936195477353635], [-6.7552411050503895, 33.93826160250711], [-6.748234245834257, 33.93781244486505], [-6.748234245834257, 33.940058233075355], [-6.7412273866181245, 33.947424418405134], [-6.7421257019022445, 33.948412565217666], [-6.748234245834257, 33.94589728242213], [-6.761080154397166, 33.94544812478007], [-6.767368361386003, 33.935746319711576], [-6.755869925749273, 33.94203452670042], [-6.752366496141207, 33.94257351587088], [-6.750749528629791, 33.939070086262824], [-6.754612284351506, 33.94113621141629], [-6.7665598776302955, 33.934758172899045], [-6.7741057260168995, 33.93655480346729], [-6.779944775363676, 33.93377002608651], [-6.794227988381176, 33.93565648818316], [-6.800336532313189, 33.931434406347805], [-6.7925211893413495, 33.941944695172005], [-6.785244835539981, 33.94634644006419], [-6.772848084619132, 33.96709752312735], [-6.772039600863424, 33.97239758330365], [-6.7751837043578425, 33.97814680112202], [-6.7807532591193835, 33.98209938837215], [-6.800606026898425, 33.978865453349314], [-6.808331538341853, 33.987938437718924], [-6.805726424017906, 33.99422664470776], [-6.808870527512324, 33.99764024278741], [-6.8109366526657995, 34.00482676506037], [-6.817674017296696, 34.00590474340131], [-6.819650310921759, 34.003658955191014], [-6.8180333434103435, 34.00311996602054], [-6.822165593717294, 34.000065694054534], [-6.819111321751287, 34.000065694054534], [-6.815877386728457, 34.004197944361486], [-6.814799408387514, 34.00222165073642], [-6.81417058768863, 34.00455727047513], [-6.811924799478331, 34.00186232462278], [-6.812643451705627, 33.993148666366814], [-6.808780695983913, 33.99350799248047], [-6.810128168910092, 33.989106247588275], [-6.817494354239872, 33.982638377542614], [-6.808331538341853, 33.98524349186656], [-6.809409516682797, 33.98084174697438], [-6.805367097904258, 33.98209938837215], [-6.809319685154384, 33.978416295707255], [-6.80635524471679, 33.9772484858379], [-6.810218000438504, 33.97599084444013], [-6.811655304893095, 33.97042128967859], [-6.805367097904258, 33.97392471928666], [-6.802582320523488, 33.97922477946296], [-6.797551754932419, 33.97617050749696], [-6.7916228740572295, 33.97850612723567], [-6.794317819909589, 33.97590101291172], [-6.792161863227702, 33.97590101291172], [-6.792611020869761, 33.973206067059365], [-6.7849753409547455, 33.97859595876408], [-6.777519324096553, 33.97581118138331], [-6.779765112306852, 33.97203825719001], [-6.778687133965909, 33.969792468979705], [-6.775902356585139, 33.97131960496271], [-6.775004041301019, 33.97069078426383], [-6.787760118335516, 33.94993970120067], [-6.810397663495328, 33.929547944251155], [-6.812373957120391, 33.9216427697509], [-6.814529913802278, 33.92065462293837], [-6.809679011268032, 33.91921731848378], [-6.808780695983913, 33.9156240573473], [-6.823692729700297, 33.90403579018216], [-6.829172452933426, 33.89505263734097], [-6.83761661660415, 33.887596620482775], [-6.845431959575989, 33.87555919567557], [-6.844803138877105, 33.86998964091403], [-6.8533371340762415, 33.86406076003884], [-6.851091345865942, 33.863431939339954], [-6.852977807962593, 33.861545477243304], [-6.8491150522408795, 33.862353960999016], [-6.846240443331697, 33.856335248595414], [-6.844623475820281, 33.85714373235112], [-6.846060780274873, 33.85912002597618], [-6.845881117218049, 33.86046749890236], [-6.842647182195218, 33.85615558553859], [-6.84408448664981, 33.86019800431713], [-6.838425100359857, 33.85947935208983], [-6.827375822365187, 33.85211316676005], [-6.836628469791618, 33.86082682501601], [-6.845252296519165, 33.863431939339954], [-6.840850551626979, 33.868462504931024], [-6.838514931888269, 33.868282841874205], [-6.839233584115565, 33.87241509218115], [-6.835909817564322, 33.878254141527925], [-6.818662164109227, 33.894064490528436], [-6.819560479393347, 33.89837640389221], [-6.817494354239872, 33.90053236057409], [-6.814080756160218, 33.90125101280139], [-6.80958917973962, 33.89963404528997], [-6.809948505853268, 33.90367646406851], [-6.805277266375847, 33.90394595865375], [-6.803300972750784, 33.90924601883005], [-6.7953957982505315, 33.91077315481306], [-6.795934787421004, 33.91436641594953], [-6.789556748903755, 33.91706136180189], [-6.790365232659463, 33.920025802239486], [-6.78749062375028, 33.92343940031914], [-6.791712705585642, 33.92586485158626], [-6.786861803051396, 33.93089541717733], [-6.778237976323849, 33.93134457481939], [-6.774015894488487, 33.928829292023856], [-6.772668421562308, 33.93278187927398], [-6.771051454050893, 33.93017676495004], [-6.766739540687119, 33.93206322704669], [-6.760810659811931, 33.93107508023416], [-6.762966616493817, 33.92487670477373], [-6.759463186885751, 33.92864962896704], [-6.758654703130043, 33.92820047132498], [-6.7609903228687545, 33.923798726432786], [-6.764224257891584, 33.92182243280772], [-6.763954763306349, 33.92128344363725], [-6.760181839113047, 33.922361421978195], [-6.754163126709446, 33.93107508023416], [-6.751558012385499, 33.92846996591021], [-6.753624137538974, 33.92343940031914], [-6.749851213345672, 33.91984613918266], [-6.7525461591980305, 33.91319860608018], [-6.755420768107213, 33.913108774551766], [-6.755151273521977, 33.91508506817683], [-6.757666556317512, 33.91697153027348], [-6.756408914919745, 33.914007089835884], [-6.7585648716016316, 33.91535456276206], [-6.763415774135877, 33.911671470097176], [-6.759553018414163, 33.91077315481306], [-6.767098866800767, 33.90906635577323], [-6.773027747675956, 33.90367646406851], [-6.7732074107327795, 33.89577128956826], [-6.782549889687623, 33.88436268545994], [-6.776171851170374, 33.88454234851677], [-6.780843090647796, 33.87888296222681], [-6.775004041301019, 33.877804983885866], [-6.771590443221364, 33.87591852178922], [-6.772488758505484, 33.87457104886304], [-6.769344655011066, 33.87340323899368], [-6.7751837043578425, 33.86882183104468], [-6.770063307238361, 33.87142694536862], [-6.76449375247682, 33.871157450783386], [-6.770242970295185, 33.870169303970854], [-6.772398926977072, 33.86576755907867], [-6.76817684514171, 33.86379126545361], [-6.767548024442827, 33.86693536894802], [-6.762247964266521, 33.868013347288965], [-6.767458192914415, 33.8622641294706], [-6.778417639380673, 33.85974884667507], [-6.78147191134668, 33.85714373235112], [-6.78057359606256, 33.853012162926774], [-6.785745606375622, 33.86481415077365], [-6.786004687747662, 33.87424838730873], [-6.794225361295502, 33.88440939166921], [-6.801998687926387, 33.87499904805143], [-6.785288979201847, 33.851946486797566], [-6.780126449669404, 33.83386072682403], [-6.779600852389981, 33.81712620317633], [-6.783214128244487, 33.80705554572961], [-6.7917045672759375, 33.79846548760208], [-6.790522703572921, 33.78622719715307], [-6.7947337404787875, 33.77630154823973], [-6.8031717062011134, 33.76847661558291], [-6.817659915494022, 33.76341776284753], [-6.836226562751989, 33.76566359670156], [-6.850172934261791, 33.77614436590699], [-6.860390443068775, 33.802416750512506], [-6.858732843480099, 33.82270145015565], [-6.852965983148283, 33.83497217276586], [-6.863782025360427, 33.83854441469873], [-6.871399317360292, 33.84398933607248], [-6.8781182416737, 33.85226048833126], [-6.881518555808106, 33.8622450614364], [-6.877835792165778, 33.877646574817305], [-6.864188326041587, 33.8974602942533], [-6.840001396611931, 33.92325102457148], [-6.837961281249976, 33.93522364584904], [-6.834183483040912, 33.9421740246721], [-6.808126872973376, 33.967031290297285], [-6.814611137558366, 33.96869252402977], [-6.820614760128909, 33.971083848692906], [-6.830259431206938, 33.97863976396264], [-6.8393883174636425, 33.9911847988251], [-6.844195490273325, 34.006339442541346], [-6.852371455154943, 34.01446609083786], [-6.855001202649932, 34.02261340768594], [-6.8498280845092205, 34.02742112355843], [-6.849696307999864, 34.027416243000175], [-6.849672386999941, 34.02741535700011], [-6.849605507999911, 34.02750281500005], [-6.849274674160993, 34.027935443866376], [-6.8482744505055395, 34.028865016904064], [-6.846745743999918, 34.02864265900001], [-6.846698177999883, 34.02889345900019], [-6.846658992999949, 34.02910007200012], [-6.846548800999869, 34.02968108600004], [-6.846400463999942, 34.03046322400013], [-6.846399581999947, 34.03046787800014], [-6.845738725999922, 34.031034325000235], [-6.84545231294346, 34.0314878132877], [-6.845431959575989, 34.03150672899872], [-6.843841420031426, 34.03187581991311], [-6.8438230459999545, 34.03179620000009], [-6.843756160999931, 34.031506364999984], [-6.8430638369999315, 34.031506364999984], [-6.842875020999941, 34.03163224200023], [-6.842782034999857, 34.03176242300003], [-6.84271767499996, 34.03185252700007], [-6.842616537999959, 34.03181207199998], [-6.842402981999953, 34.03172665000022], [-6.842214165999849, 34.031789588000095], [-6.842038460999902, 34.03202386200013], [-6.842025349999858, 34.03204134300023], [-6.840297815999918, 34.03268594500008], [-6.840211467824959, 34.032718164502185], [-6.839602214999957, 34.03285954400013], [-6.839602214999957, 34.034269695000035], [-6.839533797768034, 34.03510438615815], [-6.83928752199995, 34.03421272300011], [-6.838996266999914, 34.033921468000244], [-6.838634473999889, 34.033876244000055], [-6.837915295999892, 34.033745484000065], [-6.836836527999878, 34.033680103999984], [-6.836346164999895, 34.03363513000022], [-6.8358573699998715, 34.03383509200023], [-6.8357439543800815, 34.034719736141525], [-6.835597687248238, 34.03474066402155], [-6.835668553999881, 34.033772153000086], [-6.835388379031815, 34.03372904926881], [-6.834850352999865, 34.03112869711552], [-6.834850352999865, 34.03106579500013], [-6.834828150694833, 34.031021390390066], [-6.834661536999874, 34.030216124000106], [-6.83403215099986, 34.029649677000236], [-6.833899422612479, 34.029732632110516], [-6.831734892999918, 34.02835943600013], [-6.8309495701375855, 34.02824705526789], [-6.830255836999868, 34.02798180399998], [-6.828808248999906, 34.027698581000095], [-6.82534662799992, 34.02694331800018], [-6.824339610999914, 34.02681744099999], [-6.824182263999944, 34.02688037900003], [-6.82399148216599, 34.02725134374755], [-6.819829973978583, 34.02665582646448], [-6.823855364298001, 34.027539105553466], [-6.823710224999957, 34.02795033500013], [-6.825031934999913, 34.02804474300012], [-6.827266253999937, 34.02839090499998], [-6.827958578999926, 34.02851678200017], [-6.827518008999903, 34.02851678200017], [-6.827423600999907, 34.02873706700018], [-6.8275494779999235, 34.028862944000025], [-6.827864170999931, 34.02889441399998], [-6.828115924999906, 34.02873706700018], [-6.828619433999904, 34.02889441399998], [-6.82943763499992, 34.029492330000096], [-6.830059173385599, 34.0289003884116], [-6.83031877499991, 34.02895735200002], [-6.829752327999927, 34.02952379900012], [-6.829941143999918, 34.02958673800009], [-6.830255836999868, 34.02933498400023], [-6.830444651999926, 34.02936645300008], [-6.830885221999893, 34.030027308000115], [-6.830987723999954, 34.030220922000126], [-6.831040493999865, 34.030320598999936], [-6.831087723999929, 34.03040981100003], [-6.831168445999879, 34.030562286000134], [-6.8311705009998605, 34.03060337599999], [-6.8311999149999, 34.03119167199998], [-6.831666736358125, 34.03112498335032], [-6.831730189271045, 34.031227020788165], [-6.831042568999919, 34.03134901800024], [-6.8311999149999, 34.031821057000116], [-6.831514607999907, 34.03238750500009], [-6.83226987099988, 34.03311129800022], [-6.83230035899993, 34.03311355699992], [-6.832306110999866, 34.03312442300012], [-6.832647502999862, 34.03320570599999], [-6.83296065274688, 34.03320570599999], [-6.833851434870794, 34.03463815600778], [-6.833906273999901, 34.03477917100008], [-6.834250355755399, 34.03527965319202], [-6.834155945471529, 34.03542154829942], [-6.8337489279998636, 34.034999456000094], [-6.832804848999899, 34.03559737200004], [-6.832301339999901, 34.036226758000225], [-6.83208105499989, 34.036793205000095], [-6.832018116999905, 34.03751699899993], [-6.832175462999885, 34.03839813900004], [-6.83257131799985, 34.0388638500001], [-6.832619524999927, 34.038877805000084], [-6.83282238399994, 34.03894542500018], [-6.833088072999885, 34.03861842400005], [-6.834252150194501, 34.03867385618459], [-6.835730154507498, 34.03887008756165], [-6.833402765999892, 34.038712832000044], [-6.8330390179999085, 34.03898564299999], [-6.833048342028784, 34.03903578563832], [-6.833025133999911, 34.03905899400024], [-6.8328992569998945, 34.03921634000011], [-6.832867787999874, 34.03959397199992], [-6.83296219499988, 34.04016041900019], [-6.833245418999866, 34.04091568200005], [-6.833419487681609, 34.04103172778787], [-6.83363291399985, 34.04217948900009], [-6.832756963999941, 34.04309562900005], [-6.832499944618819, 34.04353832954783], [-6.826638793104591, 34.050567972596696], [-6.826604575999909, 34.05058080400005], [-6.826087723999876, 34.050920599000165], [-6.825918086999934, 34.05136536300017], [-6.825142226154074, 34.05236289829267], [-6.824476808002518, 34.05316097561115], [-6.823956690999921, 34.05339214000014], [-6.824093690458967, 34.05362047227668]], [[-6.703408313156693, 33.98227905142897], [-6.7048456176112845, 33.97859595876408], [-6.715086411850247, 33.97760781195155], [-6.715805064077542, 33.97455353998554], [-6.725327206089209, 33.96925347980924], [-6.724967879975561, 33.96575005020117], [-6.730178108623455, 33.960539821553276], [-6.7232610809357345, 33.9607194846101], [-6.718410178401489, 33.96889415369559], [-6.711672813770592, 33.9742840454003], [-6.702420166344162, 33.97599084444013], [-6.700713367304334, 33.98021292627549], [-6.698377747565623, 33.976709496667425], [-6.693257350446142, 33.97590101291172], [-6.690652236122196, 33.97787730653678], [-6.6899335838949, 33.982009556843735], [-6.693437013502966, 33.978416295707255], [-6.694784486429145, 33.980572252389145], [-6.697569263809916, 33.97958410557661], [-6.696581116997384, 33.983896018940385], [-6.700443872719099, 33.982638377542614], [-6.703408313156693, 33.98227905142897]], [[-6.726854342072213, 33.955329592905386], [-6.722452597180027, 33.95416178303603], [-6.721733944952731, 33.95676689735998], [-6.726225521373329, 33.95874319098504], [-6.724159396219854, 33.95559908749062], [-6.726854342072213, 33.955329592905386]], [[-6.725956026788093, 33.95308380469508], [-6.7261356898449165, 33.95353296233714], [-6.7270340051290365, 33.953443130808736], [-6.726854342072213, 33.95299397316667], [-6.725956026788093, 33.95308380469508]], [[-6.72766282582792, 33.944819304081186], [-6.72721366818586, 33.944819304081186], [-6.72721366818586, 33.94508879866642], [-6.72766282582792, 33.94508879866642], [-6.72766282582792, 33.944819304081186]], [[-6.72766282582792, 33.94913121744496], [-6.727303499714272, 33.9509278480132], [-6.729189961810923, 33.95101767954161], [-6.730088277095042, 33.94976003814384], [-6.72766282582792, 33.94913121744496]], [[-6.728111983469979, 33.95604824513268], [-6.728561141112039, 33.955958413604264], [-6.728471309583627, 33.955509255962205], [-6.728111983469979, 33.95559908749062], [-6.728111983469979, 33.95604824513268]], [[-6.729818782509807, 33.95892285404186], [-6.730627266265515, 33.9584736963998], [-6.7303577716802785, 33.95784487570092], [-6.7299086140382185, 33.95739571805886], [-6.729818782509807, 33.95892285404186]], [[-6.730178108623455, 33.9539821199792], [-6.729818782509807, 33.9539821199792], [-6.729818782509807, 33.95425161456444], [-6.730178108623455, 33.95425161456444], [-6.730178108623455, 33.9539821199792]], [[-6.731166255435986, 33.95326346775191], [-6.730447603208691, 33.95326346775191], [-6.730627266265515, 33.953622793865556], [-6.731166255435986, 33.95353296233714], [-6.731166255435986, 33.95326346775191]], [[-6.730627266265515, 33.955778750547445], [-6.731525581549634, 33.95523976137697], [-6.7312560869643985, 33.954790603734914], [-6.730537434737102, 33.9547007722065], [-6.730627266265515, 33.955778750547445]], [[-6.739251092993062, 33.94059722224582], [-6.735657831856583, 33.943561662683415], [-6.737723957010059, 33.9426633473993], [-6.739340924521474, 33.94095654835947], [-6.739251092993062, 33.94059722224582]], [[-6.740957892032889, 33.941495537529946], [-6.737095136311175, 33.94544812478007], [-6.738173114652119, 33.94463964102436], [-6.740957892032889, 33.94176503211518], [-6.740957892032889, 33.941495537529946]], [[-6.740149408277182, 33.94517863019483], [-6.740149408277182, 33.94472947255277], [-6.739879913691945, 33.944819304081186], [-6.739790082163534, 33.94517863019483], [-6.740149408277182, 33.94517863019483]], [[-6.744281658584131, 33.9381717709787], [-6.739879913691945, 33.94014806460376], [-6.742035870373832, 33.93951924390488], [-6.744281658584131, 33.93844126556394], [-6.744281658584131, 33.9381717709787]], [[-6.744281658584131, 33.94275317892771], [-6.744910479283015, 33.941495537529946], [-6.744101995527307, 33.941675200586765], [-6.743832500942071, 33.9426633473993], [-6.744281658584131, 33.94275317892771]], [[-6.744730816226191, 33.93808193945029], [-6.7458986260955465, 33.93781244486505], [-6.74607828915237, 33.936914129580934], [-6.744910479283015, 33.93718362416617], [-6.744730816226191, 33.93808193945029]], [[-6.745359636925074, 33.94104637988789], [-6.74607828915237, 33.94113621141629], [-6.746168120680782, 33.94077688530265], [-6.7454494684534865, 33.940687053774234], [-6.745359636925074, 33.94104637988789]], [[-6.747695256663786, 33.97733831736631], [-6.747246099021726, 33.97733831736631], [-6.747335930550138, 33.97769764347996], [-6.747695256663786, 33.97760781195155], [-6.747695256663786, 33.97733831736631]], [[-6.748952898061552, 33.976529833610606], [-6.748324077362669, 33.976529833610606], [-6.748324077362669, 33.97679932819584], [-6.748952898061552, 33.97679932819584], [-6.748952898061552, 33.976529833610606]], [[-6.748683403476317, 33.984345176582444], [-6.749402055703612, 33.98443500811086], [-6.749581718760436, 33.9839858504688], [-6.748683403476317, 33.9839858504688], [-6.748683403476317, 33.984345176582444]], [[-6.749402055703612, 33.98569264950862], [-6.749042729589965, 33.98569264950862], [-6.749042729589965, 33.98596214409386], [-6.749402055703612, 33.98596214409386], [-6.749402055703612, 33.98569264950862]], [[-6.751108854743439, 33.936914129580934], [-6.751108854743439, 33.936644634995695], [-6.750839360158204, 33.936644634995695], [-6.750839360158204, 33.936914129580934], [-6.751108854743439, 33.936914129580934]], [[-6.764673415533644, 34.00240131379325], [-6.7567682410333925, 34.00922850995256], [-6.751737675442323, 34.0087793523105], [-6.752276664612795, 34.01111497204921], [-6.755959757277685, 34.010575982878734], [-6.754881778936741, 34.012013287333325], [-6.7572173986754525, 34.01291160261744], [-6.756947904090216, 34.01120480357762], [-6.76170897509605, 34.008869183838904], [-6.758834366186868, 34.01165396121968], [-6.760271670641458, 34.015337053884565], [-6.758115713959572, 34.01641503222551], [-6.757307230203864, 34.01452857012886], [-6.756498746448156, 34.01821166279375], [-6.761529312039226, 34.015337053884565], [-6.760810659811931, 34.01147429816285], [-6.763415774135877, 34.01192345580491], [-6.768266676670122, 34.00734204785591], [-6.7665598776302955, 34.01282177108903], [-6.7747345467157825, 34.007252216327494], [-6.778327807852261, 34.008240363140025], [-6.775812525056726, 34.01039631982191], [-6.778776965494321, 34.00976749912303], [-6.777609155624965, 34.0118336242765], [-6.7741057260168995, 34.01147429816285], [-6.770781959465657, 34.01695402139598], [-6.7756328619999024, 34.013720086373155], [-6.77644134575561, 34.01461840165727], [-6.779854943835264, 34.01434890707203], [-6.77644134575561, 34.013270928731096], [-6.782010900517151, 34.009857330651435], [-6.779046460079557, 34.004197944361486], [-6.766380214573472, 34.00617423798655], [-6.767817519028062, 34.003209797548955], [-6.7638649317779365, 33.99835889501471], [-6.764853078590468, 33.99476563387823], [-6.759732681470987, 33.99350799248047], [-6.762517458851757, 33.99072321509969], [-6.760361502169871, 33.984884165752916], [-6.755510599635625, 33.98165023073008], [-6.7575767247891, 33.974104382343484], [-6.767727687499651, 33.961707631422634], [-6.792700852398173, 33.9381717709787], [-6.787760118335516, 33.93538699359793], [-6.777609155624965, 33.93808193945029], [-6.768266676670122, 33.93637514041046], [-6.765122573175704, 33.943561662683415], [-6.755869925749273, 33.95308380469508], [-6.761169985925578, 33.95200582635414], [-6.75712756714704, 33.95730588653045], [-6.7575767247891, 33.95874319098504], [-6.771231117107717, 33.94850239674608], [-6.765751393874588, 33.948412565217666], [-6.772668421562308, 33.94580745089372], [-6.769614149596301, 33.94347183115501], [-6.769973475709949, 33.94059722224582], [-6.774195557545311, 33.94059722224582], [-6.776082019641962, 33.94329216809818], [-6.7840770256706255, 33.93960907543329], [-6.751917338499147, 33.973655224701425], [-6.752456327669619, 33.98587231256545], [-6.75667840950498, 33.98596214409386], [-6.7585648716016316, 33.990813046628105], [-6.75389363212421, 33.99665209597488], [-6.76170897509605, 33.9953046230487], [-6.759912344527811, 34.00329962907737], [-6.764673415533644, 34.00240131379325]], [[-6.752815653783267, 34.012731939560624], [-6.754252958237858, 34.01309126567427], [-6.754522452823093, 34.01219295039015], [-6.753085148368502, 34.01219295039015], [-6.752815653783267, 34.012731939560624]], [[-6.754612284351506, 34.01398958095839], [-6.7547919474083296, 34.01497772777092], [-6.755061441993566, 34.01452857012886], [-6.755061441993566, 34.013899749429974], [-6.754612284351506, 34.01398958095839]], [[-6.758475040073219, 33.95488043526333], [-6.757756387845924, 33.95488043526333], [-6.757756387845924, 33.95514992984856], [-6.758475040073219, 33.95514992984856], [-6.758475040073219, 33.95488043526333]], [[-6.763505605664289, 33.92325973726231], [-6.763236111079053, 33.92325973726231], [-6.763236111079053, 33.92352923184755], [-6.763505605664289, 33.92352923184755], [-6.763505605664289, 33.92325973726231]], [[-6.770871790994069, 33.94392098879707], [-6.770781959465657, 33.94392098879707], [-6.770781959465657, 33.94410065185389], [-6.770871790994069, 33.9441904833823], [-6.770871790994069, 33.94392098879707]], [[-6.774375220602135, 34.0178523366801], [-6.773926062960076, 34.01803199973693], [-6.773836231431663, 34.018481157378986], [-6.774375220602135, 34.0185709889074], [-6.774375220602135, 34.0178523366801]], [[-6.774644715187371, 34.01767267362328], [-6.775093872829431, 34.01767267362328], [-6.7751837043578425, 34.01713368445281], [-6.7747345467157825, 34.01686418986757], [-6.774644715187371, 34.01767267362328]], [[-6.7747345467157825, 34.016594695282336], [-6.775453198943079, 34.01551671694139], [-6.776261682698786, 34.01524722235616], [-6.775453198943079, 34.01461840165727], [-6.7747345467157825, 34.016594695282336]], [[-6.776621008812434, 34.01884048349263], [-6.777249829511318, 34.01866082043581], [-6.777519324096553, 34.01731334750963], [-6.7765311772840215, 34.01686418986757], [-6.776621008812434, 34.01884048349263]], [[-6.780393933005736, 33.87789481541428], [-6.7803041014773235, 33.877265994715394], [-6.779405786193204, 33.87699650013016], [-6.7789566285511444, 33.87762532082905], [-6.780393933005736, 33.87789481541428]], [[-6.7807532591193835, 34.02324222838482], [-6.779585449250028, 34.02324222838482], [-6.779854943835264, 34.02369138602688], [-6.7807532591193835, 34.023511722970056], [-6.7807532591193835, 34.02324222838482]], [[-6.780932922176207, 34.021265934759754], [-6.780214269948912, 34.02135576628817], [-6.78057359606256, 34.02198458698705], [-6.780932922176207, 34.022074418515466], [-6.780932922176207, 34.021265934759754]], [[-6.784616014841098, 34.019379472663104], [-6.780843090647796, 34.023511722970056], [-6.782819384272859, 34.02270323921435], [-6.785244835539981, 34.02135576628817], [-6.784616014841098, 34.019379472663104]], [[-6.782010900517151, 34.018481157378986], [-6.78335837344333, 34.0185709889074], [-6.784436351784274, 34.01758284209487], [-6.783987194142214, 34.01713368445281], [-6.782010900517151, 34.018481157378986]], [[-6.782460058159211, 34.0125522765038], [-6.7822803951023864, 34.013450591787915], [-6.782729552744446, 34.0133607602595], [-6.782819384272859, 34.01264210803221], [-6.782460058159211, 34.0125522765038]], [[-6.782639721216035, 34.01551671694139], [-6.782370226630799, 34.01551671694139], [-6.782370226630799, 34.01587604305504], [-6.782639721216035, 34.01587604305504], [-6.782639721216035, 34.01551671694139]], [[-6.78290921580127, 34.014887896242506], [-6.783088878858094, 34.01524722235616], [-6.784256688727449, 34.01524722235616], [-6.784256688727449, 34.0147980647141], [-6.78290921580127, 34.014887896242506]], [[-6.785155004011569, 33.92334956879073], [-6.784795677897922, 33.92245125350661], [-6.784166857199038, 33.92272074809185], [-6.784616014841098, 33.92272074809185], [-6.785155004011569, 33.92334956879073]], [[-6.784885509426333, 34.01641503222551], [-6.784885509426333, 34.01686418986757], [-6.785783824710453, 34.01668452681075], [-6.785873656238865, 34.016325200697096], [-6.784885509426333, 34.01641503222551]], [[-6.7916228740572295, 34.02144559781658], [-6.7925211893413495, 34.02153542934499], [-6.7953957982505315, 34.02647616340765], [-6.793868662267529, 34.02854228856113], [-6.797461923404007, 34.0283626255043], [-6.803031478165548, 34.02638633187924], [-6.809948505853268, 34.02863212008954], [-6.811026484194212, 34.027284647163356], [-6.805007771790611, 34.02449986978259], [-6.797461923404007, 34.02665582646448], [-6.792611020869761, 34.01946930419152], [-6.7854244985968055, 34.02162526087341], [-6.786861803051396, 34.026296500350824], [-6.7916228740572295, 34.02144559781658]], [[-6.786682139994572, 34.01821166279375], [-6.786232982352512, 34.01821166279375], [-6.786232982352512, 34.018481157378986], [-6.786682139994572, 34.018481157378986], [-6.786682139994572, 34.01821166279375]], [[-6.786771971522985, 33.924247884074845], [-6.786771971522985, 33.9238885579612], [-6.786412645409337, 33.92397838948961], [-6.786322813880925, 33.924247884074845], [-6.786771971522985, 33.924247884074845]], [[-6.786861803051396, 33.917600350972364], [-6.787580455278692, 33.91778001402919], [-6.7883889390344, 33.91697153027348], [-6.78749062375028, 33.91607321498936], [-6.786861803051396, 33.917600350972364]], [[-6.788029612920752, 33.99216051955428], [-6.787760118335516, 33.99216051955428], [-6.787760118335516, 33.99243001413952], [-6.788029612920752, 33.99243001413952], [-6.788029612920752, 33.99216051955428]], [[-6.790185569602639, 33.98973506828716], [-6.789916075017403, 33.98973506828716], [-6.789916075017403, 33.9900045628724], [-6.790185569602639, 33.9900045628724], [-6.790185569602639, 33.98973506828716]], [[-6.795036472136884, 33.99323849789523], [-6.795036472136884, 33.99350799248047], [-6.7958449558925915, 33.99350799248047], [-6.7958449558925915, 33.99323849789523], [-6.795036472136884, 33.99323849789523]], [[-6.795036472136884, 33.992969003309994], [-6.794766977551649, 33.992969003309994], [-6.794766977551649, 33.99323849789523], [-6.795036472136884, 33.99323849789523], [-6.795036472136884, 33.992969003309994]], [[-6.800156869256365, 33.9937774870657], [-6.796653439648299, 33.99350799248047], [-6.798000912574478, 33.99404698165093], [-6.800156869256365, 33.99404698165093], [-6.800156869256365, 33.9937774870657]], [[-6.803929793449667, 33.99431647623617], [-6.803929793449667, 33.994585970821404], [-6.804468782620139, 33.994585970821404], [-6.804468782620139, 33.99431647623617], [-6.803929793449667, 33.99431647623617]], [[-6.803929793449667, 33.99404698165093], [-6.803660298864432, 33.99404698165093], [-6.803660298864432, 33.99431647623617], [-6.803929793449667, 33.99431647623617], [-6.803929793449667, 33.99404698165093]], [[-6.8033908042791955, 33.99350799248047], [-6.801504342182545, 33.99350799248047], [-6.801504342182545, 33.9937774870657], [-6.803660298864432, 33.99404698165093], [-6.8033908042791955, 33.99350799248047]], [[-6.800695858426837, 33.9937774870657], [-6.800695858426837, 33.99404698165093], [-6.801504342182545, 33.99404698165093], [-6.801504342182545, 33.9937774870657], [-6.800695858426837, 33.9937774870657]], [[-6.802133162881428, 33.821031457929514], [-6.802582320523488, 33.82112128945793], [-6.8026721520519, 33.82076196334428], [-6.80222299440984, 33.82067213181587], [-6.802133162881428, 33.821031457929514]], [[-6.8026721520519, 33.815372071639565], [-6.802312825938252, 33.81546190316797], [-6.802133162881428, 33.816270386923684], [-6.802582320523488, 33.816539881508916], [-6.8026721520519, 33.815372071639565]], [[-6.805187434847435, 33.81447375635544], [-6.805187434847435, 33.81330594648609], [-6.804019624978079, 33.81303645190085], [-6.8038399619212555, 33.81357544107132], [-6.805187434847435, 33.81447375635544]], [[-6.804378951091727, 33.973834887758244], [-6.804019624978079, 33.97392471928666], [-6.804019624978079, 33.9742840454003], [-6.804468782620139, 33.9742840454003], [-6.804378951091727, 33.973834887758244]], [[-6.805007771790611, 33.99539445457712], [-6.804738277205375, 33.99539445457712], [-6.804738277205375, 33.99593344374759], [-6.805007771790611, 33.99593344374759], [-6.805007771790611, 33.99539445457712]], [[-6.804738277205375, 33.994855465406644], [-6.804468782620139, 33.994855465406644], [-6.804468782620139, 33.99539445457712], [-6.804738277205375, 33.99539445457712], [-6.804738277205375, 33.994855465406644]], [[-6.805546760961082, 33.99781990584424], [-6.8071637284724975, 33.999167378770416], [-6.809050190569149, 34.00051485169659], [-6.805007771790611, 33.99593344374759], [-6.805546760961082, 33.99781990584424]], [[-6.808331538341853, 33.81887550124763], [-6.806624739302026, 33.82192977321363], [-6.809229853625973, 33.82121112098634], [-6.810577326552152, 33.81896533277604], [-6.808511201398677, 33.81734836526463], [-6.804828108733787, 33.81995347958857], [-6.808331538341853, 33.81887550124763]], [[-6.805995918603142, 33.81061100063373], [-6.805726424017906, 33.81061100063373], [-6.805726424017906, 33.81123982133261], [-6.805995918603142, 33.81123982133261], [-6.805995918603142, 33.81061100063373]], [[-6.809050190569149, 33.81501274552591], [-6.805816255546318, 33.811958473559905], [-6.807972212228205, 33.81591106081003], [-6.811026484194212, 33.815551734696385], [-6.811026484194212, 33.814114430241794], [-6.809050190569149, 33.81501274552591]], [[-6.807702717642969, 34.017762505151694], [-6.80635524471679, 34.01803199973693], [-6.8071637284724975, 34.01884048349263], [-6.807702717642969, 34.01884048349263], [-6.807702717642969, 34.017762505151694]], [[-6.807702717642969, 34.019648967248344], [-6.806624739302026, 34.019648967248344], [-6.806624739302026, 34.02045745100405], [-6.807702717642969, 34.02099644017452], [-6.807702717642969, 34.019648967248344]], [[-6.807972212228205, 34.013450591787915], [-6.806624739302026, 34.017493010566454], [-6.810128168910092, 34.01264210803221], [-6.812014631006743, 34.009408173009376], [-6.811745136421507, 34.005365754230844], [-6.811475641836271, 34.01021665676509], [-6.807972212228205, 34.013450591787915]], [[-6.810397663495328, 34.025847342708765], [-6.815248566029573, 34.027733804805415], [-6.819021490222875, 34.02746431022018], [-6.811475641836271, 34.02530835353829], [-6.807433223057734, 34.021265934759754], [-6.810397663495328, 34.025847342708765]], [[-6.808241706813441, 33.83765029068573], [-6.80914002209756, 33.83765029068573], [-6.809409516682797, 33.83378753496401], [-6.807702717642969, 33.83576382858907], [-6.808241706813441, 33.83765029068573]], [[-6.807972212228205, 33.823187414611404], [-6.809948505853268, 33.823906066838695], [-6.80914002209756, 33.82731966491835], [-6.812014631006743, 33.82624168657741], [-6.812104462535155, 33.822738256969345], [-6.807972212228205, 33.823187414611404]], [[-6.809319685154384, 34.00078434628183], [-6.809050190569149, 34.00078434628183], [-6.809050190569149, 34.001053840867066], [-6.809319685154384, 34.001053840867066], [-6.809319685154384, 34.00078434628183]], [[-6.8104874950237395, 33.827768822560415], [-6.812284125591979, 33.83603332317431], [-6.814440082273865, 33.835135007890194], [-6.812284125591979, 33.828397643259294], [-6.8104874950237395, 33.827768822560415]], [[-6.810756989608976, 33.899993371403625], [-6.810846821137387, 33.899993371403625], [-6.810846821137387, 33.899723876818385], [-6.810756989608976, 33.899723876818385], [-6.810756989608976, 33.899993371403625]], [[-6.811026484194212, 33.969163648280826], [-6.810756989608976, 33.969163648280826], [-6.810756989608976, 33.96943314286606], [-6.811026484194212, 33.96943314286606], [-6.811026484194212, 33.969163648280826]], [[-6.8113858103078595, 33.97814680112202], [-6.811745136421507, 33.97814680112202], [-6.812463788648802, 33.97679932819584], [-6.811565473364683, 33.97617050749696], [-6.8113858103078595, 33.97814680112202]], [[-6.812733283234039, 33.972217920246834], [-6.811475641836271, 33.97212808871842], [-6.811475641836271, 33.97284674094571], [-6.812643451705627, 33.97266707788889], [-6.812733283234039, 33.972217920246834]], [[-6.811475641836271, 33.842770687805206], [-6.813002777819275, 33.84672327505533], [-6.81417058768863, 33.845106307543915], [-6.812912946290862, 33.84313001391885], [-6.811475641836271, 33.842770687805206]], [[-6.812284125591979, 33.815102577054326], [-6.812104462535155, 33.81752802832145], [-6.816416375898928, 33.82004331111698], [-6.815787555200045, 33.81797718596351], [-6.81327227240451, 33.817438196793034], [-6.812284125591979, 33.815102577054326]], [[-6.812643451705627, 33.97491286609919], [-6.812373957120391, 33.97491286609919], [-6.812373957120391, 33.975272192212834], [-6.812643451705627, 33.975272192212834], [-6.812643451705627, 33.97491286609919]], [[-6.813901093103394, 33.97158909954795], [-6.813182440876099, 33.97140943649112], [-6.813092609347686, 33.971948425661594], [-6.813901093103394, 33.97185859413318], [-6.813901093103394, 33.97158909954795]], [[-6.81417058768863, 33.82219926779887], [-6.813631598518159, 33.82740949644676], [-6.816416375898928, 33.830823094526416], [-6.815787555200045, 33.82785865408882], [-6.816326544370517, 33.82399589836711], [-6.81417058768863, 33.82219926779887]], [[-6.813990924631806, 33.97015179509336], [-6.814350250745454, 33.97015179509336], [-6.814440082273865, 33.969792468979705], [-6.813990924631806, 33.969792468979705], [-6.813990924631806, 33.97015179509336]], [[-6.814889239915925, 33.847262264225805], [-6.8151587345011615, 33.847262264225805], [-6.815248566029573, 33.84663344352692], [-6.814889239915925, 33.84663344352692], [-6.814889239915925, 33.847262264225805]], [[-6.815248566029573, 33.96907381675241], [-6.814889239915925, 33.96907381675241], [-6.814889239915925, 33.969343311337646], [-6.815248566029573, 33.969343311337646], [-6.815248566029573, 33.96907381675241]], [[-6.815877386728457, 33.83235023050942], [-6.814979071444338, 33.83244006203783], [-6.815518060614809, 33.83360787190719], [-6.816057049785281, 33.83423669260607], [-6.815877386728457, 33.83235023050942]], [[-6.816146881313693, 33.97087044732065], [-6.815967218256869, 33.97042128967859], [-6.815518060614809, 33.97060095273542], [-6.815338397557985, 33.971050110377476], [-6.816146881313693, 33.97087044732065]], [[-6.81740452271146, 33.83495534483337], [-6.815787555200045, 33.83711130151526], [-6.818123174938756, 33.8412435518222], [-6.81875199563764, 33.839177426668726], [-6.8180333434103435, 33.83495534483337], [-6.81740452271146, 33.83495534483337]], [[-6.816775702012577, 33.97024162662177], [-6.816775702012577, 33.96988230050812], [-6.816416375898928, 33.96997213203653], [-6.816326544370517, 33.97024162662177], [-6.816775702012577, 33.97024162662177]], [[-6.816506207427341, 33.83100275758324], [-6.817674017296696, 33.83136208369689], [-6.817763848825108, 33.830104442299124], [-6.81740452271146, 33.83001461077071], [-6.816506207427341, 33.83100275758324]], [[-6.816506207427341, 33.8216602786284], [-6.823962224285532, 33.82453488753758], [-6.824141887342357, 33.82237893085569], [-6.8227045828877655, 33.821300952514754], [-6.816506207427341, 33.8216602786284]], [[-6.816775702012577, 33.82004331111698], [-6.823423235115061, 33.82004331111698], [-6.822974077473001, 33.81950432194651], [-6.818123174938756, 33.81851617513398], [-6.816775702012577, 33.82004331111698]], [[-6.8180333434103435, 33.83288921967989], [-6.82063845773429, 33.834865513304955], [-6.821177446904763, 33.83378753496401], [-6.8193808163365235, 33.83270955662307], [-6.8180333434103435, 33.83288921967989]], [[-6.819290984808111, 33.983177366713086], [-6.818123174938756, 33.983177366713086], [-6.818572332580816, 33.98353669282674], [-6.819111321751287, 33.98353669282674], [-6.819290984808111, 33.983177366713086]], [[-6.818392669523991, 34.01524722235616], [-6.820728289262703, 34.01731334750963], [-6.821446941489998, 34.015786211526624], [-6.820818120791114, 34.0118336242765], [-6.824141887342357, 34.008240363140025], [-6.818841827166051, 34.01084547746397], [-6.818392669523991, 34.01524722235616]], [[-6.8227045828877655, 34.00410811283307], [-6.8189316586944635, 34.00850985772526], [-6.821267278433174, 34.006982721742254], [-6.822524919830942, 34.005096259645605], [-6.8227045828877655, 34.00410811283307]], [[-6.819560479393347, 34.00482676506037], [-6.819740142450171, 34.00518609117402], [-6.82018930009223, 34.005096259645605], [-6.82018930009223, 34.004647102003545], [-6.819560479393347, 34.00482676506037]], [[-6.819740142450171, 33.982458714485794], [-6.819829973978583, 33.98281804059944], [-6.82018930009223, 33.982638377542614], [-6.820279131620643, 33.98236888295738], [-6.819740142450171, 33.982458714485794]], [[-6.820279131620643, 34.020187956418816], [-6.820907952319526, 34.01910997807787], [-6.82063845773429, 34.01803199973693], [-6.819829973978583, 34.02153542934499], [-6.820728289262703, 34.02423037519735], [-6.822345256774118, 34.02512869048147], [-6.82153677301841, 34.02369138602688], [-6.820279131620643, 34.020187956418816]], [[-6.819919805506995, 33.85292165051576], [-6.822614751359353, 33.85615558553859], [-6.822165593717294, 33.854448786498764], [-6.821267278433174, 33.85310131357258], [-6.819919805506995, 33.85292165051576]], [[-6.820548626205879, 34.00240131379325], [-6.819919805506995, 34.00231148226484], [-6.819919805506995, 34.002760639906896], [-6.820548626205879, 34.00267080837848], [-6.820548626205879, 34.00240131379325]], [[-6.820099468563819, 33.84286051933362], [-6.825848686382184, 33.848519905623576], [-6.824680876512828, 33.845375802129155], [-6.8222554252457055, 33.842770687805206], [-6.820099468563819, 33.84286051933362]], [[-6.8227045828877655, 33.99898771571359], [-6.822165593717294, 33.999167378770416], [-6.8222554252457055, 33.999616536412475], [-6.822794414416177, 33.999436873355656], [-6.8227045828877655, 33.99898771571359]], [[-6.822345256774118, 33.852741987458934], [-6.823333403586649, 33.85238266134529], [-6.823602898171885, 33.851843672174816], [-6.823333403586649, 33.851035188419104], [-6.822345256774118, 33.852741987458934]], [[-6.823423235115061, 33.816539881508916], [-6.822974077473001, 33.816539881508916], [-6.822974077473001, 33.816809376094156], [-6.823423235115061, 33.81689920762256], [-6.823423235115061, 33.816539881508916]], [[-6.823513066643473, 33.84986737854975], [-6.823243572058237, 33.84986737854975], [-6.823243572058237, 33.8502267046634], [-6.823513066643473, 33.8502267046634], [-6.823513066643473, 33.84986737854975]], [[-6.823782561228708, 33.851035188419104], [-6.824321550399181, 33.8509453568907], [-6.824231718870768, 33.850586030777045], [-6.823782561228708, 33.85067586230546], [-6.823782561228708, 33.851035188419104]], [[-6.823962224285532, 33.814383924827034], [-6.824680876512828, 33.81429409329862], [-6.824591044984416, 33.81393476718497], [-6.824052055813945, 33.81393476718497], [-6.823962224285532, 33.814383924827034]], [[-6.826208012495831, 33.84959788396451], [-6.82477070804124, 33.85364030274305], [-6.825848686382184, 33.852023335231635], [-6.826926664723127, 33.85166400911799], [-6.826208012495831, 33.84959788396451]], [[-6.8252198656833, 33.80495161434378], [-6.824950371098064, 33.80495161434378], [-6.824950371098064, 33.80522110892901], [-6.8252198656833, 33.80522110892901], [-6.8252198656833, 33.80495161434378]], [[-6.825848686382184, 33.804861782815365], [-6.825399528740124, 33.804861782815365], [-6.825399528740124, 33.8051312774006], [-6.825848686382184, 33.8051312774006], [-6.825848686382184, 33.804861782815365]], [[-6.825848686382184, 33.85435895497035], [-6.827465653893599, 33.854179291913525], [-6.827285990836775, 33.85346063968623], [-6.826657170137891, 33.85346063968623], [-6.825848686382184, 33.85435895497035]], [[-6.82890295834819, 33.86504890685137], [-6.8293521159902495, 33.86504890685137], [-6.830519925859605, 33.864240423095666], [-6.829262284461838, 33.86406076003884], [-6.82890295834819, 33.86504890685137]], [[-6.8331250401835515, 33.85929968903301], [-6.8331250401835515, 33.85903019444777], [-6.832496219484668, 33.85804204763524], [-6.831328409615312, 33.858491205277296], [-6.8331250401835515, 33.85929968903301]], [[-6.831508072672136, 33.8667557058912], [-6.83258605101308, 33.86666587436279], [-6.833394534768788, 33.86594722213549], [-6.832496219484668, 33.865677727550256], [-6.831508072672136, 33.8667557058912]], [[-6.835011502280203, 33.86091665654442], [-6.835101333808614, 33.85938952056142], [-6.834382681581319, 33.85974884667507], [-6.834203018524495, 33.86037766737395], [-6.835011502280203, 33.86091665654442]], [[-6.835909817564322, 33.86495907532296], [-6.835280996865438, 33.86495907532296], [-6.835280996865438, 33.8652285699082], [-6.835909817564322, 33.8652285699082], [-6.835909817564322, 33.86495907532296]], [[-6.836538638263206, 33.863431939339954], [-6.839323415643976, 33.86406076003884], [-6.839143752587153, 33.862353960999016], [-6.837975942717797, 33.8622641294706], [-6.836538638263206, 33.863431939339954]], [[-6.84363532900775, 33.86316244475472], [-6.841928529967923, 33.862982781697895], [-6.842108193024747, 33.86352177086837], [-6.843455665950926, 33.86361160239678], [-6.84363532900775, 33.86316244475472]]], [[[-6.799977206199541, 33.91894782389854], [-6.790814390301522, 33.9336801945581], [-6.790994053358347, 33.9321530585751], [-6.79027540113105, 33.92981743883639], [-6.794048325324352, 33.92415805254644], [-6.790365232659463, 33.922361421978195], [-6.817494354239872, 33.90394595865375], [-6.805277266375847, 33.91454607900636], [-6.804378951091727, 33.917600350972364], [-6.808511201398677, 33.92245125350661], [-6.807523054586145, 33.92730215604085], [-6.806085750131555, 33.9216427697509], [-6.799977206199541, 33.91894782389854]]], [[[-6.683196219264004, 33.961707631422634], [-6.687238638042541, 33.961977126007866], [-6.684274197604947, 33.9652110610307], [-6.687777627213013, 33.96682802854211], [-6.681848746337824, 33.970061963564945], [-6.687238638042541, 33.969792468979705], [-6.68669964887207, 33.980572252389145], [-6.686340322758422, 33.976709496667425], [-6.684453860661771, 33.970780615792236], [-6.681579251752589, 33.9742840454003], [-6.681848746337824, 33.968983985224], [-6.678794474371818, 33.96952297439447], [-6.675111381706928, 33.96664836548529], [-6.6779859906161105, 33.96431274574658], [-6.675560539348988, 33.962426283649926], [-6.678524979786582, 33.959102517098685], [-6.675830033934224, 33.95964150626916], [-6.671338457513626, 33.96359409351928], [-6.67017064764427, 33.96341443046246], [-6.674392729479632, 33.959102517098685], [-6.6715181205704495, 33.9600008323828], [-6.674033403365985, 33.954071951507615], [-6.677447001445639, 33.95146683718367], [-6.683106387735592, 33.95191599482573], [-6.676728349218343, 33.949849869672256], [-6.684813186775418, 33.95065835342796], [-6.687238638042541, 33.95443127762127], [-6.687238638042541, 33.96062965308169], [-6.683196219264004, 33.961707631422634]], [[-6.67978262118435, 33.961707631422634], [-6.680141947297997, 33.961707631422634], [-6.680141947297997, 33.961258473780575], [-6.679872452712761, 33.961438136837394], [-6.67978262118435, 33.961707631422634]], [[-6.682028409394649, 33.95991100085439], [-6.681579251752589, 33.95973133779757], [-6.681489420224176, 33.96027032696804], [-6.681938577866236, 33.96018049543963], [-6.682028409394649, 33.95991100085439]], [[-6.68256739856512, 33.96853482758194], [-6.68256739856512, 33.96826533299671], [-6.682297903979884, 33.96826533299671], [-6.682297903979884, 33.96853482758194], [-6.68256739856512, 33.96853482758194]], [[-6.682747061621944, 33.96089914766692], [-6.682747061621944, 33.96062965308169], [-6.682297903979884, 33.96062965308169], [-6.682297903979884, 33.96089914766692], [-6.682747061621944, 33.96089914766692]], [[-6.684274197604947, 33.952634647053024], [-6.684274197604947, 33.95236515246779], [-6.683914871491299, 33.95236515246779], [-6.683914871491299, 33.952634647053024], [-6.684274197604947, 33.952634647053024]]], [[[-6.668374017076031, 33.416160759376844], [-6.665768902752085, 33.41490311797908], [-6.6624451362008426, 33.41705907466097], [-6.661187494803075, 33.40771659570613], [-6.654090804058531, 33.40807592181977], [-6.650587374450465, 33.406458954308356], [-6.649150069995874, 33.4023267040014], [-6.645736471916219, 33.403584345399175], [-6.649150069995874, 33.39846394827969], [-6.648072091654931, 33.395769002427336], [-6.650767037507289, 33.395769002427336], [-6.650587374450465, 33.398104622166045], [-6.652563668075528, 33.395769002427336], [-6.645916134973043, 33.39289439351815], [-6.642412705364977, 33.396667317711454], [-6.642322873836566, 33.39136725753515], [-6.63702281366026, 33.38768416487026], [-6.639088938813735, 33.38319258844966], [-6.635855003790905, 33.38436039831902], [-6.634597362393137, 33.38076713718254], [-6.640705906325151, 33.383821409148545], [-6.642143210779741, 33.38175528399507], [-6.636214329904552, 33.37780269674494], [-6.6351363515636095, 33.374029772551644], [-6.634058373222666, 33.37654505534718], [-6.629476965273656, 33.37340095185276], [-6.632531237239663, 33.37277213115387], [-6.636483824489789, 33.36513645123886], [-6.635765172262493, 33.36217201080127], [-6.631992248069191, 33.361183863988735], [-6.631093932785071, 33.35929740189208], [-6.629836291387304, 33.36055504328985], [-6.632082079597603, 33.36342965219903], [-6.627949829290653, 33.368100891676455], [-6.6300159544441275, 33.37106533211405], [-6.627410840120182, 33.37133482669928], [-6.626332861779238, 33.37483825630735], [-6.628488818461125, 33.382563767750774], [-6.625344714966706, 33.38085696871095], [-6.625434546495119, 33.375467077006235], [-6.622110779943876, 33.380497642597305], [-6.620224317847225, 33.37465859325052], [-6.6073784092843155, 33.37160432128452], [-6.610612344307146, 33.374029772551644], [-6.609085208324143, 33.376185729233526], [-6.613486953216329, 33.37483825630735], [-6.610702175835558, 33.37780269674494], [-6.616631056710747, 33.37726370757447], [-6.613756447801564, 33.379240001199534], [-6.616990382824395, 33.3789705066143], [-6.62273960064276, 33.38328241997807], [-6.622380274529112, 33.38543837665996], [-6.628488818461125, 33.38489938748949], [-6.62507522038147, 33.38795365945549], [-6.615193752256156, 33.38660618652931], [-6.616451393653923, 33.39271473046133], [-6.619326002563105, 33.3917265836488], [-6.62273960064276, 33.39585883395574], [-6.619415834091518, 33.396218160069395], [-6.621032801602933, 33.39837411675128], [-6.617709035051691, 33.39882327439334], [-6.61860735033581, 33.400260578847934], [-6.614654763085684, 33.40367417692759], [-6.6200446547904015, 33.400440241904754], [-6.619236171034694, 33.402686030115056], [-6.62642269330765, 33.40412333456965], [-6.623727747455291, 33.40654878583677], [-6.62507522038147, 33.407177606535654], [-6.62965662833048, 33.40421316609806], [-6.626871850949709, 33.40421316609806], [-6.626063367194002, 33.4015182202457], [-6.631004101256659, 33.400260578847934], [-6.631722753483955, 33.4023267040014], [-6.640077085626267, 33.40484198679694], [-6.635585509205669, 33.40061990496158], [-6.635855003790905, 33.39711647535351], [-6.630824438199835, 33.39711647535351], [-6.625793872608766, 33.3917265836488], [-6.628309155404301, 33.38957062696691], [-6.630644775143011, 33.389750290023734], [-6.628039660819065, 33.39271473046133], [-6.636753319075025, 33.39585883395574], [-6.637202476717084, 33.40008091579111], [-6.64115506396721, 33.40277586164346], [-6.644658493575276, 33.41139968837101], [-6.652922994189176, 33.41589126479161], [-6.654629793229002, 33.41229800365513], [-6.657055244496125, 33.41139968837101], [-6.655617940041534, 33.41607092784844], [-6.6591213696496006, 33.417418400774615], [-6.657504402138185, 33.41966418898491], [-6.660109516462132, 33.42613205903057], [-6.6568755814393015, 33.422179471780446], [-6.652473836547116, 33.42235913483727], [-6.653461983359647, 33.41723873771779], [-6.649060238467462, 33.42190997719521], [-6.656246760740418, 33.42523374374645], [-6.658672212007541, 33.42918633099658], [-6.653641646416471, 33.42873717335452], [-6.646365292615103, 33.43349824436035], [-6.6464551241435155, 33.429365994053406], [-6.644119504404804, 33.42828801571246], [-6.645017819688924, 33.434127065059236], [-6.6375618028307315, 33.43897796759348], [-6.644119504404804, 33.43879830453666], [-6.645197482745748, 33.440774598161724], [-6.646994113313987, 33.43870847300825], [-6.647982260126518, 33.44086442969014], [-6.643400852177509, 33.44248139720155], [-6.645916134973043, 33.445086511525496], [-6.6417838846660935, 33.44616448986644], [-6.643221189120685, 33.44248139720155], [-6.640795737853562, 33.44167291344584], [-6.635765172262493, 33.445984826809614], [-6.629027807631596, 33.43969661982078], [-6.630285449029364, 33.44328988095726], [-6.629926122915716, 33.44535600611073], [-6.625213398967209, 33.44104409274696], [-6.623548084398467, 33.435025380343355], [-6.617619203523279, 33.43017447780911], [-6.610612387314255, 33.41632018142946], [-6.601907773860961, 33.40540496451567], [-6.593228954331909, 33.37943741472958], [-6.59334319530031, 33.370436511415164], [-6.596868120460117, 33.37160432128452], [-6.604863126488781, 33.36801106014804], [-6.616810719767571, 33.373580614909585], [-6.623548084398467, 33.37438909866529], [-6.626782019421298, 33.36917887001739], [-6.62318875828482, 33.36567544040933], [-6.627051514006533, 33.367112744863924], [-6.62965662833048, 33.365405945824094], [-6.629207470688421, 33.35579397228401], [-6.6229192636995835, 33.352560037261185], [-6.626871850949709, 33.35579397228401], [-6.625344714966706, 33.36190251621603], [-6.627859997762241, 33.364238135954736], [-6.621122633131344, 33.362351673858086], [-6.623009095227996, 33.364238135954736], [-6.618787013392634, 33.36756190250598], [-6.623727747455291, 33.37007718530152], [-6.620673475489285, 33.37169415281293], [-6.610253018193498, 33.36720257639233], [-6.6082767245684355, 33.36917887001739], [-6.605941104829725, 33.36702291333551], [-6.597317278102177, 33.366843250278684], [-6.598485087971532, 33.369268701545806], [-6.595790142119174, 33.37007718530152], [-6.595969805175998, 33.36657375569345], [-6.593835113590668, 33.3684602177901], [-6.5974071096305895, 33.361254418226125], [-6.606480094000196, 33.36342965219903], [-6.597676604215825, 33.361183863988735], [-6.599113908670416, 33.35920757036367], [-6.6153734153129795, 33.34938937375049], [-6.617978529636926, 33.35202104809071], [-6.628219323875889, 33.352110879619126], [-6.626961682478122, 33.348194061197844], [-6.630285449029364, 33.35058374363612], [-6.63378887863743, 33.34917910620779], [-6.635433483333616, 33.3495776086386], [-6.638366719402317, 33.350558635619066], [-6.640705906325151, 33.3519312165623], [-6.641244895495622, 33.3518162291173], [-6.652377381199177, 33.36092853743255], [-6.658494746327162, 33.37575722756247], [-6.672057109740922, 33.394631854586], [-6.6708892998715665, 33.39846394827969], [-6.673045256553453, 33.40250636705823], [-6.6704401422295065, 33.404302997626466], [-6.673674077252337, 33.41175901448466], [-6.671607952098862, 33.411220025314186], [-6.672506267382981, 33.413825139638135], [-6.668104522490796, 33.41391497116655], [-6.668374017076031, 33.416160759376844]], [[-6.601000370767068, 33.373311120324345], [-6.593993511550935, 33.37483825630735], [-6.599024077142005, 33.376634886875586], [-6.60064104465342, 33.375916234648294], [-6.601000370767068, 33.373311120324345]], [[-6.605671610244489, 33.37367044643799], [-6.6045038003751335, 33.37528741394941], [-6.606569925528609, 33.375197582420995], [-6.606390262471784, 33.37465859325052], [-6.605671610244489, 33.37367044643799]], [[-6.60477329496037, 33.39235540434768], [-6.604593631903546, 33.39280456198974], [-6.607917398454788, 33.3925350674045], [-6.607647903869552, 33.39145708906356], [-6.60477329496037, 33.39235540434768]], [[-6.605761441772901, 33.37052634294358], [-6.605581778716077, 33.37097550058564], [-6.60621059941496, 33.37088566905722], [-6.606120767886549, 33.37061617447199], [-6.605761441772901, 33.37052634294358]], [[-6.606480094000196, 33.38597736583043], [-6.608007229983199, 33.38687568111455], [-6.607647903869552, 33.38579770277361], [-6.607198746227493, 33.385707871245195], [-6.606480094000196, 33.38597736583043]], [[-6.606749588585433, 33.369987353773105], [-6.606480094000196, 33.369987353773105], [-6.606480094000196, 33.37025684835834], [-6.606749588585433, 33.37025684835834], [-6.606749588585433, 33.369987353773105]], [[-6.608456387625259, 33.39019944766579], [-6.608456387625259, 33.38984012155215], [-6.608007229983199, 33.38984012155215], [-6.608186893040024, 33.39010961613738], [-6.608456387625259, 33.39019944766579]], [[-6.610881838892382, 33.39316388810339], [-6.609085208324143, 33.39415203491592], [-6.608995376795731, 33.39630799159781], [-6.615553078369803, 33.3970266438251], [-6.610881838892382, 33.39316388810339]], [[-6.610073355136675, 33.39136725753515], [-6.609264871380967, 33.39154692059197], [-6.609354702909379, 33.39199607823403], [-6.610073355136675, 33.39208590976244], [-6.610073355136675, 33.39136725753515]], [[-6.610073355136675, 33.3631601576138], [-6.609803860551438, 33.3631601576138], [-6.609803860551438, 33.36342965219903], [-6.610073355136675, 33.36342965219903], [-6.610073355136675, 33.3631601576138]], [[-6.615283583784568, 33.39136725753515], [-6.609983523608262, 33.388312985569144], [-6.612408974875385, 33.3932537196318], [-6.615283583784568, 33.392624898932915], [-6.615283583784568, 33.39136725753515]], [[-6.615103920727744, 33.39352321421703], [-6.614654763085684, 33.39361304574545], [-6.615732741426628, 33.39540967631368], [-6.618697181864222, 33.395948665484156], [-6.616990382824395, 33.39487068714321], [-6.615103920727744, 33.39352321421703]], [[-6.6191463395062815, 33.353278689488484], [-6.615732741426628, 33.353278689488484], [-6.61815819269375, 33.35687195062496], [-6.619326002563105, 33.35462616241466], [-6.6191463395062815, 33.353278689488484]], [[-6.62273960064276, 33.35390751018736], [-6.621571790773404, 33.35309902643166], [-6.621302296188168, 33.354715993943074], [-6.622110779943876, 33.35462616241466], [-6.62273960064276, 33.35390751018736]], [[-6.620493812432461, 33.354895656999894], [-6.620763307017697, 33.355704140755606], [-6.621212464659757, 33.355434646170366], [-6.621302296188168, 33.354715993943074], [-6.620493812432461, 33.354895656999894]], [[-6.622649769114348, 33.37681454993241], [-6.622649769114348, 33.376455223818766], [-6.622200611472288, 33.376455223818766], [-6.6222904430007, 33.376724718404], [-6.622649769114348, 33.37681454993241]], [[-6.622649769114348, 33.37906033814271], [-6.622380274529112, 33.37906033814271], [-6.622380274529112, 33.37932983272795], [-6.622649769114348, 33.37932983272795], [-6.622649769114348, 33.37906033814271]], [[-6.62642269330765, 33.441762744974255], [-6.626961682478122, 33.441762744974255], [-6.626871850949709, 33.4414034188606], [-6.62642269330765, 33.4414034188606], [-6.62642269330765, 33.441762744974255]], [[-6.62642269330765, 33.38058747412571], [-6.626512524836062, 33.381126463296184], [-6.626871850949709, 33.38103663176777], [-6.626782019421298, 33.38058747412571], [-6.62642269330765, 33.38058747412571]], [[-6.6266921878928855, 33.416969243132556], [-6.636932982131849, 33.41247766671196], [-6.635046520035197, 33.415981096320024], [-6.638280455058028, 33.415262444092726], [-6.639358433398971, 33.415981096320024], [-6.634866856978373, 33.41759806383144], [-6.63244140571125, 33.41490311797908], [-6.629566796802068, 33.41966418898491], [-6.633699047109018, 33.41759806383144], [-6.632351574182839, 33.42137098802474], [-6.6351363515636095, 33.419754020513324], [-6.635495677677257, 33.42173031413839], [-6.632351574182839, 33.424065933877095], [-6.63289056335331, 33.42756936348516], [-6.63702281366026, 33.427210037371516], [-6.635675340734081, 33.42927616252499], [-6.63792112894438, 33.43277959213306], [-6.639268601870559, 33.43179144532053], [-6.641694053137682, 33.43062363545117], [-6.63792112894438, 33.42918633099658], [-6.640436411739914, 33.42846767876929], [-6.638190623529615, 33.42415576540551], [-6.642412705364977, 33.422628629422505], [-6.641244895495622, 33.41993368357015], [-6.647533102484458, 33.420293009683796], [-6.650317879865229, 33.415981096320024], [-6.646544955671927, 33.41391497116655], [-6.648700912353814, 33.416699748547316], [-6.644029672876393, 33.41759806383144], [-6.645466977330984, 33.41328615046766], [-6.640346580211502, 33.40924373168912], [-6.640346580211502, 33.405470807495824], [-6.634058373222666, 33.40520131291059], [-6.63289056335331, 33.406728448893595], [-6.635855003790905, 33.40852507946183], [-6.632531237239663, 33.41032171003007], [-6.635405846148845, 33.4113098568426], [-6.628398986932713, 33.413825139638135], [-6.6266921878928855, 33.416969243132556]], [[-6.627859997762241, 33.41319631893925], [-6.627321008591769, 33.41310648741084], [-6.627231177063358, 33.4135556450529], [-6.627680334705417, 33.41373530810972], [-6.627859997762241, 33.41319631893925]], [[-6.6275905031770055, 33.407626764177714], [-6.631543090427131, 33.40771659570613], [-6.631543090427131, 33.407177606535654], [-6.629566796802068, 33.40699794347883], [-6.6275905031770055, 33.407626764177714]], [[-6.628219323875889, 33.41274716129719], [-6.628578649989537, 33.412657329768784], [-6.628578649989537, 33.412387835183544], [-6.628219323875889, 33.412387835183544], [-6.628219323875889, 33.41274716129719]], [[-6.629297302216832, 33.41157935142784], [-6.629027807631596, 33.41157935142784], [-6.629027807631596, 33.41184884601307], [-6.629297302216832, 33.41184884601307], [-6.629297302216832, 33.41157935142784]], [[-6.6351363515636095, 33.35336852101689], [-6.631632921955543, 33.35318885796007], [-6.6305549436146, 33.357590602852255], [-6.634058373222666, 33.36055504328985], [-6.636393992961376, 33.35920757036367], [-6.6351363515636095, 33.35336852101689]], [[-6.632621068768074, 33.35983639106255], [-6.632171911126015, 33.35983639106255], [-6.632171911126015, 33.36010588564779], [-6.632621068768074, 33.36010588564779], [-6.632621068768074, 33.35983639106255]], [[-6.6342380362794895, 33.35238037420436], [-6.63333972099537, 33.35229054267595], [-6.633519384052194, 33.3526498687896], [-6.6342380362794895, 33.3526498687896], [-6.6342380362794895, 33.35238037420436]], [[-6.634327867807902, 33.404033503041234], [-6.634058373222666, 33.404033503041234], [-6.634058373222666, 33.40448266068329], [-6.634327867807902, 33.40448266068329], [-6.634327867807902, 33.404033503041234]], [[-6.634597362393137, 33.34986509140882], [-6.636843150603436, 33.35103290127818], [-6.636753319075025, 33.350673575164535], [-6.635675340734081, 33.35013458599406], [-6.634597362393137, 33.34986509140882]], [[-6.635585509205669, 33.35247020573277], [-6.637741465887556, 33.354266836301015], [-6.637831297415968, 33.353278689488484], [-6.636483824489789, 33.35273970031801], [-6.635585509205669, 33.35247020573277]], [[-6.638100792001204, 33.37322128879593], [-6.636483824489789, 33.37241280504023], [-6.637382139773908, 33.37492808783576], [-6.638190623529615, 33.37385010949482], [-6.638100792001204, 33.37322128879593]], [[-6.637741465887556, 33.43304908671829], [-6.63747197130232, 33.43304908671829], [-6.637382139773908, 33.43349824436035], [-6.637651634359144, 33.43349824436035], [-6.637741465887556, 33.43304908671829]], [[-6.642592368421801, 33.37241280504023], [-6.638370286586439, 33.37385010949482], [-6.638999107285323, 33.37537724547782], [-6.641963547722917, 33.37438909866529], [-6.642592368421801, 33.37241280504023]], [[-6.6417838846660935, 33.37609589770511], [-6.639807591041031, 33.37654505534718], [-6.64250253689339, 33.37852134897224], [-6.6417838846660935, 33.37780269674494], [-6.6417838846660935, 33.37609589770511]], [[-6.640077085626267, 33.387414670285025], [-6.6417838846660935, 33.38939096391009], [-6.641963547722917, 33.38867231168279], [-6.641424558552446, 33.38777399639867], [-6.640077085626267, 33.387414670285025]], [[-6.642412705364977, 33.38480955596108], [-6.641424558552446, 33.38633669194408], [-6.642592368421801, 33.38669601805773], [-6.643400852177509, 33.38516888207472], [-6.642412705364977, 33.38480955596108]], [[-6.645377145802572, 33.42505408068963], [-6.646814450257163, 33.4255930698601], [-6.646724618728751, 33.42415576540551], [-6.6460059665014555, 33.42379643929186], [-6.645377145802572, 33.42505408068963]], [[-6.645736471916219, 33.42137098802474], [-6.645736471916219, 33.423077787064564], [-6.647443270956047, 33.42271846095092], [-6.647263607899223, 33.42155065108157], [-6.645736471916219, 33.42137098802474]], [[-6.650767037507289, 33.425772732916926], [-6.6497788906947575, 33.42541340680328], [-6.650048385279994, 33.427210037371516], [-6.651126363620937, 33.426491385144224], [-6.650767037507289, 33.425772732916926]], [[-6.653282320302823, 33.3910079314215], [-6.654180635586943, 33.390918099893085], [-6.654180635586943, 33.39055877377944], [-6.653282320302823, 33.39055877377944], [-6.653282320302823, 33.3910079314215]], [[-6.662714630786079, 33.40439282915488], [-6.656606086854066, 33.40385383998441], [-6.658223054365481, 33.40663861736518], [-6.660738337161016, 33.40591996513788], [-6.662714630786079, 33.40439282915488]], [[-6.66001968493372, 33.389031637796435], [-6.6591213696496006, 33.389031637796435], [-6.6591213696496006, 33.38957062696691], [-6.66001968493372, 33.389301132381675], [-6.66001968493372, 33.389031637796435]], [[-6.6610976632746635, 33.39037911072262], [-6.6613671578599, 33.389929953080554], [-6.660379011047368, 33.38966045849532], [-6.660558674104192, 33.39019944766579], [-6.6610976632746635, 33.39037911072262]], [[-6.660379011047368, 33.39343338268862], [-6.6615468209167235, 33.39352321421703], [-6.6615468209167235, 33.39316388810339], [-6.66091800021784, 33.39271473046133], [-6.660379011047368, 33.39343338268862]], [[-6.661007831746251, 33.39900293745016], [-6.6606485056326035, 33.39891310592175], [-6.6606485056326035, 33.39945209509222], [-6.66091800021784, 33.39945209509222], [-6.661007831746251, 33.39900293745016]], [[-6.665948565808909, 33.41059120461531], [-6.6648705874679655, 33.40996238391642], [-6.664960418996377, 33.41086069920054], [-6.665409576638437, 33.410950530728954], [-6.665948565808909, 33.41059120461531]], [[-6.667026544149852, 33.41229800365513], [-6.666307891922557, 33.41229800365513], [-6.666397723450968, 33.412657329768784], [-6.667026544149852, 33.41274716129719], [-6.667026544149852, 33.41229800365513]], [[-6.66783502790556, 33.41328615046766], [-6.667206207206676, 33.4128369928256], [-6.667206207206676, 33.41346581352449], [-6.667475701791912, 33.41373530810972], [-6.66783502790556, 33.41328615046766]]], [[[-6.703408313156693, 33.65169902687298], [-6.705025280668108, 33.64828542879333], [-6.701252356474806, 33.6450514937705], [-6.703138818571457, 33.64235654791814], [-6.697389600753092, 33.64361418931591], [-6.693976002673438, 33.63876328678167], [-6.691640382934727, 33.64325486320226], [-6.689574257781252, 33.64082941193514], [-6.691191225292667, 33.638673455253254], [-6.690742067650608, 33.63813446608278], [-6.687957290269837, 33.640559917349904], [-6.690113246951724, 33.642446379446554], [-6.6884064479118965, 33.64424301001479], [-6.692089540576787, 33.645590482940975], [-6.690562404593784, 33.64756677656604], [-6.694335328787085, 33.64594980905462], [-6.692269203633611, 33.649363407134274], [-6.694604823372321, 33.65089054311728], [-6.691999709048375, 33.65313633132757], [-6.6930776873893185, 33.655112624952636], [-6.688226784855073, 33.65690925552088], [-6.689394594724428, 33.65232784757187], [-6.68625049123001, 33.65089054311728], [-6.6859809966447745, 33.648195597264916], [-6.6779859906161105, 33.65008205936157], [-6.684723355247007, 33.64666846128192], [-6.679692789655937, 33.64594980905462], [-6.6855318390027145, 33.643434526259085], [-6.684364029133359, 33.639392107480546], [-6.678165653672934, 33.64172772721926], [-6.682657230093532, 33.638224297611195], [-6.683645376906063, 33.6330140689633], [-6.6677451963771475, 33.635080194116775], [-6.670709636814742, 33.63310390049171], [-6.6681943540192075, 33.63265474284965], [-6.669631658473799, 33.62897165018476], [-6.6673858702635, 33.626995356559696], [-6.670979131399978, 33.62663603044605], [-6.67106896292839, 33.632744574378066], [-6.675111381706928, 33.63094794380982], [-6.672236772797746, 33.63112760686665], [-6.6719672782125095, 33.62825299795747], [-6.67430289795122, 33.626456367389224], [-6.669811321530623, 33.6240309161221], [-6.673584245723925, 33.62501906293463], [-6.675830033934224, 33.622234285553866], [-6.680411441883233, 33.62169529638339], [-6.675470707820576, 33.620976644156094], [-6.679602958127526, 33.619090182059445], [-6.675830033934224, 33.619090182059445], [-6.673674077252337, 33.61738338301962], [-6.676369023104695, 33.61657489926391], [-6.671428289042038, 33.615047763280906], [-6.677447001445639, 33.61522742633773], [-6.675380876292164, 33.6142392795252], [-6.676728349218343, 33.6104663553319], [-6.664062103712258, 33.61370029035473], [-6.662175641615606, 33.61558675245138], [-6.66370277759861, 33.620078328871976], [-6.659390864234837, 33.61819186677533], [-6.661277326331487, 33.62160546485498], [-6.660738337161016, 33.62187495944022], [-6.6568755814393015, 33.6187308559458], [-6.653821309473296, 33.61918001358786], [-6.655977266155182, 33.614059616468374], [-6.649958553751581, 33.6164850677355], [-6.64852124929699, 33.6127121435422], [-6.641424558552446, 33.60804090406478], [-6.648790743882226, 33.61962917122992], [-6.646365292615103, 33.623402095423224], [-6.653282320302823, 33.61918001358786], [-6.64986872222317, 33.62465973682099], [-6.655707771569946, 33.620527486514035], [-6.654899287814239, 33.62286310625275], [-6.658133222837069, 33.62106647568451], [-6.659480695763248, 33.62259361166751], [-6.657863728251833, 33.62528855751987], [-6.654090804058531, 33.62331226389481], [-6.6422330423081535, 33.629869965468885], [-6.640975400910386, 33.63310390049171], [-6.647353439427635, 33.63049878616776], [-6.649060238467462, 33.631936090622354], [-6.652473836547116, 33.62995979699729], [-6.652743331132352, 33.63094794380982], [-6.647173776370811, 33.63310390049171], [-6.649958553751581, 33.63597850940089], [-6.644927988160512, 33.6345412049463], [-6.6417838846660935, 33.63876328678167], [-6.636393992961376, 33.63858362372484], [-6.635316014620433, 33.64047008582149], [-6.637831297415968, 33.64091924346355], [-6.635675340734081, 33.64172772721926], [-6.638819444228499, 33.64262604250338], [-6.633249889466958, 33.64406334695797], [-6.636663487546612, 33.64684812433874], [-6.635585509205669, 33.64927357560586], [-6.638819444228499, 33.650351553946805], [-6.645736471916219, 33.64550065141256], [-6.644927988160512, 33.64756677656604], [-6.647353439427635, 33.64927357560586], [-6.655977266155182, 33.64927357560586], [-6.6591213696496006, 33.646309135168266], [-6.663792609127022, 33.645770145997794], [-6.661007831746251, 33.647207450452385], [-6.662714630786079, 33.64855492337857], [-6.649689059166345, 33.65241767910028], [-6.656695918382478, 33.65646009787882], [-6.658851875064364, 33.660592348185766], [-6.661726483973547, 33.659334706788], [-6.662085810087195, 33.65502279342423], [-6.6681943540192075, 33.652058352986636], [-6.671697783627273, 33.65277700521393], [-6.663612946070198, 33.65565161412311], [-6.662534967729255, 33.66167032652671], [-6.658672212007541, 33.66301779945289], [-6.662265473144019, 33.665892408362076], [-6.658223054365481, 33.664634766964305], [-6.658582380479129, 33.66625173447572], [-6.663612946070198, 33.66840769115761], [-6.6673858702635, 33.66373645168019], [-6.670979131399978, 33.6631076309813], [-6.67017064764427, 33.66526358766319], [-6.673404582667101, 33.66544325072002], [-6.673135088081865, 33.6675992074019], [-6.680770767996881, 33.664634766964305], [-6.683196219264004, 33.66661106058937], [-6.678614811314994, 33.67262977299297], [-6.676728349218343, 33.68179258889099], [-6.6746622240648685, 33.68089427360687], [-6.6756503708774, 33.67819932775451], [-6.672865593496629, 33.67316876216344], [-6.668913006246504, 33.671551794652025], [-6.666487554979381, 33.67487556120327], [-6.668374017076031, 33.6743365720328], [-6.668374017076031, 33.67784000164087], [-6.661636652445135, 33.678917979981804], [-6.657863728251833, 33.68233157806146], [-6.667565533320324, 33.68314006181717], [-6.669272332360151, 33.684936692385406], [-6.667655364848736, 33.686823154482056], [-6.6704401422295065, 33.68745197518094], [-6.6681943540192075, 33.68844012199347], [-6.671338457513626, 33.68808079587983], [-6.6719672782125095, 33.68844012199347], [-6.669002837774915, 33.68996725797648], [-6.668374017076031, 33.693470687584544], [-6.660738337161016, 33.69571647579484], [-6.661277326331487, 33.69957923151656], [-6.6653197451100255, 33.6991300738745], [-6.661726483973547, 33.70362165029509], [-6.65633659226883, 33.70586743850539], [-6.652833162660764, 33.701375862084795], [-6.651036532092525, 33.70245384042574], [-6.650856869035701, 33.70847255282934], [-6.647443270956047, 33.70775390060204], [-6.645736471916219, 33.70990985728393], [-6.648611080825402, 33.71260480313629], [-6.645646640387808, 33.71682688497165], [-6.64941956458111, 33.716647221914826], [-6.649239901524286, 33.71916250471036], [-6.642592368421801, 33.72518121711396], [-6.647622934012871, 33.72374391265937], [-6.645017819688924, 33.72607953239808], [-6.652114510433468, 33.724732059471904], [-6.653192488774412, 33.727606668381085], [-6.658402717422305, 33.72724734226744], [-6.667475701791912, 33.7216777875059], [-6.668913006246504, 33.722576102790015], [-6.667026544149852, 33.724911722528724], [-6.669631658473799, 33.72670835309697], [-6.666307891922557, 33.732637233972156], [-6.676369023104695, 33.73128976104598], [-6.6756503708774, 33.732816897028975], [-6.680052115769585, 33.733535549256274], [-6.678075822144522, 33.735961000523396], [-6.6813097571673525, 33.73578133746657], [-6.67933346354229, 33.739284767074636], [-6.6817589148094125, 33.738745777904164], [-6.6832860507924154, 33.74171021834176], [-6.690023415423312, 33.74009325083035], [-6.690921730707432, 33.742878028211116], [-6.679962284241173, 33.74620179476236], [-6.6775368329740505, 33.749256066728364], [-6.681489420224176, 33.74745943616013], [-6.6828368931503555, 33.74781876227377], [-6.685621670531126, 33.746471289347596], [-6.68625049123001, 33.74674078393283], [-6.678794474371818, 33.750962865768194], [-6.690652236122196, 33.748357751444246], [-6.684004703019712, 33.75347814856373], [-6.691999709048375, 33.75545444218879], [-6.700084546605451, 33.752130675637545], [-6.700713367304334, 33.75500528454673], [-6.704216796912401, 33.75581376830244], [-6.701881177173689, 33.75841888262639], [-6.706103259009051, 33.76174264917763], [-6.693886171145026, 33.765246078785694], [-6.688136953326661, 33.76057483930827], [-6.683196219264004, 33.76326978516063], [-6.683826341095156, 33.76713254088234], [-6.679028091257235, 33.761087820691905], [-6.666660824517512, 33.75565825776301], [-6.653100613354364, 33.74393812061098], [-6.637847698084693, 33.73800988073111], [-6.62607194464852, 33.72390414748066], [-6.6240679590040905, 33.71461105988642], [-6.625732746150518, 33.704775410326846], [-6.645529965057132, 33.67824557828728], [-6.640192768604853, 33.67212743503267], [-6.636453293587919, 33.66244380984934], [-6.624379797140242, 33.649652158674215], [-6.622027142465872, 33.637940846248334], [-6.624803789843391, 33.626464119930105], [-6.6237666384506815, 33.61349520112294], [-6.62127835918988, 33.60711042406312], [-6.615899036583082, 33.60265729841574], [-6.611035660399812, 33.59574077899295], [-6.6081438774543395, 33.58404675420682], [-6.5989492598548125, 33.56973876772236], [-6.5968007248898175, 33.55889320174899], [-6.59215680140038, 33.555938617585845], [-6.594263006136171, 33.55243518797778], [-6.590310418886045, 33.554859286736864], [-6.571813970248093, 33.54413289046719], [-6.568122031368293, 33.53967911094328], [-6.578362825607256, 33.54363169819341], [-6.573781417658246, 33.54084692081263], [-6.577554341851548, 33.53860113260234], [-6.576925521152664, 33.53671467050569], [-6.572433944732067, 33.53267225172715], [-6.575308553641249, 33.53743332273298], [-6.572433944732067, 33.53788248037504], [-6.566505063856878, 33.53024680046003], [-6.564349107174991, 33.53267225172715], [-6.5667745584421136, 33.5323129256135], [-6.567403379140997, 33.538633321312226], [-6.565331145929033, 33.535341780371525], [-6.560232812370441, 33.52319921091661], [-6.558556288971659, 33.51689940957232], [-6.552327645561683, 33.50835407642685], [-6.550620140235153, 33.50311767887962], [-6.555635448919031, 33.505183804033095], [-6.556893090316799, 33.50410582569215], [-6.550478979159721, 33.5022193635955], [-6.5503353887427265, 33.499434586214726], [-6.552940503066673, 33.498446439402194], [-6.550199451861989, 33.49934475468631], [-6.551617575894345, 33.48912554022831], [-6.562120823467662, 33.47345629591437], [-6.572600667165255, 33.46763925616029], [-6.584938212744502, 33.46562507532237], [-6.5972565606181455, 33.46772019023084], [-6.605347093574615, 33.47181918857778], [-6.614434453836786, 33.481769933882475], [-6.623009095227996, 33.5015007113682], [-6.6195954971483415, 33.51093302185146], [-6.615283583784568, 33.51407712534588], [-6.617349708938042, 33.515604261328875], [-6.624087073568939, 33.50832790752751], [-6.6229192636995835, 33.50500414097627], [-6.626602356364474, 33.501770205953434], [-6.624176905097351, 33.50051256455567], [-6.632531237239663, 33.50042273302726], [-6.6300159544441275, 33.497997281760135], [-6.624895557324646, 33.498446439402194], [-6.626063367194002, 33.49718879800443], [-6.627051514006533, 33.49682947189078], [-6.627023735523188, 33.49647014577713], [-6.628140516828733, 33.49571864883425], [-6.628555632003321, 33.49549397632633], [-6.6272754557953055, 33.488475139748466], [-6.631004101256659, 33.48802598210641], [-6.630734606671424, 33.4901819387883], [-6.632261742654427, 33.488475139748466], [-6.631812585012367, 33.48254625887328], [-6.629746459858892, 33.48784631904959], [-6.627305893754985, 33.48739716140752], [-6.6274604266086, 33.47113765476496], [-6.630375280557776, 33.47284445380479], [-6.62733738943257, 33.46790371974213], [-6.633609215580606, 33.46718506751483], [-6.634956688506786, 33.464849447776125], [-6.635944835319317, 33.46682574140119], [-6.64160422160927, 33.46260365956583], [-6.644209335933216, 33.46386130096359], [-6.644209335933216, 33.45910022995776], [-6.637202476717084, 33.45919006148617], [-6.638999107285323, 33.45541713729287], [-6.640616074796738, 33.45757309397476], [-6.643400852177509, 33.456495115633814], [-6.643490683705921, 33.453710338253046], [-6.641694053137682, 33.45514764270764], [-6.636932982131849, 33.454159495895105], [-6.638280455058028, 33.45182387615639], [-6.645916134973043, 33.449128930304035], [-6.647263607899223, 33.45002724558815], [-6.641963547722917, 33.45299168602575], [-6.645017819688924, 33.452452696855275], [-6.645646640387808, 33.45541713729287], [-6.649239901524286, 33.45469848506558], [-6.6520246789050566, 33.45694427327587], [-6.645736471916219, 33.461705344281704], [-6.6531026572459995, 33.46143584969647], [-6.6497788906947575, 33.463412143321534], [-6.653821309473296, 33.46350197484995], [-6.65678574991089, 33.468173214327365], [-6.653282320302823, 33.469161361139896], [-6.653192488774412, 33.47041900253767], [-6.658582380479129, 33.47086816017973], [-6.655707771569946, 33.47149698087861], [-6.656965412967714, 33.473473274503675], [-6.64986872222317, 33.474910578958266], [-6.657594233666598, 33.47562923118556], [-6.654539961700591, 33.47778518786745], [-6.6573247390813615, 33.47931232385045], [-6.658223054365481, 33.48443272096993], [-6.6520246789050566, 33.481558112060746], [-6.656606086854066, 33.48829547669165], [-6.647353439427635, 33.48928362350418], [-6.65588743462677, 33.49404469451001], [-6.663433283013374, 33.50329734193644], [-6.660289179518956, 33.49242772699859], [-6.656067097683594, 33.49072092795877], [-6.6606485056326035, 33.489373455032585], [-6.660738337161016, 33.48658867765182], [-6.66415193524067, 33.49161924324289], [-6.672596098911393, 33.4901819387883], [-6.6677451963771475, 33.489463286561], [-6.6686435116612675, 33.48676834070864], [-6.675021550178516, 33.486049688481344], [-6.677447001445639, 33.48317507957216], [-6.6817589148094125, 33.485151373197226], [-6.684274197604947, 33.48263609040169], [-6.679153800485466, 33.481827606645986], [-6.678165653672934, 33.479132660793624], [-6.675021550178516, 33.482725921930104], [-6.664780755939553, 33.486049688481344], [-6.6644214298259055, 33.48164794358916], [-6.67061980528633, 33.47985131302092], [-6.679872452712761, 33.47086816017973], [-6.6790639689570535, 33.46952068725355], [-6.675021550178516, 33.47419192673097], [-6.671697783627273, 33.475359736600325], [-6.679153800485466, 33.46637658375913], [-6.673404582667101, 33.47212580157749], [-6.666307891922557, 33.47086816017973], [-6.672596098911393, 33.46979018183878], [-6.672506267382981, 33.46709523598642], [-6.674572392536456, 33.466735909872774], [-6.673224919610277, 33.46395113249201], [-6.67017064764427, 33.46682574140119], [-6.673224919610277, 33.462962985679475], [-6.675380876292164, 33.462513828037416], [-6.675111381706928, 33.45847140925888], [-6.672236772797746, 33.459639219128235], [-6.6733147511386885, 33.45541713729287], [-6.677447001445639, 33.461076523582825], [-6.6822080724514725, 33.46098669205441], [-6.6752910447637515, 33.45308151755416], [-6.672236772797746, 33.4526323599121], [-6.67520121323534, 33.444098364712964], [-6.677806327559287, 33.442930554843606], [-6.677447001445639, 33.43798982078095], [-6.681848746337824, 33.44095426121854], [-6.691281056821079, 33.43951695676395], [-6.693257350446142, 33.43574403257065], [-6.697902190756833, 33.43637285326954], [-6.693437013502966, 33.442661060258374], [-6.681399588695765, 33.44454752235502], [-6.689843752366488, 33.44068476663331], [-6.682387735508296, 33.4414034188606], [-6.677357169917227, 33.44634415292326], [-6.678974137428642, 33.448410278076736], [-6.689394594724428, 33.44805095196309], [-6.698771772603861, 33.44454752235502], [-6.699465567031162, 33.446635105159174], [-6.700885187538762, 33.45745643476235], [-6.694830311222399, 33.485230983479696], [-6.696687734246642, 33.510923638427016], [-6.6904591141293075, 33.522017192641634], [-6.671347790103547, 33.54240023585873], [-6.661695842288101, 33.548870534532035], [-6.662183328735853, 33.55373347562362], [-6.679956364720044, 33.579593255511874], [-6.680558380276394, 33.56391636665477], [-6.691456968230866, 33.551173163591024], [-6.705829465735549, 33.545949311478346], [-6.723238246135238, 33.547605528619236], [-6.725317543901463, 33.538780795659164], [-6.743563006356835, 33.54156557303993], [-6.75021053945932, 33.54740462238671], [-6.742485028015892, 33.54740462238671], [-6.7421257019022445, 33.55171653575048], [-6.7492223926467885, 33.5548606392449], [-6.745359636925074, 33.55683693286996], [-6.745988457623958, 33.56267598221674], [-6.75434278976627, 33.56923368379081], [-6.7552411050503895, 33.57174896658635], [-6.750929191686615, 33.575162564666], [-6.75802588243116, 33.579294814972954], [-6.754163126709446, 33.58459487514926], [-6.756408914919745, 33.58755931558685], [-6.751288517800264, 33.587199989473206], [-6.752725822254854, 33.588816956984616], [-6.750390202516144, 33.58899662004144], [-6.753354642953738, 33.59510516397346], [-6.75065969710138, 33.592859375763155], [-6.747605425135373, 33.5977102782974], [-6.744281658584131, 33.59564415314393], [-6.743383343300011, 33.600225561092934], [-6.740059576748769, 33.60184252860435], [-6.73224423377693, 33.59753061524058], [-6.729369624867747, 33.58854746239938], [-6.727483162771096, 33.5901644299108], [-6.72487804844715, 33.584774538206084], [-6.714727085736599, 33.57992363567183], [-6.724159396219854, 33.59250004964951], [-6.724249227748266, 33.59582381620075], [-6.720655966611788, 33.5961831423144], [-6.7194881567424325, 33.599327245808816], [-6.725866195259681, 33.60130353943388], [-6.736735810197527, 33.610735849917134], [-6.735837494913407, 33.61280197507061], [-6.728650972640452, 33.611274839087606], [-6.727123836657448, 33.61298163812744], [-6.729279793339335, 33.61639523620709], [-6.72721366818586, 33.61926984511627], [-6.7345798535156405, 33.62573771516193], [-6.728111983469979, 33.62753434573017], [-6.73547816879976, 33.63409204730424], [-6.735568000328172, 33.6375056453839], [-6.728740804168863, 33.636517498571365], [-6.727483162771096, 33.6383141291396], [-6.726495015958564, 33.63624800398613], [-6.726045858316505, 33.65089054311728], [-6.715894895605954, 33.66786870198714], [-6.712571129054712, 33.669665332555375], [-6.7161643901911905, 33.67766033858404], [-6.702330334815749, 33.67909764303863], [-6.6926285297472585, 33.68574517614112], [-6.6972997692246805, 33.699938557630205], [-6.70098286188957, 33.70164535667003], [-6.697209937696268, 33.70505895474969], [-6.703318481628281, 33.71035901492599], [-6.700803198832746, 33.71242514007947], [-6.698826905207683, 33.70865221588616], [-6.698287916037212, 33.71224547702264], [-6.6972997692246805, 33.70883187894299], [-6.695862464770089, 33.72338458654572], [-6.690113246951724, 33.72410323877302], [-6.691640382934727, 33.73012195117662], [-6.687508132627777, 33.72913380436409], [-6.684903018303831, 33.72751683685267], [-6.684004703019712, 33.72239643973319], [-6.690382741536959, 33.71763536872736], [-6.687957290269837, 33.717545537198944], [-6.6897539208380765, 33.715659075102295], [-6.686789480400481, 33.713053960778346], [-6.68301655620718, 33.71431160217612], [-6.680231778826409, 33.71242514007947], [-6.671607952098862, 33.71449126523294], [-6.674482561008045, 33.71071834103964], [-6.670799468343154, 33.70946069964187], [-6.675021550178516, 33.70083687291432], [-6.682028409394649, 33.69553681273802], [-6.682387735508296, 33.69167405701631], [-6.68948442625284, 33.686823154482056], [-6.688226784855073, 33.68502652391382], [-6.690742067650608, 33.68116376819211], [-6.70834904721935, 33.6675992074019], [-6.711762645299005, 33.66741954434508], [-6.7086185418045865, 33.66661106058937], [-6.714188096566127, 33.659873695958474], [-6.710145677787589, 33.65825672844706], [-6.717601694645781, 33.653675320498046], [-6.719667819799256, 33.65071088006045], [-6.716074558662778, 33.64981256477633], [-6.715535569492307, 33.646578629753506], [-6.717152537003722, 33.64424301001479], [-6.71661354783325, 33.643883683901144], [-6.714188096566127, 33.6488244179638], [-6.713199949753595, 33.64541081988415], [-6.701971008702102, 33.656280434821994], [-6.7006235357759225, 33.65071088006045], [-6.703408313156693, 33.65169902687298]], [[-6.55922871005551, 33.50006340691361], [-6.55922871005551, 33.49952441774314], [-6.557072753373623, 33.499704080799965], [-6.557342247958859, 33.50051256455567], [-6.55922871005551, 33.50006340691361]], [[-6.558510057828214, 33.497548124118076], [-6.561294835208985, 33.497997281760135], [-6.562732139663575, 33.49727862953284], [-6.563720286476107, 33.49557183049301], [-6.558510057828214, 33.497548124118076]], [[-6.560306688396453, 33.48308524804375], [-6.560306688396453, 33.482276764288045], [-6.559588036169157, 33.48173777511757], [-6.558959215470274, 33.4811987859471], [-6.560306688396453, 33.48308524804375]], [[-6.560935509095337, 33.48362423721422], [-6.560845677566925, 33.48317507957216], [-6.560576182981689, 33.483444574157396], [-6.560666014510101, 33.48362423721422], [-6.560935509095337, 33.48362423721422]], [[-6.561743992851044, 33.484612384026754], [-6.561384666737396, 33.48470221555517], [-6.56156432979422, 33.485151373197226], [-6.56201348743628, 33.485151373197226], [-6.561743992851044, 33.484612384026754]], [[-6.562372813549928, 33.52413825652801], [-6.562372813549928, 33.52449758264166], [-6.562642308135164, 33.52449758264166], [-6.562642308135164, 33.52413825652801], [-6.562372813549928, 33.52413825652801]], [[-6.562821971191988, 33.47562923118556], [-6.5629118027204, 33.47598855729921], [-6.563720286476107, 33.47616822035603], [-6.563989781061343, 33.475808894242384], [-6.562821971191988, 33.47562923118556]], [[-6.563810118004519, 33.52395859347119], [-6.566684726913701, 33.52602471862466], [-6.5658762431579945, 33.52485690875531], [-6.564438938703403, 33.52386876194278], [-6.563810118004519, 33.52395859347119]], [[-6.566055906214818, 33.49350570533954], [-6.565966074686406, 33.49305654769748], [-6.565157590930698, 33.49314637922589], [-6.565157590930698, 33.493415873811124], [-6.566055906214818, 33.49350570533954]], [[-6.568481357481941, 33.4856903623677], [-6.568122031368293, 33.4856903623677], [-6.568211862896705, 33.48595985695293], [-6.568481357481941, 33.486049688481344], [-6.568481357481941, 33.4856903623677]], [[-6.568840683595589, 33.495661662021426], [-6.570457651107004, 33.49673964036237], [-6.572793270845715, 33.49602098813507], [-6.575218722112837, 33.493236210754304], [-6.568840683595589, 33.495661662021426]], [[-6.570008493464944, 33.50320751040803], [-6.570008493464944, 33.503477004993265], [-6.571086471805887, 33.503477004993265], [-6.5709966402774755, 33.503027847351206], [-6.570008493464944, 33.50320751040803]], [[-6.570457651107004, 33.479941144549336], [-6.570727145692239, 33.482456427344864], [-6.5734220915445984, 33.48281575345852], [-6.572433944732067, 33.48137844900393], [-6.571894955561595, 33.48021063913457], [-6.570457651107004, 33.479941144549336]], [[-6.578901814777727, 33.52575522403943], [-6.576925521152664, 33.52081448997677], [-6.571535629447947, 33.518029712596004], [-6.576117037396957, 33.52620438168149], [-6.572703439317302, 33.531145115744145], [-6.575039059056014, 33.531863767971444], [-6.574949227527601, 33.53024680046003], [-6.578901814777727, 33.52575522403943]], [[-6.587884967618923, 33.514975440629996], [-6.586178168579095, 33.51668223966982], [-6.58824429373257, 33.51614325049935], [-6.590490081942869, 33.515155103686816], [-6.589142609016689, 33.51156184255034], [-6.580608613817554, 33.510394032680985], [-6.586717157749567, 33.506621108487685], [-6.581506929101674, 33.50742959224339], [-6.580339119232319, 33.503926162635324], [-6.572254281675242, 33.50248885818073], [-6.581596760630085, 33.51335847311858], [-6.585818842465447, 33.51219066324922], [-6.587884967618923, 33.514975440629996]], [[-6.572344113203655, 33.478952997736805], [-6.574050912243482, 33.4811987859471], [-6.5789916463061395, 33.47958181843568], [-6.5767458580958404, 33.475539399657144], [-6.5743204068287175, 33.47571906271397], [-6.575039059056014, 33.47976148149251], [-6.572344113203655, 33.478952997736805]], [[-6.577734004908372, 33.48506154166881], [-6.575308553641249, 33.48542086778246], [-6.577374678794724, 33.48398356332787], [-6.575667879754897, 33.482456427344864], [-6.574589901413954, 33.48488187861199], [-6.575128890584425, 33.48766665599276], [-6.579440803948199, 33.48973278114624], [-6.58087810840279, 33.492517558527005], [-6.5758475428117205, 33.48910396044735], [-6.575308553641249, 33.49009210725988], [-6.582495075914205, 33.49332604228272], [-6.578632320192491, 33.49763795564649], [-6.57351192307301, 33.49907526010108], [-6.582584907442618, 33.49682947189078], [-6.583034065084677, 33.499254923157906], [-6.581956086743734, 33.49889559704425], [-6.581147602988026, 33.499254923157906], [-6.5856391794086235, 33.500332901498844], [-6.584830695652916, 33.496559977305544], [-6.595969805175998, 33.492966716169065], [-6.6016291914659515, 33.49961424927155], [-6.605222452602429, 33.49916509162949], [-6.602707169806894, 33.50168037442503], [-6.606300430943373, 33.50500414097627], [-6.608186893040024, 33.50940588586845], [-6.609983523608262, 33.508687233641155], [-6.6116004911196775, 33.50733976071498], [-6.607737735397964, 33.49745829258966], [-6.602707169806894, 33.492966716169065], [-6.5998325608977115, 33.49350570533954], [-6.599383403255652, 33.49072092795877], [-6.594801995306643, 33.49009210725988], [-6.601898686051187, 33.48308524804375], [-6.596868120460117, 33.486319183066584], [-6.597766435744237, 33.483444574157396], [-6.5931850277952275, 33.48389373179946], [-6.595251152948703, 33.487756487521175], [-6.589951092772397, 33.48856497127688], [-6.5936341854372875, 33.493415873811124], [-6.586627326221155, 33.494853178265714], [-6.587435809976863, 33.48973278114624], [-6.581237434516438, 33.48757682446435], [-6.585100190238152, 33.48353440568581], [-6.583034065084677, 33.47805468245268], [-6.580698445345966, 33.478683503151565], [-6.583034065084677, 33.48263609040169], [-6.579350972419787, 33.48865480280529], [-6.577734004908372, 33.48506154166881]], [[-6.57396108071507, 33.507070266129745], [-6.576835689624252, 33.51012453809575], [-6.576027205868545, 33.508507570584335], [-6.5743204068287175, 33.50698043460133], [-6.57396108071507, 33.507070266129745]], [[-6.574050912243482, 33.487307329879116], [-6.574050912243482, 33.48757682446435], [-6.5743204068287175, 33.48757682446435], [-6.5743204068287175, 33.487307329879116], [-6.574050912243482, 33.487307329879116]], [[-6.576835689624252, 33.47194613852067], [-6.5771950157379, 33.47149698087861], [-6.576656026567428, 33.469161361139896], [-6.575488216698073, 33.46898169808308], [-6.576835689624252, 33.47194613852067]], [[-6.575937374340133, 33.47437158978779], [-6.5767458580958404, 33.474641084373026], [-6.577823836436783, 33.473473274503675], [-6.577374678794724, 33.473024116861616], [-6.575937374340133, 33.47437158978779]], [[-6.577015352681077, 33.51407712534588], [-6.578272994078843, 33.51632291355617], [-6.580788276874378, 33.51551442980047], [-6.578183162550432, 33.51380763076064], [-6.577015352681077, 33.51407712534588]], [[-6.578632320192491, 33.46898169808308], [-6.581057771459614, 33.475808894242384], [-6.580698445345966, 33.47419192673097], [-6.58042895076073, 33.47077832865131], [-6.578632320192491, 33.46898169808308]], [[-6.579440803948199, 33.490990422544], [-6.579440803948199, 33.490631096430356], [-6.578901814777727, 33.49072092795877], [-6.5789916463061395, 33.491080254072415], [-6.579440803948199, 33.490990422544]], [[-6.58087810840279, 33.538511301073925], [-6.580967939931202, 33.53671467050569], [-6.580339119232319, 33.53689433356251], [-6.579800130061846, 33.53779264884663], [-6.58087810840279, 33.538511301073925]], [[-6.580967939931202, 33.54111641539787], [-6.58042895076073, 33.539948605528515], [-6.579889961590259, 33.53967911094328], [-6.579979793118671, 33.54075708928423], [-6.580967939931202, 33.54111641539787]], [[-6.596778288931706, 33.54003843705693], [-6.589142609016689, 33.540397763170574], [-6.582045918272145, 33.54417068736388], [-6.586357831635919, 33.54390119277864], [-6.596868120460117, 33.54084692081263], [-6.596778288931706, 33.54003843705693]], [[-6.583213728141501, 33.47329361144685], [-6.583303559669913, 33.47544956812874], [-6.5860883370506835, 33.47446142131621], [-6.585998505522271, 33.47239529616273], [-6.583213728141501, 33.47329361144685]], [[-6.583752717311973, 33.51569409285729], [-6.5851900217665635, 33.51713139731188], [-6.584830695652916, 33.51614325049935], [-6.584381538010856, 33.515604261328875], [-6.583752717311973, 33.51569409285729]], [[-6.585549347880212, 33.547584285443534], [-6.586357831635919, 33.547584285443534], [-6.58734597844845, 33.54695546474465], [-6.585729010937036, 33.54650630710259], [-6.585549347880212, 33.547584285443534]], [[-6.5856391794086235, 33.47661737799809], [-6.5856391794086235, 33.47688687258333], [-6.58590867399386, 33.47688687258333], [-6.58590867399386, 33.47661737799809], [-6.5856391794086235, 33.47661737799809]], [[-6.60342582203419, 33.521353479147244], [-6.600551213125008, 33.52521623486896], [-6.597047783516942, 33.524228088056425], [-6.600012223954536, 33.521083984562004], [-6.597586772687413, 33.513987293817465], [-6.598305424914709, 33.512280494777634], [-6.60342582203419, 33.513717799232225], [-6.605402115659253, 33.50904655975481], [-6.599922392426124, 33.506171950845626], [-6.595879973647586, 33.498446439402194], [-6.593813848494111, 33.49898542857267], [-6.594622332249819, 33.4999735753852], [-6.594173174607759, 33.50311767887962], [-6.590310418886045, 33.49835660787378], [-6.588154462204158, 33.50168037442503], [-6.590849408056517, 33.50410582569215], [-6.592286712511108, 33.51434661993111], [-6.597676604215825, 33.516592408141406], [-6.598664751028357, 33.51991617469265], [-6.595700310590762, 33.524946740283724], [-6.602707169806894, 33.526114550153075], [-6.60342582203419, 33.521353479147244]], [[-6.590849408056517, 33.487037835293876], [-6.591747723340636, 33.487307329879116], [-6.59192738639746, 33.48542086778246], [-6.591388397226988, 33.48506154166881], [-6.590849408056517, 33.487037835293876]], [[-6.592646038624756, 33.52243145748819], [-6.593544353908875, 33.52512640334054], [-6.595071489891879, 33.52270095207342], [-6.595251152948703, 33.521083984562004], [-6.592646038624756, 33.52243145748819]], [[-6.609893692079851, 33.548302937670826], [-6.61213948029015, 33.54974024212542], [-6.612768300989033, 33.54821310614242], [-6.610971670420794, 33.54632664404576], [-6.604863126488781, 33.54695546474465], [-6.601539359937539, 33.55207586186413], [-6.599113908670416, 33.54812327461401], [-6.59282570168158, 33.555219965358546], [-6.595340984477114, 33.554680976188074], [-6.601719022994363, 33.55342333479031], [-6.609893692079851, 33.548302937670826]], [[-6.595969805175998, 33.51973651163583], [-6.596239299761234, 33.51910769093694], [-6.595340984477114, 33.518748364823296], [-6.595071489891879, 33.51937718552218], [-6.595969805175998, 33.51973651163583]], [[-6.596149468232822, 33.52746202307925], [-6.59561047906235, 33.52728236002243], [-6.595520647533938, 33.52773151766449], [-6.595969805175998, 33.52809084377814], [-6.596149468232822, 33.52746202307925]], [[-6.5974071096305895, 33.495661662021426], [-6.596418962818058, 33.4954819989646], [-6.596329131289646, 33.4962006511919], [-6.597227446573766, 33.496559977305544], [-6.5974071096305895, 33.495661662021426]], [[-6.59929357172724, 33.54722495932989], [-6.59929357172724, 33.54632664404576], [-6.598035930329473, 33.545697823346885], [-6.598664751028357, 33.54695546474465], [-6.59929357172724, 33.54722495932989]], [[-6.59929357172724, 33.48021063913457], [-6.599383403255652, 33.47922249232204], [-6.599024077142005, 33.47949198690727], [-6.598934245613592, 33.48021063913457], [-6.59929357172724, 33.48021063913457]], [[-6.601090202295479, 33.53123494727256], [-6.604413968846721, 33.53339090395444], [-6.603515653562602, 33.53213326255668], [-6.601808854522775, 33.53105528421573], [-6.601090202295479, 33.53123494727256]], [[-6.602617338278483, 33.50105155372614], [-6.601898686051187, 33.500332901498844], [-6.601539359937539, 33.500871890669316], [-6.602078349108011, 33.50105155372614], [-6.602617338278483, 33.50105155372614]], [[-6.6016291914659515, 33.5368045020341], [-6.602617338278483, 33.53689433356251], [-6.603964811204662, 33.5360858498068], [-6.605761441772901, 33.53482820840904], [-6.6016291914659515, 33.5368045020341]], [[-6.602437675221658, 33.54650630710259], [-6.602437675221658, 33.54695546474465], [-6.602707169806894, 33.54695546474465], [-6.602707169806894, 33.54650630710259], [-6.602437675221658, 33.54650630710259]], [[-6.603515653562602, 33.51883819635171], [-6.603515653562602, 33.516502576613], [-6.602976664392131, 33.516592408141406], [-6.602617338278483, 33.51767038648235], [-6.603515653562602, 33.51883819635171]], [[-6.618248024222162, 33.574533743967116], [-6.620583643960873, 33.57767784746154], [-6.616092067540276, 33.57561172230806], [-6.618068361165339, 33.5803727933139], [-6.620403980904049, 33.5796541410866], [-6.62552437802353, 33.577138858291065], [-6.626871850949709, 33.57228795575682], [-6.62273960064276, 33.57085065130223], [-6.625344714966706, 33.56824553697828], [-6.6200446547904015, 33.56375396055768], [-6.616541225182335, 33.5653709280691], [-6.608546219153672, 33.5608793516485], [-6.6191463395062815, 33.55836406885297], [-6.613397121687917, 33.55602844911426], [-6.6116004911196775, 33.553064008676664], [-6.613756447801564, 33.5510877150516], [-6.61079200736397, 33.551896198807306], [-6.612229311818561, 33.5510877150516], [-6.6116004911196775, 33.55027923129589], [-6.607647903869552, 33.55513013383014], [-6.612588637932209, 33.55755558509726], [-6.603964811204662, 33.5600708678928], [-6.614115773915213, 33.56797604239305], [-6.621032801602933, 33.56824553697828], [-6.617619203523279, 33.570491325188584], [-6.621841285358641, 33.57408458632506], [-6.618248024222162, 33.574533743967116]], [[-6.60665975705702, 33.50760925530022], [-6.605312284130841, 33.50545329861833], [-6.6045038003751335, 33.5059922877888], [-6.605312284130841, 33.50787874988545], [-6.60665975705702, 33.50760925530022]], [[-6.6116004911196775, 33.51344830464699], [-6.617619203523279, 33.50832790752751], [-6.6149242576709195, 33.5022193635955], [-6.614834426142508, 33.50796858141386], [-6.604863126488781, 33.51407712534588], [-6.605761441772901, 33.51704156578347], [-6.6082767245684355, 33.51668223966982], [-6.60665975705702, 33.513717799232225], [-6.611869985704914, 33.51632291355617], [-6.606480094000196, 33.518748364823296], [-6.606569925528609, 33.52261112054501], [-6.617439540466455, 33.53132477880097], [-6.622200611472288, 33.531145115744145], [-6.626153198722414, 33.52162297373248], [-6.618337855750574, 33.51605341897094], [-6.6140259423868, 33.51668223966982], [-6.614564931557272, 33.51407712534588], [-6.6116004911196775, 33.51344830464699]], [[-6.605761441772901, 33.5240484249996], [-6.605761441772901, 33.52440775111325], [-6.606030936358136, 33.52440775111325], [-6.606030936358136, 33.5240484249996], [-6.605761441772901, 33.5240484249996]], [[-6.607468240812728, 33.528001012249725], [-6.6087258822104955, 33.53087562115891], [-6.611510659591266, 33.53087562115891], [-6.610342849721911, 33.52961797976114], [-6.608366556096848, 33.52746202307925], [-6.607468240812728, 33.528001012249725]], [[-6.615103920727744, 33.55009956823907], [-6.615014089199332, 33.54938091601177], [-6.613666616273153, 33.54911142142654], [-6.6140259423868, 33.550458894352715], [-6.615103920727744, 33.55009956823907]], [[-6.616541225182335, 33.56321497138721], [-6.616541225182335, 33.56366412902927], [-6.616810719767571, 33.56366412902927], [-6.616810719767571, 33.56321497138721], [-6.616541225182335, 33.56321497138721]], [[-6.617349708938042, 33.541206246926286], [-6.617170045881219, 33.54192489915358], [-6.617619203523279, 33.54201473068199], [-6.617798866580102, 33.541385909983106], [-6.617349708938042, 33.541206246926286]], [[-6.617170045881219, 33.60345949611577], [-6.618337855750574, 33.603369664587355], [-6.617888698108515, 33.60283067541688], [-6.617170045881219, 33.60310017000212], [-6.617170045881219, 33.60345949611577]], [[-6.62363791592688, 33.55980137330756], [-6.620673475489285, 33.55917255260867], [-6.618068361165339, 33.56105901470533], [-6.620583643960873, 33.56043019400644], [-6.622559937585936, 33.5608793516485], [-6.62363791592688, 33.55980137330756]], [[-6.644927988160512, 33.52809084377814], [-6.646814450257163, 33.52952814823273], [-6.647353439427635, 33.52719252849402], [-6.660828168689427, 33.5202755008063], [-6.665768902752085, 33.52288061513025], [-6.666487554979381, 33.5157839243857], [-6.6775368329740505, 33.50841773905592], [-6.6704401422295065, 33.50671094001609], [-6.674482561008045, 33.50141087983979], [-6.673584245723925, 33.49907526010108], [-6.687597964156189, 33.49314637922589], [-6.681579251752589, 33.492787053112245], [-6.670709636814742, 33.497009134947604], [-6.669362163888563, 33.50006340691361], [-6.6673858702635, 33.49907526010108], [-6.6695418269453866, 33.502578689709146], [-6.665768902752085, 33.50383633110691], [-6.6644214298259055, 33.507788918357036], [-6.668823174718091, 33.50922622281163], [-6.658851875064364, 33.51057369573781], [-6.658941706592777, 33.512549989362874], [-6.6633434514849625, 33.51156184255034], [-6.660828168689427, 33.513717799232225], [-6.662265473144019, 33.51668223966982], [-6.6591213696496006, 33.51883819635171], [-6.650048385279994, 33.52368909888595], [-6.647443270956047, 33.52081448997677], [-6.6497788906947575, 33.524228088056425], [-6.630195617500952, 33.53132477880097], [-6.627500671648593, 33.53581635522157], [-6.62552437802353, 33.53294174631238], [-6.618787013392634, 33.536624838977275], [-6.622020948415464, 33.53967911094328], [-6.626871850949709, 33.53635534439204], [-6.628398986932713, 33.54453001347753], [-6.624626062739411, 33.539499447886456], [-6.620583643960873, 33.540218100113755], [-6.61815819269375, 33.538780795659164], [-6.618517518807398, 33.54264355138088], [-6.623997242040527, 33.54264355138088], [-6.624176905097351, 33.540667257755814], [-6.6266921878928855, 33.550908051994774], [-6.628668481517948, 33.550908051994774], [-6.627859997762241, 33.545877486403704], [-6.628398986932713, 33.545248665704825], [-6.629836291387304, 33.55162670422207], [-6.6351363515636095, 33.552345356449365], [-6.633699047109018, 33.55962171025074], [-6.641694053137682, 33.56869469462034], [-6.644478830518453, 33.56905402073399], [-6.644299167461629, 33.57417441785347], [-6.646724618728751, 33.575162564666], [-6.646365292615103, 33.57794734204677], [-6.647982260126518, 33.57722868981948], [-6.651126363620937, 33.57507273313759], [-6.654180635586943, 33.56492177042704], [-6.659480695763248, 33.55899288955185], [-6.650407711393641, 33.56339463444404], [-6.648161923183342, 33.57426424938188], [-6.647802597069695, 33.5638437920861], [-6.639987254097854, 33.55836406885297], [-6.640885569381974, 33.550458894352715], [-6.644568662046864, 33.54821310614242], [-6.639088938813735, 33.54785378002877], [-6.638190623529615, 33.54677580168782], [-6.636753319075025, 33.55009956823907], [-6.631632921955543, 33.5510877150516], [-6.630375280557776, 33.543991024307054], [-6.633519384052194, 33.537343491204574], [-6.630644775143011, 33.536624838977275], [-6.634866856978373, 33.533301072426035], [-6.633699047109018, 33.53267225172715], [-6.632621068768074, 33.53392989312491], [-6.6313634273703075, 33.53419938771015], [-6.6300159544441275, 33.53410955618174], [-6.644927988160512, 33.52809084377814]], [[-6.62965662833048, 33.585044032791316], [-6.626153198722414, 33.590972913666505], [-6.633070226410134, 33.592410218121096], [-6.631453258898719, 33.59519499550187], [-6.633968541694254, 33.59537465855869], [-6.632082079597603, 33.59681196301328], [-6.634058373222666, 33.59851876205311], [-6.639088938813735, 33.598339098996284], [-6.638280455058028, 33.600674718735], [-6.640166917154678, 33.60112387637706], [-6.636304161432965, 33.60211202318959], [-6.638280455058028, 33.60453747445671], [-6.6460059665014555, 33.60471713751353], [-6.6464551241435155, 33.60777140947954], [-6.643221189120685, 33.60705275725225], [-6.64393984134798, 33.60875955629207], [-6.65220434196188, 33.610735849917134], [-6.654360298643767, 33.60570528432606], [-6.650497542922053, 33.599327245808816], [-6.643131357592273, 33.60112387637706], [-6.646275461086692, 33.59824926746787], [-6.641424558552446, 33.59950690886564], [-6.641694053137682, 33.594745837859804], [-6.634327867807902, 33.59519499550187], [-6.640885569381974, 33.59366785951887], [-6.637112645188672, 33.592679712706335], [-6.639088938813735, 33.59106274519492], [-6.642861863007037, 33.590972913666505], [-6.632261742654427, 33.58836779934256], [-6.6380109604727915, 33.585762685018615], [-6.6375618028307315, 33.58279824458102], [-6.633609215580606, 33.58279824458102], [-6.633249889466958, 33.579833804143426], [-6.629926122915716, 33.57803717357518], [-6.626512524836062, 33.579025320387714], [-6.626782019421298, 33.57633037453536], [-6.619326002563105, 33.58163043471166], [-6.6275905031770055, 33.58154060318325], [-6.62965662833048, 33.585044032791316]], [[-6.622200611472288, 33.557375922040436], [-6.622200611472288, 33.557645416625675], [-6.623098926756407, 33.557645416625675], [-6.623009095227996, 33.55728609051202], [-6.622200611472288, 33.557375922040436]], [[-6.628219323875889, 33.55369282937554], [-6.627949829290653, 33.554680976188074], [-6.628398986932713, 33.5548606392449], [-6.628488818461125, 33.55369282937554], [-6.628219323875889, 33.55369282937554]], [[-6.631093932785071, 33.494224357566836], [-6.628129492347477, 33.49575149354984], [-6.631543090427131, 33.496110819663485], [-6.632980394881723, 33.49359553686795], [-6.635316014620433, 33.49431418909525], [-6.632710900296487, 33.49054126490194], [-6.632710900296487, 33.49350570533954], [-6.630285449029364, 33.49117008560083], [-6.631093932785071, 33.494224357566836]], [[-6.629387133745245, 33.478234345509506], [-6.629027807631596, 33.478234345509506], [-6.629117639160008, 33.47850384009474], [-6.629387133745245, 33.47859367162315], [-6.629387133745245, 33.478234345509506]], [[-6.63010578597254, 33.48236659581646], [-6.631453258898719, 33.48209710123122], [-6.6309142697282475, 33.480390302191395], [-6.629476965273656, 33.479402155378864], [-6.63010578597254, 33.48236659581646]], [[-6.630734606671424, 33.552614851034605], [-6.630195617500952, 33.554501313131254], [-6.632621068768074, 33.555938617585845], [-6.631812585012367, 33.55459114465967], [-6.631183764313484, 33.552794514091424], [-6.630734606671424, 33.552614851034605]], [[-6.6309142697282475, 33.47401226367415], [-6.631093932785071, 33.47437158978779], [-6.631902416540779, 33.47428175825938], [-6.631812585012367, 33.47383260061732], [-6.6309142697282475, 33.47401226367415]], [[-6.633699047109018, 33.47850384009474], [-6.635316014620433, 33.477246198696974], [-6.631632921955543, 33.47841400856633], [-6.63378887863743, 33.482456427344864], [-6.633249889466958, 33.48928362350418], [-6.6346871939215495, 33.48856497127688], [-6.636932982131849, 33.488475139748466], [-6.634597362393137, 33.48524120472564], [-6.636663487546612, 33.48335474262899], [-6.633699047109018, 33.47850384009474]], [[-6.632351574182839, 33.473203779918435], [-6.632261742654427, 33.47356310603208], [-6.632621068768074, 33.47356310603208], [-6.632710900296487, 33.473203779918435], [-6.632351574182839, 33.473203779918435]], [[-6.633968541694254, 33.50266852123756], [-6.633519384052194, 33.50194986901026], [-6.633070226410134, 33.502039700538674], [-6.633160057938547, 33.50284818429438], [-6.633968541694254, 33.50266852123756]], [[-6.641424558552446, 33.49934475468631], [-6.643490683705921, 33.501141385254556], [-6.639358433398971, 33.49090059101559], [-6.641065232438798, 33.487307329879116], [-6.6365736560182, 33.48452255249834], [-6.639178770342147, 33.48757682446435], [-6.633609215580606, 33.49853627093061], [-6.645017819688924, 33.51246015783446], [-6.64438899899004, 33.50985504351051], [-6.638639781171675, 33.501770205953434], [-6.641424558552446, 33.49934475468631]], [[-6.636034666847729, 33.47023933948084], [-6.636124498376141, 33.46970035031037], [-6.635405846148845, 33.46907152961148], [-6.6346871939215495, 33.46934102419672], [-6.636034666847729, 33.47023933948084]], [[-6.635855003790905, 33.537612985789806], [-6.635855003790905, 33.53716382814775], [-6.634777025449962, 33.537343491204574], [-6.634866856978373, 33.53824180648869], [-6.635855003790905, 33.537612985789806]], [[-6.636214329904552, 33.5999560665077], [-6.635765172262493, 33.5999560665077], [-6.635495677677257, 33.601034044848646], [-6.636034666847729, 33.60166286554753], [-6.636214329904552, 33.5999560665077]], [[-6.635675340734081, 33.50608211931721], [-6.636753319075025, 33.50581262473197], [-6.636663487546612, 33.50419565722056], [-6.635855003790905, 33.504465151805796], [-6.635675340734081, 33.50608211931721]], [[-6.636393992961376, 33.52674337085196], [-6.638100792001204, 33.52665353932355], [-6.640616074796738, 33.52602471862466], [-6.641514390080858, 33.52485690875531], [-6.636393992961376, 33.52674337085196]], [[-6.637382139773908, 33.46880203502625], [-6.637292308245496, 33.46979018183878], [-6.637741465887556, 33.46934102419672], [-6.637651634359144, 33.46880203502625], [-6.637382139773908, 33.46880203502625]], [[-6.63792112894438, 33.53392989312491], [-6.63792112894438, 33.53419938771015], [-6.6384601181148515, 33.53419938771015], [-6.638370286586439, 33.53384006159651], [-6.63792112894438, 33.53392989312491]], [[-6.639088938813735, 33.54488933959117], [-6.639088938813735, 33.54533849723323], [-6.639358433398971, 33.54533849723323], [-6.639358433398971, 33.54488933959117], [-6.639088938813735, 33.54488933959117]], [[-6.639448264927383, 33.51677207119823], [-6.640077085626267, 33.51677207119823], [-6.640166917154678, 33.51632291355617], [-6.639897422569443, 33.5157839243857], [-6.639448264927383, 33.51677207119823]], [[-6.639717759512619, 33.468442708912605], [-6.639897422569443, 33.470329171009254], [-6.640795737853562, 33.468622371969424], [-6.640975400910386, 33.46745456210007], [-6.639717759512619, 33.468442708912605]], [[-6.639717759512619, 33.62259361166751], [-6.640256748683091, 33.6225037801391], [-6.640166917154678, 33.62160546485498], [-6.639807591041031, 33.62160546485498], [-6.639717759512619, 33.62259361166751]], [[-6.644299167461629, 33.54084692081263], [-6.639807591041031, 33.545697823346885], [-6.643041526063861, 33.54650630710259], [-6.645466977330984, 33.54273338290929], [-6.644299167461629, 33.54084692081263]], [[-6.643400852177509, 33.62465973682099], [-6.639987254097854, 33.627714008786995], [-6.642143210779741, 33.62708518808811], [-6.643400852177509, 33.626276704332405], [-6.643400852177509, 33.62465973682099]], [[-6.6417838846660935, 33.453890001309865], [-6.6417838846660935, 33.45308151755416], [-6.640616074796738, 33.45281202296892], [-6.640705906325151, 33.45380016978145], [-6.6417838846660935, 33.453890001309865]], [[-6.641065232438798, 33.60786124100795], [-6.64115506396721, 33.607412083365894], [-6.640705906325151, 33.60732225183748], [-6.640795737853562, 33.60786124100795], [-6.641065232438798, 33.60786124100795]], [[-6.640795737853562, 33.63067844922459], [-6.640795737853562, 33.63094794380982], [-6.641065232438798, 33.63094794380982], [-6.641065232438798, 33.63067844922459], [-6.640795737853562, 33.63067844922459]], [[-6.641424558552446, 33.54093675234105], [-6.642951694535449, 33.54003843705693], [-6.643041526063861, 33.539499447886456], [-6.642412705364977, 33.5390502902444], [-6.641424558552446, 33.54093675234105]], [[-6.64160422160927, 33.72554054322761], [-6.641424558552446, 33.72598970086967], [-6.641873716194506, 33.72607953239808], [-6.6422330423081535, 33.72563037475602], [-6.64160422160927, 33.72554054322761]], [[-6.641514390080858, 33.45146455004274], [-6.641514390080858, 33.45182387615639], [-6.6417838846660935, 33.45182387615639], [-6.6417838846660935, 33.45146455004274], [-6.641514390080858, 33.45146455004274]], [[-6.643490683705921, 33.57722868981948], [-6.643580515234333, 33.575701553836474], [-6.642951694535449, 33.57462357549553], [-6.641963547722917, 33.575252396194415], [-6.643490683705921, 33.57722868981948]], [[-6.642861863007037, 33.53177393644303], [-6.6426821999502135, 33.53132477880097], [-6.642143210779741, 33.531594273386204], [-6.6422330423081535, 33.53213326255668], [-6.642861863007037, 33.53177393644303]], [[-6.642412705364977, 33.620347823457216], [-6.643580515234333, 33.6194495081731], [-6.643131357592273, 33.61729355149121], [-6.6422330423081535, 33.61900035053103], [-6.642412705364977, 33.620347823457216]], [[-6.642592368421801, 33.541835067625165], [-6.642592368421801, 33.54147574151152], [-6.6422330423081535, 33.54156557303993], [-6.6422330423081535, 33.541835067625165], [-6.642592368421801, 33.541835067625165]], [[-6.642322873836566, 33.59663229995646], [-6.642322873836566, 33.59708145759852], [-6.6426821999502135, 33.59708145759852], [-6.6426821999502135, 33.59663229995646], [-6.642322873836566, 33.59663229995646]], [[-6.643131357592273, 33.490990422544], [-6.643670346762745, 33.490990422544], [-6.643490683705921, 33.49054126490194], [-6.643131357592273, 33.49045143337353], [-6.643131357592273, 33.490990422544]], [[-6.643760178291156, 33.51263982089128], [-6.643221189120685, 33.51614325049935], [-6.644658493575276, 33.51524493521523], [-6.6448381566321, 33.51263982089128], [-6.643760178291156, 33.51263982089128]], [[-6.644029672876393, 33.539768942471696], [-6.644029672876393, 33.54075708928423], [-6.64438899899004, 33.540397763170574], [-6.644478830518453, 33.5398587740001], [-6.644029672876393, 33.539768942471696]], [[-6.6448381566321, 33.491798906299714], [-6.645916134973043, 33.49188873782812], [-6.645916134973043, 33.49000227573147], [-6.6455568088593955, 33.49000227573147], [-6.6448381566321, 33.491798906299714]], [[-6.644927988160512, 33.489463286561], [-6.64528731427416, 33.489373455032585], [-6.645197482745748, 33.48901412891894], [-6.6448381566321, 33.48901412891894], [-6.644927988160512, 33.489463286561]], [[-6.645826303444632, 33.70838272130093], [-6.646095798029867, 33.7066759222611], [-6.645466977330984, 33.70694541684634], [-6.645197482745748, 33.70802339518728], [-6.645826303444632, 33.70838272130093]], [[-6.647533102484458, 33.51677207119823], [-6.647533102484458, 33.51641274508459], [-6.6460059665014555, 33.51623308202776], [-6.64528731427416, 33.516861902726646], [-6.647533102484458, 33.51677207119823]], [[-6.646634787200339, 33.45847140925888], [-6.646634787200339, 33.45766292550317], [-6.645466977330984, 33.45802225161682], [-6.645736471916219, 33.45874090384411], [-6.646634787200339, 33.45847140925888]], [[-6.646814450257163, 33.62690552503129], [-6.646814450257163, 33.62636653586082], [-6.645736471916219, 33.62654619891764], [-6.645736471916219, 33.62681569350288], [-6.646814450257163, 33.62690552503129]], [[-6.649239901524286, 33.51317881006175], [-6.647443270956047, 33.51317881006175], [-6.645826303444632, 33.51533476674364], [-6.647443270956047, 33.51452628298794], [-6.648251754711755, 33.51344830464699], [-6.649239901524286, 33.51317881006175]], [[-6.646544955671927, 33.46898169808308], [-6.646544955671927, 33.46925119266831], [-6.646904281785575, 33.46925119266831], [-6.646904281785575, 33.46898169808308], [-6.646544955671927, 33.46898169808308]], [[-6.648251754711755, 33.62564788363352], [-6.646994113313987, 33.62573771516193], [-6.647622934012871, 33.62609704127558], [-6.648251754711755, 33.62591737821876], [-6.648251754711755, 33.62564788363352]], [[-6.647173776370811, 33.46547826847501], [-6.647173776370811, 33.46592742611707], [-6.647443270956047, 33.46610708917389], [-6.647892428598106, 33.46574776306024], [-6.647173776370811, 33.46547826847501]], [[-6.647622934012871, 33.496110819663485], [-6.647533102484458, 33.49557183049301], [-6.647173776370811, 33.495661662021426], [-6.647263607899223, 33.496110819663485], [-6.647622934012871, 33.496110819663485]], [[-6.658762043535953, 33.56770654780781], [-6.659929853405308, 33.560969183176915], [-6.65633659226883, 33.562855645273565], [-6.654090804058531, 33.57255745034205], [-6.647353439427635, 33.57911515191613], [-6.6520246789050566, 33.580911782484364], [-6.661816315501959, 33.571659135057935], [-6.658133222837069, 33.57129980894429], [-6.660379011047368, 33.569323515319226], [-6.658762043535953, 33.56770654780781]], [[-6.6624451362008426, 33.602920506945296], [-6.666397723450968, 33.602201854718], [-6.670350310701094, 33.60013572956453], [-6.673584245723925, 33.59438651174616], [-6.664062103712258, 33.598159435939465], [-6.667565533320324, 33.58845763087097], [-6.6557976030983586, 33.593128870348394], [-6.658762043535953, 33.587828810172084], [-6.655168782399475, 33.58872712545621], [-6.657953559780245, 33.584774538206084], [-6.657504402138185, 33.58423554903561], [-6.65588743462677, 33.58540335890496], [-6.654719624757415, 33.5849542012629], [-6.658133222837069, 33.58225925541055], [-6.652563668075528, 33.58396605445037], [-6.654180635586943, 33.586930494887966], [-6.65220434196188, 33.58585251654702], [-6.651845015848233, 33.58243891846737], [-6.648251754711755, 33.58306773916625], [-6.647443270956047, 33.58522369584814], [-6.6535518148880595, 33.59528482703028], [-6.659929853405308, 33.59492550091663], [-6.658223054365481, 33.5992374142804], [-6.6624451362008426, 33.602920506945296]], [[-6.648431417768578, 33.46646641528754], [-6.648072091654931, 33.46646641528754], [-6.648161923183342, 33.466735909872774], [-6.648431417768578, 33.46682574140119], [-6.648431417768578, 33.46646641528754]], [[-6.6488805754106375, 33.62492923140623], [-6.6488805754106375, 33.62519872599146], [-6.649239901524286, 33.62519872599146], [-6.649239901524286, 33.62492923140623], [-6.6488805754106375, 33.62492923140623]], [[-6.64897040693905, 33.49431418909525], [-6.651665352791408, 33.497997281760135], [-6.654629793229002, 33.49736846106125], [-6.655707771569946, 33.495661662021426], [-6.64897040693905, 33.49431418909525]], [[-6.650497542922053, 33.473473274503675], [-6.650497542922053, 33.47311394839002], [-6.649509396109521, 33.473203779918435], [-6.649509396109521, 33.473473274503675], [-6.650497542922053, 33.473473274503675]], [[-6.64986872222317, 33.653944815083285], [-6.64986872222317, 33.65430414119693], [-6.650138216808405, 33.65430414119693], [-6.650138216808405, 33.653944815083285], [-6.64986872222317, 33.653944815083285]], [[-6.653731477944883, 33.518748364823296], [-6.650497542922053, 33.51785004953918], [-6.650317879865229, 33.51982634316424], [-6.653461983359647, 33.52000600622107], [-6.653731477944883, 33.518748364823296]], [[-6.652114510433468, 33.466556246815955], [-6.650767037507289, 33.46646641528754], [-6.650946700564113, 33.467005404458014], [-6.65175518431982, 33.46790371974213], [-6.652114510433468, 33.466556246815955]], [[-6.650767037507289, 33.53410955618174], [-6.650767037507289, 33.53437905076697], [-6.651036532092525, 33.53437905076697], [-6.651036532092525, 33.53410955618174], [-6.650767037507289, 33.53410955618174]], [[-6.65175518431982, 33.472035970049085], [-6.6520246789050566, 33.471317317821786], [-6.65130602667776, 33.471317317821786], [-6.651036532092525, 33.47194613852067], [-6.65175518431982, 33.472035970049085]], [[-6.651485689734584, 33.70074704138591], [-6.651485689734584, 33.70101653597115], [-6.65175518431982, 33.70101653597115], [-6.65175518431982, 33.70074704138591], [-6.651485689734584, 33.70074704138591]], [[-6.655168782399475, 33.50689060307292], [-6.651845015848233, 33.50913639128322], [-6.654180635586943, 33.514166956874284], [-6.656156929212006, 33.50769908682862], [-6.655168782399475, 33.50689060307292]], [[-6.65220434196188, 33.4706884971229], [-6.65220434196188, 33.47104782323655], [-6.652922994189176, 33.47104782323655], [-6.653012825717588, 33.47059866559449], [-6.65220434196188, 33.4706884971229]], [[-6.652833162660764, 33.50401599416374], [-6.652922994189176, 33.504465151805796], [-6.653372151831236, 33.50455498333421], [-6.653461983359647, 33.503926162635324], [-6.652833162660764, 33.50401599416374]], [[-6.655168782399475, 33.47104782323655], [-6.654899287814239, 33.4706884971229], [-6.653731477944883, 33.4706884971229], [-6.6540009725301195, 33.471766475463845], [-6.655168782399475, 33.47104782323655]], [[-6.663163788428138, 33.52288061513025], [-6.6573247390813615, 33.526833202380374], [-6.659211201178012, 33.52620438168149], [-6.663433283013374, 33.52431791958484], [-6.663163788428138, 33.52288061513025]], [[-6.659750190348484, 33.61037652380349], [-6.658223054365481, 33.61639523620709], [-6.660289179518956, 33.614868100224086], [-6.661456989388311, 33.61064601838872], [-6.659750190348484, 33.61037652380349]], [[-6.6591213696496006, 33.69868091623243], [-6.660289179518956, 33.6984114216472], [-6.659750190348484, 33.6968842856642], [-6.658762043535953, 33.69652495955055], [-6.6591213696496006, 33.69868091623243]], [[-6.660738337161016, 33.69975889457338], [-6.660738337161016, 33.70002838915862], [-6.661007831746251, 33.70002838915862], [-6.661007831746251, 33.69975889457338], [-6.660738337161016, 33.69975889457338]], [[-6.66091800021784, 33.488924297390525], [-6.6615468209167235, 33.491080254072415], [-6.662355304672431, 33.48991244420306], [-6.661906147030371, 33.48883446586212], [-6.66091800021784, 33.488924297390525]], [[-6.661187494803075, 33.6164850677355], [-6.661277326331487, 33.61684439384915], [-6.661906147030371, 33.61684439384915], [-6.661816315501959, 33.61639523620709], [-6.661187494803075, 33.6164850677355]], [[-6.662085810087195, 33.55980137330756], [-6.6615468209167235, 33.559711541779144], [-6.661277326331487, 33.559981036364384], [-6.661816315501959, 33.560520025534856], [-6.662085810087195, 33.55980137330756]], [[-6.671607952098862, 33.609837534633016], [-6.661995978558783, 33.60992736616143], [-6.6648705874679655, 33.61037652380349], [-6.669451995416975, 33.611005344502374], [-6.671607952098862, 33.609837534633016]], [[-6.6639722721838455, 33.61208332284331], [-6.663792609127022, 33.612622312013784], [-6.664241766769082, 33.61280197507061], [-6.664331598297494, 33.61226298590014], [-6.6639722721838455, 33.61208332284331]], [[-6.671607952098862, 33.492337895470186], [-6.6677451963771475, 33.493236210754304], [-6.6648705874679655, 33.498446439402194], [-6.666577386507792, 33.49745829258966], [-6.669362163888563, 33.49404469451001], [-6.671607952098862, 33.492337895470186]], [[-6.665409576638437, 33.73173891868804], [-6.665409576638437, 33.731379592574385], [-6.664960418996377, 33.731199929517565], [-6.6648705874679655, 33.73173891868804], [-6.665409576638437, 33.73173891868804]], [[-6.668014690962384, 33.672270446879324], [-6.6666672180362045, 33.67236027840774], [-6.667206207206676, 33.67262977299297], [-6.668014690962384, 33.67262977299297], [-6.668014690962384, 33.672270446879324]], [[-6.668733343189679, 33.66688055517461], [-6.669362163888563, 33.66706021823143], [-6.669272332360151, 33.66661106058937], [-6.668733343189679, 33.666521229060955], [-6.668733343189679, 33.66688055517461]], [[-6.678794474371818, 33.59735095218375], [-6.680141947297997, 33.600045898036115], [-6.6770876753319905, 33.60031539262135], [-6.678075822144522, 33.599327245808816], [-6.677357169917227, 33.59735095218375], [-6.670979131399978, 33.60229168624641], [-6.676009696991048, 33.60040522414976], [-6.675830033934224, 33.60301033847371], [-6.6779859906161105, 33.60345949611577], [-6.672326604326157, 33.60417814834306], [-6.669811321530623, 33.60759174642272], [-6.6784351482581705, 33.60579511585448], [-6.679962284241173, 33.60786124100795], [-6.683555545377652, 33.608400230178425], [-6.680770767996881, 33.60732225183748], [-6.677716496030874, 33.60157303401912], [-6.68256739856512, 33.60013572956453], [-6.6808605995252925, 33.59726112065534], [-6.678794474371818, 33.59735095218375]], [[-6.671787615155686, 33.66616190294731], [-6.671338457513626, 33.66643139753255], [-6.671428289042038, 33.66697038670302], [-6.6719672782125095, 33.66697038670302], [-6.671787615155686, 33.66616190294731]], [[-6.6795131265991134, 33.48982261267465], [-6.671697783627273, 33.492337895470186], [-6.676009696991048, 33.492787053112245], [-6.678345316729758, 33.491798906299714], [-6.6795131265991134, 33.48982261267465]], [[-6.671787615155686, 33.733535549256274], [-6.672596098911393, 33.73362538078469], [-6.673853740309161, 33.732816897028975], [-6.673135088081865, 33.7321880763301], [-6.671787615155686, 33.733535549256274]], [[-6.674482561008045, 33.628163166429054], [-6.673494414195513, 33.628163166429054], [-6.673943571837572, 33.62861232407111], [-6.67430289795122, 33.62870215559953], [-6.674482561008045, 33.628163166429054]], [[-6.67430289795122, 33.59258988117792], [-6.674033403365985, 33.59258988117792], [-6.673674077252337, 33.593128870348394], [-6.6742130664228085, 33.59357802799045], [-6.67430289795122, 33.59258988117792]], [[-6.676818180746755, 33.58728982100162], [-6.673853740309161, 33.5901644299108], [-6.67520121323534, 33.589535609211914], [-6.675919865462635, 33.58890678851303], [-6.676818180746755, 33.58728982100162]], [[-6.676279191576283, 33.73434403301198], [-6.675470707820576, 33.73380504384151], [-6.674392729479632, 33.73398470689833], [-6.674931718650104, 33.734523696068806], [-6.676279191576283, 33.73434403301198]], [[-6.675560539348988, 33.450117077116566], [-6.675380876292164, 33.44948825641768], [-6.6746622240648685, 33.44975775100292], [-6.674841887121692, 33.450296740173386], [-6.675560539348988, 33.450117077116566]], [[-6.675560539348988, 33.46071719746917], [-6.675560539348988, 33.46098669205441], [-6.675830033934224, 33.46098669205441], [-6.675830033934224, 33.46071719746917], [-6.675560539348988, 33.46071719746917]], [[-6.6757402024058115, 33.44796112043468], [-6.676009696991048, 33.44796112043468], [-6.676009696991048, 33.447422131264204], [-6.6756503708774, 33.44733229973579], [-6.6757402024058115, 33.44796112043468]], [[-6.676279191576283, 33.453440843667806], [-6.676908012275167, 33.453710338253046], [-6.677896159087698, 33.45281202296892], [-6.6784351482581705, 33.45155438157116], [-6.676279191576283, 33.453440843667806]], [[-6.6770876753319905, 33.627264851144936], [-6.676458854633108, 33.627264851144936], [-6.676458854633108, 33.627714008786995], [-6.676818180746755, 33.62789367184382], [-6.6770876753319905, 33.627264851144936]], [[-6.6779859906161105, 33.60938837699096], [-6.677896159087698, 33.608849387820484], [-6.677177506860403, 33.608849387820484], [-6.676997843803579, 33.60965787157619], [-6.6779859906161105, 33.60938837699096]], [[-6.677267338388814, 33.46323248026471], [-6.677267338388814, 33.46350197484995], [-6.6775368329740505, 33.46350197484995], [-6.6775368329740505, 33.46323248026471], [-6.677267338388814, 33.46323248026471]], [[-6.677267338388814, 33.62654619891764], [-6.677267338388814, 33.62708518808811], [-6.677806327559287, 33.62681569350288], [-6.677806327559287, 33.62654619891764], [-6.677267338388814, 33.62654619891764]], [[-6.6790639689570535, 33.612622312013784], [-6.678794474371818, 33.61226298590014], [-6.677447001445639, 33.61235281742855], [-6.677447001445639, 33.61307146965584], [-6.6790639689570535, 33.612622312013784]], [[-6.6795131265991134, 33.455596800349696], [-6.679602958127526, 33.454159495895105], [-6.678794474371818, 33.45451882200875], [-6.6784351482581705, 33.45514764270764], [-6.6795131265991134, 33.455596800349696]], [[-6.67888430590023, 33.595733984672336], [-6.67888430590023, 33.59609331078599], [-6.67933346354229, 33.59627297384281], [-6.67933346354229, 33.595733984672336], [-6.67888430590023, 33.595733984672336]], [[-6.680231778826409, 33.489373455032585], [-6.681669083281, 33.489642949617824], [-6.681489420224176, 33.48883446586212], [-6.680231778826409, 33.48910396044735], [-6.680231778826409, 33.489373455032585]], [[-6.683196219264004, 33.45380016978145], [-6.680411441883233, 33.45155438157116], [-6.682297903979884, 33.45514764270764], [-6.68580133358795, 33.454339158951925], [-6.6850826813606545, 33.45182387615639], [-6.683196219264004, 33.45380016978145]], [[-6.680591104940057, 33.60588494738289], [-6.683375882320828, 33.6059747789113], [-6.682297903979884, 33.60489680057036], [-6.680591104940057, 33.6044476429283], [-6.680591104940057, 33.60588494738289]], [[-6.68211824092306, 33.46934102419672], [-6.68256739856512, 33.469430855725136], [-6.683465713849239, 33.468622371969424], [-6.682297903979884, 33.46826304585578], [-6.68211824092306, 33.46934102419672]], [[-6.695680914798522, 33.62182530439471], [-6.70473257207576, 33.636192033406786], [-6.714008433509303, 33.64073958040673], [-6.717324310080207, 33.643288206222465], [-6.716802148371808, 33.626696214065426], [-6.701847464548272, 33.61443401979097], [-6.695039088392013, 33.60114497087574], [-6.6828245408909215, 33.58556486975186], [-6.695680914798522, 33.62182530439471]], [[-6.691909877519963, 33.47751569328221], [-6.691550551406316, 33.47643771494127], [-6.685711502059538, 33.48021063913457], [-6.6828368931503555, 33.48667850918023], [-6.68669964887207, 33.484163226384695], [-6.68580133358795, 33.489463286561], [-6.6921793721051985, 33.48928362350418], [-6.6893047631960165, 33.48829547669165], [-6.692448866690435, 33.4849717101404], [-6.688945437082369, 33.48425305791311], [-6.691460719877903, 33.48263609040169], [-6.692538698218847, 33.478952997736805], [-6.690113246951724, 33.48065979677663], [-6.689664089309664, 33.47985131302092], [-6.691909877519963, 33.47751569328221]], [[-6.685172512889067, 33.607681577951126], [-6.685352175945891, 33.60660359961019], [-6.683914871491299, 33.60633410502495], [-6.683825039962887, 33.60678326266701], [-6.685172512889067, 33.607681577951126]], [[-6.685352175945891, 33.45784258855999], [-6.685442007474302, 33.45739343091793], [-6.684543692190183, 33.45667477869064], [-6.683914871491299, 33.456495115633814], [-6.685352175945891, 33.45784258855999]], [[-6.6855318390027145, 33.450117077116566], [-6.686789480400481, 33.450566234758625], [-6.687777627213013, 33.44948825641768], [-6.687418301099365, 33.448679772661976], [-6.6855318390027145, 33.450117077116566]], [[-6.687328469570954, 33.64594980905462], [-6.689394594724428, 33.64612947211145], [-6.689843752366488, 33.64550065141256], [-6.687777627213013, 33.645590482940975], [-6.687328469570954, 33.64594980905462]], [[-6.687418301099365, 33.45164421309957], [-6.688316616383485, 33.45469848506558], [-6.690292910008548, 33.45362050672463], [-6.6884064479118965, 33.45128488698592], [-6.687418301099365, 33.45164421309957]], [[-6.688226784855073, 33.63660733009978], [-6.688047121798249, 33.63759547691231], [-6.68858611096872, 33.63759547691231], [-6.68858611096872, 33.63660733009978], [-6.688226784855073, 33.63660733009978]], [[-6.688675942497133, 33.49359553686795], [-6.6893047631960165, 33.49377519992478], [-6.690472573065372, 33.492966716169065], [-6.691730214463139, 33.49224806394177], [-6.688675942497133, 33.49359553686795]], [[-6.68903526861078, 33.63876328678167], [-6.689394594724428, 33.63876328678167], [-6.6893047631960165, 33.63813446608278], [-6.688765774025545, 33.63813446608278], [-6.68903526861078, 33.63876328678167]], [[-6.690382741536959, 33.65475329883899], [-6.690562404593784, 33.65385498355487], [-6.689574257781252, 33.65385498355487], [-6.6893047631960165, 33.65457363578217], [-6.690382741536959, 33.65475329883899]], [[-6.689843752366488, 33.637236150798664], [-6.689843752366488, 33.6375056453839], [-6.690113246951724, 33.6375056453839], [-6.690113246951724, 33.637236150798664], [-6.689843752366488, 33.637236150798664]], [[-6.691460719877903, 33.636966656213424], [-6.692808192804082, 33.63588867787248], [-6.692718361275671, 33.634631036474715], [-6.691370888349491, 33.63561918328725], [-6.691460719877903, 33.636966656213424]], [[-6.692269203633611, 33.49161924324289], [-6.692269203633611, 33.49188873782812], [-6.692538698218847, 33.49188873782812], [-6.692538698218847, 33.49161924324289], [-6.692269203633611, 33.49161924324289]], [[-6.6935268450313785, 33.477246198696974], [-6.6930776873893185, 33.47733603022539], [-6.692898024332495, 33.47814451398109], [-6.693706508088202, 33.47841400856633], [-6.6935268450313785, 33.477246198696974]], [[-6.692987855860906, 33.634361541889476], [-6.694335328787085, 33.63346322660536], [-6.69361667655979, 33.63310390049171], [-6.69316751891773, 33.63328356354854], [-6.692987855860906, 33.634361541889476]], [[-6.69316751891773, 33.48829547669165], [-6.69316751891773, 33.48856497127688], [-6.693437013502966, 33.48856497127688], [-6.693437013502966, 33.48829547669165], [-6.69316751891773, 33.48829547669165]], [[-6.6968506115826205, 33.63238524826441], [-6.693706508088202, 33.63490053105995], [-6.693257350446142, 33.637775139969136], [-6.694155665730261, 33.63642766704295], [-6.696760780054208, 33.633373395076944], [-6.6968506115826205, 33.63238524826441]], [[-6.703138818571457, 33.64478199918526], [-6.703138818571457, 33.645141325298916], [-6.703408313156693, 33.645141325298916], [-6.703408313156693, 33.64478199918526], [-6.703138818571457, 33.64478199918526]], [[-6.714008433509303, 33.64406334695797], [-6.714277928094539, 33.64406334695797], [-6.714277928094539, 33.64325486320226], [-6.713918601980891, 33.64334469473067], [-6.714008433509303, 33.64406334695797]], [[-6.717152537003722, 33.58019313025707], [-6.717152537003722, 33.57992363567183], [-6.716523716304838, 33.57974397261501], [-6.71661354783325, 33.58019313025707], [-6.717152537003722, 33.58019313025707]], [[-6.74239519648748, 33.59681196301328], [-6.742485028015892, 33.59582381620075], [-6.741766375788597, 33.59483566938822], [-6.740778228976065, 33.59519499550187], [-6.74239519648748, 33.59681196301328]]], [[[-6.466163246620727, 33.61037652380349], [-6.468422896816971, 33.61147462134432], [-6.474504835263943, 33.61851346429936], [-6.478554793282873, 33.62464956622211], [-6.480294797186898, 33.62963262723675], [-6.481793932564407, 33.630319123110944], [-6.471463306797032, 33.63624800398613], [-6.474966736405099, 33.63067844922459], [-6.470385328456089, 33.62762417725858], [-6.4730802743084475, 33.62232411708228], [-6.470385328456089, 33.61998849734356], [-6.470834486098148, 33.61450877411044], [-6.46535476286502, 33.61477826869567], [-6.466163246620727, 33.61037652380349]], [[-6.47595488321763, 33.62133597026975], [-6.474966736405099, 33.62142580179816], [-6.475775220160806, 33.62448007376416], [-6.477212524615397, 33.62304276930957], [-6.47595488321763, 33.62133597026975]]], [[[-6.4513410444327555, 33.627714008786995], [-6.448735930108809, 33.62681569350288], [-6.450263066091812, 33.62564788363352], [-6.446400310370098, 33.624569905292574], [-6.447029131068981, 33.62591737821876], [-6.445591826614391, 33.626995356559696], [-6.4419087339495, 33.6247495683494], [-6.45709026225112, 33.62043765498563], [-6.466163246620727, 33.624120747650515], [-6.4640072899388406, 33.6247495683494], [-6.462749648541073, 33.62978013394047], [-6.468409034831026, 33.63400221577583], [-6.465624257450256, 33.63876328678167], [-6.477571850729046, 33.63759547691231], [-6.482602416320114, 33.63069253504572], [-6.481704101035995, 33.638224297611195], [-6.486016014399769, 33.63894294983849], [-6.488710960252127, 33.64262604250338], [-6.495672782788935, 33.64047008582149], [-6.490058433178307, 33.64648879822509], [-6.481254943393935, 33.64909391254904], [-6.4843990468883534, 33.650800711588865], [-6.481704101035995, 33.65340582591281], [-6.484309215359941, 33.654124478140105], [-6.484938036058825, 33.6586160545607], [-6.4904177592919545, 33.65663976093564], [-6.484848204530413, 33.66095167429942], [-6.4852973621724725, 33.66364662015177], [-6.4895194440078345, 33.66400594626542], [-6.486734666627064, 33.666072071418895], [-6.482961742433762, 33.66427544085066], [-6.482961742433762, 33.660861842771006], [-6.474966736405099, 33.664185609322246], [-6.480356628109815, 33.65493296189582], [-6.4773023561438094, 33.653944815083285], [-6.476044714746042, 33.65681942399247], [-6.476493872388102, 33.65475329883899], [-6.474248084177803, 33.655382119537876], [-6.473619263478919, 33.65502279342423], [-6.480356628109815, 33.64828542879333], [-6.48511769911565, 33.64406334695797], [-6.47595488321763, 33.64837526032174], [-6.472092127495916, 33.64783627115127], [-6.47595488321763, 33.64307520014544], [-6.462569985484249, 33.64792610267968], [-6.46167167020013, 33.64406334695797], [-6.456730936137472, 33.64594980905462], [-6.463468300768369, 33.64100907499196], [-6.459875039631891, 33.63633783551454], [-6.454934305569234, 33.63669716162819], [-6.459875039631891, 33.631486932980295], [-6.450981718319107, 33.63561918328725], [-6.45430548487035, 33.639392107480546], [-6.450083403034988, 33.63993109665102], [-6.449903739978164, 33.64397351542956], [-6.443615532989327, 33.63040895463935], [-6.436069684602723, 33.6247495683494], [-6.443256206875679, 33.62807333490064], [-6.450173234563399, 33.635080194116775], [-6.452059696660051, 33.62995979699729], [-6.447029131068981, 33.62906148171317], [-6.4513410444327555, 33.627714008786995]], [[-6.44604098425645, 33.6240309161221], [-6.445591826614391, 33.6240309161221], [-6.445591826614391, 33.62430041070734], [-6.44604098425645, 33.624390242235755], [-6.44604098425645, 33.6240309161221]], [[-6.44604098425645, 33.62564788363352], [-6.445771489671214, 33.62564788363352], [-6.445771489671214, 33.62591737821876], [-6.44604098425645, 33.62591737821876], [-6.44604098425645, 33.62564788363352]], [[-6.461941164785365, 33.63732598232707], [-6.460863186444422, 33.63732598232707], [-6.460863186444422, 33.63759547691231], [-6.461941164785365, 33.63759547691231], [-6.461941164785365, 33.63732598232707]], [[-6.466702235791199, 33.64181755874767], [-6.466342909677551, 33.641278569577196], [-6.464725942166136, 33.641278569577196], [-6.46490560522296, 33.64208705333291], [-6.466702235791199, 33.64181755874767]], [[-6.479278649768872, 33.650351553946805], [-6.479458312825696, 33.649902396304746], [-6.478919323655225, 33.64981256477633], [-6.478919323655225, 33.650351553946805], [-6.479278649768872, 33.650351553946805]], [[-6.479368481297284, 33.63570901481566], [-6.4790989867120485, 33.63570901481566], [-6.4790989867120485, 33.63597850940089], [-6.479368481297284, 33.63597850940089], [-6.479368481297284, 33.63570901481566]], [[-6.486465172041829, 33.645770145997794], [-6.486465172041829, 33.64621930363985], [-6.4870939927407125, 33.646039640583034], [-6.4870041612123, 33.64568031446939], [-6.486465172041829, 33.645770145997794]]], [[[-6.494550009598904, 33.67757050705563], [-6.497155123922851, 33.675594213430564], [-6.488261802610068, 33.67424674050439], [-6.492394052917017, 33.67334842522027], [-6.493022873615901, 33.671551794652025], [-6.490327927763542, 33.67092297395315], [-6.491765232218134, 33.670114490197435], [-6.497694113093322, 33.671372131595206], [-6.500029732832033, 33.67505522426009], [-6.5050602984231025, 33.672989099106616], [-6.509821369428936, 33.67595353954421], [-6.514133282792709, 33.675145055788505], [-6.498233102263794, 33.66688055517461], [-6.493561862786373, 33.661760158055124], [-6.498412765320618, 33.652238016043455], [-6.494100851956844, 33.65448380425376], [-6.495538156411436, 33.64999222783316], [-6.491046579990838, 33.652507510628695], [-6.489609275536247, 33.65169902687298], [-6.49828576716471, 33.64361418931591], [-6.519302361068197, 33.665892408362076], [-6.515660418775713, 33.66553308224842], [-6.513594293622238, 33.66670089211778], [-6.521669428489286, 33.66885684879967], [-6.514762103491593, 33.669216174913316], [-6.525362223844204, 33.670383984782674], [-6.52473340314532, 33.67352808827709], [-6.529853800264801, 33.67018388424589], [-6.540992909787883, 33.67271960452138], [-6.53120127319098, 33.67999595832275], [-6.531560599304628, 33.68215191500464], [-6.533447061401279, 33.68152309430575], [-6.532279251531924, 33.68502652391382], [-6.535064028912695, 33.68314006181717], [-6.532818240702396, 33.68763163823777], [-6.531380936247804, 33.68547568155588], [-6.526530033713559, 33.68601467072635], [-6.530392789435273, 33.68430787168652], [-6.527428348997678, 33.68269090417511], [-6.515031598076829, 33.68978759491965], [-6.509192548730052, 33.68933843727759], [-6.518624859213308, 33.68484686085699], [-6.513863788207474, 33.68296039876034], [-6.51089934776988, 33.686104502254764], [-6.506587434406105, 33.68619433378318], [-6.506946760519753, 33.683948545572875], [-6.511528168468763, 33.683499387930816], [-6.507126423576578, 33.68242140958987], [-6.510719684713056, 33.68152309430575], [-6.502275521042332, 33.67649252871468], [-6.494550009598904, 33.67757050705563]], [[-6.495358493354612, 33.67262977299297], [-6.495178830297788, 33.671821289237265], [-6.494729672655728, 33.67218061535091], [-6.4946398411273165, 33.67271960452138], [-6.495358493354612, 33.67262977299297]], [[-6.496077145581907, 33.67487556120327], [-6.495448324883023, 33.67487556120327], [-6.495448324883023, 33.675145055788505], [-6.496077145581907, 33.675145055788505], [-6.496077145581907, 33.67487556120327]], [[-6.516199407946185, 33.675145055788505], [-6.5168282286450685, 33.675145055788505], [-6.518085870042835, 33.674426403561206], [-6.516738397116656, 33.67397724591915], [-6.516199407946185, 33.675145055788505]], [[-6.5178163754576, 33.679906126794336], [-6.518804522270131, 33.681073936663694], [-6.520062163667898, 33.680175621379576], [-6.520960478952018, 33.6781094962261], [-6.5178163754576, 33.679906126794336]], [[-6.522577446463433, 33.67819932775451], [-6.522218120349786, 33.67819932775451], [-6.522218120349786, 33.678468822339745], [-6.522577446463433, 33.678468822339745], [-6.522577446463433, 33.67819932775451]], [[-6.5310216101341565, 33.671372131595206], [-6.52428424550326, 33.67694168635674], [-6.526799528298795, 33.676582360243096], [-6.530752115548921, 33.67352808827709], [-6.5310216101341565, 33.671372131595206]], [[-6.532189420003512, 33.67397724591915], [-6.532997903759219, 33.67352808827709], [-6.532728409173984, 33.67262977299297], [-6.5319199254182765, 33.67289926757821], [-6.532189420003512, 33.67397724591915]], [[-6.5347945343274585, 33.67271960452138], [-6.535153860441106, 33.67271960452138], [-6.5352436919695185, 33.67218061535091], [-6.534974197384282, 33.671551794652025], [-6.5347945343274585, 33.67271960452138]]], [[[-6.48053629116664, 33.6743365720328], [-6.47918881824046, 33.67694168635674], [-6.4768531985017495, 33.67541455037374], [-6.473349768893684, 33.67837899081133], [-6.468768360944674, 33.67837899081133], [-6.473259937365271, 33.67029415325426], [-6.473888758064155, 33.67307893063503], [-6.475775220160806, 33.67083314242473], [-6.481524437979171, 33.67307893063503], [-6.479727807410932, 33.66975516408379], [-6.48511769911565, 33.67074331089632], [-6.48421938383153, 33.67550438190215], [-6.48053629116664, 33.6743365720328]], [[-6.47182263291068, 33.67406707744756], [-6.471463306797032, 33.67406707744756], [-6.471463306797032, 33.6743365720328], [-6.47182263291068, 33.6743365720328], [-6.47182263291068, 33.67406707744756]]], [[[-6.549526904987019, 33.692752035357245], [-6.542520045770886, 33.696165633436905], [-6.541981056600415, 33.6939198452266], [-6.547550611361956, 33.688529953521886], [-6.5465624645494245, 33.68448753474335], [-6.550425220271139, 33.6818824204194], [-6.553030334595085, 33.68781130129459], [-6.548718421231311, 33.68646382836841], [-6.549526904987019, 33.692752035357245]]], [[[-6.515121429605241, 33.699219905402906], [-6.518085870042835, 33.70748440601681], [-6.516109576417772, 33.706855585317925], [-6.507395918161813, 33.705148786278095], [-6.509102717201641, 33.700387715272264], [-6.511707831525587, 33.70254367195415], [-6.511348505411939, 33.69796226400514], [-6.512426483752883, 33.69607580190849], [-6.514402777377946, 33.699040242346086], [-6.512875641394943, 33.698231758590374], [-6.5121569891676465, 33.70083687291432], [-6.513773956679062, 33.70146569361321], [-6.515121429605241, 33.699219905402906]]], [[[-6.556713427259975, 33.71080817256805], [-6.551862524725729, 33.71035901492599], [-6.55051505179955, 33.708292889772515], [-6.5461133069073645, 33.70865221588616], [-6.544496339395949, 33.708292889772515], [-6.551862524725729, 33.70649625920428], [-6.553120166123497, 33.7029029980678], [-6.554916796691736, 33.70703524837475], [-6.565056681127878, 33.703531818766685], [-6.564798264817051, 33.71008952034075], [-6.558959215470274, 33.70847255282934], [-6.556713427259975, 33.71080817256805]]], [[[-6.479817638939344, 33.71035901492599], [-6.482332921734878, 33.713323455363586], [-6.491855063746545, 33.714940422875], [-6.479997301996168, 33.716467558858], [-6.474787073348274, 33.72033031457972], [-6.468049708717379, 33.717545537198944], [-6.4706548230413246, 33.71485059134659], [-6.4726311166663875, 33.71772520025577], [-6.4790989867120485, 33.71440143370453], [-6.479817638939344, 33.71035901492599]]], [[[-6.492483884445429, 33.732816897028975], [-6.501197542701389, 33.734074538426746], [-6.499670406718385, 33.73658982122228], [-6.504072151610571, 33.735242348296104], [-6.5046111407810425, 33.735961000523396], [-6.501197542701389, 33.73703897886434], [-6.499041586019501, 33.7367694842791], [-6.496616134752379, 33.73551184288134], [-6.494100851956844, 33.737128810392754], [-6.492366290816161, 33.7367694842791], [-6.491789981961421, 33.72910010565916], [-6.486914329683888, 33.726349026983314], [-6.503892488553747, 33.717815031784184], [-6.504251814667395, 33.71485059134659], [-6.504341646195807, 33.718354020954656], [-6.509911200957347, 33.7216777875059], [-6.504341646195807, 33.72293542890366], [-6.504431477724219, 33.726169363926495], [-6.501017879644564, 33.72527104864238], [-6.501197542701389, 33.72841515213679], [-6.510809516241467, 33.72482189100032], [-6.512695978338119, 33.724911722528724], [-6.511707831525587, 33.729043972835676], [-6.519792669082663, 33.72778633143791], [-6.520241826724723, 33.72832532060838], [-6.508294233445933, 33.73209824480168], [-6.509192548730052, 33.72868464672203], [-6.500748385059329, 33.73012195117662], [-6.494909335712552, 33.725899869341255], [-6.4932923682011365, 33.72679818462538], [-6.4970652923944385, 33.72931346742091], [-6.492394052917017, 33.728055826023144], [-6.494550009598904, 33.73039144576185], [-6.492483884445429, 33.732816897028975]], [[-6.492214389860194, 33.72778633143791], [-6.491855063746545, 33.727157510739026], [-6.491316074576074, 33.727337173795846], [-6.4914957376328974, 33.72796599449473], [-6.492214389860194, 33.72778633143791]], [[-6.494550009598904, 33.73506268523928], [-6.496436471695555, 33.73425420148357], [-6.495448324883023, 33.73389487536992], [-6.494550009598904, 33.73479319065404], [-6.494550009598904, 33.73506268523928]], [[-6.495538156411436, 33.72338458654572], [-6.502545015627568, 33.724282901829845], [-6.500928048116153, 33.72293542890366], [-6.496436471695555, 33.72185745056272], [-6.495538156411436, 33.72338458654572]], [[-6.498143270735382, 33.72643885851173], [-6.498233102263794, 33.72688801615379], [-6.499311080604738, 33.72688801615379], [-6.499221249076325, 33.72625919545491], [-6.498143270735382, 33.72643885851173]], [[-6.500928048116153, 33.72518121711396], [-6.500748385059329, 33.72455239641508], [-6.499670406718385, 33.724462564886664], [-6.499131417547914, 33.725450711699196], [-6.500928048116153, 33.72518121711396]], [[-6.5021856895139205, 33.719970988466066], [-6.503173836326452, 33.72203711361954], [-6.503443330911687, 33.72077947222178], [-6.50263484715598, 33.71988115693766], [-6.5021856895139205, 33.719970988466066]], [[-6.505239961479926, 33.721138798335424], [-6.505150129951515, 33.720689640693365], [-6.504790803837866, 33.72077947222178], [-6.504880635366279, 33.721138798335424], [-6.505239961479926, 33.721138798335424]], [[-6.505599287593574, 33.72140829292066], [-6.505599287593574, 33.72176761903431], [-6.50586878217881, 33.72176761903431], [-6.50586878217881, 33.72140829292066], [-6.505599287593574, 33.72140829292066]], [[-6.511079010826704, 33.72652869004014], [-6.51045019012782, 33.72643885851173], [-6.510540021656231, 33.72679818462538], [-6.511079010826704, 33.7269778476822], [-6.511079010826704, 33.72652869004014]]], [[[-6.542250551185651, 33.737667799563226], [-6.545035328566422, 33.73317622314263], [-6.547460779833544, 33.73587116899498], [-6.543687855640242, 33.73802712567687], [-6.544855665509598, 33.74009325083035], [-6.546292969964188, 33.73721864192117], [-6.549347241930195, 33.73649998969387], [-6.549077747344959, 33.738296620262105], [-6.556713427259975, 33.74090173458605], [-6.5427895403561225, 33.74853741450107], [-6.540004762975352, 33.75868837721162], [-6.538836953105997, 33.756981578171796], [-6.532009756946688, 33.75347814856373], [-6.535962344196814, 33.752849327864844], [-6.540723415202647, 33.74584246864871], [-6.534345376685399, 33.73488302218245], [-6.542250551185651, 33.737667799563226]], [[-6.55141336708367, 33.74009325083035], [-6.551323535555258, 33.73964409318829], [-6.548089600532427, 33.74180004987017], [-6.549976062629079, 33.741440723756526], [-6.55141336708367, 33.74009325083035]]], [[[-6.510719684713056, 33.75302899092167], [-6.511528168468763, 33.759317197910505], [-6.508653559559581, 33.759047703325265], [-6.51000103248576, 33.76030534472304], [-6.506767097462929, 33.76273079599016], [-6.506138276764046, 33.759766355552564], [-6.510090864014172, 33.75770023039909], [-6.510270527070996, 33.755274779131966], [-6.506497602877694, 33.75446629537626], [-6.505329793008339, 33.757179753926565], [-6.5035331624401, 33.75311882245008], [-6.508473896502757, 33.754286632319435], [-6.5079349073322845, 33.75060353965454], [-6.5163790710030085, 33.748357751444246], [-6.513953619735886, 33.7517713495239], [-6.513414630565414, 33.7570714097002], [-6.510719684713056, 33.75302899092167]], [[-6.508473896502757, 33.76012568166621], [-6.5083840649743445, 33.75958669249574], [-6.507395918161813, 33.75967652402415], [-6.507306086633402, 33.76057483930827], [-6.508473896502757, 33.76012568166621]], [[-6.511438336940351, 33.75186118105231], [-6.511797663053999, 33.75186118105231], [-6.512695978338119, 33.75105269729661], [-6.511528168468763, 33.75078320271137], [-6.511438336940351, 33.75186118105231]]], [[[-6.582135749800558, 33.77225293800183], [-6.580608613817554, 33.77162411730294], [-6.5833933911983245, 33.76964782367788], [-6.575308553641249, 33.7727919271723], [-6.5747695644707775, 33.77063597049041], [-6.568930515124, 33.77485805232577], [-6.575578048226485, 33.77485805232577], [-6.573152596959362, 33.77566653608148], [-6.575039059056014, 33.7765648513656], [-6.573781417658246, 33.778361481933835], [-6.5714457979195355, 33.77800215582019], [-6.572883102374126, 33.78330221599649], [-6.568840683595589, 33.782224237655555], [-6.5692000097092365, 33.78473952045108], [-6.5667745584421136, 33.78500901503632], [-6.563271128834048, 33.78348187905332], [-6.5621033189646925, 33.77638518830877], [-6.558060900186154, 33.77593603066671], [-6.557611742544094, 33.772881758700706], [-6.552850671538261, 33.77342074787118], [-6.565157590930698, 33.76012568166621], [-6.560396519924865, 33.762640964461745], [-6.561474498265809, 33.75689174664338], [-6.563630454947695, 33.75949686096733], [-6.5621033189646925, 33.75608326288767], [-6.557521911015683, 33.7615629861208], [-6.550874377913198, 33.75949686096733], [-6.5545574705780885, 33.75958669249574], [-6.558150731714566, 33.755544273717206], [-6.555455785862208, 33.74916623519995], [-6.575710462649452, 33.73910510401782], [-6.5746944770206515, 33.749739131775414], [-6.582784884753139, 33.76229136481074], [-6.595695777045335, 33.767424973638285], [-6.612947964045857, 33.78303272141126], [-6.605941104829725, 33.786715814076146], [-6.603246158977366, 33.783392047524906], [-6.601359696880715, 33.785278509621556], [-6.602707169806894, 33.78923109687168], [-6.598664751028357, 33.789141265343275], [-6.597946098801061, 33.79255486342293], [-6.591837554869048, 33.79803458665606], [-6.5889629459598655, 33.79677694525829], [-6.5894121036019255, 33.791476885081984], [-6.585549347880212, 33.790758232854685], [-6.596418962818058, 33.78231406918396], [-6.592466375567932, 33.78375137363855], [-6.59282570168158, 33.78168524848508], [-6.589771429715573, 33.78132592237143], [-6.585818842465447, 33.783392047524906], [-6.582674738971029, 33.77899030263272], [-6.580518782289142, 33.77961912333161], [-6.577823836436783, 33.77422923162689], [-6.5796204670050225, 33.773151253285945], [-6.581776423686909, 33.77611569372354], [-6.588423956789394, 33.76848001380852], [-6.582135749800558, 33.77225293800183]], [[-6.558510057828214, 33.77108512813247], [-6.557701574072507, 33.77153428577453], [-6.557701574072507, 33.771893611888174], [-6.558420226299802, 33.772073274945], [-6.558510057828214, 33.77108512813247]], [[-6.559049046998686, 33.7743190631553], [-6.560306688396453, 33.77342074787118], [-6.560216856868041, 33.77162411730294], [-6.559318541583922, 33.77243260105865], [-6.559049046998686, 33.7743190631553]], [[-6.5601270253396295, 33.749795055898836], [-6.560216856868041, 33.749076403671545], [-6.559767699225981, 33.74916623519995], [-6.559767699225981, 33.74970522437042], [-6.5601270253396295, 33.749795055898836]], [[-6.559857530754393, 33.77494788385418], [-6.559857530754393, 33.775307209967835], [-6.5601270253396295, 33.775307209967835], [-6.5601270253396295, 33.77494788385418], [-6.559857530754393, 33.77494788385418]], [[-6.570816977220652, 33.777642829706544], [-6.571805124033183, 33.77683434595083], [-6.571266134862711, 33.776295356780366], [-6.570277988050179, 33.7765648513656], [-6.570816977220652, 33.777642829706544]], [[-6.579440803948199, 33.764078268916336], [-6.5780933310220195, 33.7638087743311], [-6.577554341851548, 33.764347763501576], [-6.579261140891375, 33.76461725808681], [-6.579440803948199, 33.764078268916336]], [[-6.586447663164331, 33.76731220393917], [-6.586447663164331, 33.7675816985244], [-6.586717157749567, 33.7675816985244], [-6.586717157749567, 33.76731220393917], [-6.586447663164331, 33.76731220393917]]], [[[-6.5758475428117205, 33.81815684902033], [-6.565337253987522, 33.82148061557157], [-6.5601270253396295, 33.8163602184521], [-6.561025340623749, 33.8194144904181], [-6.557611742544094, 33.82076196334428], [-6.5477850570625895, 33.81784695253211], [-6.523164089287246, 33.7971920749339], [-6.510377447625811, 33.775903926472324], [-6.50775617645808, 33.76740203546758], [-6.510180695542584, 33.768839339922174], [-6.5126061468097065, 33.76650372018346], [-6.515301092662065, 33.77108512813247], [-6.52518256078738, 33.76964782367788], [-6.524014750918024, 33.77261226411547], [-6.526889359827207, 33.77117495966088], [-6.525452055372615, 33.773151253285945], [-6.526709696770383, 33.773600410928005], [-6.535064028912695, 33.76632405712664], [-6.536142007253638, 33.76919866603582], [-6.530123294850037, 33.77252243258706], [-6.538836953105997, 33.7758461991383], [-6.537399648651405, 33.77952929180319], [-6.534974197384282, 33.77890047110431], [-6.533896219043339, 33.77934962874637], [-6.538208132407113, 33.78294288988285], [-6.541891225072003, 33.78078693320096], [-6.54404718175389, 33.78680564560456], [-6.54961673651543, 33.78752429783186], [-6.545035328566422, 33.79138705355357], [-6.539375942276468, 33.78985991757057], [-6.539555605333292, 33.7908480643831], [-6.536860659480934, 33.79273452647975], [-6.536321670310462, 33.79587862997417], [-6.542969203412946, 33.797495597485586], [-6.540903078259471, 33.80010071180953], [-6.543059034941359, 33.801268521678885], [-6.549077747344959, 33.79713627137193], [-6.555815111975855, 33.796687113729874], [-6.553838818350792, 33.79929222805382], [-6.558420226299802, 33.79740576595717], [-6.555186291276971, 33.80225666849142], [-6.558510057828214, 33.80117869015047], [-6.5578812371293305, 33.80234650001983], [-6.558420226299802, 33.802975320718716], [-6.5621033189646925, 33.80037020639477], [-6.562642308135164, 33.80261599460506], [-6.563360960362459, 33.80037020639477], [-6.564349107174991, 33.803604141417594], [-6.566325400800054, 33.79992104875271], [-6.572613607788891, 33.79857357582653], [-6.575488216698073, 33.79498031469005], [-6.5780933310220195, 33.797585429014], [-6.559498204640746, 33.80710757102566], [-6.555904943504268, 33.8133957780145], [-6.574230575300305, 33.815821229281624], [-6.581237434516438, 33.813216114957676], [-6.583483222726737, 33.814114430241794], [-6.582495075914205, 33.8163602184521], [-6.587615473033686, 33.81393476718497], [-6.58734597844845, 33.81591106081003], [-6.575937374340133, 33.82183994168523], [-6.5758475428117205, 33.81815684902033]], [[-6.554916796691736, 33.80225666849142], [-6.554916796691736, 33.80252616307666], [-6.555186291276971, 33.80252616307666], [-6.555186291276971, 33.80225666849142], [-6.554916796691736, 33.80225666849142]], [[-6.536052175725226, 33.77665468289401], [-6.535603018083166, 33.77665468289401], [-6.5356928496115785, 33.777373335121304], [-6.535962344196814, 33.777373335121304], [-6.536052175725226, 33.77665468289401]], [[-6.538747121577584, 33.790758232854685], [-6.5381183008787005, 33.790758232854685], [-6.538208132407113, 33.79111755896834], [-6.538747121577584, 33.79111755896834], [-6.538747121577584, 33.790758232854685]], [[-6.55922871005551, 33.81806701749192], [-6.558959215470274, 33.81806701749192], [-6.558959215470274, 33.81833651207716], [-6.55922871005551, 33.81833651207716], [-6.55922871005551, 33.81806701749192]], [[-6.561743992851044, 33.803154983775535], [-6.561474498265809, 33.803154983775535], [-6.561474498265809, 33.803424478360775], [-6.561743992851044, 33.803424478360775], [-6.561743992851044, 33.803154983775535]], [[-6.5776441733799595, 33.81905516430445], [-6.577105184209488, 33.81905516430445], [-6.577105184209488, 33.81932465888969], [-6.5776441733799595, 33.81932465888969], [-6.5776441733799595, 33.81905516430445]]], [[[-6.589771429715573, 33.80423296211648], [-6.585818842465447, 33.808455043951845], [-6.591029071113341, 33.81016184299167], [-6.580967939931202, 33.80692790796884], [-6.575308553641249, 33.80701773949725], [-6.576206868925369, 33.810072011463255], [-6.573242428487774, 33.80998217993484], [-6.572793270845715, 33.807736391724546], [-6.570816977220652, 33.80953302229278], [-6.5667745584421136, 33.809083864650724], [-6.579081477834551, 33.80477195128695], [-6.582764570499441, 33.806029592684716], [-6.58590867399386, 33.79893290194018], [-6.586447663164331, 33.80252616307666], [-6.589771429715573, 33.80423296211648]]], [[[-6.635855003790905, 33.8299247792423], [-6.631992248069191, 33.83073326299801], [-6.631722753483955, 33.83432652413448], [-6.628488818461125, 33.83046376841277], [-6.623997242040527, 33.83378753496401], [-6.628309155404301, 33.823187414611404], [-6.63702281366026, 33.817258533736215], [-6.630734606671424, 33.81950432194651], [-6.634327867807902, 33.8171687022078], [-6.629117639160008, 33.81761785984986], [-6.628848144574772, 33.8149229139975], [-6.627500671648593, 33.81932465888969], [-6.626063367194002, 33.81546190316797], [-6.622649769114348, 33.82426539295235], [-6.619864991733578, 33.82471455059441], [-6.617978529636926, 33.824175561423935], [-6.62318875828482, 33.81932465888969], [-6.622649769114348, 33.81276695731562], [-6.6200446547904015, 33.82022297417381], [-6.620224317847225, 33.81231779967356], [-6.615912404483451, 33.81968398500334], [-6.610612344307146, 33.8178873544351], [-6.609085208324143, 33.82049246875904], [-6.6049529580171935, 33.8133957780145], [-6.606839420113844, 33.81240763120197], [-6.602347843693247, 33.81231779967356], [-6.599113908670416, 33.82121112098634], [-6.600820707710244, 33.81393476718497], [-6.597227446573766, 33.810790663690554], [-6.607198746227493, 33.80656858185519], [-6.607737735397964, 33.804143130588066], [-6.599922392426124, 33.80243633154824], [-6.602976664392131, 33.80117869015047], [-6.601808854522775, 33.79830408124129], [-6.60621059941496, 33.797495597485586], [-6.605851273301313, 33.79408199940593], [-6.608815713738907, 33.790758232854685], [-6.6153734153129795, 33.78747599103501], [-6.6257855575443765, 33.80502686628228], [-6.639398568699617, 33.81244529135233], [-6.664470691881573, 33.81959702993717], [-6.674841887121692, 33.82660101269106], [-6.673045256553453, 33.827768822560415], [-6.668733343189679, 33.82507387670805], [-6.666307891922557, 33.82911629548659], [-6.660558674104192, 33.83163157828213], [-6.659929853405308, 33.828217980202474], [-6.665140082053202, 33.82642134963423], [-6.65633659226883, 33.8216602786284], [-6.65130602667776, 33.830104442299124], [-6.643221189120685, 33.832260398981006], [-6.642772031478625, 33.82830781173088], [-6.647622934012871, 33.82237893085569], [-6.644927988160512, 33.821031457929514], [-6.64160422160927, 33.82363657225346], [-6.639358433398971, 33.82183994168523], [-6.640526243268327, 33.81905516430445], [-6.637202476717084, 33.822019604742046], [-6.639358433398971, 33.81860600666239], [-6.639088938813735, 33.81752802832145], [-6.63378887863743, 33.82264842544093], [-6.634058373222666, 33.82660101269106], [-6.636843150603436, 33.82731966491835], [-6.635855003790905, 33.8299247792423]], [[-6.627680334705417, 33.81483308246909], [-6.628039660819065, 33.81402459871338], [-6.627231177063358, 33.81393476718497], [-6.627051514006533, 33.814383924827034], [-6.627680334705417, 33.81483308246909]], [[-6.635495677677257, 33.81671954456574], [-6.635405846148845, 33.816270386923684], [-6.634507530864726, 33.816539881508916], [-6.634597362393137, 33.816989039150975], [-6.635495677677257, 33.81671954456574]], [[-6.636304161432965, 33.81591106081003], [-6.636124498376141, 33.815551734696385], [-6.635585509205669, 33.81573139775321], [-6.635585509205669, 33.816270386923684], [-6.636304161432965, 33.81591106081003]], [[-6.640616074796738, 33.819144995832865], [-6.6417838846660935, 33.81761785984986], [-6.641244895495622, 33.81734836526463], [-6.640705906325151, 33.8178873544351], [-6.640616074796738, 33.819144995832865]], [[-6.6704401422295065, 33.82489421365123], [-6.6704401422295065, 33.82516370823647], [-6.670799468343154, 33.82516370823647], [-6.670979131399978, 33.82480438212282], [-6.6704401422295065, 33.82489421365123]]], [[[-6.469487013171969, 33.83190107286736], [-6.464097121467252, 33.83324854579354], [-6.457719082950003, 33.82866713784453], [-6.455832620853353, 33.8299247792423], [-6.444334185216623, 33.82911629548659], [-6.454395316398761, 33.82911629548659], [-6.457449588364768, 33.826062023520585], [-6.458976724347771, 33.82857730631612], [-6.463108974654721, 33.82785865408882], [-6.466342909677551, 33.82426539295235], [-6.463019143126309, 33.82255859391252], [-6.463378469239957, 33.82022297417381], [-6.4677802141321425, 33.82363657225346], [-6.475415894047158, 33.823187414611404], [-6.478290502956341, 33.82857730631612], [-6.479368481297284, 33.825612865878526], [-6.477482019200633, 33.82381623531029], [-6.481704101035995, 33.82597219199217], [-6.4824227532632905, 33.83333837732195], [-6.475236230990334, 33.83432652413448], [-6.469487013171969, 33.83190107286736]], [[-6.466881898848023, 33.82570269740694], [-6.466342909677551, 33.82570269740694], [-6.466342909677551, 33.82597219199217], [-6.466881898848023, 33.82597219199217], [-6.466881898848023, 33.82570269740694]], [[-6.468678529416262, 33.82516370823647], [-6.468678529416262, 33.82489421365123], [-6.467510719546906, 33.82489421365123], [-6.4677802141321425, 33.82525353976488], [-6.468678529416262, 33.82516370823647]]], [[[-6.672057109740922, 33.84016557348126], [-6.671428289042038, 33.83414686107766], [-6.663433283013374, 33.83235023050942], [-6.669811321530623, 33.830104442299124], [-6.673224919610277, 33.833428208850364], [-6.676099528519459, 33.832260398981006], [-6.6752910447637515, 33.835314670947014], [-6.6795131265991134, 33.836572312344785], [-6.676279191576283, 33.83908759514032], [-6.675560539348988, 33.83782995374255], [-6.672057109740922, 33.84016557348126]], [[-6.672685930439806, 33.835853660117486], [-6.67430289795122, 33.83603332317431], [-6.6742130664228085, 33.83567399706067], [-6.672865593496629, 33.83549433400384], [-6.672685930439806, 33.835853660117486]]], [[[-6.584830695652916, 33.842501193219974], [-6.587256146920039, 33.84070456265173], [-6.586447663164331, 33.84339950850409], [-6.58869345137463, 33.84241136169156], [-6.586717157749567, 33.84429782378821], [-6.576476363510604, 33.84735209575422], [-6.577734004908372, 33.8497404536878], [-6.56624587889111, 33.839833009032176], [-6.5607558460385125, 33.827768822560415], [-6.5700983249933556, 33.82660101269106], [-6.581776423686909, 33.82974511618548], [-6.579800130061846, 33.83261972509466], [-6.5818662552153215, 33.83387736649242], [-6.594263006136171, 33.835135007890194], [-6.586627326221155, 33.83863843749826], [-6.584830695652916, 33.842501193219974]]], [[[-6.667475701791912, 33.837021469986844], [-6.667565533320324, 33.84546563365757], [-6.666846881093028, 33.843669003089325], [-6.664690924411142, 33.83567399706067], [-6.655977266155182, 33.83648248081637], [-6.653911141001707, 33.83576382858907], [-6.659840021876896, 33.83172140981054], [-6.669451995416975, 33.83549433400384], [-6.667475701791912, 33.837021469986844]]], [[[-6.635855003790905, 33.83414686107766], [-6.64250253689339, 33.84007574195285], [-6.64115506396721, 33.845106307543915], [-6.63702281366026, 33.847531758811044], [-6.636843150603436, 33.85265215593052], [-6.635765172262493, 33.85112501994752], [-6.634597362393137, 33.84887923173722], [-6.63747197130232, 33.841602877935856], [-6.632710900296487, 33.839896078896025], [-6.635855003790905, 33.83414686107766]]], [[[-6.664601092882729, 33.85390979732829], [-6.665140082053202, 33.85579625942494], [-6.66046884257578, 33.85804204763524], [-6.660109516462132, 33.862803118641075], [-6.659480695763248, 33.85885053139095], [-6.651575521262997, 33.85651491165223], [-6.6488805754106375, 33.845824959771214], [-6.644927988160512, 33.847262264225805], [-6.643490683705921, 33.85337080815782], [-6.641963547722917, 33.85426912344194], [-6.638100792001204, 33.85408946038511], [-6.643311020649097, 33.85166400911799], [-6.644927988160512, 33.84456731837345], [-6.650048385279994, 33.84295035086203], [-6.650587374450465, 33.851843672174816], [-6.653372151831236, 33.856245417067], [-6.6601993479905435, 33.85498777566923], [-6.658851875064364, 33.85364030274305], [-6.660109516462132, 33.84843007409516], [-6.663163788428138, 33.85292165051576], [-6.668374017076031, 33.849957210078166], [-6.668913006246504, 33.854448786498764], [-6.672236772797746, 33.85741322693636], [-6.671607952098862, 33.85956918361824], [-6.67106896292839, 33.85714373235112], [-6.666757049564616, 33.85364030274305], [-6.664601092882729, 33.85390979732829]], [[-6.660738337161016, 33.85328097662941], [-6.661007831746251, 33.85328097662941], [-6.66091800021784, 33.85211316676005], [-6.660558674104192, 33.852292829816875], [-6.660738337161016, 33.85328097662941]], [[-6.6624451362008426, 33.854448786498764], [-6.662175641615606, 33.854448786498764], [-6.662175641615606, 33.854718281084], [-6.6624451362008426, 33.854718281084], [-6.6624451362008426, 33.854448786498764]], [[-6.667475701791912, 33.8517538406464], [-6.66783502790556, 33.8517538406464], [-6.667655364848736, 33.85112501994752], [-6.6673858702635, 33.85112501994752], [-6.667475701791912, 33.8517538406464]]], [[[-6.475685388632394, 33.868013347288965], [-6.4748769048766865, 33.8652285699082], [-6.468319203302614, 33.863252276283134], [-6.474158252649391, 33.86082682501601], [-6.47505656793351, 33.857503058464765], [-6.474248084177803, 33.86352177086837], [-6.478470166013165, 33.86630654824914], [-6.4975144500364985, 33.86936082021514], [-6.505958613707222, 33.86558789602184], [-6.511797663053999, 33.86819301034579], [-6.511348505411939, 33.87358290205051], [-6.513773956679062, 33.872055766067504], [-6.519163848383779, 33.8750202065051], [-6.519163848383779, 33.877265994715394], [-6.517636712400776, 33.87645751095969], [-6.507395918161813, 33.87672700554493], [-6.497604281564911, 33.87223542912433], [-6.492483884445429, 33.87322357593686], [-6.475685388632394, 33.868013347288965]], [[-6.505958613707222, 33.871337113840205], [-6.505958613707222, 33.86998964091403], [-6.505239961479926, 33.86954048327197], [-6.503892488553747, 33.8690014941015], [-6.505958613707222, 33.871337113840205]], [[-6.509102717201641, 33.86980997785721], [-6.509012885673228, 33.87025913549927], [-6.509372211786876, 33.870348967027674], [-6.509372211786876, 33.86980997785721], [-6.509102717201641, 33.86980997785721]]], [[[-6.650407711393641, 33.96476190338864], [-6.62965662833048, 33.96682802854211], [-6.6305549436146, 33.96925347980924], [-6.6365736560182, 33.96907381675241], [-6.632351574182839, 33.96997213203653], [-6.634866856978373, 33.9727569094173], [-6.6342380362794895, 33.970511121207004], [-6.641065232438798, 33.970511121207004], [-6.640885569381974, 33.9727569094173], [-6.637831297415968, 33.97329589858777], [-6.635585509205669, 33.98506382880974], [-6.623278589813232, 33.987219785491625], [-6.621571790773404, 33.9900045628724], [-6.614744594614096, 33.984345176582444], [-6.612768300989033, 33.988477426889396], [-6.617709035051691, 33.988657089946216], [-6.620493812432461, 33.992250351082696], [-6.61905650797787, 33.99467580234982], [-6.621212464659757, 33.994136813179345], [-6.619775160205165, 33.99647243291806], [-6.623907410512115, 33.99359782400887], [-6.624087073568939, 33.98964523675875], [-6.630285449029364, 33.990363888986046], [-6.632351574182839, 33.987219785491625], [-6.636483824489789, 33.99243001413952], [-6.637741465887556, 33.98973506828716], [-6.6384601181148515, 33.992969003309994], [-6.637831297415968, 33.98739944854845], [-6.640705906325151, 33.98650113326433], [-6.637651634359144, 33.9832671982415], [-6.64160422160927, 33.976260339025366], [-6.644209335933216, 33.97850612723567], [-6.642951694535449, 33.97563151832649], [-6.645466977330984, 33.976709496667425], [-6.6448381566321, 33.97446370845713], [-6.648611080825402, 33.97356539317301], [-6.646544955671927, 33.97158909954795], [-6.649060238467462, 33.970061963564945], [-6.6531026572459995, 33.97284674094571], [-6.655617940041534, 33.97176876260477], [-6.654719624757415, 33.96907381675241], [-6.659031538121188, 33.959102517098685], [-6.658133222837069, 33.96610937631482], [-6.663163788428138, 33.9712297734343], [-6.6648705874679655, 33.965031397973874], [-6.670080816115859, 33.96799583841147], [-6.670799468343154, 33.96566021867276], [-6.6681943540192075, 33.964133082689756], [-6.67475205559328, 33.96494156644546], [-6.669362163888563, 33.971948425661594], [-6.672596098911393, 33.96997213203653], [-6.673943571837572, 33.971948425661594], [-6.671248625985214, 33.975272192212834], [-6.67430289795122, 33.974643371513956], [-6.67520121323534, 33.97590101291172], [-6.669362163888563, 33.98191972531532], [-6.665948565808909, 33.97751798042314], [-6.666846881093028, 33.98111124155962], [-6.664062103712258, 33.98138073614485], [-6.663523114541786, 33.97904511640614], [-6.662265473144019, 33.98066208391755], [-6.6677451963771475, 33.9832671982415], [-6.664062103712258, 33.98569264950862], [-6.667924859433972, 33.98542315492339], [-6.6662180603941446, 33.9885672584178], [-6.676818180746755, 33.981560399201676], [-6.676638517689931, 33.97967393710502], [-6.6784351482581705, 33.982009556843735], [-6.679153800485466, 33.97545185526966], [-6.6790639689570535, 33.97859595876408], [-6.681399588695765, 33.97931461099137], [-6.680591104940057, 33.97491286609919], [-6.681489420224176, 33.97805696959361], [-6.682657230093532, 33.97536202374125], [-6.684184366076535, 33.97823663265043], [-6.681399588695765, 33.982458714485794], [-6.682747061621944, 33.98506382880974], [-6.678794474371818, 33.9847943342245], [-6.680591104940057, 33.98596214409386], [-6.6625288285529685, 33.99139656154721], [-6.6526835124024295, 33.99261370684122], [-6.63699836793993, 34.00255393925232], [-6.623527474772038, 34.00423985347795], [-6.610988802022459, 34.00270132513329], [-6.600119654167233, 33.99727284545758], [-6.592114030831879, 33.98795299152358], [-6.573932984439986, 33.98585234246333], [-6.558823948151508, 33.97801747857735], [-6.5667745584421136, 33.96889415369559], [-6.567133884555761, 33.96664836548529], [-6.575128890584425, 33.960988979195335], [-6.5654270855159345, 33.964582240331815], [-6.567852536783057, 33.960539821553276], [-6.561025340623749, 33.959372011683925], [-6.565966074686406, 33.95676689735998], [-6.563181297305635, 33.95488043526333], [-6.560037193811217, 33.95793470722933], [-6.553569323765557, 33.95730588653045], [-6.554018481407616, 33.96018049543963], [-6.548603536834198, 33.96152796836581], [-6.54773027441878, 33.956227908189504], [-6.552850671538261, 33.952634647053024], [-6.549167578873371, 33.95038885884273], [-6.553389660708733, 33.95101767954161], [-6.55877955241345, 33.946975260763075], [-6.565786411629582, 33.94508879866642], [-6.5630016342488116, 33.94508879866642], [-6.559408373112333, 33.939070086262824], [-6.550694714856374, 33.943561662683415], [-6.547640442890367, 33.93898025473441], [-6.54081324673106, 33.93578915698958], [-6.543059034941359, 33.932871710802395], [-6.536860659480934, 33.93537416093159], [-6.526080876071499, 33.9323636179988], [-6.52841649581021, 33.929727607307974], [-6.530213126378449, 33.93260221621716], [-6.528506327338622, 33.92891912355227], [-6.5239249193896125, 33.93151094391853], [-6.526799528298795, 33.92775131368291], [-6.523206267162317, 33.93119652316428], [-6.5203829318608, 33.9298091066873], [-6.507007536760185, 33.91661220415983], [-6.508743391087993, 33.914276584421124], [-6.506392981865848, 33.91580372040413], [-6.501916194928684, 33.90394595865375], [-6.500658553530917, 33.90466531831512], [-6.495282005740813, 33.90030421442954], [-6.479925263352319, 33.894444626601775], [-6.455992654489973, 33.888140732850275], [-6.451969865131639, 33.88382369628947], [-6.4546648109839975, 33.88526100074406], [-6.454125821813526, 33.88283554947694], [-6.457449588364768, 33.8803202666814], [-6.458527566705711, 33.88220672877805], [-6.458347903648887, 33.87888296222681], [-6.451161381375931, 33.884003359346295], [-6.44890777779916, 33.882745717948524], [-6.462480153955838, 33.87546936414716], [-6.460414028802362, 33.87969144598252], [-6.4659835835639035, 33.87789481541428], [-6.467420888018495, 33.87546936414716], [-6.470115833870853, 33.876367679431276], [-6.4688581924730855, 33.878972793755224], [-6.469666676228793, 33.87924228834046], [-6.475146399461923, 33.8750202065051], [-6.474248084177803, 33.87322357593686], [-6.477482019200633, 33.87259475523798], [-6.492394052917017, 33.87735582624381], [-6.495897482525083, 33.87591852178922], [-6.495717819468259, 33.881847402664405], [-6.497604281564911, 33.8803202666814], [-6.498143270735382, 33.88247622336329], [-6.502365352570744, 33.87906262528364], [-6.507395918161813, 33.88283554947694], [-6.513414630565414, 33.88094908738029], [-6.525272392315792, 33.88975257716466], [-6.530213126378449, 33.89837640389221], [-6.531380936247804, 33.902598485727566], [-6.5230266041054925, 33.90421545323898], [-6.534255545156987, 33.90601208380722], [-6.537040322537758, 33.90906635577323], [-6.525092729258968, 33.91661220415983], [-6.531740262361453, 33.917151193330305], [-6.536142007253638, 33.91221045926765], [-6.532818240702396, 33.92020546529631], [-6.532818240702396, 33.91822917167125], [-6.529853800264801, 33.9178698455576], [-6.526799528298795, 33.92110378058043], [-6.528506327338622, 33.91795967708601], [-6.522667277991845, 33.9216427697509], [-6.5201519951963105, 33.92065462293837], [-6.52149946812249, 33.923798726432786], [-6.526080876071499, 33.92110378058043], [-6.523206267162317, 33.92415805254644], [-6.5234757617475525, 33.92514619935897], [-6.530213126378449, 33.91984613918266], [-6.527158854412443, 33.927661482154505], [-6.530752115548921, 33.92245125350661], [-6.534884365855871, 33.92685299839879], [-6.532818240702396, 33.92325973726231], [-6.537130154066169, 33.91158163856876], [-6.538657290049173, 33.916432541103006], [-6.54081324673106, 33.91598338346095], [-6.546472633021012, 33.91176130162559], [-6.55006589415749, 33.90466461088104], [-6.555815111975855, 33.90367646406851], [-6.5596778676975696, 33.905652757693574], [-6.559408373112333, 33.907359556733404], [-6.5578812371293305, 33.906191746864046], [-6.552940503066673, 33.91203079621082], [-6.558060900186154, 33.90771888284705], [-6.558510057828214, 33.910323997171], [-6.561384666737396, 33.906640904506105], [-6.565067759402287, 33.90655107297769], [-6.567133884555761, 33.909964671057345], [-6.566055906214818, 33.91436641594953], [-6.568930515124, 33.91751051944395], [-6.562821971191988, 33.921193612108844], [-6.568481357481941, 33.91957664459743], [-6.574050912243482, 33.925954683114675], [-6.576835689624252, 33.92568518852944], [-6.571176303334299, 33.92110378058043], [-6.5705474826354155, 33.91292911149494], [-6.5747695644707775, 33.92056479140996], [-6.572883102374126, 33.91239012232447], [-6.579530635476611, 33.91292911149494], [-6.578362825607256, 33.916702035688246], [-6.576117037396957, 33.914995236648416], [-6.578901814777727, 33.918319003199656], [-6.5771950157379, 33.918588497784896], [-6.577105184209488, 33.92173260127932], [-6.58590867399386, 33.92658350381356], [-6.590939239584928, 33.93853109709235], [-6.595879973647586, 33.932422553160336], [-6.599113908670416, 33.932871710802395], [-6.608546219153672, 33.92622417769991], [-6.602078349108011, 33.92873946049544], [-6.6049529580171935, 33.924068221018025], [-6.60755807234114, 33.925236030887376], [-6.60477329496037, 33.923080074205494], [-6.595969805175998, 33.93044625953527], [-6.59327485932364, 33.92963777577957], [-6.593364690852051, 33.93260221621716], [-6.590759576528105, 33.93341069997287], [-6.589951092772397, 33.9299072703648], [-6.601898686051187, 33.92505636783056], [-6.604234305789897, 33.92065462293837], [-6.602258012164834, 33.91984613918266], [-6.593454522380464, 33.924517378660084], [-6.591029071113341, 33.92200209586455], [-6.588334125260982, 33.923619063375966], [-6.587076483863215, 33.92325973726231], [-6.591478228755401, 33.92029529682472], [-6.599203740198829, 33.92101394905202], [-6.605132621074017, 33.91813934014284], [-6.603695316619426, 33.91553422581889], [-6.607019083170668, 33.91769018250078], [-6.604683463431957, 33.914276584421124], [-6.606030936358136, 33.913378269137], [-6.604144474261486, 33.911851133154], [-6.602437675221658, 33.91373759525065], [-6.602617338278483, 33.91077315481306], [-6.6007308761818315, 33.91077315481306], [-6.597586772687413, 33.916881698745065], [-6.6016291914659515, 33.91454607900636], [-6.602707169806894, 33.91517489970524], [-6.59884441408518, 33.91867832931331], [-6.5898612612439855, 33.91876816084172], [-6.597317278102177, 33.916702035688246], [-6.596868120460117, 33.91391725830747], [-6.593903680022523, 33.915893551932534], [-6.5927358701531675, 33.915893551932534], [-6.597496941159001, 33.91176130162559], [-6.5965087943464695, 33.910413828699404], [-6.5965087943464695, 33.91194096468241], [-6.594532500721407, 33.91265961690971], [-6.595430816005527, 33.91050366022782], [-6.593095196266816, 33.908078208960696], [-6.593813848494111, 33.91346810066541], [-6.591478228755401, 33.908527366602755], [-6.58869345137463, 33.91517489970524], [-6.584740864124504, 33.91454607900636], [-6.5800696246470824, 33.916702035688246], [-6.583213728141501, 33.913108774551766], [-6.587884967618923, 33.91364776372224], [-6.589232440545102, 33.912569785381294], [-6.585998505522271, 33.912569785381294], [-6.588873114431454, 33.91005450258576], [-6.587076483863215, 33.91014433411417], [-6.587705304562099, 33.90762905131864], [-6.581686592158498, 33.912120627739235], [-6.577734004908372, 33.91158163856876], [-6.588873114431454, 33.90421545323898], [-6.584112043425621, 33.90385612712534], [-6.584201874954032, 33.90628157839246], [-6.578452657135667, 33.90762905131864], [-6.585100190238152, 33.901879833500274], [-6.590040924300809, 33.902059496557094], [-6.5860883370506835, 33.90080185515933], [-6.591747723340636, 33.89864589847744], [-6.5931850277952275, 33.89505263734097], [-6.58501035870974, 33.89873573000585], [-6.583034065084677, 33.90196966502869], [-6.580608613817554, 33.900712023630916], [-6.590040924300809, 33.8960407841535], [-6.591029071113341, 33.89343566982955], [-6.586806989277979, 33.89586112109667], [-6.583303559669913, 33.89514246886937], [-6.581506929101674, 33.89873573000585], [-6.579081477834551, 33.897388257079676], [-6.5785424886640795, 33.90340696948328], [-6.576117037396957, 33.903047643369625], [-6.576925521152664, 33.90080185515933], [-6.5734220915445984, 33.90322730642645], [-6.574230575300305, 33.90726972520499], [-6.5705474826354155, 33.90232899114233], [-6.575578048226485, 33.89720859402285], [-6.5709966402774755, 33.90035269751727], [-6.572883102374126, 33.89577128956826], [-6.566415232328466, 33.89882556153427], [-6.573242428487774, 33.89056106092037], [-6.565966074686406, 33.89244752301702], [-6.562193150493104, 33.89837640389221], [-6.559857530754393, 33.895501794983026], [-6.558060900186154, 33.897388257079676], [-6.559408373112333, 33.89936455070474], [-6.554916796691736, 33.89864589847744], [-6.557252416430447, 33.894693311227314], [-6.555006628220148, 33.89702893096603], [-6.553120166123497, 33.895681458039846], [-6.555815111975855, 33.89029156633513], [-6.568122031368293, 33.88023043515299], [-6.563720286476107, 33.88058976126664], [-6.564259275646579, 33.87798464694269], [-6.557611742544094, 33.884452516988354], [-6.554826965163324, 33.88247622336329], [-6.555725280447444, 33.88508133768724], [-6.551682861668906, 33.890650892448775], [-6.55006589415749, 33.88409319087471], [-6.551862524725729, 33.87906262528364], [-6.548718421231311, 33.884003359346295], [-6.55006589415749, 33.888045778124834], [-6.544855665509598, 33.88391352781788], [-6.549526904987019, 33.89397465900002], [-6.548987915816547, 33.89693909943762], [-6.547101453719896, 33.896579773323964], [-6.548538758174487, 33.899274719176326], [-6.543328529526594, 33.90637140992087], [-6.539286110748057, 33.90502393699469], [-6.536591164895698, 33.900442529045684], [-6.536052175725226, 33.89163903926131], [-6.531560599304628, 33.88849493576689], [-6.5347945343274585, 33.88310504406218], [-6.532458914588748, 33.88364403323265], [-6.532818240702396, 33.88130841349393], [-6.530841947077333, 33.88265588642012], [-6.530302957906861, 33.88247622336329], [-6.533896219043339, 33.8757388587324], [-6.543508192583418, 33.86864216798785], [-6.544765833981185, 33.86307261322631], [-6.54269970882771, 33.86289295016949], [-6.542879371884535, 33.86055733043077], [-6.53668099642411, 33.868731999516264], [-6.534974197384282, 33.86954048327197], [-6.534614871270635, 33.86630654824914], [-6.527428348997678, 33.870618461612914], [-6.530213126378449, 33.87340323899368], [-6.524823234673732, 33.87699650013016], [-6.522936772577081, 33.87169643995386], [-6.519882500611074, 33.86998964091403], [-6.523655424804376, 33.86882183104468], [-6.529494474151154, 33.861545477243304], [-6.525541886901028, 33.86190480335696], [-6.526440202185147, 33.86091665654442], [-6.526170707599912, 33.85956918361824], [-6.526799528298795, 33.85903019444777], [-6.526530033713559, 33.857772553050005], [-6.519882500611074, 33.86217429794219], [-6.52194862576455, 33.862982781697895], [-6.520062163667898, 33.864240423095666], [-6.518085870042835, 33.85804204763524], [-6.520331658253134, 33.85498777566923], [-6.517636712400776, 33.85615558553859], [-6.515750250304125, 33.85570642789653], [-6.52149946812249, 33.85148434606117], [-6.507755244275461, 33.854628449555584], [-6.51000103248576, 33.85579625942494], [-6.508563728031168, 33.857952216106824], [-6.495717819468259, 33.85489794414082], [-6.488441465666892, 33.85947935208983], [-6.48053629116664, 33.85885053139095], [-6.481165111865523, 33.85615558553859], [-6.499041586019501, 33.852023335231635], [-6.506228108292458, 33.84843007409516], [-6.4928432105590765, 33.85121485147593], [-6.4970652923944385, 33.84744192728263], [-6.49068725387719, 33.84591479129963], [-6.488171971081655, 33.84708260116898], [-6.488441465666892, 33.848699568680395], [-6.47595488321763, 33.850136873134986], [-6.478739660598401, 33.84672327505533], [-6.476314209331278, 33.84330967697568], [-6.489249949422599, 33.842052035577915], [-6.493651694314785, 33.83836894291302], [-6.490597422348778, 33.836751975401604], [-6.489070286365775, 33.83926725819714], [-6.482243090206467, 33.83926725819714], [-6.492483884445429, 33.83495534483337], [-6.49481950418414, 33.8359434916459], [-6.495897482525083, 33.83163157828213], [-6.488261802610068, 33.83055359994118], [-6.497604281564911, 33.82875696937295], [-6.500119564360445, 33.830643431469596], [-6.499850069775209, 33.82830781173088], [-6.5012873742298005, 33.829385790071825], [-6.50497046689469, 33.82444505600917], [-6.500928048116153, 33.82067213181587], [-6.488171971081655, 33.822738256969345], [-6.487363487325948, 33.8171687022078], [-6.482602416320114, 33.8194144904181], [-6.477841345314281, 33.81752802832145], [-6.47182263291068, 33.81923482736128], [-6.476493872388102, 33.811778810503085], [-6.478559997541577, 33.815102577054326], [-6.479009155183636, 33.81303645190085], [-6.484578709945177, 33.81276695731562], [-6.482153258678054, 33.81088049521897], [-6.483231237018998, 33.809083864650724], [-6.493651694314785, 33.80854487548025], [-6.488261802610068, 33.8051312774006], [-6.488710960252127, 33.80234650001983], [-6.481165111865523, 33.80450245670172], [-6.481614269507583, 33.800819364036826], [-6.490777085405602, 33.799325457184736], [-6.500023676159355, 33.80581080510379], [-6.512343151184305, 33.82293437590573], [-6.513814494065913, 33.83930352007412], [-6.534455407886969, 33.848367132131386], [-6.545854483943116, 33.860741093640925], [-6.5551261358306405, 33.873931308958895], [-6.562037666223997, 33.87480417460222], [-6.581305192541668, 33.8797076834908], [-6.594590473401646, 33.888510284669174], [-6.601565255007085, 33.90235291241448], [-6.610170396761662, 33.90861719813117], [-6.614052368169189, 33.91319860608018], [-6.612229311818561, 33.914276584421124], [-6.614115773915213, 33.913284166502685], [-6.616846357838776, 33.91773319707229], [-6.620223907566534, 33.9288473177309], [-6.61905650797787, 33.939788738490115], [-6.620673475489285, 33.93395593676415], [-6.630020389769662, 33.93816110265185], [-6.6342380362794895, 33.93467017908663], [-6.621931116887052, 33.9449091356096], [-6.620224317847225, 33.94275317892771], [-6.619415834091518, 33.94535829325166], [-6.617259877409631, 33.9449091356096], [-6.6195954971483415, 33.950029532729076], [-6.6158225729550395, 33.955060098320146], [-6.608636050682083, 33.953443130808736], [-6.612678469460621, 33.94976003814384], [-6.609983523608262, 33.95128717412685], [-6.605132621074017, 33.94922104897337], [-6.608815713738907, 33.94562778783689], [-6.606390262471784, 33.94472947255277], [-6.600461381596595, 33.946705766177836], [-6.609444534437791, 33.94104637988789], [-6.604413968846721, 33.94086671683106], [-6.609444534437791, 33.93673446652411], [-6.610073355136675, 33.934129352200166], [-6.608546219153672, 33.933141205387635], [-6.608995376795731, 33.935476825126344], [-6.606480094000196, 33.93718362416617], [-6.606300430943373, 33.934758172899045], [-6.602797001335307, 33.93853109709235], [-6.604593631903546, 33.93871076014917], [-6.605761441772901, 33.93727345569458], [-6.606300430943373, 33.93754295027982], [-6.601988517579599, 33.940687053774234], [-6.606300430943373, 33.94275317892771], [-6.598215593386297, 33.945268461723245], [-6.598574919499945, 33.94832273368925], [-6.606839420113844, 33.952185489410965], [-6.606569925528609, 33.95523976137697], [-6.617439540466455, 33.966019544786406], [-6.615463246841392, 33.96107881072375], [-6.621751453830228, 33.962695778235165], [-6.623278589813232, 33.96044999002486], [-6.623278589813232, 33.962695778235165], [-6.629746459858892, 33.96575005020117], [-6.6238175789837035, 33.96027032696804], [-6.624356568154175, 33.95775504417251], [-6.620942970074521, 33.961258473780575], [-6.615912404483451, 33.959102517098685], [-6.621212464659757, 33.95757538111568], [-6.620942970074521, 33.95523976137697], [-6.624895557324646, 33.95254481552461], [-6.622829432171172, 33.95182616329732], [-6.624087073568939, 33.9486820598029], [-6.629207470688421, 33.94589728242213], [-6.631273595841895, 33.941495537529946], [-6.629926122915716, 33.94131587447312], [-6.6275905031770055, 33.9441904833823], [-6.62507522038147, 33.945268461723245], [-6.624626062739411, 33.9449091356096], [-6.63792112894438, 33.93251143806653], [-6.6391915440235225, 33.93186021369214], [-6.642951694535449, 33.93031741329619], [-6.643490683705921, 33.93125474329098], [-6.651853594685813, 33.92709324427862], [-6.670449651048821, 33.9233206500991], [-6.686596818187608, 33.923265939837314], [-6.6974266356395225, 33.92598579387945], [-6.714466117280146, 33.91310309096672], [-6.715855608531045, 33.90844421576131], [-6.704663019733263, 33.90425318069609], [-6.682172194124292, 33.90187556430434], [-6.654586834790519, 33.88446723662209], [-6.623057562389731, 33.878022389810994], [-6.612545589468778, 33.87103884257976], [-6.607290085445143, 33.86350164183339], [-6.594380593545162, 33.855629221686364], [-6.581686592158498, 33.85182261081606], [-6.6049529580171935, 33.83836894291302], [-6.612229311818561, 33.84079439418014], [-6.605402115659253, 33.841602877935856], [-6.6120496487617375, 33.842231698634734], [-6.6078275669263755, 33.84501647601551], [-6.613666616273153, 33.845824959771214], [-6.610881838892382, 33.84744192728263], [-6.610702175835558, 33.84834024256675], [-6.614385268500448, 33.84717243269739], [-6.614295436972037, 33.848969063265635], [-6.617619203523279, 33.84950805243611], [-6.617259877409631, 33.84744192728263], [-6.623458252870055, 33.84330967697568], [-6.624087073568939, 33.84501647601551], [-6.621302296188168, 33.848250411038336], [-6.620493812432461, 33.84977754702134], [-6.620942970074521, 33.8502267046634], [-6.623278589813232, 33.84744192728263], [-6.623548084398467, 33.84959788396451], [-6.627500671648593, 33.84564529671439], [-6.630285449029364, 33.84546563365757], [-6.609264871380967, 33.861096319601245], [-6.6242667366257635, 33.85211316676005], [-6.619775160205165, 33.85687423776589], [-6.627231177063358, 33.85220299828846], [-6.623907410512115, 33.857323395407946], [-6.6309142697282475, 33.85328097662941], [-6.637202476717084, 33.858491205277296], [-6.641244895495622, 33.85831154222048], [-6.638190623529615, 33.86091665654442], [-6.6380109604727915, 33.86271328711266], [-6.644029672876393, 33.857772553050005], [-6.646814450257163, 33.85903019444777], [-6.6464551241435155, 33.86190480335696], [-6.655168782399475, 33.86217429794219], [-6.654360298643767, 33.8660370536639], [-6.6448381566321, 33.8750202065051], [-6.647173776370811, 33.87717616318699], [-6.658582380479129, 33.87223542912433], [-6.666038397337321, 33.864240423095666], [-6.6704401422295065, 33.867564189646906], [-6.664690924411142, 33.87097778772656], [-6.67106896292839, 33.87169643995386], [-6.667026544149852, 33.872055766067504], [-6.664331598297494, 33.87511003803351], [-6.675560539348988, 33.87412189122098], [-6.66972149000221, 33.876816837073335], [-6.672506267382981, 33.879960940567756], [-6.682747061621944, 33.880410098209815], [-6.6850826813606545, 33.87798464694269], [-6.682477567036708, 33.88157790807917], [-6.684992849832243, 33.88391352781788], [-6.695682801713265, 33.88409319087471], [-6.696221790883737, 33.88849493576689], [-6.702330334815749, 33.88642881061342], [-6.704486291497636, 33.88660847367024], [-6.6968506115826205, 33.89226785996019], [-6.6981980845088, 33.89541196345461], [-6.709876183202353, 33.890471229391956], [-6.713649107395655, 33.89110005009084], [-6.714008433509303, 33.892806849130665], [-6.718410178401489, 33.89397465900002], [-6.7148169172650105, 33.89648994179556], [-6.715984727134366, 33.897837414721735], [-6.722452597180027, 33.895681458039846], [-6.724608553861914, 33.89747808860809], [-6.724339059276677, 33.90179000197186], [-6.740957892032889, 33.90080185515933], [-6.7514681808570876, 33.90574258922199], [-6.737634125481646, 33.90574258922199], [-6.740868060504477, 33.90610191533563], [-6.740957892032889, 33.90915618730164], [-6.744461321640955, 33.91077315481306], [-6.740418902862417, 33.913108774551766], [-6.742574859544304, 33.915444394290475], [-6.7388019353510025, 33.91652237263142], [-6.742664691072716, 33.91625287804619], [-6.742574859544304, 33.91876816084172], [-6.736017157970231, 33.919037655426955], [-6.736735810197527, 33.92173260127932], [-6.7416765442601845, 33.92334956879073], [-6.738622272294178, 33.92469704171691], [-6.738083283123706, 33.9283801343818], [-6.734040864345168, 33.92748181909768], [-6.729369624867747, 33.936015814296816], [-6.722452597180027, 33.93736328722299], [-6.721913608009555, 33.939339580848056], [-6.724159396219854, 33.937902276393466], [-6.726045858316505, 33.93826160250711], [-6.721194955782259, 33.94445997796754], [-6.706911742764759, 33.951736331768906], [-6.7039473023271645, 33.95146683718367], [-6.700443872719099, 33.9547007722065], [-6.703138818571457, 33.95712622347362], [-6.69909639979292, 33.95793470722933], [-6.70098286188957, 33.95928218015551], [-6.699635388963391, 33.961438136837394], [-6.6926285297472585, 33.957665212644095], [-6.699994715077039, 33.95101767954161], [-6.710235509316001, 33.94922104897337], [-6.716074558662778, 33.942393852814064], [-6.707989721105703, 33.943112505041356], [-6.710594835429649, 33.94688542923466], [-6.707630394992055, 33.94778374451878], [-6.706911742764759, 33.945268461723245], [-6.702509997872573, 33.94463964102436], [-6.696760780054208, 33.9509278480132], [-6.69316751891773, 33.95011936425749], [-6.693347181974554, 33.95416178303603], [-6.691640382934727, 33.95038885884273], [-6.713649107395655, 33.93080558564892], [-6.697030274639444, 33.94437014643913], [-6.699276062849743, 33.939070086262824], [-6.696042127826913, 33.9426633473993], [-6.69406583420185, 33.94185486364359], [-6.694245497258674, 33.94616677700736], [-6.693706508088202, 33.94275317892771], [-6.691640382934727, 33.94401082032548], [-6.690562404593784, 33.941944695172005], [-6.692808192804082, 33.93727345569458], [-6.690652236122196, 33.93844126556394], [-6.688496279440309, 33.93565648818316], [-6.690472573065372, 33.94517863019483], [-6.688226784855073, 33.94104637988789], [-6.684992849832243, 33.94733458687672], [-6.683196219264004, 33.94661593464942], [-6.686160659701598, 33.94203452670042], [-6.68211824092306, 33.94463964102436], [-6.684453860661771, 33.94104637988789], [-6.6784351482581705, 33.945987113950544], [-6.681219925638941, 33.9396989069617], [-6.6784351482581705, 33.942932841984536], [-6.6715181205704495, 33.94158536905835], [-6.674482561008045, 33.9449091356096], [-6.673135088081865, 33.946705766177836], [-6.666846881093028, 33.941675200586765], [-6.668014690962384, 33.93826160250711], [-6.665768902752085, 33.9396989069617], [-6.6648705874679655, 33.93700396110935], [-6.662265473144019, 33.94176503211518], [-6.665858734280497, 33.946705766177836], [-6.656067097683594, 33.94913121744496], [-6.655168782399475, 33.943831157268654], [-6.652833162660764, 33.94302267351295], [-6.651126363620937, 33.94472947255277], [-6.650946700564113, 33.949041385916544], [-6.647083944842398, 33.95155666871208], [-6.647712765541282, 33.94733458687672], [-6.6448381566321, 33.94778374451878], [-6.64250253689339, 33.944819304081186], [-6.646095798029867, 33.95353296233714], [-6.642143210779741, 33.95308380469508], [-6.644658493575276, 33.955958413604264], [-6.642412705364977, 33.95559908749062], [-6.638999107285323, 33.95757538111568], [-6.647622934012871, 33.957216055002036], [-6.650048385279994, 33.952904141638264], [-6.65175518431982, 33.95667706583156], [-6.64897040693905, 33.95676689735998], [-6.653641646416471, 33.965300892559114], [-6.640166917154678, 33.96826533299671], [-6.641514390080858, 33.96610937631482], [-6.650407711393641, 33.96476190338864]], [[-6.455563126268117, 33.88571015838612], [-6.455203800154469, 33.88571015838612], [-6.455203800154469, 33.88597965297136], [-6.455563126268117, 33.88597965297136], [-6.455563126268117, 33.88571015838612]], [[-6.465175099808196, 33.880859255851874], [-6.466073415092315, 33.8810389189087], [-6.46580392050708, 33.87969144598252], [-6.464815773694548, 33.88023043515299], [-6.465175099808196, 33.880859255851874]], [[-6.466792067319611, 33.878254141527925], [-6.466522572734375, 33.878254141527925], [-6.466522572734375, 33.878523636113165], [-6.466792067319611, 33.878523636113165], [-6.466792067319611, 33.878254141527925]], [[-6.473888758064155, 33.89262718607384], [-6.4744277472346266, 33.89262718607384], [-6.4744277472346266, 33.89226785996019], [-6.473888758064155, 33.892357691488606], [-6.473888758064155, 33.89262718607384]], [[-6.478559997541577, 33.888764430352126], [-6.4773023561438094, 33.89038139786354], [-6.477571850729046, 33.89038139786354], [-6.478380334484752, 33.889662745636244], [-6.478559997541577, 33.888764430352126]], [[-6.48511769911565, 33.892357691488606], [-6.482961742433762, 33.89523230039779], [-6.48421938383153, 33.89505263734097], [-6.484848204530413, 33.89433398511367], [-6.48511769911565, 33.892357691488606]], [[-6.4866448350986525, 33.89208819690337], [-6.48655500357024, 33.89433398511367], [-6.487543150382772, 33.89343566982955], [-6.48745331885436, 33.89316617524431], [-6.4866448350986525, 33.89208819690337]], [[-6.489788938593071, 33.80333464683236], [-6.489339780951011, 33.80432279364489], [-6.490597422348778, 33.804592288230126], [-6.490327927763542, 33.803604141417594], [-6.489788938593071, 33.80333464683236]], [[-6.490597422348778, 33.808904201593904], [-6.490956748462426, 33.81016184299167], [-6.4928432105590765, 33.81097032674737], [-6.49113641151925, 33.809622853821196], [-6.490597422348778, 33.808904201593904]], [[-6.491765232218134, 33.804861782815365], [-6.4914957376328974, 33.804861782815365], [-6.4914957376328974, 33.8051312774006], [-6.491765232218134, 33.8051312774006], [-6.491765232218134, 33.804861782815365]], [[-6.495897482525083, 33.83729096457208], [-6.495627987939848, 33.83729096457208], [-6.495627987939848, 33.83756045915732], [-6.495897482525083, 33.83756045915732], [-6.495897482525083, 33.83729096457208]], [[-6.495987314053496, 33.843938497674564], [-6.495717819468259, 33.843938497674564], [-6.495717819468259, 33.8442079922598], [-6.495987314053496, 33.8442079922598], [-6.495987314053496, 33.843938497674564]], [[-6.496346640167143, 33.84483681295868], [-6.496436471695555, 33.84528597060074], [-6.496795797809203, 33.84519613907233], [-6.496705966280791, 33.84483681295868], [-6.496346640167143, 33.84483681295868]], [[-6.497334786979675, 33.88346437017582], [-6.497694113093322, 33.883733864761055], [-6.49805343920697, 33.88301521253376], [-6.497424618508086, 33.88292538100535], [-6.497334786979675, 33.88346437017582]], [[-6.505329793008339, 33.844926644487096], [-6.499939901303621, 33.847711421867864], [-6.498143270735382, 33.844118160731384], [-6.4979636076785585, 33.84878940020881], [-6.501916194928684, 33.84816057950992], [-6.505329793008339, 33.844926644487096]], [[-6.504790803837866, 33.88148807655076], [-6.503712825496923, 33.88157790807917], [-6.503892488553747, 33.88202706572123], [-6.504431477724219, 33.88202706572123], [-6.504790803837866, 33.88148807655076]], [[-6.504521309252631, 33.90232899114233], [-6.504072151610571, 33.90232899114233], [-6.504072151610571, 33.902598485727566], [-6.504521309252631, 33.902598485727566], [-6.504521309252631, 33.90232899114233]], [[-6.505958613707222, 33.911671470097176], [-6.505599287593574, 33.913108774551766], [-6.506856928991342, 33.91283927996653], [-6.507216255104989, 33.911851133154], [-6.505958613707222, 33.911671470097176]], [[-6.505689119121986, 33.85507760719764], [-6.505689119121986, 33.85660474318065], [-6.506767097462929, 33.85615558553859], [-6.506407771349282, 33.855616596368115], [-6.505689119121986, 33.85507760719764]], [[-6.506767097462929, 33.84474698143027], [-6.506228108292458, 33.84483681295868], [-6.506228108292458, 33.845106307543915], [-6.506767097462929, 33.84519613907233], [-6.506767097462929, 33.84474698143027]], [[-6.50631793982087, 33.84744192728263], [-6.50631793982087, 33.847711421867864], [-6.506767097462929, 33.84780125339628], [-6.506767097462929, 33.84744192728263], [-6.50631793982087, 33.84744192728263]], [[-6.515121429605241, 33.90394595865375], [-6.508204401917521, 33.903496801011684], [-6.506497602877694, 33.905203600051514], [-6.510360358599407, 33.90457477935263], [-6.512965472923354, 33.904305284767396], [-6.516019744889361, 33.9051137685231], [-6.515121429605241, 33.90394595865375]], [[-6.507395918161813, 33.89873573000585], [-6.508294233445933, 33.89873573000585], [-6.5083840649743445, 33.898286572363794], [-6.507665412747049, 33.897837414721735], [-6.507395918161813, 33.89873573000585]], [[-6.511797663053999, 33.9006221921025], [-6.507755244275461, 33.90152050738662], [-6.509102717201641, 33.90250865419915], [-6.511887494582411, 33.90179000197186], [-6.511797663053999, 33.9006221921025]], [[-6.5083840649743445, 33.91158163856876], [-6.508114570389109, 33.91158163856876], [-6.508114570389109, 33.911851133154], [-6.5083840649743445, 33.911851133154], [-6.5083840649743445, 33.91158163856876]], [[-6.508204401917521, 33.89541196345461], [-6.508473896502757, 33.89541196345461], [-6.508473896502757, 33.89487297428414], [-6.508204401917521, 33.89514246886937], [-6.508204401917521, 33.89541196345461]], [[-6.510090864014172, 33.91697153027348], [-6.510270527070996, 33.916432541103006], [-6.509911200957347, 33.916163046517774], [-6.5092823802584645, 33.91661220415983], [-6.510090864014172, 33.91697153027348]], [[-6.519163848383779, 33.90798837743228], [-6.519253679912191, 33.91274944843812], [-6.52518256078738, 33.90646124144928], [-6.519613006025839, 33.90529343157993], [-6.515031598076829, 33.90843753507434], [-6.512426483752883, 33.90726972520499], [-6.513773956679062, 33.90969517647211], [-6.509462043315288, 33.913378269137], [-6.519163848383779, 33.90798837743228]], [[-6.510090864014172, 33.89990353987521], [-6.510090864014172, 33.900173034460444], [-6.510989179298291, 33.90035269751727], [-6.510989179298291, 33.899993371403625], [-6.510090864014172, 33.89990353987521]], [[-6.514312945849533, 33.91436641594953], [-6.517097723230304, 33.910683323284644], [-6.510719684713056, 33.9156240573473], [-6.51233665222447, 33.91445624747794], [-6.514312945849533, 33.91436641594953]], [[-6.511887494582411, 33.92038512835313], [-6.511797663053999, 33.91966647612584], [-6.511168842355115, 33.91984613918266], [-6.511438336940351, 33.92029529682472], [-6.511887494582411, 33.92038512835313]], [[-6.515121429605241, 33.88490167463041], [-6.514851935020006, 33.88490167463041], [-6.514851935020006, 33.88517116921565], [-6.515121429605241, 33.88517116921565], [-6.515121429605241, 33.88490167463041]], [[-6.517906206986011, 33.90484427393787], [-6.5178163754576, 33.905203600051514], [-6.519074016855367, 33.90538326310834], [-6.519613006025839, 33.90502393699469], [-6.517906206986011, 33.90484427393787]], [[-6.519074016855367, 33.914815573591596], [-6.518085870042835, 33.916702035688246], [-6.518445196156484, 33.916702035688246], [-6.519433342969015, 33.915264731233655], [-6.519074016855367, 33.914815573591596]], [[-6.518535027684895, 33.913108774551766], [-6.518175701571248, 33.913108774551766], [-6.518175701571248, 33.91346810066541], [-6.518535027684895, 33.91346810066541], [-6.518535027684895, 33.913108774551766]], [[-6.51826553309966, 33.922361421978195], [-6.51826553309966, 33.922630916563435], [-6.519433342969015, 33.92254108503502], [-6.518804522270131, 33.92146310669408], [-6.51826553309966, 33.922361421978195]], [[-6.519343511440603, 33.91813934014284], [-6.519074016855367, 33.91813934014284], [-6.519074016855367, 33.91840883472807], [-6.519343511440603, 33.91840883472807], [-6.519343511440603, 33.91813934014284]], [[-6.521858794236137, 33.91598338346095], [-6.522307951878197, 33.914815573591596], [-6.5197028375542505, 33.91769018250078], [-6.52105031048043, 33.916881698745065], [-6.521858794236137, 33.91598338346095]], [[-6.520331658253134, 33.914007089835884], [-6.519792669082663, 33.9140969213643], [-6.519882500611074, 33.91445624747794], [-6.520331658253134, 33.914276584421124], [-6.520331658253134, 33.914007089835884]], [[-6.5234757617475525, 33.912569785381294], [-6.525452055372615, 33.90861719813117], [-6.520511321309958, 33.91373759525065], [-6.522128288821373, 33.91301894302335], [-6.5234757617475525, 33.912569785381294]], [[-6.520690984366782, 33.85453861802717], [-6.521679131179313, 33.85435895497035], [-6.521679131179313, 33.8539996288567], [-6.5206011528383705, 33.8539996288567], [-6.520690984366782, 33.85453861802717]], [[-6.522307951878197, 33.903047643369625], [-6.522218120349786, 33.90340696948328], [-6.522757109520257, 33.9035866325401], [-6.522667277991845, 33.90322730642645], [-6.522307951878197, 33.903047643369625]], [[-6.522667277991845, 33.92559535700103], [-6.52239778340661, 33.92559535700103], [-6.52239778340661, 33.92604451464309], [-6.522667277991845, 33.92604451464309], [-6.522667277991845, 33.92559535700103]], [[-6.5234757617475525, 33.917330856387125], [-6.522487614935021, 33.91742068791554], [-6.522487614935021, 33.91769018250078], [-6.523385930219141, 33.91769018250078], [-6.5234757617475525, 33.917330856387125]], [[-6.5238350878612, 33.8915492077329], [-6.525721549957852, 33.89262718607384], [-6.525631718429439, 33.89226785996019], [-6.524913066202144, 33.89181870231813], [-6.5238350878612, 33.8915492077329]], [[-6.52473340314532, 33.87439138580621], [-6.525362223844204, 33.8743015542778], [-6.525092729258968, 33.87313374440845], [-6.524463908560084, 33.87385239663574], [-6.52473340314532, 33.87439138580621]], [[-6.524643571616908, 33.87600835331763], [-6.525272392315792, 33.87609818484604], [-6.525272392315792, 33.87555919567557], [-6.524823234673732, 33.87546936414716], [-6.524643571616908, 33.87600835331763]], [[-6.525721549957852, 33.91050366022782], [-6.524913066202144, 33.91283927996653], [-6.525811381486264, 33.91247995385288], [-6.526170707599912, 33.91158163856876], [-6.525721549957852, 33.91050366022782]], [[-6.525901213014675, 33.90825787201752], [-6.525631718429439, 33.90825787201752], [-6.525631718429439, 33.908527366602755], [-6.525901213014675, 33.908527366602755], [-6.525901213014675, 33.90825787201752]], [[-6.526440202185147, 33.910234165642585], [-6.526799528298795, 33.910234165642585], [-6.526889359827207, 33.90987483952894], [-6.526530033713559, 33.909785008000526], [-6.526440202185147, 33.910234165642585]], [[-6.528236832753386, 33.858491205277296], [-6.528236832753386, 33.85938952056142], [-6.528596158867034, 33.85929968903301], [-6.528506327338622, 33.85885053139095], [-6.528236832753386, 33.858491205277296]], [[-6.530931778605745, 33.86055733043077], [-6.530931778605745, 33.85992850973189], [-6.52886565345227, 33.85983867820348], [-6.530123294850037, 33.86019800431713], [-6.530931778605745, 33.86055733043077]], [[-6.531111441662569, 33.92936828119433], [-6.531560599304628, 33.92712249298403], [-6.533177566816043, 33.92891912355227], [-6.533536892929691, 33.927841145211325], [-6.530752115548921, 33.9261343461715], [-6.529404642622741, 33.9283801343818], [-6.5319199254182765, 33.930985248705746], [-6.531111441662569, 33.92936828119433]], [[-6.530123294850037, 33.910683323284644], [-6.529853800264801, 33.910683323284644], [-6.529853800264801, 33.91095281786988], [-6.530123294850037, 33.91095281786988], [-6.530123294850037, 33.910683323284644]], [[-6.532908072230808, 33.85408946038511], [-6.532369083060336, 33.85408946038511], [-6.534345376685399, 33.856245417067], [-6.533806387514927, 33.85489794414082], [-6.532908072230808, 33.85408946038511]], [[-6.5347945343274585, 33.85723356387953], [-6.536052175725226, 33.85947935208983], [-6.536052175725226, 33.85831154222048], [-6.535333523497931, 33.85804204763524], [-6.5347945343274585, 33.85723356387953]], [[-6.5352436919695185, 33.92891912355227], [-6.534884365855871, 33.92891912355227], [-6.534884365855871, 33.92936828119433], [-6.5352436919695185, 33.92936828119433], [-6.5352436919695185, 33.92891912355227]], [[-6.536950491009345, 33.85983867820348], [-6.536501333367286, 33.85983867820348], [-6.536501333367286, 33.86010817278871], [-6.536950491009345, 33.86010817278871], [-6.536950491009345, 33.85983867820348]], [[-6.537669143236641, 33.917330856387125], [-6.537399648651405, 33.917330856387125], [-6.537399648651405, 33.917600350972364], [-6.537669143236641, 33.917600350972364], [-6.537669143236641, 33.917330856387125]], [[-6.538387795463937, 33.86028783584554], [-6.538387795463937, 33.85992850973189], [-6.538028469350289, 33.85992850973189], [-6.5381183008787005, 33.86019800431713], [-6.538387795463937, 33.86028783584554]], [[-6.539375942276468, 33.860647161959186], [-6.538297963935525, 33.86055733043077], [-6.538297963935525, 33.86082682501601], [-6.539375942276468, 33.861096319601245], [-6.539375942276468, 33.860647161959186]], [[-6.5394657738048805, 33.85867086833412], [-6.538747121577584, 33.858940362919355], [-6.541891225072003, 33.86028783584554], [-6.540453920617412, 33.85938952056142], [-6.5394657738048805, 33.85867086833412]], [[-6.541172572844707, 33.920744454466785], [-6.540723415202647, 33.920744454466785], [-6.540723415202647, 33.92101394905202], [-6.541172572844707, 33.92101394905202], [-6.541172572844707, 33.920744454466785]], [[-6.541981056600415, 33.894064490528436], [-6.541531898958355, 33.894064490528436], [-6.541621730486767, 33.89442381664208], [-6.541891225072003, 33.89442381664208], [-6.541981056600415, 33.894064490528436]], [[-6.550874377913198, 33.91517489970524], [-6.552760840009849, 33.91265961690971], [-6.541981056600415, 33.91778001402919], [-6.543867518697066, 33.91706136180189], [-6.550874377913198, 33.91517489970524]], [[-6.54269970882771, 33.93206322704669], [-6.542609877299299, 33.93134457481939], [-6.542070888128826, 33.93152423787622], [-6.542160719657239, 33.931883563989864], [-6.54269970882771, 33.93206322704669]], [[-6.548538758174487, 33.9283801343818], [-6.549526904987019, 33.92730215604085], [-6.542520045770886, 33.92900895508068], [-6.550694714856374, 33.92945811272274], [-6.548538758174487, 33.9283801343818]], [[-6.543957350225478, 33.8960407841535], [-6.544586170924362, 33.8960407841535], [-6.544226844810714, 33.894962805812554], [-6.5427895403561225, 33.89487297428414], [-6.543957350225478, 33.8960407841535]], [[-6.544226844810714, 33.861545477243304], [-6.544226844810714, 33.8607369934876], [-6.543777687168654, 33.86082682501601], [-6.543867518697066, 33.86118615112966], [-6.544226844810714, 33.861545477243304]], [[-6.543867518697066, 33.925505525472616], [-6.550155725685903, 33.924517378660084], [-6.554916796691736, 33.92757165062609], [-6.554018481407616, 33.92631400922832], [-6.5503353887427265, 33.92299024267708], [-6.545753980793717, 33.92397838948961], [-6.543867518697066, 33.925505525472616]], [[-6.549347241930195, 33.93484800442746], [-6.544496339395949, 33.93484800442746], [-6.545843812322129, 33.93727345569458], [-6.549347241930195, 33.93610564582523], [-6.549347241930195, 33.93484800442746]], [[-6.544945497038009, 33.89271701760225], [-6.545214991623245, 33.89271701760225], [-6.545125160094833, 33.88984240869307], [-6.544676002452773, 33.89127971314766], [-6.544945497038009, 33.89271701760225]], [[-6.545933643850541, 33.91742068791554], [-6.5456641492653045, 33.91742068791554], [-6.5456641492653045, 33.91769018250078], [-6.545933643850541, 33.91769018250078], [-6.545933643850541, 33.91742068791554]], [[-6.5461133069073645, 33.862353960999016], [-6.5456641492653045, 33.862353960999016], [-6.5456641492653045, 33.86262345558425], [-6.5461133069073645, 33.86262345558425], [-6.5461133069073645, 33.862353960999016]], [[-6.5456641492653045, 33.89361533288637], [-6.546921790663072, 33.896579773323964], [-6.546742127606248, 33.89505263734097], [-6.546203138435777, 33.8946034796989], [-6.5456641492653045, 33.89361533288637]], [[-6.5465624645494245, 33.88346437017582], [-6.546921790663072, 33.88346437017582], [-6.546831959134661, 33.88310504406218], [-6.5465624645494245, 33.88310504406218], [-6.5465624645494245, 33.88346437017582]], [[-6.547640442890367, 33.89900522459109], [-6.547370948305132, 33.89900522459109], [-6.547370948305132, 33.899274719176326], [-6.547640442890367, 33.899274719176326], [-6.547640442890367, 33.89900522459109]], [[-6.547640442890367, 33.88409319087471], [-6.547370948305132, 33.88409319087471], [-6.547370948305132, 33.88436268545994], [-6.547640442890367, 33.88436268545994], [-6.547640442890367, 33.88409319087471]], [[-6.547820105947192, 33.88247622336329], [-6.54817943206084, 33.883733864761055], [-6.549347241930195, 33.88193723419282], [-6.549257410401783, 33.881398245022346], [-6.547820105947192, 33.88247622336329]], [[-6.550245557214314, 33.92559535700103], [-6.548718421231311, 33.92577502005785], [-6.550425220271139, 33.92730215604085], [-6.551323535555258, 33.92631400922832], [-6.550245557214314, 33.92559535700103]], [[-6.551772693197318, 33.91984613918266], [-6.549706568043843, 33.9216427697509], [-6.550155725685903, 33.92173260127932], [-6.551143872498434, 33.92065462293837], [-6.551772693197318, 33.91984613918266]], [[-6.55006589415749, 33.878972793755224], [-6.549796399572255, 33.878972793755224], [-6.549796399572255, 33.87924228834046], [-6.55006589415749, 33.87924228834046], [-6.55006589415749, 33.878972793755224]], [[-6.550245557214314, 33.92793097673974], [-6.5503353887427265, 33.929098786609096], [-6.551143872498434, 33.928829292023856], [-6.551054040970022, 33.927841145211325], [-6.550245557214314, 33.92793097673974]], [[-6.557342247958859, 33.94967020661543], [-6.558599889356626, 33.9494007120302], [-6.558599889356626, 33.949041385916544], [-6.5574320794872705, 33.94895155438814], [-6.557342247958859, 33.94967020661543]], [[-6.555006628220148, 33.95047869037114], [-6.552132019310966, 33.954071951507615], [-6.551503198612082, 33.95703639194521], [-6.557342247958859, 33.94967020661543], [-6.555006628220148, 33.95047869037114]], [[-6.553389660708733, 33.88409319087471], [-6.553030334595085, 33.88409319087471], [-6.5532099976519085, 33.885889821442944], [-6.553569323765557, 33.885440663800885], [-6.553389660708733, 33.88409319087471]], [[-6.558060900186154, 33.9283801343818], [-6.557521911015683, 33.92685299839879], [-6.5621033189646925, 33.92415805254644], [-6.5596778676975696, 33.92334956879073], [-6.560396519924865, 33.92056479140996], [-6.5574320794872705, 33.92128344363725], [-6.556893090316799, 33.92532586241579], [-6.556803258788387, 33.92290041114867], [-6.554737133634912, 33.92397838948961], [-6.557072753373623, 33.92730215604085], [-6.555635448919031, 33.9283801343818], [-6.558060900186154, 33.9283801343818]], [[-6.556084606561091, 33.91319860608018], [-6.557611742544094, 33.91095281786988], [-6.554916796691736, 33.91319860608018], [-6.554826965163324, 33.917151193330305], [-6.555904943504268, 33.9156240573473], [-6.556084606561091, 33.91319860608018]], [[-6.556713427259975, 33.88148807655076], [-6.555815111975855, 33.88148807655076], [-6.555815111975855, 33.88175757113599], [-6.556713427259975, 33.88175757113599], [-6.556713427259975, 33.88148807655076]], [[-6.557342247958859, 33.906191746864046], [-6.5574320794872705, 33.90574258922199], [-6.556084606561091, 33.90556292616516], [-6.556443932674739, 33.90610191533563], [-6.557342247958859, 33.906191746864046]], [[-6.557701574072507, 33.89316617524431], [-6.5574320794872705, 33.89316617524431], [-6.5574320794872705, 33.89343566982955], [-6.557701574072507, 33.89343566982955], [-6.557701574072507, 33.89316617524431]], [[-6.563540623419283, 33.95146683718367], [-6.561115172152161, 33.949849869672256], [-6.557701574072507, 33.95155666871208], [-6.5621033189646925, 33.95209565788255], [-6.563540623419283, 33.95146683718367]], [[-6.559318541583922, 33.953892288450795], [-6.558869383941862, 33.9539821199792], [-6.558869383941862, 33.95425161456444], [-6.559408373112333, 33.95425161456444], [-6.559318541583922, 33.953892288450795]], [[-6.559408373112333, 33.91319860608018], [-6.559138878527097, 33.91319860608018], [-6.559049046998686, 33.91373759525065], [-6.559318541583922, 33.91373759525065], [-6.559408373112333, 33.91319860608018]], [[-6.559138878527097, 33.95604824513268], [-6.5601270253396295, 33.955958413604264], [-6.560037193811217, 33.95559908749062], [-6.559588036169157, 33.95559908749062], [-6.559138878527097, 33.95604824513268]], [[-6.559857530754393, 33.91742068791554], [-6.55922871005551, 33.918588497784896], [-6.5601270253396295, 33.91885799237013], [-6.560935509095337, 33.91769018250078], [-6.559857530754393, 33.91742068791554]], [[-6.561025340623749, 33.94823290216084], [-6.560396519924865, 33.94823290216084], [-6.560396519924865, 33.94850239674608], [-6.561025340623749, 33.94850239674608], [-6.561025340623749, 33.94823290216084]], [[-6.562372813549928, 33.95299397316667], [-6.560576182981689, 33.954341446092855], [-6.562642308135164, 33.95461094067809], [-6.563540623419283, 33.95353296233714], [-6.562372813549928, 33.95299397316667]], [[-6.56156432979422, 33.914815573591596], [-6.561474498265809, 33.91517489970524], [-6.56201348743628, 33.91517489970524], [-6.561923655907869, 33.91490540512], [-6.56156432979422, 33.914815573591596]], [[-6.561743992851044, 33.89648994179556], [-6.561474498265809, 33.89648994179556], [-6.561474498265809, 33.89675943638079], [-6.561743992851044, 33.89675943638079], [-6.561743992851044, 33.89648994179556]], [[-6.562821971191988, 33.921373275165664], [-6.56156432979422, 33.92155293822249], [-6.5616541613226325, 33.921912264336136], [-6.562642308135164, 33.92200209586455], [-6.562821971191988, 33.921373275165664]], [[-6.56156432979422, 33.87771515235746], [-6.562282982021516, 33.87762532082905], [-6.562282982021516, 33.87735582624381], [-6.56156432979422, 33.87735582624381], [-6.56156432979422, 33.87771515235746]], [[-6.563540623419283, 33.87555919567557], [-6.562193150493104, 33.8757388587324], [-6.5629118027204, 33.87717616318699], [-6.563720286476107, 33.87609818484604], [-6.563540623419283, 33.87555919567557]], [[-6.563989781061343, 33.91391725830747], [-6.563810118004519, 33.914276584421124], [-6.564798264817051, 33.914276584421124], [-6.564349107174991, 33.914007089835884], [-6.563989781061343, 33.91391725830747]], [[-6.564259275646579, 33.951197342598434], [-6.564618601760227, 33.95065835342796], [-6.5638999495329315, 33.95056852189955], [-6.563810118004519, 33.95101767954161], [-6.564259275646579, 33.951197342598434]], [[-6.563989781061343, 33.92352923184755], [-6.565606748572758, 33.92334956879073], [-6.5654270855159345, 33.922810579620254], [-6.563989781061343, 33.923080074205494], [-6.563989781061343, 33.92352923184755]], [[-6.565966074686406, 33.9216427697509], [-6.565516917044346, 33.9216427697509], [-6.565606748572758, 33.922810579620254], [-6.5658762431579945, 33.922810579620254], [-6.565966074686406, 33.9216427697509]], [[-6.566325400800054, 33.88454234851677], [-6.567133884555761, 33.88427285393153], [-6.566864389970526, 33.88382369628947], [-6.56614573774323, 33.884003359346295], [-6.566325400800054, 33.88454234851677]], [[-6.566954221498937, 33.87762532082905], [-6.567133884555761, 33.8765473424881], [-6.56614573774323, 33.876637174016516], [-6.566235569271642, 33.87762532082905], [-6.566954221498937, 33.87762532082905]], [[-6.568661020538765, 33.879960940567756], [-6.570008493464944, 33.88014060362458], [-6.56982883040812, 33.87924228834046], [-6.568930515124, 33.878972793755224], [-6.568661020538765, 33.879960940567756]], [[-6.568930515124, 33.96763651229782], [-6.569289841237648, 33.967726343826236], [-6.56937967276606, 33.96700769159894], [-6.568930515124, 33.96718735465576], [-6.568930515124, 33.96763651229782]], [[-6.5776441733799595, 33.96566021867276], [-6.572433944732067, 33.96404325116134], [-6.569738998879708, 33.96853482758194], [-6.571535629447947, 33.96799583841147], [-6.57441023835713, 33.966019544786406], [-6.576835689624252, 33.968175501468295], [-6.5776441733799595, 33.96566021867276]], [[-6.572793270845715, 33.968175501468295], [-6.572433944732067, 33.968175501468295], [-6.572433944732067, 33.96844499605353], [-6.572793270845715, 33.96844499605353], [-6.572793270845715, 33.968175501468295]], [[-6.573781417658246, 33.88660847367024], [-6.5729729339025385, 33.88867459882371], [-6.5743204068287175, 33.887596620482775], [-6.574230575300305, 33.88669830519865], [-6.573781417658246, 33.88660847367024]], [[-6.5738712491866576, 33.88984240869307], [-6.573781417658246, 33.890201734806716], [-6.5743204068287175, 33.890201734806716], [-6.5743204068287175, 33.88984240869307], [-6.5738712491866576, 33.88984240869307]], [[-6.574589901413954, 33.963144935877224], [-6.573781417658246, 33.96323476740564], [-6.573781417658246, 33.96350426199087], [-6.5743204068287175, 33.96359409351928], [-6.574589901413954, 33.963144935877224]], [[-6.573781417658246, 33.896130615681905], [-6.5747695644707775, 33.89586112109667], [-6.574589901413954, 33.89541196345461], [-6.573781417658246, 33.89559162651143], [-6.573781417658246, 33.896130615681905]], [[-6.574140743771894, 33.96997213203653], [-6.575308553641249, 33.969792468979705], [-6.575308553641249, 33.96889415369559], [-6.5738712491866576, 33.96880432216717], [-6.574140743771894, 33.96997213203653]], [[-6.579261140891375, 33.89253735454543], [-6.579261140891375, 33.8915492077329], [-6.574050912243482, 33.89442381664208], [-6.576925521152664, 33.894064490528436], [-6.579261140891375, 33.89253735454543]], [[-6.575128890584425, 33.97024162662177], [-6.574859395999189, 33.97024162662177], [-6.5747695644707775, 33.97087044732065], [-6.575218722112837, 33.97087044732065], [-6.575128890584425, 33.97024162662177]], [[-6.575128890584425, 33.96736701771258], [-6.574859395999189, 33.96736701771258], [-6.574859395999189, 33.96763651229782], [-6.575128890584425, 33.96763651229782], [-6.575128890584425, 33.96736701771258]], [[-6.574949227527601, 33.962246620593106], [-6.574859395999189, 33.96260594670675], [-6.575488216698073, 33.96260594670675], [-6.575398385169661, 33.96233645212152], [-6.574949227527601, 33.962246620593106]], [[-6.578901814777727, 33.89478314275573], [-6.582495075914205, 33.89298651218749], [-6.578272994078843, 33.893794995943196], [-6.575578048226485, 33.897118762494436], [-6.577554341851548, 33.89631027873873], [-6.578901814777727, 33.89478314275573]], [[-6.575757711283309, 33.88624914755659], [-6.575667879754897, 33.88786611506801], [-6.576925521152664, 33.88597965297136], [-6.576476363510604, 33.88571015838612], [-6.575757711283309, 33.88624914755659]], [[-6.578901814777727, 33.970061963564945], [-6.578901814777727, 33.968983985224], [-6.5758475428117205, 33.97185859413318], [-6.577734004908372, 33.97096027884906], [-6.578901814777727, 33.970061963564945]], [[-6.582045918272145, 33.982638377542614], [-6.580159456175495, 33.98039258933232], [-6.577015352681077, 33.98587231256545], [-6.578811983249315, 33.98524349186656], [-6.582045918272145, 33.982638377542614]], [[-6.5789916463061395, 33.89011190327831], [-6.579530635476611, 33.89011190327831], [-6.5796204670050225, 33.88957291410784], [-6.579081477834551, 33.889483082579424], [-6.5789916463061395, 33.89011190327831]], [[-6.58087810840279, 33.97563151832649], [-6.579979793118671, 33.975721349854894], [-6.5800696246470824, 33.97608067596855], [-6.581147602988026, 33.97608067596855], [-6.58087810840279, 33.97563151832649]], [[-6.5860883370506835, 33.97087044732065], [-6.5860883370506835, 33.969612805922885], [-6.580339119232319, 33.9742840454003], [-6.583213728141501, 33.973655224701425], [-6.5860883370506835, 33.97087044732065]], [[-6.581147602988026, 33.89729842555126], [-6.580788276874378, 33.89729842555126], [-6.580788276874378, 33.897567920136495], [-6.581147602988026, 33.897567920136495], [-6.581147602988026, 33.89729842555126]], [[-6.584201874954032, 33.969163648280826], [-6.584201874954032, 33.96853482758194], [-6.580788276874378, 33.971050110377476], [-6.582584907442618, 33.97024162662177], [-6.584201874954032, 33.969163648280826]], [[-6.582135749800558, 33.890201734806716], [-6.582584907442618, 33.89029156633513], [-6.582674738971029, 33.889662745636244], [-6.5823154128573815, 33.889662745636244], [-6.582135749800558, 33.890201734806716]], [[-6.585100190238152, 33.97374505622983], [-6.5823154128573815, 33.976709496667425], [-6.5833933911983245, 33.97688915972425], [-6.584112043425621, 33.97536202374125], [-6.585100190238152, 33.97374505622983]], [[-6.582854402027853, 33.981290904616436], [-6.582495075914205, 33.98120107308802], [-6.582405244385793, 33.98191972531532], [-6.582854402027853, 33.98182989378691], [-6.582854402027853, 33.981290904616436]], [[-6.585369684823387, 33.88984240869307], [-6.582495075914205, 33.89226785996019], [-6.583483222726737, 33.89217802843178], [-6.584291706482444, 33.89127971314766], [-6.585369684823387, 33.88984240869307]], [[-6.588873114431454, 33.98335702976991], [-6.589591766658749, 33.981560399201676], [-6.582944233556265, 33.98569264950862], [-6.58501035870974, 33.98587231256545], [-6.588873114431454, 33.98335702976991]], [[-6.590939239584928, 33.97850612723567], [-6.591388397226988, 33.9772484858379], [-6.584022211897208, 33.98254854601421], [-6.586178168579095, 33.98182989378691], [-6.590939239584928, 33.97850612723567]], [[-6.584920527181328, 33.88840510423848], [-6.584920527181328, 33.88813560965325], [-6.584022211897208, 33.88822544118165], [-6.584471369539268, 33.88849493576689], [-6.584920527181328, 33.88840510423848]], [[-6.585998505522271, 33.90322730642645], [-6.5856391794086235, 33.90322730642645], [-6.5856391794086235, 33.903496801011684], [-6.585998505522271, 33.903496801011684], [-6.585998505522271, 33.90322730642645]], [[-6.587435809976863, 33.970511121207004], [-6.585729010937036, 33.97239758330365], [-6.5865374946927435, 33.975092529156015], [-6.587705304562099, 33.972217920246834], [-6.587435809976863, 33.970511121207004]], [[-6.586896820806391, 33.894693311227314], [-6.5871663153916264, 33.894064490528436], [-6.586627326221155, 33.89397465900002], [-6.5865374946927435, 33.89442381664208], [-6.586896820806391, 33.894693311227314]], [[-6.587525641505275, 33.887596620482775], [-6.5871663153916264, 33.888764430352126], [-6.587615473033686, 33.88885426188054], [-6.588423956789394, 33.887776283539594], [-6.587525641505275, 33.887596620482775]], [[-6.58824429373257, 33.97599084444013], [-6.589232440545102, 33.97590101291172], [-6.589232440545102, 33.97563151832649], [-6.58824429373257, 33.97563151832649], [-6.58824429373257, 33.97599084444013]], [[-6.590040924300809, 33.9727569094173], [-6.590040924300809, 33.97131960496271], [-6.588783282903042, 33.97158909954795], [-6.5889629459598655, 33.97248741483207], [-6.590040924300809, 33.9727569094173]], [[-6.589501935130338, 33.9839858504688], [-6.589142609016689, 33.983896018940385], [-6.588873114431454, 33.98515366033815], [-6.589322272073513, 33.98515366033815], [-6.589501935130338, 33.9839858504688]], [[-6.589681598187162, 33.9035866325401], [-6.590490081942869, 33.90340696948328], [-6.590310418886045, 33.90295781184122], [-6.589591766658749, 33.90322730642645], [-6.589681598187162, 33.9035866325401]], [[-6.590759576528105, 33.98470450269609], [-6.589951092772397, 33.986051975622274], [-6.590849408056517, 33.98596214409386], [-6.591478228755401, 33.98515366033815], [-6.590759576528105, 33.98470450269609]], [[-6.597946098801061, 33.97581118138331], [-6.591118902641753, 33.97563151832649], [-6.592466375567932, 33.97850612723567], [-6.595520647533938, 33.97778747500837], [-6.597946098801061, 33.97581118138331]], [[-6.591837554869048, 33.89882556153427], [-6.591568060283812, 33.89882556153427], [-6.591568060283812, 33.89918488764791], [-6.591837554869048, 33.89918488764791], [-6.591837554869048, 33.89882556153427]], [[-6.5927358701531675, 33.971499268019535], [-6.591657891812225, 33.97185859413318], [-6.591568060283812, 33.972936572474126], [-6.5927358701531675, 33.97185859413318], [-6.5927358701531675, 33.971499268019535]], [[-6.598305424914709, 33.97904511640614], [-6.592286712511108, 33.980751915445964], [-6.59327485932364, 33.98308753518468], [-6.595700310590762, 33.981021410031204], [-6.598305424914709, 33.97904511640614]], [[-6.592466375567932, 33.892806849130665], [-6.592466375567932, 33.89334583830114], [-6.594263006136171, 33.893794995943196], [-6.594801995306643, 33.892806849130665], [-6.592466375567932, 33.892806849130665]], [[-6.596778288931706, 33.936195477353635], [-6.597766435744237, 33.93394968914334], [-6.592915533209991, 33.937632781808226], [-6.595520647533938, 33.936914129580934], [-6.596778288931706, 33.936195477353635]], [[-6.595790142119174, 33.89226785996019], [-6.595520647533938, 33.89271701760225], [-6.595879973647586, 33.89271701760225], [-6.596329131289646, 33.89253735454543], [-6.595790142119174, 33.89226785996019]], [[-6.598664751028357, 33.938890423206], [-6.597946098801061, 33.936464971938875], [-6.595969805175998, 33.93736328722299], [-6.5997427293693, 33.940237896132174], [-6.602707169806894, 33.93942941237647], [-6.598664751028357, 33.938890423206]], [[-6.598215593386297, 33.987489280076865], [-6.596598625874882, 33.9892859106451], [-6.597586772687413, 33.98946557370193], [-6.598664751028357, 33.988477426889396], [-6.598215593386297, 33.987489280076865]], [[-6.597496941159001, 33.98515366033815], [-6.597317278102177, 33.98641130173592], [-6.598305424914709, 33.98614180715068], [-6.598485087971532, 33.98560281798021], [-6.597496941159001, 33.98515366033815]], [[-6.598305424914709, 33.95299397316667], [-6.59884441408518, 33.952904141638264], [-6.598574919499945, 33.95209565788255], [-6.597946098801061, 33.952185489410965], [-6.598305424914709, 33.95299397316667]], [[-6.603335990505778, 33.97967393710502], [-6.598125761857885, 33.98416551352562], [-6.601269865352303, 33.9839858504688], [-6.599922392426124, 33.99018422592922], [-6.603335990505778, 33.98380618741197], [-6.605312284130841, 33.98757911160527], [-6.603785148147838, 33.98209938837215], [-6.602168180636423, 33.98254854601421], [-6.603335990505778, 33.97967393710502]], [[-6.602347843693247, 33.97850612723567], [-6.602347843693247, 33.97823663265043], [-6.599922392426124, 33.97850612723567], [-6.598395256443121, 33.98182989378691], [-6.600461381596595, 33.98021292627549], [-6.602347843693247, 33.97850612723567]], [[-6.600102055482948, 33.93772261333664], [-6.600461381596595, 33.93736328722299], [-6.599024077142005, 33.93718362416617], [-6.59884441408518, 33.937632781808226], [-6.600102055482948, 33.93772261333664]], [[-6.602976664392131, 33.97491286609919], [-6.600012223954536, 33.976709496667425], [-6.6007308761818315, 33.976709496667425], [-6.602527506750071, 33.97599084444013], [-6.602976664392131, 33.97491286609919]], [[-6.601269865352303, 33.90780871437546], [-6.601449528409127, 33.90744938826181], [-6.6007308761818315, 33.907090062148164], [-6.6007308761818315, 33.90762905131864], [-6.601269865352303, 33.90780871437546]], [[-6.601000370767068, 33.93224289010351], [-6.600820707710244, 33.93269204774557], [-6.601719022994363, 33.93278187927398], [-6.601808854522775, 33.93233272163192], [-6.601000370767068, 33.93224289010351]], [[-6.601539359937539, 33.907898545903876], [-6.601539359937539, 33.90843753507434], [-6.602527506750071, 33.908347703545935], [-6.602078349108011, 33.90798837743228], [-6.601539359937539, 33.907898545903876]], [[-6.6040546427330735, 33.93385985761493], [-6.601898686051187, 33.93682429805252], [-6.603515653562602, 33.93718362416617], [-6.604234305789897, 33.93583615123999], [-6.6040546427330735, 33.93385985761493]], [[-6.602617338278483, 33.93152423787622], [-6.602347843693247, 33.93152423787622], [-6.602347843693247, 33.93179373246145], [-6.602617338278483, 33.93179373246145], [-6.602617338278483, 33.93152423787622]], [[-6.603785148147838, 33.84384866614615], [-6.602527506750071, 33.84402832920298], [-6.602527506750071, 33.84438765531662], [-6.603785148147838, 33.84429782378821], [-6.603785148147838, 33.84384866614615]], [[-6.606749588585433, 33.93116491176257], [-6.607647903869552, 33.92981743883639], [-6.603066495920542, 33.932871710802395], [-6.6049529580171935, 33.93251238468875], [-6.606749588585433, 33.93116491176257]], [[-6.605941104829725, 33.90969517647211], [-6.603066495920542, 33.90861719813117], [-6.604144474261486, 33.910413828699404], [-6.608995376795731, 33.9096053449437], [-6.605941104829725, 33.90969517647211]], [[-6.603246158977366, 33.93107508023416], [-6.603785148147838, 33.930985248705746], [-6.603695316619426, 33.9306259225921], [-6.603156327448954, 33.9306259225921], [-6.603246158977366, 33.93107508023416]], [[-6.60432413731831, 33.84564529671439], [-6.603246158977366, 33.8457351282428], [-6.603246158977366, 33.84609445435645], [-6.60387497967625, 33.84609445435645], [-6.60432413731831, 33.84564529671439]], [[-6.604144474261486, 33.93026659647845], [-6.605042789545605, 33.93017676495004], [-6.605042789545605, 33.9299072703648], [-6.6045038003751335, 33.9299072703648], [-6.604144474261486, 33.93026659647845]], [[-6.607288577755904, 33.982638377542614], [-6.607198746227493, 33.98209938837215], [-6.605581778716077, 33.98461467116768], [-6.60665975705702, 33.9839858504688], [-6.607288577755904, 33.982638377542614]], [[-6.606929251642256, 33.98686045937798], [-6.606569925528609, 33.98659096479274], [-6.606390262471784, 33.9877587746621], [-6.606749588585433, 33.98802826924734], [-6.606929251642256, 33.98686045937798]], [[-6.606839420113844, 33.91490540512], [-6.606569925528609, 33.91490540512], [-6.606569925528609, 33.91517489970524], [-6.606839420113844, 33.91517489970524], [-6.606839420113844, 33.91490540512]], [[-6.6082767245684355, 33.91553422581889], [-6.60710891469908, 33.915713888875715], [-6.609354702909379, 33.91706136180189], [-6.608636050682083, 33.916163046517774], [-6.6082767245684355, 33.91553422581889]], [[-6.607647903869552, 33.85148434606117], [-6.6073784092843155, 33.85148434606117], [-6.607288577755904, 33.852292829816875], [-6.60755807234114, 33.852292829816875], [-6.607647903869552, 33.85148434606117]], [[-6.607468240812728, 33.91292911149494], [-6.610342849721911, 33.91346810066541], [-6.609893692079851, 33.91221045926765], [-6.608007229983199, 33.91221045926765], [-6.607468240812728, 33.91292911149494]], [[-6.608366556096848, 33.91373759525065], [-6.607468240812728, 33.91391725830747], [-6.607468240812728, 33.914276584421124], [-6.608456387625259, 33.91436641594953], [-6.608366556096848, 33.91373759525065]], [[-6.608366556096848, 33.940237896132174], [-6.608546219153672, 33.93942941237647], [-6.608186893040024, 33.93942941237647], [-6.607737735397964, 33.93996840154694], [-6.608366556096848, 33.940237896132174]], [[-6.609354702909379, 33.94392098879707], [-6.608007229983199, 33.94392098879707], [-6.608186893040024, 33.94437014643913], [-6.609264871380967, 33.94437014643913], [-6.609354702909379, 33.94392098879707]], [[-6.608456387625259, 33.97401455081507], [-6.608186893040024, 33.97401455081507], [-6.608186893040024, 33.9742840454003], [-6.608456387625259, 33.9742840454003], [-6.608456387625259, 33.97401455081507]], [[-6.608636050682083, 33.98838759536098], [-6.609264871380967, 33.98874692147463], [-6.609444534437791, 33.986231638679094], [-6.608636050682083, 33.98650113326433], [-6.608636050682083, 33.98838759536098]], [[-6.609264871380967, 33.93898025473441], [-6.608905545267319, 33.93898025473441], [-6.608905545267319, 33.93924974931964], [-6.609264871380967, 33.93924974931964], [-6.609264871380967, 33.93898025473441]], [[-6.608995376795731, 33.852741987458934], [-6.609354702909379, 33.852741987458934], [-6.609444534437791, 33.85211316676005], [-6.609085208324143, 33.85193350370323], [-6.608995376795731, 33.852741987458934]], [[-6.610073355136675, 33.95991100085439], [-6.609085208324143, 33.95991100085439], [-6.6120496487617375, 33.96206695753628], [-6.611510659591266, 33.960988979195335], [-6.610073355136675, 33.95991100085439]], [[-6.609354702909379, 33.914815573591596], [-6.609085208324143, 33.914815573591596], [-6.609085208324143, 33.91517489970524], [-6.609354702909379, 33.91517489970524], [-6.609354702909379, 33.914815573591596]], [[-6.610253018193498, 33.98587231256545], [-6.610163186665087, 33.98542315492339], [-6.609624197494615, 33.98569264950862], [-6.609714029023027, 33.98596214409386], [-6.610253018193498, 33.98587231256545]], [[-6.610163186665087, 33.943112505041356], [-6.609624197494615, 33.94329216809818], [-6.609714029023027, 33.94365149421183], [-6.610253018193498, 33.94347183115501], [-6.610163186665087, 33.943112505041356]], [[-6.609893692079851, 33.850586030777045], [-6.609803860551438, 33.85166400911799], [-6.610073355136675, 33.85166400911799], [-6.610253018193498, 33.85112501994752], [-6.609893692079851, 33.850586030777045]], [[-6.611420828062854, 33.98497399728133], [-6.6124988064037975, 33.98165023073008], [-6.610342849721911, 33.9847943342245], [-6.610702175835558, 33.987668943133684], [-6.611780154176501, 33.98641130173592], [-6.611420828062854, 33.98497399728133]], [[-6.610612344307146, 33.85031653619181], [-6.61124116500603, 33.850136873134986], [-6.61124116500603, 33.84986737854975], [-6.610702175835558, 33.84986737854975], [-6.610612344307146, 33.85031653619181]], [[-6.611780154176501, 33.93628530888205], [-6.611510659591266, 33.93628530888205], [-6.61124116500603, 33.93682429805252], [-6.611780154176501, 33.936914129580934], [-6.611780154176501, 33.93628530888205]], [[-6.612588637932209, 33.962246620593106], [-6.612319143346974, 33.962246620593106], [-6.612319143346974, 33.96260594670675], [-6.612678469460621, 33.962695778235165], [-6.612588637932209, 33.962246620593106]], [[-6.613127627102681, 33.96422291421817], [-6.614295436972037, 33.96467207186023], [-6.614385268500448, 33.96404325116134], [-6.613127627102681, 33.963144935877224], [-6.613127627102681, 33.96422291421817]], [[-6.6167208882391595, 33.93871076014917], [-6.61357678474474, 33.9381717709787], [-6.617349708938042, 33.943381999626595], [-6.618337855750574, 33.941495537529946], [-6.6167208882391595, 33.93871076014917]], [[-6.614385268500448, 33.92900895508068], [-6.614115773915213, 33.92900895508068], [-6.614115773915213, 33.929278449665915], [-6.614385268500448, 33.929278449665915], [-6.614385268500448, 33.92900895508068]], [[-6.616900551295983, 33.92891912355227], [-6.6153734153129795, 33.92900895508068], [-6.617259877409631, 33.93080558564892], [-6.617619203523279, 33.92963777577957], [-6.616900551295983, 33.92891912355227]], [[-6.618697181864222, 33.924517378660084], [-6.61815819269375, 33.92370889490438], [-6.615553078369803, 33.92685299839879], [-6.618517518807398, 33.926942829927206], [-6.618697181864222, 33.924517378660084]], [[-6.618427687278986, 33.93305137385922], [-6.615912404483451, 33.93673446652411], [-6.617619203523279, 33.936644634995695], [-6.618068361165339, 33.9343988467854], [-6.618427687278986, 33.93305137385922]], [[-6.619505665619929, 33.85759288999318], [-6.619326002563105, 33.85714373235112], [-6.6162717305970995, 33.86019800431713], [-6.617439540466455, 33.85974884667507], [-6.619505665619929, 33.85759288999318]], [[-6.61860735033581, 33.966468702428465], [-6.618248024222162, 33.96637887090005], [-6.618337855750574, 33.966738197013704], [-6.61860735033581, 33.966738197013704], [-6.61860735033581, 33.966468702428465]], [[-6.6195954971483415, 33.94014806460376], [-6.619415834091518, 33.94086671683106], [-6.620224317847225, 33.94140570600153], [-6.620942970074521, 33.940237896132174], [-6.6195954971483415, 33.94014806460376]], [[-6.619954823261989, 33.96655853395688], [-6.622649769114348, 33.969163648280826], [-6.622649769114348, 33.968175501468295], [-6.621931116887052, 33.96718735465576], [-6.619954823261989, 33.96655853395688]], [[-6.624895557324646, 33.95604824513268], [-6.625165051909883, 33.95604824513268], [-6.625254883438295, 33.95568891901903], [-6.624895557324646, 33.95568891901903], [-6.624895557324646, 33.95604824513268]], [[-6.626063367194002, 33.959372011683925], [-6.626782019421298, 33.95973133779757], [-6.6271413455349455, 33.95883302251345], [-6.626332861779238, 33.95649740277474], [-6.626063367194002, 33.959372011683925]], [[-6.627051514006533, 33.85651491165223], [-6.626512524836062, 33.85651491165223], [-6.626512524836062, 33.85696406929429], [-6.626871850949709, 33.85696406929429], [-6.627051514006533, 33.85651491165223]], [[-6.627859997762241, 33.8555267648397], [-6.627321008591769, 33.8555267648397], [-6.627231177063358, 33.856335248595414], [-6.627680334705417, 33.856245417067], [-6.627859997762241, 33.8555267648397]], [[-6.629207470688421, 33.95775504417251], [-6.628937976103185, 33.95775504417251], [-6.628848144574772, 33.9584736963998], [-6.629207470688421, 33.95856352792821], [-6.629207470688421, 33.95775504417251]], [[-6.629476965273656, 33.962426283649926], [-6.629117639160008, 33.96233645212152], [-6.629117639160008, 33.962875441291985], [-6.629387133745245, 33.962875441291985], [-6.629476965273656, 33.962426283649926]], [[-6.631093932785071, 33.95964150626916], [-6.629387133745245, 33.9591923486271], [-6.62965662833048, 33.96215678906469], [-6.632531237239663, 33.96350426199087], [-6.631992248069191, 33.9607194846101], [-6.631093932785071, 33.95964150626916]], [[-6.630734606671424, 33.95685672888839], [-6.630644775143011, 33.958383864871394], [-6.632082079597603, 33.959372011683925], [-6.6313634273703075, 33.958114370286154], [-6.630734606671424, 33.95685672888839]], [[-6.632621068768074, 33.95146683718367], [-6.6313634273703075, 33.95164650024049], [-6.631453258898719, 33.95254481552461], [-6.632710900296487, 33.952185489410965], [-6.632621068768074, 33.95146683718367]], [[-6.632800731824899, 33.93853109709235], [-6.631632921955543, 33.94095654835947], [-6.633429552523782, 33.94113621141629], [-6.634148204751078, 33.938800591677584], [-6.632800731824899, 33.93853109709235]], [[-6.634597362393137, 33.957665212644095], [-6.637741465887556, 33.95604824513268], [-6.635765172262493, 33.955958413604264], [-6.636663487546612, 33.9539821199792], [-6.6342380362794895, 33.956946560416796], [-6.631902416540779, 33.9539821199792], [-6.63289056335331, 33.9591923486271], [-6.634597362393137, 33.957665212644095]], [[-6.6342380362794895, 33.952904141638264], [-6.633249889466958, 33.95299397316667], [-6.633249889466958, 33.953443130808736], [-6.634148204751078, 33.953443130808736], [-6.6342380362794895, 33.952904141638264]], [[-6.635405846148845, 33.95209565788255], [-6.634507530864726, 33.95236515246779], [-6.634507530864726, 33.952634647053024], [-6.635855003790905, 33.95254481552461], [-6.635405846148845, 33.95209565788255]], [[-6.634777025449962, 33.858491205277296], [-6.635226183092021, 33.858491205277296], [-6.635226183092021, 33.85813187916365], [-6.634777025449962, 33.858221710692064], [-6.634777025449962, 33.858491205277296]], [[-6.6351363515636095, 33.860647161959186], [-6.634866856978373, 33.860647161959186], [-6.634866856978373, 33.86091665654442], [-6.6351363515636095, 33.86091665654442], [-6.6351363515636095, 33.860647161959186]], [[-6.640077085626267, 33.93341069997287], [-6.640166917154678, 33.93161406940463], [-6.635675340734081, 33.936464971938875], [-6.637831297415968, 33.93538699359793], [-6.640077085626267, 33.93341069997287]], [[-6.636843150603436, 33.861814971828544], [-6.636843150603436, 33.860647161959186], [-6.636483824489789, 33.8607369934876], [-6.636214329904552, 33.86145564571489], [-6.636843150603436, 33.861814971828544]], [[-6.637651634359144, 33.86316244475472], [-6.637382139773908, 33.86316244475472], [-6.637382139773908, 33.863431939339954], [-6.637651634359144, 33.863431939339954], [-6.637651634359144, 33.86316244475472]], [[-6.639268601870559, 33.87322357593686], [-6.638999107285323, 33.87322357593686], [-6.638999107285323, 33.87358290205051], [-6.639268601870559, 33.87358290205051], [-6.639268601870559, 33.87322357593686]], [[-6.639268601870559, 33.95227532093938], [-6.638999107285323, 33.95227532093938], [-6.638999107285323, 33.952634647053024], [-6.639268601870559, 33.952634647053024], [-6.639268601870559, 33.95227532093938]], [[-6.640705906325151, 33.95308380469508], [-6.64205337925133, 33.95299397316667], [-6.64205337925133, 33.952185489410965], [-6.641065232438798, 33.95164650024049], [-6.640705906325151, 33.95308380469508]], [[-6.640705906325151, 33.944549809495946], [-6.640705906325151, 33.946705766177836], [-6.640975400910386, 33.946705766177836], [-6.640975400910386, 33.944819304081186], [-6.640705906325151, 33.944549809495946]], [[-6.6417838846660935, 33.947154923819895], [-6.641244895495622, 33.94733458687672], [-6.642143210779741, 33.95191599482573], [-6.644119504404804, 33.949849869672256], [-6.6417838846660935, 33.947154923819895]], [[-6.6460059665014555, 33.860647161959186], [-6.645646640387808, 33.860647161959186], [-6.645646640387808, 33.86100648807283], [-6.6460059665014555, 33.86100648807283], [-6.6460059665014555, 33.860647161959186]], [[-6.649239901524286, 33.94805323910401], [-6.648161923183342, 33.94823290216084], [-6.648161923183342, 33.9486820598029], [-6.649239901524286, 33.948592228274485], [-6.649239901524286, 33.94805323910401]], [[-6.6493297330526975, 33.95820420181457], [-6.64897040693905, 33.95820420181457], [-6.64897040693905, 33.9584736963998], [-6.6493297330526975, 33.9584736963998], [-6.6493297330526975, 33.95820420181457]], [[-6.65678574991089, 33.945717619365304], [-6.65633659226883, 33.945717619365304], [-6.65633659226883, 33.945987113950544], [-6.65678574991089, 33.945987113950544], [-6.65678574991089, 33.945717619365304]], [[-6.661816315501959, 33.87403205969257], [-6.661456989388311, 33.87403205969257], [-6.661456989388311, 33.8743015542778], [-6.661816315501959, 33.8743015542778], [-6.661816315501959, 33.87403205969257]], [[-6.664511261354318, 33.98802826924734], [-6.662265473144019, 33.99018422592922], [-6.663073956899726, 33.99018422592922], [-6.664062103712258, 33.98946557370193], [-6.664511261354318, 33.98802826924734]], [[-6.664331598297494, 33.97733831736631], [-6.66325361995655, 33.976978991252665], [-6.66325361995655, 33.97760781195155], [-6.66370277759861, 33.97769764347996], [-6.664331598297494, 33.97733831736631]], [[-6.664780755939553, 33.872055766067504], [-6.663882440655434, 33.87340323899368], [-6.665050250524789, 33.87313374440845], [-6.665409576638437, 33.87259475523798], [-6.664780755939553, 33.872055766067504]], [[-6.664780755939553, 33.98964523675875], [-6.664690924411142, 33.990094394400806], [-6.665140082053202, 33.99018422592922], [-6.665140082053202, 33.989824899815574], [-6.664780755939553, 33.98964523675875]], [[-6.6653197451100255, 33.98739944854845], [-6.6648705874679655, 33.98730961702004], [-6.664780755939553, 33.9877587746621], [-6.665229913581613, 33.9877587746621], [-6.6653197451100255, 33.98739944854845]], [[-6.668463848604444, 33.93466834137063], [-6.6681943540192075, 33.93466834137063], [-6.668104522490796, 33.9351174990127], [-6.668374017076031, 33.9351174990127], [-6.668463848604444, 33.93466834137063]], [[-6.669451995416975, 33.9343988467854], [-6.6695418269453866, 33.93394968914334], [-6.668733343189679, 33.93403952067175], [-6.668823174718091, 33.9343988467854], [-6.669451995416975, 33.9343988467854]], [[-6.670350310701094, 33.93565648818316], [-6.669901153059035, 33.93556665665476], [-6.66972149000221, 33.936015814296816], [-6.67017064764427, 33.93610564582523], [-6.670350310701094, 33.93565648818316]], [[-6.670979131399978, 33.97895528487773], [-6.6699909845874465, 33.97904511640614], [-6.6699909845874465, 33.97940444251979], [-6.67106896292839, 33.97940444251979], [-6.670979131399978, 33.97895528487773]], [[-6.670979131399978, 33.97302640400254], [-6.670529973757918, 33.973206067059365], [-6.67061980528633, 33.97356539317301], [-6.67106896292839, 33.9734755616446], [-6.670979131399978, 33.97302640400254]], [[-6.67106896292839, 33.93493783595587], [-6.67061980528633, 33.93493783595587], [-6.670709636814742, 33.93529716206952], [-6.670979131399978, 33.93529716206952], [-6.67106896292839, 33.93493783595587]], [[-6.671787615155686, 33.97230775177524], [-6.6715181205704495, 33.97230775177524], [-6.6715181205704495, 33.97266707788889], [-6.671787615155686, 33.97266707788889], [-6.671787615155686, 33.97230775177524]], [[-6.672596098911393, 33.97131960496271], [-6.672326604326157, 33.97131960496271], [-6.672326604326157, 33.97176876260477], [-6.672596098911393, 33.97176876260477], [-6.672596098911393, 33.97131960496271]], [[-6.674033403365985, 33.97599084444013], [-6.674392729479632, 33.97599084444013], [-6.674392729479632, 33.97563151832649], [-6.674033403365985, 33.975541686798074], [-6.674033403365985, 33.97599084444013]], [[-6.679153800485466, 33.940417559189], [-6.681040262582116, 33.93754295027982], [-6.6752910447637515, 33.93915991779123], [-6.676997843803579, 33.940417559189], [-6.679153800485466, 33.940417559189]], [[-6.6850826813606545, 33.940687053774234], [-6.684813186775418, 33.940687053774234], [-6.684813186775418, 33.94095654835947], [-6.6850826813606545, 33.94095654835947], [-6.6850826813606545, 33.940687053774234]], [[-6.691550551406316, 33.934758172899045], [-6.691550551406316, 33.93538699359793], [-6.691820045991551, 33.93538699359793], [-6.691820045991551, 33.93484800442746], [-6.691550551406316, 33.934758172899045]], [[-6.69316751891773, 33.93951924390488], [-6.691909877519963, 33.94104637988789], [-6.6926285297472585, 33.94158536905835], [-6.6935268450313785, 33.940507390717414], [-6.69316751891773, 33.93951924390488]], [[-6.696581116997384, 33.93808193945029], [-6.698377747565623, 33.93610564582523], [-6.699904883548626, 33.93871076014917], [-6.701971008702102, 33.9381717709787], [-6.7034981446851045, 33.935746319711576], [-6.700803198832746, 33.93772261333664], [-6.697479432281504, 33.93385985761493], [-6.695503138656441, 33.93493783595587], [-6.696581116997384, 33.93808193945029]], [[-6.701252356474806, 33.9343988467854], [-6.7010726934179825, 33.93377002608651], [-6.70053370424751, 33.93394968914334], [-6.7006235357759225, 33.93448867831381], [-6.701252356474806, 33.9343988467854]], [[-6.703677807741928, 33.928110639796564], [-6.703228650099869, 33.92802080826815], [-6.703228650099869, 33.92846996591021], [-6.703767639270341, 33.92846996591021], [-6.703677807741928, 33.928110639796564]], [[-6.7043964599692245, 33.92891912355227], [-6.704306628440812, 33.929278449665915], [-6.705384606781756, 33.92936828119433], [-6.705025280668108, 33.92900895508068], [-6.7043964599692245, 33.92891912355227]], [[-6.705743932895404, 33.94185486364359], [-6.704755786082872, 33.943561662683415], [-6.70601342748064, 33.94410065185389], [-6.707181237349995, 33.94284301045612], [-6.705743932895404, 33.94185486364359]], [[-6.708079552634114, 33.933141205387635], [-6.704755786082872, 33.9351174990127], [-6.705743932895404, 33.9351174990127], [-6.706911742764759, 33.93421918372857], [-6.708079552634114, 33.933141205387635]], [[-6.7161643901911905, 33.93826160250711], [-6.712391465997888, 33.93655480346729], [-6.714727085736599, 33.93853109709235], [-6.710594835429649, 33.94095654835947], [-6.7148169172650105, 33.94104637988789], [-6.7161643901911905, 33.93826160250711]], [[-6.711403319185356, 33.93853109709235], [-6.7124812975263, 33.93844126556394], [-6.71203213988424, 33.93736328722299], [-6.7110439930717085, 33.93745311875141], [-6.711403319185356, 33.93853109709235]], [[-6.714547422679775, 33.93017676495004], [-6.715086411850247, 33.93017676495004], [-6.715086411850247, 33.92981743883639], [-6.714547422679775, 33.9299072703648], [-6.714547422679775, 33.93017676495004]], [[-6.7157152325491305, 33.93323103691604], [-6.715535569492307, 33.9351174990127], [-6.716883042418486, 33.935746319711576], [-6.717781357702605, 33.93377002608651], [-6.7157152325491305, 33.93323103691604]], [[-6.716523716304838, 33.94095654835947], [-6.717601694645781, 33.941675200586765], [-6.717601694645781, 33.94095654835947], [-6.716523716304838, 33.93942941237647], [-6.716523716304838, 33.94095654835947]], [[-6.7185898414583125, 33.934578509842225], [-6.718500009929901, 33.93385985761493], [-6.717961020759429, 33.93385985761493], [-6.718140683816253, 33.934578509842225], [-6.7185898414583125, 33.934578509842225]], [[-6.71939832521402, 33.93727345569458], [-6.718230515344665, 33.936914129580934], [-6.7185898414583125, 33.93924974931964], [-6.720835629668612, 33.94032772766059], [-6.720027145912904, 33.939339580848056], [-6.71939832521402, 33.93727345569458]], [[-6.7194881567424325, 33.94401082032548], [-6.7194881567424325, 33.94428031491071], [-6.720116977441316, 33.94428031491071], [-6.720116977441316, 33.94392098879707], [-6.7194881567424325, 33.94401082032548]], [[-6.721644113424319, 33.932422553160336], [-6.71984748285608, 33.934309015256986], [-6.722452597180027, 33.934309015256986], [-6.722632260236851, 33.93260221621716], [-6.721644113424319, 33.932422553160336]], [[-6.721015292725435, 33.94302267351295], [-6.720745798140199, 33.94302267351295], [-6.720655966611788, 33.94347183115501], [-6.720925461197023, 33.94347183115501], [-6.721015292725435, 33.94302267351295]], [[-6.721374618839083, 33.9306259225921], [-6.721374618839083, 33.930985248705746], [-6.722991586350498, 33.93116491176257], [-6.722722091765263, 33.93017676495004], [-6.721374618839083, 33.9306259225921]], [[-6.736915473254351, 33.90574258922199], [-6.736556147140703, 33.90574258922199], [-6.736556147140703, 33.90601208380722], [-6.736915473254351, 33.90601208380722], [-6.736915473254351, 33.90574258922199]]], [[[-6.432206928881009, 33.337827666601626], [-6.428434004687707, 33.33576154144815], [-6.432656086523069, 33.335132720749264], [-6.439034125040318, 33.32830552458996], [-6.442178228534736, 33.3188732141067], [-6.441639239364264, 33.31222568100422], [-6.4424477231199715, 33.309890061265506], [-6.444693511330271, 33.309171409038214], [-6.449258067948541, 33.32056570343395], [-6.447617830155824, 33.331235235586085], [-6.444994957595366, 33.33630053061862], [-6.432206928881009, 33.337827666601626]]], [[[-6.408581236908666, 33.238384164649595], [-6.400316736294767, 33.23910281687689], [-6.396633643629876, 33.24188759425766], [-6.394657350004813, 33.24754698054761], [-6.3849555449363224, 33.25751828020134], [-6.3849555449363224, 33.26039288911052], [-6.388458974544388, 33.261740362036704], [-6.3849555449363224, 33.261920025093524], [-6.384147061180615, 33.27090317793472], [-6.389986110527392, 33.272699808502956], [-6.4050778073006, 33.264794634002705], [-6.407323595510898, 33.27099300946313], [-6.412893150272439, 33.271531998633606], [-6.415408433067975, 33.26811840055395], [-6.41891186267604, 33.268387895139185], [-6.4202593356022195, 33.26488446553112], [-6.414150791670207, 33.26596244387206], [-6.410557530533729, 33.26344716107653], [-6.4127134872156155, 33.26587261234365], [-6.408221910795018, 33.26641160151412], [-6.407233763982487, 33.2632674980197], [-6.419091525732864, 33.25922507924117], [-6.422415292284106, 33.25509282893422], [-6.423403439096638, 33.26066238369576], [-6.426188216477408, 33.256979291030866], [-6.42349327062505, 33.25293687225233], [-6.428613667744531, 33.25293687225233], [-6.426637374119468, 33.255541986576276], [-6.428434004687707, 33.255991144218335], [-6.430230635255946, 33.25428434517851], [-6.4287034992729435, 33.252397883081855], [-6.438764630455082, 33.247187654433965], [-6.430544162196069, 33.25708016444697], [-6.421984744921716, 33.26262368241644], [-6.424215558367591, 33.26722008526983], [-6.412354161101968, 33.274137112957554], [-6.417654221278273, 33.27755071103721], [-6.412084666516732, 33.27853885784974], [-6.406335448698367, 33.28419824413969], [-6.404898144243776, 33.27952700466227], [-6.398340442669704, 33.27539475435532], [-6.393220045550222, 33.27791003715085], [-6.386842007032973, 33.27620323811102], [-6.384147061180615, 33.27665239575308], [-6.395825159874168, 33.289138978202345], [-6.396633643629876, 33.293181396980884], [-6.403101513675537, 33.29138476641265], [-6.407682921624547, 33.296954321174184], [-6.404448986601716, 33.30234421287891], [-6.407143932454074, 33.30503915873126], [-6.40417949201648, 33.30584764248697], [-6.411635508874673, 33.31950203480559], [-6.424840743551229, 33.31671725742481], [-6.429332319971827, 33.31186635489057], [-6.428344173159296, 33.318513887993056], [-6.418283041977157, 33.32022068703288], [-6.4164864114089175, 33.32435293733983], [-6.407323595510898, 33.3316292911412], [-6.412533824158792, 33.329922492101375], [-6.412264329573556, 33.33243777489691], [-6.405796459527895, 33.33243777489691], [-6.401754040749357, 33.34106160162445], [-6.3933997086070455, 33.34770913472694], [-6.397531958913996, 33.35597363534084], [-6.407952416209782, 33.36001605411938], [-6.401664209220946, 33.36585510346615], [-6.404359155073304, 33.36531611429568], [-6.404089660488069, 33.368550049318515], [-6.408042247738194, 33.370167016829924], [-6.404898144243776, 33.36747207097757], [-6.410198204420081, 33.36486695665362], [-6.4056167964710715, 33.364058472897916], [-6.411455845817848, 33.359926222590964], [-6.411725340403084, 33.36477712512521], [-6.4173847266930375, 33.361183863988735], [-6.408221910795018, 33.35597363534084], [-6.408042247738194, 33.35247020573277], [-6.414240623198619, 33.3534583525453], [-6.425739058835349, 33.34788879778376], [-6.427715352460412, 33.349236270709945], [-6.427445857875176, 33.34627183027235], [-6.429691646085475, 33.34842778695423], [-6.4398724068724915, 33.347349808613295], [-6.437417157528903, 33.348966776124705], [-6.43822564128461, 33.3534583525453], [-6.4437951960461515, 33.35839908660796], [-6.437417157528903, 33.35839908660796], [-6.440112103381261, 33.35741093979543], [-6.43822564128461, 33.35534481464195], [-6.434183222506072, 33.35848891813637], [-6.4320272658241855, 33.35669228756814], [-6.433734064864012, 33.35381767865895], [-6.430320466784359, 33.352560037261185], [-6.432925581108305, 33.34986509140882], [-6.42996114067071, 33.349954922937236], [-6.428434004687707, 33.351841385033886], [-6.43130861359689, 33.35839908660796], [-6.425559395778524, 33.35884824425002], [-6.427984847045647, 33.35696178215337], [-6.425739058835349, 33.356153298397665], [-6.422235629227282, 33.361183863988735], [-6.423133944511402, 33.36253133691491], [-6.430140803727534, 33.36145335857397], [-6.432566254994657, 33.363249989142204], [-6.4315781081821255, 33.36522628276727], [-6.435081537790191, 33.363070326085385], [-6.433015412636717, 33.36675341875027], [-6.415947422238446, 33.37313145726752], [-6.417564389749861, 33.36908903848899], [-6.414060960141795, 33.36792122861963], [-6.410198204420081, 33.37349078338117], [-6.415857590710034, 33.376724718404], [-6.410108372891669, 33.378072191330176], [-6.403909997431244, 33.375916234648294], [-6.4027421875618895, 33.37411960408005], [-6.404898144243776, 33.372592468097054], [-6.40417949201648, 33.370167016829924], [-6.399957410181118, 33.373311120324345], [-6.402113366863006, 33.37510775089258], [-6.398609937254939, 33.378251854387], [-6.396633643629876, 33.37582640311988], [-6.3783080118338376, 33.39082826836468], [-6.3749842452825956, 33.40996238391642], [-6.361689179077627, 33.41912519981444], [-6.361689179077627, 33.42613205903057], [-6.363755304231102, 33.4263117220874], [-6.36321631506063, 33.42918633099658], [-6.361689179077627, 33.42855751029769], [-6.361689179077627, 33.44185257650267], [-6.364294293401573, 33.440774598161724], [-6.361689179077627, 33.44427802776979], [-6.361689179077627, 33.4799192269325], [-6.360831637999922, 33.41864826900013], [-6.373549959999934, 33.40917187200023], [-6.377702326999952, 33.3897076520002], [-6.402876051999954, 33.3699839090001], [-6.393014179999852, 33.3500006430001], [-6.393014179999852, 33.349401764999925], [-6.391787722999936, 33.34842059900012], [-6.411180785999932, 33.32301025800024], [-6.408887722999907, 33.315820599000176], [-6.406481109999902, 33.311613312000134], [-6.399027204554052, 33.29906893547288], [-6.39468772399988, 33.290520599000104], [-6.382892785999957, 33.27681517500014], [-6.384190400999955, 33.25709143200004], [-6.406768895999903, 33.226986772000146], [-6.411714135999887, 33.22513230700008], [-6.411975114709384, 33.22503443992139], [-6.417149812999867, 33.22309392800014], [-6.431610240999873, 33.22529668300018], [-6.447415775946458, 33.221675500364974], [-6.444603679801858, 33.22392128857527], [-6.4433460384040915, 33.223292467876384], [-6.43085945595483, 33.22697556054128], [-6.43085945595483, 33.22580775067192], [-6.417294895164625, 33.22481960385939], [-6.410108372891669, 33.23613837643929], [-6.407862584681371, 33.234790903513115], [-6.406784606340427, 33.23775534395071], [-6.408581236908666, 33.238384164649595]], [[-6.411725340403084, 33.277460879508794], [-6.409928709834845, 33.27620323811102], [-6.410377867476905, 33.27755071103721], [-6.412084666516732, 33.27853885784974], [-6.411725340403084, 33.277460879508794]], [[-6.393040382493398, 33.273418460730255], [-6.39268105637975, 33.27287947155978], [-6.39223189873769, 33.27305913461661], [-6.392411561794514, 33.27359812378708], [-6.393040382493398, 33.273418460730255]], [[-6.394567518476402, 33.272969303088196], [-6.3951963391752855, 33.27440660754279], [-6.397801453499231, 33.27359812378708], [-6.396004822930992, 33.27234048238931], [-6.394567518476402, 33.272969303088196]], [[-6.397531958913996, 33.29443903837865], [-6.403371008260772, 33.30414084344714], [-6.404089660488069, 33.300098424668604], [-6.40004724170953, 33.29497802754912], [-6.397531958913996, 33.29443903837865]], [[-6.401754040749357, 33.338456487300505], [-6.397531958913996, 33.342498906079044], [-6.399957410181118, 33.34169042232334], [-6.401035388522062, 33.34079210703922], [-6.401754040749357, 33.338456487300505]], [[-6.40417949201648, 33.23173663154711], [-6.400855725465238, 33.23631803949612], [-6.4060659541131315, 33.23559938726882], [-6.406964269397251, 33.23398241975741], [-6.40417949201648, 33.23173663154711]], [[-6.4013947146357095, 33.27090317793472], [-6.402652356033477, 33.270274357235834], [-6.4027421875618895, 33.26910654736648], [-6.401574377692533, 33.2700048626506], [-6.4013947146357095, 33.27090317793472]], [[-6.405347301885835, 33.274137112957554], [-6.405526964942659, 33.273148966145015], [-6.40417949201648, 33.27323879767343], [-6.404089660488069, 33.27431677601437], [-6.405347301885835, 33.274137112957554]], [[-6.405706627999484, 33.37411960408005], [-6.404089660488069, 33.37411960408005], [-6.404089660488069, 33.37456876172212], [-6.4051676388290115, 33.37456876172212], [-6.405706627999484, 33.37411960408005]], [[-6.406515111755191, 33.238114670064355], [-6.405796459527895, 33.237935007007536], [-6.405796459527895, 33.238384164649595], [-6.406515111755191, 33.238384164649595], [-6.406515111755191, 33.238114670064355]], [[-6.406784606340427, 33.37411960408005], [-6.4060659541131315, 33.37411960408005], [-6.4060659541131315, 33.37438909866529], [-6.406784606340427, 33.37438909866529], [-6.406784606340427, 33.37411960408005]], [[-6.408221910795018, 33.37528741394941], [-6.407503258567722, 33.37456876172212], [-6.406964269397251, 33.374748424778936], [-6.407323595510898, 33.37528741394941], [-6.408221910795018, 33.37528741394941]], [[-6.4084914053802535, 33.375467077006235], [-6.408221910795018, 33.375467077006235], [-6.40831174232343, 33.37600606617671], [-6.408671068437078, 33.37600606617671], [-6.4084914053802535, 33.375467077006235]], [[-6.40965921524961, 33.32668855707854], [-6.40921005760755, 33.32668855707854], [-6.40921005760755, 33.32695805166378], [-6.40965921524961, 33.32695805166378], [-6.40965921524961, 33.32668855707854]], [[-6.411635508874673, 33.32031051856129], [-6.412533824158792, 33.324173274283005], [-6.410018541363257, 33.32668855707854], [-6.412264329573556, 33.32596990485125], [-6.414689780840678, 33.32390377969777], [-6.411635508874673, 33.32031051856129]], [[-6.410018541363257, 33.22778404429698], [-6.410916856647376, 33.22850269652428], [-6.41154567734626, 33.22733488665492], [-6.410467699005316, 33.22670606595604], [-6.410018541363257, 33.22778404429698]], [[-6.410467699005316, 33.27620323811102], [-6.410827025118965, 33.27620323811102], [-6.411006688175789, 33.275754080468964], [-6.410557530533729, 33.275754080468964], [-6.410467699005316, 33.27620323811102]], [[-6.410916856647376, 33.23065865320616], [-6.410916856647376, 33.22967050639363], [-6.410647362062141, 33.229760337922045], [-6.410467699005316, 33.230209495564104], [-6.410916856647376, 33.23065865320616]], [[-6.415498264596386, 33.363070326085385], [-6.419181357261277, 33.36432796748315], [-6.418372873505569, 33.363519483727444], [-6.416755905994154, 33.362621168443326], [-6.415498264596386, 33.363070326085385]], [[-6.416216916823682, 33.26165053050829], [-6.416666074465741, 33.26281834037764], [-6.418552536562393, 33.26200985662194], [-6.417744052806685, 33.26048272063893], [-6.416216916823682, 33.26165053050829]], [[-6.417923715863509, 33.360734706346676], [-6.417923715863509, 33.36100420093191], [-6.41846270503398, 33.360914369403496], [-6.41846270503398, 33.360465211761436], [-6.417923715863509, 33.360734706346676]], [[-6.418372873505569, 33.37007718530152], [-6.41801354739192, 33.370167016829924], [-6.417923715863509, 33.37088566905722], [-6.418732199619217, 33.37097550058564], [-6.418372873505569, 33.37007718530152]], [[-6.418552536562393, 33.356602456039724], [-6.418283041977157, 33.356602456039724], [-6.418283041977157, 33.35687195062496], [-6.418552536562393, 33.35687195062496], [-6.418552536562393, 33.356602456039724]], [[-6.420079672545396, 33.35678211909654], [-6.420079672545396, 33.3564227929829], [-6.419181357261277, 33.35651262451131], [-6.418732199619217, 33.35678211909654], [-6.420079672545396, 33.35678211909654]], [[-6.420528830187456, 33.35848891813637], [-6.421067819357927, 33.35857874966479], [-6.422055966170459, 33.35786009743749], [-6.421427145471575, 33.35741093979543], [-6.420528830187456, 33.35848891813637]], [[-6.4207084932442795, 33.3526498687896], [-6.421337313943163, 33.351841385033886], [-6.420977987829516, 33.35130239586342], [-6.420618661715867, 33.35175155350548], [-6.4207084932442795, 33.3526498687896]], [[-6.421786471585223, 33.368999206960574], [-6.421516976999987, 33.368999206960574], [-6.421516976999987, 33.369268701545806], [-6.421786471585223, 33.369268701545806], [-6.421786471585223, 33.368999206960574]], [[-6.42259495534093, 33.25661996491722], [-6.422325460755695, 33.25661996491722], [-6.422325460755695, 33.25688945950245], [-6.42259495534093, 33.25688945950245], [-6.42259495534093, 33.25661996491722]], [[-6.422864449926166, 33.3684602177901], [-6.4235831021534615, 33.368729712375334], [-6.4244814174375815, 33.36756190250598], [-6.424122091323934, 33.36657375569345], [-6.422864449926166, 33.3684602177901]], [[-6.424750912022818, 33.35309902643166], [-6.425289901193289, 33.35282953184642], [-6.425200069664877, 33.35130239586342], [-6.424122091323934, 33.35166172197707], [-6.424750912022818, 33.35309902643166]]], [[[-6.379924979345253, 33.42828801571246], [-6.380463968515725, 33.43035414086594], [-6.382619925197612, 33.429545657110225], [-6.386482680919325, 33.433588075888764], [-6.388369143015977, 33.43152195073529], [-6.38989627899898, 33.434127065059236], [-6.384057229652203, 33.4405949351049], [-6.3845063872942625, 33.43700167396842], [-6.378487674890662, 33.435025380343355], [-6.379924979345253, 33.42828801571246]], [[-6.380374136987313, 33.43089313003641], [-6.380374136987313, 33.43035414086594], [-6.379835147816841, 33.43062363545117], [-6.380194473930489, 33.43098296156482], [-6.380374136987313, 33.43089313003641]]], [[[-6.418822031147628, 33.43242026601941], [-6.42907093094036, 33.4165200854905], [-6.428434004687707, 33.42164048260997], [-6.423223776039814, 33.427928689598815], [-6.423672933681874, 33.432689760604646], [-6.419630514903336, 33.43709150549683], [-6.421427145471575, 33.44104409274696], [-6.425755906591247, 33.442661060258374], [-6.425649227306937, 33.447422131264204], [-6.42394242826711, 33.45164421309957], [-6.419181357261277, 33.45442899048034], [-6.4235831021534615, 33.44921876183245], [-6.4235831021534615, 33.445086511525496], [-6.421427145471575, 33.442930554843606], [-6.411186351232613, 33.44248139720155], [-6.418552536562393, 33.43619319021271], [-6.418822031147628, 33.43242026601941]]], [[[-6.368246880651699, 33.47167664393543], [-6.370582500390411, 33.46826304585578], [-6.3698638481631145, 33.46260365956583], [-6.36734856536758, 33.45901039842935], [-6.363485809645866, 33.45945955607141], [-6.366360418555049, 33.45685444174746], [-6.363036652003807, 33.455776463406515], [-6.365821429384576, 33.45397983283828], [-6.3678875545380516, 33.45883073537252], [-6.3716604787313535, 33.45874090384411], [-6.3774096965497185, 33.45586629493493], [-6.376511381265599, 33.45424932742351], [-6.372468962487061, 33.45676461021905], [-6.3736367723564165, 33.453890001309865], [-6.37794868572019, 33.45424932742351], [-6.3792063271179575, 33.45757309397476], [-6.3716604787313535, 33.46332231179312], [-6.369774016634702, 33.47239529616273], [-6.3716604787313535, 33.47239529616273], [-6.3716604787313535, 33.47751569328221], [-6.370672331918822, 33.47446142131621], [-6.368246880651699, 33.47167664393543]]], [[[-6.410018541363257, 33.51093302185146], [-6.404359155073304, 33.51362796770381], [-6.400765893936826, 33.51344830464699], [-6.402382861448241, 33.51165167407875], [-6.397891285027644, 33.50922622281163], [-6.396274317516228, 33.50356683652168], [-6.390704762754687, 33.502758352765966], [-6.388099648430741, 33.50500414097627], [-6.396723475158288, 33.51075335879463], [-6.395106507646873, 33.51596358744253], [-6.400226904766354, 33.516592408141406], [-6.3980709480844675, 33.51722122884029], [-6.399328589482235, 33.51883819635171], [-6.397442127385584, 33.518029712596004], [-6.3938488662491055, 33.51668223966982], [-6.39357937166387, 33.51380763076064], [-6.388908132186448, 33.5142567884027], [-6.388638637601213, 33.51165167407875], [-6.391603078038807, 33.50985504351051], [-6.387560659260269, 33.50931605434004], [-6.384686050351086, 33.504914309447855], [-6.391423414981983, 33.49718879800443], [-6.406694774812015, 33.499434586214726], [-6.407772753152958, 33.49664980883396], [-6.404448986601716, 33.492337895470186], [-6.407593090096134, 33.49242772699859], [-6.40965921524961, 33.49593115660666], [-6.405886291056308, 33.50168037442503], [-6.404089660488069, 33.502578689709146], [-6.400765893936826, 33.499704080799965], [-6.397801453499231, 33.49817694481696], [-6.396633643629876, 33.49853627093061], [-6.40417949201648, 33.5059922877888], [-6.40831174232343, 33.50626178237403], [-6.410018541363257, 33.51093302185146]], [[-6.398879431840175, 33.50329734193644], [-6.400226904766354, 33.50545329861833], [-6.400406567823178, 33.50482447791944], [-6.399957410181118, 33.50365666805009], [-6.398879431840175, 33.50329734193644]]], [[[-6.325217578542374, 33.52575522403943], [-6.327732861337909, 33.527102696965606], [-6.324498926315079, 33.527372191550846], [-6.31812088779783, 33.52728236002243], [-6.322342969633192, 33.51740089189712], [-6.332763426928978, 33.52072465844836], [-6.325217578542374, 33.52575522403943]], [[-6.320726002121777, 33.52539589792578], [-6.321085328235425, 33.52539589792578], [-6.321085328235425, 33.5247670772269], [-6.320636170593365, 33.524677245698484], [-6.320726002121777, 33.52539589792578]], [[-6.323959937144607, 33.524946740283724], [-6.323959937144607, 33.52521623486896], [-6.324319263258255, 33.52521623486896], [-6.324319263258255, 33.524946740283724], [-6.323959937144607, 33.524946740283724]]], [[[-6.438661571297535, 33.50716009765816], [-6.430769624426418, 33.51982634316424], [-6.430396041768123, 33.527458155828214], [-6.431694204208916, 33.52938791296817], [-6.433015412636717, 33.53177393644303], [-6.433374738750365, 33.53401972465333], [-6.429062825386591, 33.533301072426035], [-6.429871309142299, 33.536624838977275], [-6.429152656915003, 33.53725365967616], [-6.426727205647881, 33.53240275714191], [-6.423133944511402, 33.53150444185779], [-6.421337313943163, 33.53357056701127], [-6.4240322597955215, 33.53671467050569], [-6.417474558221449, 33.53887062718757], [-6.4169355690509775, 33.54174523609676], [-6.415318601539562, 33.542553719852464], [-6.419001694204452, 33.53339090395444], [-6.418103378920333, 33.52997730587479], [-6.423762765210286, 33.52368909888595], [-6.421966134642047, 33.52081448997677], [-6.425559395778524, 33.51605341897094], [-6.421606808528399, 33.513268641590166], [-6.419091525732864, 33.51641274508459], [-6.417115232107801, 33.51335847311858], [-6.440253116164546, 33.50284818429438], [-6.434812043204956, 33.50733976071498], [-6.438661571297535, 33.50716009765816]], [[-6.42259495534093, 33.51237032630605], [-6.422325460755695, 33.51237032630605], [-6.422325460755695, 33.51263982089128], [-6.42259495534093, 33.51263982089128], [-6.42259495534093, 33.51237032630605]], [[-6.4240322597955215, 33.51075335879463], [-6.424122091323934, 33.511112684908284], [-6.425020406608053, 33.51093302185146], [-6.425110238136465, 33.51030420115257], [-6.4240322597955215, 33.51075335879463]], [[-6.431218782068478, 33.5142567884027], [-6.431039119011654, 33.513717799232225], [-6.430589961369594, 33.51389746228905], [-6.430230635255946, 33.514436451459524], [-6.431218782068478, 33.5142567884027]], [[-6.432386591937833, 33.50769908682862], [-6.431218782068478, 33.51003470656734], [-6.432656086523069, 33.50931605434004], [-6.433464570278777, 33.50814824447069], [-6.432386591937833, 33.50769908682862]], [[-6.431757771238949, 33.52979764281797], [-6.43130861359689, 33.52988747434638], [-6.431488276653714, 33.53042646351685], [-6.431937434295773, 33.53051629504526], [-6.431757771238949, 33.52979764281797]]], [[[-6.306083462990628, 33.52791118072132], [-6.301412223513207, 33.53033663198844], [-6.305095316178097, 33.530695958102086], [-6.309586892598695, 33.52764168613608], [-6.312102175394229, 33.5218026367893], [-6.307341104388396, 33.52171280526089], [-6.312641164564701, 33.519467017050594], [-6.308688577314575, 33.51219066324922], [-6.300783402814323, 33.50958554892528], [-6.29790879390514, 33.50671094001609], [-6.298896940717673, 33.50473464639103], [-6.2953036795811945, 33.50338717346485], [-6.301681718098443, 33.502578689709146], [-6.304107169365565, 33.49979391232837], [-6.303747843251918, 33.50545329861833], [-6.309137734956635, 33.50644144543086], [-6.3103953763544025, 33.50931605434004], [-6.308149588144103, 33.51003470656734], [-6.315964931115944, 33.51749072342553], [-6.314347963604528, 33.51847887023806], [-6.316324257229591, 33.520904321505185], [-6.308059756615691, 33.53419938771015], [-6.310125881769166, 33.535187534522684], [-6.309407229541871, 33.53312140936921], [-6.311653017752169, 33.5307857896305], [-6.317132740985299, 33.532582420198736], [-6.312192006922642, 33.53321124089762], [-6.310485207882814, 33.53653500744886], [-6.311922512337405, 33.540218100113755], [-6.3066224521611005, 33.540667257755814], [-6.305993631462217, 33.53788248037504], [-6.303298685609858, 33.538062143431866], [-6.295752837223254, 33.5488419268413], [-6.301412223513207, 33.55647760675632], [-6.305364810763333, 33.55171653575048], [-6.311114028581698, 33.55135720963683], [-6.316144594172767, 33.56348446597245], [-6.315515773473884, 33.556657269813144], [-6.318210719326242, 33.55171653575048], [-6.316414088758003, 33.547314790858294], [-6.319827686837657, 33.548302937670826], [-6.318570045439889, 33.55153687269366], [-6.321624317405896, 33.554501313131254], [-6.329080334264088, 33.55135720963683], [-6.330337975661855, 33.55324367173348], [-6.326744714525377, 33.55719625898361], [-6.323061621860488, 33.55575895452902], [-6.325217578542374, 33.55836406885297], [-6.321534485877484, 33.55863356343821], [-6.320995496707012, 33.5608793516485], [-6.3250379154855505, 33.566898064052104], [-6.321175159763836, 33.56698789558052], [-6.320905665178601, 33.570491325188584], [-6.315695436530707, 33.5743540809103], [-6.3165937518148265, 33.57273711339888], [-6.318839540025126, 33.57085065130223], [-6.317761561684183, 33.5691438522624], [-6.320097181422893, 33.56905402073399], [-6.31075470246805, 33.56366412902927], [-6.311922512337405, 33.55854373190979], [-6.310934365524874, 33.55539962841537], [-6.310036050240754, 33.559262384137085], [-6.308239419672516, 33.55917255260867], [-6.308059756615691, 33.554052155489195], [-6.299974919058616, 33.56105901470533], [-6.291351092331069, 33.554231818546015], [-6.296112163336902, 33.55432165007443], [-6.294674858882311, 33.545428328761645], [-6.298717277660849, 33.53958927941487], [-6.293596880541367, 33.53824180648869], [-6.29925626683132, 33.538062143431866], [-6.300154582115439, 33.54012826858534], [-6.301771549626855, 33.53653500744886], [-6.299974919058616, 33.528270506834964], [-6.304376663950801, 33.52530606639737], [-6.306083462990628, 33.52791118072132]], [[-6.304556327007625, 33.52746202307925], [-6.303298685609858, 33.52728236002243], [-6.30338851713827, 33.52764168613608], [-6.304017337837154, 33.527821349192905], [-6.304556327007625, 33.52746202307925]], [[-6.307700430502043, 33.50931605434004], [-6.307700430502043, 33.50904655975481], [-6.307341104388396, 33.50904655975481], [-6.307341104388396, 33.50931605434004], [-6.307700430502043, 33.50931605434004]], [[-6.3094970610702825, 33.5368045020341], [-6.3094970610702825, 33.53653500744886], [-6.308688577314575, 33.53653500744886], [-6.308688577314575, 33.5368045020341], [-6.3094970610702825, 33.5368045020341]], [[-6.31075470246805, 33.53240275714191], [-6.31075470246805, 33.533480735482854], [-6.311024197053285, 33.533480735482854], [-6.31120386011011, 33.53267225172715], [-6.31075470246805, 33.53240275714191]], [[-6.318480213911478, 33.55674710134155], [-6.318480213911478, 33.55647760675632], [-6.31812088779783, 33.55647760675632], [-6.31812088779783, 33.55674710134155], [-6.318480213911478, 33.55674710134155]], [[-6.325846399241258, 33.55459114465967], [-6.327014209110613, 33.554501313131254], [-6.32683454605379, 33.55369282937554], [-6.32593623076967, 33.55396232396078], [-6.325846399241258, 33.55459114465967]]], [[[-6.382350430612376, 33.5691438522624], [-6.38531487104997, 33.56851503156352], [-6.38486571340791, 33.5615980038758], [-6.382350430612376, 33.5631251398588], [-6.3807334631009605, 33.56150817234739], [-6.382709756726023, 33.56402345514292], [-6.380913126157784, 33.56483193889863], [-6.377353638283804, 33.56366412902927], [-6.380823294629373, 33.55387249243237], [-6.378128348777015, 33.55584878605743], [-6.378577506419074, 33.55836406885297], [-6.377679191134955, 33.560520025534856], [-6.376152055151951, 33.56168783540421], [-6.37884700100431, 33.55342333479031], [-6.377589359606542, 33.5510877150516], [-6.37471475069736, 33.555219965358546], [-6.37381643541324, 33.54991990518224], [-6.3721096363734135, 33.55072838893795], [-6.372648625543885, 33.56043019400644], [-6.368785869822171, 33.55701659592679], [-6.3712113210892936, 33.55602844911426], [-6.371301152617706, 33.55027923129589], [-6.368875701350583, 33.54965041059701], [-6.369235027464231, 33.55432165007443], [-6.367168902310756, 33.55144704116525], [-6.368067217594875, 33.554052155489195], [-6.367438396895992, 33.555219965358546], [-6.363182784481697, 33.54821310614242], [-6.367438396895992, 33.546416475574176], [-6.37884700100431, 33.547135127801475], [-6.382170767555552, 33.55162670422207], [-6.3825300936691995, 33.55746575356885], [-6.391782741095631, 33.55836406885297], [-6.388458974544388, 33.56222682457468], [-6.387830153845505, 33.558274237324554], [-6.386033523277266, 33.55836406885297], [-6.387380996203445, 33.56590991723957], [-6.386572512447738, 33.567616716279396], [-6.385584365635206, 33.5653709280691], [-6.386033523277266, 33.56842520003511], [-6.3849555449363224, 33.56968284143287], [-6.382350430612376, 33.5691438522624]], [[-6.368246880651699, 33.549470747540184], [-6.368606206765347, 33.54938091601177], [-6.368606206765347, 33.54893175836971], [-6.368157049123288, 33.54893175836971], [-6.368246880651699, 33.549470747540184]], [[-6.370133342748351, 33.548302937670826], [-6.369774016634702, 33.548302937670826], [-6.369774016634702, 33.54929108448336], [-6.370762163447234, 33.54938091601177], [-6.370133342748351, 33.548302937670826]], [[-6.376780875850835, 33.54929108448336], [-6.376511381265599, 33.54929108448336], [-6.376511381265599, 33.550458894352715], [-6.376780875850835, 33.550458894352715], [-6.376780875850835, 33.54929108448336]], [[-6.380374136987313, 33.55252501950619], [-6.379296158646369, 33.55099788352319], [-6.379026664061134, 33.551896198807306], [-6.379745316288429, 33.55270468256301], [-6.380374136987313, 33.55252501950619]], [[-6.383967398123791, 33.5593522156655], [-6.385584365635206, 33.559262384137085], [-6.385135207993146, 33.55890305802344], [-6.383967398123791, 33.55899288955185], [-6.383967398123791, 33.5593522156655]], [[-6.389267458300096, 33.559262384137085], [-6.389267458300096, 33.55872339496661], [-6.388908132186448, 33.55890305802344], [-6.388818300658037, 33.559262384137085], [-6.389267458300096, 33.559262384137085]]], [[[-6.353784004577375, 33.581181277069604], [-6.3481246182874225, 33.57767784746154], [-6.352526363179607, 33.58270841305261], [-6.347316134531715, 33.58513386431973], [-6.34803478675901, 33.58243891846737], [-6.342375400469058, 33.58252874999578], [-6.337255003349576, 33.57911515191613], [-6.345429672435063, 33.575162564666], [-6.343812704923648, 33.5706709882454], [-6.346058493133947, 33.56483193889863], [-6.344890683264592, 33.56626924335322], [-6.343094052696353, 33.56258615068833], [-6.342465231997469, 33.56671840099528], [-6.338961802389403, 33.5593522156655], [-6.344172031037296, 33.555669123000605], [-6.340309275315582, 33.55495047077331], [-6.347040344717789, 33.55324367173348], [-6.350461118097616, 33.55802902111369], [-6.3514483848386645, 33.560520025534856], [-6.34848394440107, 33.56177766693262], [-6.3525064935504805, 33.5629191783573], [-6.3518749611887015, 33.57757222989361], [-6.353784004577375, 33.581181277069604]], [[-6.34111775907129, 33.57956430955819], [-6.34111775907129, 33.57848633121724], [-6.340399106843995, 33.57866599427407], [-6.339770286145111, 33.57938464650137], [-6.34111775907129, 33.57956430955819]], [[-6.342375400469058, 33.56150817234739], [-6.3434533788100005, 33.561148846233735], [-6.343722873395237, 33.55899288955185], [-6.342375400469058, 33.559082721080266], [-6.342375400469058, 33.56150817234739]], [[-6.344082199508884, 33.580911782484364], [-6.345968661605536, 33.58109144554119], [-6.345878830077123, 33.58055245637072], [-6.344172031037296, 33.58055245637072], [-6.344082199508884, 33.580911782484364]], [[-6.344711020207768, 33.56294547680198], [-6.345878830077123, 33.56339463444404], [-6.345429672435063, 33.56105901470533], [-6.344890683264592, 33.559711541779144], [-6.344711020207768, 33.56294547680198]], [[-6.34758562911695, 33.57695919523424], [-6.347136471474891, 33.57606087995012], [-6.346866976889655, 33.573545597154585], [-6.346148324662359, 33.57543205925124], [-6.34758562911695, 33.57695919523424]], [[-6.346866976889655, 33.5713896404727], [-6.346597482304419, 33.5713896404727], [-6.346597482304419, 33.57183879811476], [-6.346956808418067, 33.57174896658635], [-6.346866976889655, 33.5713896404727]], [[-6.347316134531715, 33.57300660798411], [-6.348214449815834, 33.57273711339888], [-6.347765292173774, 33.572108292699994], [-6.3472263030033025, 33.57201846117158], [-6.347316134531715, 33.57300660798411]], [[-6.3518975424807245, 33.578127005103596], [-6.351538216367076, 33.578127005103596], [-6.351538216367076, 33.578396499688836], [-6.3518975424807245, 33.578396499688836], [-6.3518975424807245, 33.578127005103596]]], [[[-6.435530695432251, 33.5939373541041], [-6.435620526960664, 33.59663229995646], [-6.439213788097142, 33.59780010982581], [-6.44882576163722, 33.59375769104727], [-6.459156387404595, 33.58082195095596], [-6.456461441552237, 33.587828810172084], [-6.461851333256954, 33.58989493532556], [-6.4531376750009946, 33.59034409296762], [-6.44738845718263, 33.59681196301328], [-6.453586832643054, 33.59851876205311], [-6.446579973426922, 33.599327245808816], [-6.444154522159799, 33.59753061524058], [-6.435710358489075, 33.606513768081776], [-6.449454582336104, 33.61307146965584], [-6.447657951767865, 33.6194495081731], [-6.444154522159799, 33.622683443195925], [-6.437417157528903, 33.622234285553866], [-6.437506989057314, 33.61819186677533], [-6.433105244165128, 33.616754562320736], [-6.443615532989327, 33.61208332284331], [-6.441100250193792, 33.610286692275075], [-6.434273054034485, 33.612442648956964], [-6.430230635255946, 33.61630540467868], [-6.430949287483242, 33.61855119288897], [-6.42807467857406, 33.6194495081731], [-6.426996700233116, 33.61738338301962], [-6.422684786869342, 33.62088681262769], [-6.426817037176292, 33.618910519002625], [-6.426637374119468, 33.624569905292574], [-6.430050972199123, 33.620527486514035], [-6.431847602767362, 33.623402095423224], [-6.429691646085475, 33.62681569350288], [-6.433105244165128, 33.62573771516193], [-6.428972993858179, 33.63211575367918], [-6.429511983028651, 33.636068340929306], [-6.425828890363761, 33.6390327813669], [-6.425469564250113, 33.643434526259085], [-6.42996114067071, 33.63894294983849], [-6.432656086523069, 33.64172772721926], [-6.421067819357927, 33.64756677656604], [-6.434812043204956, 33.64379385237273], [-6.43409339097766, 33.6495430701911], [-6.437057831415255, 33.64666846128192], [-6.436518842244783, 33.65008205936157], [-6.433015412636717, 33.652238016043455], [-6.436518842244783, 33.65259734215711], [-6.428972993858179, 33.659334706788], [-6.440291766438085, 33.6533159943844], [-6.4428968807620315, 33.64774643962286], [-6.4358001900174875, 33.64334469473067], [-6.441369744779029, 33.64091924346355], [-6.443615532989327, 33.636966656213424], [-6.44693929954057, 33.64621930363985], [-6.449185087750868, 33.64684812433874], [-6.441190081722205, 33.653944815083285], [-6.443615532989327, 33.653944815083285], [-6.441998565477912, 33.65574144565152], [-6.442268060063148, 33.65672959246405], [-6.439213788097142, 33.65924487525959], [-6.436339179187959, 33.657987233861824], [-6.433823896392425, 33.660861842771006], [-6.438405304341434, 33.659424538316415], [-6.437147662943667, 33.6615804949983], [-6.437596820585727, 33.662299147225596], [-6.448286772466749, 33.6570889185777], [-6.445591826614391, 33.66050251665736], [-6.452239359716875, 33.658975380674356], [-6.430140803727534, 33.666521229060955], [-6.427806455745999, 33.664634766964305], [-6.430500129841183, 33.66337712556654], [-6.426879319555057, 33.66373645168019], [-6.420600304839273, 33.65469790486475], [-6.42304411298299, 33.65385498355487], [-6.422864449926166, 33.651070206174104], [-6.417330253101225, 33.64945323866269], [-6.403240795747986, 33.632475079792826], [-6.404898144243776, 33.630768280753], [-6.4018438722777695, 33.63081028914783], [-6.405886291056308, 33.62825299795747], [-6.405796459527895, 33.630588617696176], [-6.408221910795018, 33.631037775338235], [-6.407952416209782, 33.62654619891764], [-6.402472692976653, 33.62879198712794], [-6.397801453499231, 33.62479189236281], [-6.4022930299198295, 33.623402095423224], [-6.399777747124294, 33.623402095423224], [-6.4018438722777695, 33.62178512791181], [-6.400765893936826, 33.61828169830374], [-6.411725340403084, 33.61450877411044], [-6.409928709834845, 33.61226298590014], [-6.402921850618712, 33.61711388843438], [-6.400226904766354, 33.61585624703662], [-6.406874437868839, 33.60902905087731], [-6.399687915595883, 33.61208332284331], [-6.398969263368587, 33.60579511585448], [-6.394726110056639, 33.604627305985126], [-6.396716245647286, 33.594991985354554], [-6.3942248865862865, 33.58746948405844], [-6.40004724170953, 33.58728982100162], [-6.401304883107298, 33.585762685018615], [-6.393938697777518, 33.58612201113226], [-6.393587175434882, 33.58603217960385], [-6.39223189873769, 33.58468470667767], [-6.398430274198115, 33.58198976082531], [-6.397442127385584, 33.578845657330895], [-6.399777747124294, 33.581181277069604], [-6.404987975772188, 33.581720266240076], [-6.402562524505065, 33.57992363567183], [-6.406694774812015, 33.57722868981948], [-6.400586230880002, 33.578845657330895], [-6.395465833760521, 33.57489307008077], [-6.3968133066867, 33.57677953217742], [-6.393220045550222, 33.578127005103596], [-6.39034543664104, 33.57651003759218], [-6.394567518476402, 33.573545597154585], [-6.389087795243272, 33.57300660798411], [-6.390614931226276, 33.57552189077965], [-6.386577059815873, 33.57642020606377], [-6.384057229652203, 33.57219812422841], [-6.387111501618209, 33.57174896658635], [-6.388099648430741, 33.56743705322258], [-6.393489540135458, 33.5646522758418], [-6.392501393322926, 33.56150817234739], [-6.395016676118461, 33.561418340818975], [-6.3953760022321084, 33.5653709280691], [-6.39726246432876, 33.564292949728156], [-6.3951963391752855, 33.55719625898361], [-6.390165773584216, 33.55575895452902], [-6.3933997086070455, 33.55396232396078], [-6.395914991402581, 33.55629794369949], [-6.395286170703697, 33.55315384020508], [-6.397531958913996, 33.55324367173348], [-6.39959808406747, 33.55414198701761], [-6.397981116556055, 33.555938617585845], [-6.401215051578886, 33.55477080771649], [-6.405526964942659, 33.556657269813144], [-6.406155785641543, 33.5601606994212], [-6.408581236908666, 33.559711541779144], [-6.408850731493902, 33.56249631915992], [-6.404987975772188, 33.56258615068833], [-6.403281176732361, 33.565191265012274], [-6.413971128613383, 33.56492177042704], [-6.407233763982487, 33.56635907488163], [-6.406425280226779, 33.56815570544987], [-6.408671068437078, 33.56842520003511], [-6.404898144243776, 33.568784526148754], [-6.405437133414248, 33.57085065130223], [-6.414510117783855, 33.57776767898995], [-6.42304411298299, 33.57642020606377], [-6.423223776039814, 33.57920498344454], [-6.418372873505569, 33.58019313025707], [-6.417294895164625, 33.582618581524194], [-6.425469564250113, 33.57974397261501], [-6.426098384948997, 33.57561172230806], [-6.428434004687707, 33.584774538206084], [-6.428523836216119, 33.57749818440471], [-6.434183222506072, 33.576689700649005], [-6.430320466784359, 33.5743540809103], [-6.431039119011654, 33.57219812422841], [-6.433464570278777, 33.57040149366017], [-6.432206928881009, 33.572916776455706], [-6.433734064864012, 33.573545597154585], [-6.436698505301607, 33.56842520003511], [-6.43409339097766, 33.57013199907493], [-6.43409339097766, 33.56743705322258], [-6.438584967398258, 33.567077727108924], [-6.439662945739201, 33.565460759597514], [-6.432386591937833, 33.56483193889863], [-6.4324764234662455, 33.5691438522624], [-6.427625520932, 33.573815091739824], [-6.426278048005821, 33.56905402073399], [-6.428523836216119, 33.56815570544987], [-6.422774618397755, 33.56752688475099], [-6.424122091323934, 33.566628569466864], [-6.421876303113635, 33.56582008571116], [-6.427895015517236, 33.561418340818975], [-6.425200069664877, 33.561867498461034], [-6.423762765210286, 33.5615980038758], [-6.428434004687707, 33.55944204719391], [-6.430140803727534, 33.55674710134155], [-6.426906868704704, 33.55980137330756], [-6.424661080494405, 33.559082721080266], [-6.424391585909169, 33.55324367173348], [-6.422055966170459, 33.5533335032619], [-6.420977987829516, 33.54821310614242], [-6.418283041977157, 33.54983007365383], [-6.417115232107801, 33.54803344308559], [-6.416755905994154, 33.55081822046636], [-6.4160372537668575, 33.549021589898125], [-6.421606808528399, 33.54192489915358], [-6.424840743551229, 33.54408085583547], [-6.4240322597955215, 33.547763948500354], [-6.427625520932, 33.54291304596611], [-6.427535689403587, 33.54767411697195], [-6.425918721892173, 33.54991990518224], [-6.424750912022818, 33.54848260072765], [-6.4249305750796415, 33.55081822046636], [-6.426906868704704, 33.55054872588113], [-6.429152656915003, 33.545248665704825], [-6.43085945595483, 33.547584285443534], [-6.441397645313718, 33.54075708928423], [-6.454921258072337, 33.5653709280691], [-6.448735930108809, 33.56941334684764], [-6.447837614824689, 33.57174896658635], [-6.450352897620224, 33.573545597154585], [-6.444873174387094, 33.573096439512526], [-6.442717217705208, 33.57561172230806], [-6.443885027574563, 33.57848633121724], [-6.436878168358431, 33.580732119427545], [-6.437057831415255, 33.58836779934256], [-6.439932440324437, 33.59088308213809], [-6.435530695432251, 33.5939373541041]], [[-6.42394242826711, 33.65547195106629], [-6.425559395778524, 33.65457363578217], [-6.425110238136465, 33.6533159943844], [-6.42304411298299, 33.65385498355487], [-6.42394242826711, 33.65547195106629]], [[-6.388369143015977, 33.57174896658635], [-6.388369143015977, 33.571479472001116], [-6.388099648430741, 33.571479472001116], [-6.388099648430741, 33.57174896658635], [-6.388369143015977, 33.57174896658635]], [[-6.3905250996978635, 33.56743705322258], [-6.389626784413744, 33.567077727108924], [-6.388908132186448, 33.570221830603344], [-6.390435268169451, 33.56950317837605], [-6.3905250996978635, 33.56743705322258]], [[-6.391243751925159, 33.57031166213176], [-6.3933997086070455, 33.571209977415876], [-6.393489540135458, 33.57040149366017], [-6.39223189873769, 33.5698625044897], [-6.391243751925159, 33.57031166213176]], [[-6.392770887908163, 33.56680823252369], [-6.394387855419577, 33.568065873921455], [-6.394387855419577, 33.56680823252369], [-6.393759034720694, 33.56626924335322], [-6.392770887908163, 33.56680823252369]], [[-6.39313021402181, 33.584774538206084], [-6.393220045550222, 33.58558302196179], [-6.394028529305929, 33.58513386431973], [-6.393669203192282, 33.58468470667767], [-6.39313021402181, 33.584774538206084]], [[-6.39357937166387, 33.57031166213176], [-6.395106507646873, 33.57013199907493], [-6.394926844590049, 33.56959300990446], [-6.3938488662491055, 33.56950317837605], [-6.39357937166387, 33.57031166213176]], [[-6.393938697777518, 33.56222682457468], [-6.3938488662491055, 33.56267598221674], [-6.3942980238911655, 33.56276581374515], [-6.394387855419577, 33.56231665610309], [-6.393938697777518, 33.56222682457468]], [[-6.400226904766354, 33.58243891846737], [-6.394926844590049, 33.584325380564024], [-6.396723475158288, 33.58441521209243], [-6.398789600311763, 33.58333723375149], [-6.400226904766354, 33.58243891846737]], [[-6.396184485987817, 33.5706709882454], [-6.394926844590049, 33.572647281870466], [-6.396723475158288, 33.57246761881365], [-6.39726246432876, 33.57183879811476], [-6.396184485987817, 33.5706709882454]], [[-6.397172632800348, 33.56797604239305], [-6.395735328345757, 33.56716755863734], [-6.398430274198115, 33.57129980894429], [-6.3980709480844675, 33.569772672961285], [-6.397172632800348, 33.56797604239305]], [[-6.396543812101465, 33.56564042265433], [-6.396543812101465, 33.56608958029639], [-6.396992969743524, 33.56608958029639], [-6.3968133066867, 33.56564042265433], [-6.396543812101465, 33.56564042265433]], [[-6.39771162197082, 33.559082721080266], [-6.396543812101465, 33.55773524815408], [-6.397981116556055, 33.56294547680198], [-6.3985201057265275, 33.56132850929056], [-6.39771162197082, 33.559082721080266]], [[-6.398789600311763, 33.566448906410045], [-6.397082801271936, 33.56626924335322], [-6.4018438722777695, 33.569323515319226], [-6.4013947146357095, 33.56815570544987], [-6.398789600311763, 33.566448906410045]], [[-6.398699768783351, 33.55899288955185], [-6.399148926425411, 33.559981036364384], [-6.399687915595883, 33.55944204719391], [-6.399328589482235, 33.558094574267734], [-6.398699768783351, 33.55899288955185]], [[-6.403101513675537, 33.565460759597514], [-6.398789600311763, 33.56492177042704], [-6.400676062408414, 33.56698789558052], [-6.4018438722777695, 33.56626924335322], [-6.403101513675537, 33.565460759597514]], [[-6.399777747124294, 33.57686936370583], [-6.400406567823178, 33.576689700649005], [-6.400137073237943, 33.57561172230806], [-6.399238757953823, 33.576240543006946], [-6.399777747124294, 33.57686936370583]], [[-6.405257470357424, 33.56231665610309], [-6.4056167964710715, 33.56060985706327], [-6.399957410181118, 33.562136993046266], [-6.4027421875618895, 33.56294547680198], [-6.405257470357424, 33.56231665610309]], [[-6.403460839789185, 33.55728609051202], [-6.401574377692533, 33.55629794369949], [-6.400406567823178, 33.55944204719391], [-6.403011682147125, 33.55872339496661], [-6.403460839789185, 33.55728609051202]], [[-6.400676062408414, 33.625558052105106], [-6.400676062408414, 33.62609704127558], [-6.4013947146357095, 33.62609704127558], [-6.401484546164122, 33.625558052105106], [-6.400676062408414, 33.625558052105106]], [[-6.400765893936826, 33.56105901470533], [-6.401933703806181, 33.56123867776215], [-6.4018438722777695, 33.56034036247803], [-6.401304883107298, 33.560520025534856], [-6.400765893936826, 33.56105901470533]], [[-6.4018438722777695, 33.60965787157619], [-6.401035388522062, 33.60992736616143], [-6.401035388522062, 33.61019686074666], [-6.401933703806181, 33.61019686074666], [-6.4018438722777695, 33.60965787157619]], [[-6.40876089996549, 33.57390492326824], [-6.401484546164122, 33.57408458632506], [-6.404089660488069, 33.57659986912059], [-6.407952416209782, 33.57561172230806], [-6.40876089996549, 33.57390492326824]], [[-6.402652356033477, 33.62537838904829], [-6.403101513675537, 33.62465973682099], [-6.401754040749357, 33.624569905292574], [-6.401574377692533, 33.62528855751987], [-6.402652356033477, 33.62537838904829]], [[-6.4056167964710715, 33.61208332284331], [-6.407593090096134, 33.61064601838872], [-6.4050778073006, 33.611274839087606], [-6.402023535334593, 33.61513759480932], [-6.403550671317596, 33.61459860563885], [-6.4056167964710715, 33.61208332284331]], [[-6.402472692976653, 33.57076081977382], [-6.402472692976653, 33.57103031435905], [-6.404538818130128, 33.57094048283064], [-6.403640502846009, 33.570221830603344], [-6.402472692976653, 33.57076081977382]], [[-6.403550671317596, 33.62430041070734], [-6.403550671317596, 33.623941084593696], [-6.403191345203949, 33.6240309161221], [-6.403191345203949, 33.624390242235755], [-6.403550671317596, 33.62430041070734]], [[-6.4050778073006, 33.57345576562618], [-6.406155785641543, 33.57372526021141], [-6.406245617169955, 33.572647281870466], [-6.405437133414248, 33.57282694492729], [-6.4050778073006, 33.57345576562618]], [[-6.405976122584719, 33.56680823252369], [-6.405976122584719, 33.56653873793846], [-6.4056167964710715, 33.56653873793846], [-6.4056167964710715, 33.56680823252369], [-6.405976122584719, 33.56680823252369]], [[-6.407233763982487, 33.579025320387714], [-6.406694774812015, 33.58064228789913], [-6.407503258567722, 33.58064228789913], [-6.407772753152958, 33.578845657330895], [-6.407233763982487, 33.579025320387714]], [[-6.407682921624547, 33.612622312013784], [-6.407682921624547, 33.61235281742855], [-6.407323595510898, 33.61226298590014], [-6.407233763982487, 33.612622312013784], [-6.407682921624547, 33.612622312013784]], [[-6.408221910795018, 33.611544333672846], [-6.408221910795018, 33.61190365978649], [-6.408671068437078, 33.61181382825808], [-6.408671068437078, 33.611544333672846], [-6.408221910795018, 33.611544333672846]], [[-6.4093897206643735, 33.57767784746154], [-6.409299889135961, 33.57731852134789], [-6.409030394550726, 33.57731852134789], [-6.409030394550726, 33.57776767898995], [-6.4093897206643735, 33.57767784746154]], [[-6.410288035948493, 33.60678326266701], [-6.410288035948493, 33.606513768081776], [-6.4098388783064335, 33.606513768081776], [-6.4098388783064335, 33.60678326266701], [-6.410288035948493, 33.60678326266701]], [[-6.414420286255443, 33.58684066335955], [-6.417833884335097, 33.58513386431973], [-6.418552536562393, 33.58324740222308], [-6.41657624293733, 33.58486436973449], [-6.411725340403084, 33.58306773916625], [-6.410018541363257, 33.5849542012629], [-6.410827025118965, 33.58755931558685], [-6.414420286255443, 33.58684066335955]], [[-6.411276182761025, 33.578576162745655], [-6.410557530533729, 33.580013467200246], [-6.415138938482738, 33.58100161401278], [-6.413521970971323, 33.57875582580248], [-6.411276182761025, 33.578576162745655]], [[-6.411455845817848, 33.60157303401912], [-6.411366014289436, 33.60310017000212], [-6.411725340403084, 33.60310017000212], [-6.41244399263038, 33.601483202490705], [-6.411455845817848, 33.60157303401912]], [[-6.4127134872156155, 33.61684439384915], [-6.4127134872156155, 33.61657489926391], [-6.411725340403084, 33.61657489926391], [-6.411725340403084, 33.61684439384915], [-6.4127134872156155, 33.61684439384915]], [[-6.413342307914499, 33.588816956984616], [-6.411815171931496, 33.5901644299108], [-6.412533824158792, 33.59043392449603], [-6.414330454727031, 33.58971527226874], [-6.413342307914499, 33.588816956984616]], [[-6.416755905994154, 33.59070341908127], [-6.416306748352094, 33.59079325060968], [-6.416306748352094, 33.591242408251745], [-6.416755905994154, 33.59115257672333], [-6.416755905994154, 33.59070341908127]], [[-6.414869443897502, 33.59205089200745], [-6.413521970971323, 33.59151190283698], [-6.412623655687204, 33.59187122895062], [-6.415049106954326, 33.59294920729157], [-6.416306748352094, 33.591242408251745], [-6.414869443897502, 33.59205089200745]], [[-6.413432139442912, 33.64100907499196], [-6.413432139442912, 33.64073958040673], [-6.4131626448576755, 33.64073958040673], [-6.4131626448576755, 33.64100907499196], [-6.413432139442912, 33.64100907499196]], [[-6.413971128613383, 33.60202219166118], [-6.415138938482738, 33.60184252860435], [-6.415138938482738, 33.60157303401912], [-6.414330454727031, 33.601213707905465], [-6.413971128613383, 33.60202219166118]], [[-6.416666074465741, 33.58926611462668], [-6.416666074465741, 33.58899662004144], [-6.416306748352094, 33.58899662004144], [-6.416306748352094, 33.58926611462668], [-6.416666074465741, 33.58926611462668]], [[-6.41657624293733, 33.58639150571749], [-6.4164864114089175, 33.58684066335955], [-6.419720346431748, 33.58702032641638], [-6.420349167130632, 33.58585251654702], [-6.41657624293733, 33.58639150571749]], [[-6.421067819357927, 33.58243891846737], [-6.421067819357927, 33.58270841305261], [-6.421696640056811, 33.58270841305261], [-6.421427145471575, 33.58243891846737], [-6.421067819357927, 33.58243891846737]], [[-6.421516976999987, 33.61837152983215], [-6.4211576508863395, 33.61926984511627], [-6.421876303113635, 33.61926984511627], [-6.421876303113635, 33.6187308559458], [-6.421516976999987, 33.61837152983215]], [[-6.422055966170459, 33.63588867787248], [-6.421876303113635, 33.63534968870201], [-6.421606808528399, 33.63534968870201], [-6.421516976999987, 33.63615817245772], [-6.422055966170459, 33.63588867787248]], [[-6.422415292284106, 33.60570528432606], [-6.422774618397755, 33.604088316814654], [-6.421516976999987, 33.60929854546254], [-6.422505123812519, 33.60678326266701], [-6.422415292284106, 33.60570528432606]], [[-6.422145797698871, 33.655112624952636], [-6.422145797698871, 33.654843130367404], [-6.421606808528399, 33.65475329883899], [-6.421606808528399, 33.65520245648105], [-6.422145797698871, 33.655112624952636]], [[-6.425289901193289, 33.64082941193514], [-6.425379732721701, 33.63993109665102], [-6.421876303113635, 33.64424301001479], [-6.4235831021534615, 33.643434526259085], [-6.425289901193289, 33.64082941193514]], [[-6.422505123812519, 33.634181878832656], [-6.422145797698871, 33.6352598571736], [-6.42349327062505, 33.634361541889476], [-6.42304411298299, 33.63409204730424], [-6.422505123812519, 33.634181878832656]], [[-6.42349327062505, 33.55063855740954], [-6.42349327062505, 33.54938091601177], [-6.423133944511402, 33.5495605790686], [-6.423133944511402, 33.55072838893795], [-6.42349327062505, 33.55063855740954]], [[-6.425649227306937, 33.55252501950619], [-6.424661080494405, 33.554680976188074], [-6.426367879534232, 33.55432165007443], [-6.426278048005821, 33.55387249243237], [-6.425649227306937, 33.55252501950619]], [[-6.424840743551229, 33.58288807610943], [-6.426008553420584, 33.58486436973449], [-6.426188216477408, 33.58163043471166], [-6.425379732721701, 33.581450771654836], [-6.424840743551229, 33.58288807610943]], [[-6.426637374119468, 33.62133597026975], [-6.4249305750796415, 33.623402095423224], [-6.425828890363761, 33.623132600837984], [-6.426188216477408, 33.62196479096863], [-6.426637374119468, 33.62133597026975]], [[-6.426547542591056, 33.63481069953154], [-6.425649227306937, 33.63669716162819], [-6.426817037176292, 33.63597850940089], [-6.426996700233116, 33.63543952023042], [-6.426547542591056, 33.63481069953154]], [[-6.425649227306937, 33.65475329883899], [-6.426008553420584, 33.65762790774817], [-6.426996700233116, 33.657538076219765], [-6.427266194818352, 33.655382119537876], [-6.425649227306937, 33.65475329883899]], [[-6.426727205647881, 33.55441148160284], [-6.428523836216119, 33.555219965358546], [-6.4287034992729435, 33.552345356449365], [-6.427895015517236, 33.55198603033572], [-6.426727205647881, 33.55441148160284]], [[-6.427086531761528, 33.651070206174104], [-6.427445857875176, 33.65241767910028], [-6.428344173159296, 33.65196852145822], [-6.42807467857406, 33.65133970075934], [-6.427086531761528, 33.651070206174104]], [[-6.427445857875176, 33.625827546690346], [-6.427445857875176, 33.62780384031541], [-6.429242488443415, 33.62789367184382], [-6.428523836216119, 33.626276704332405], [-6.427445857875176, 33.625827546690346]], [[-6.427984847045647, 33.57094048283064], [-6.429242488443415, 33.571209977415876], [-6.429511983028651, 33.56959300990446], [-6.428793330801355, 33.570221830603344], [-6.427984847045647, 33.57094048283064]], [[-6.428164510102471, 33.63570901481566], [-6.4282543416308835, 33.63624800398613], [-6.4287034992729435, 33.63615817245772], [-6.4287034992729435, 33.63570901481566], [-6.428164510102471, 33.63570901481566]], [[-6.42996114067071, 33.56743705322258], [-6.429691646085475, 33.56941334684764], [-6.430140803727534, 33.569323515319226], [-6.430679792898006, 33.568335368506695], [-6.42996114067071, 33.56743705322258]], [[-6.429781477613886, 33.55459114465967], [-6.430230635255946, 33.55477080771649], [-6.430320466784359, 33.55387249243237], [-6.429781477613886, 33.55387249243237], [-6.429781477613886, 33.55459114465967]], [[-6.433464570278777, 33.663197462509714], [-6.433554401807188, 33.66140083194148], [-6.430949287483242, 33.664455103907486], [-6.432835749579893, 33.66391611473701], [-6.433464570278777, 33.663197462509714]], [[-6.433913727920836, 33.552345356449365], [-6.431488276653714, 33.55414198701761], [-6.431847602767362, 33.554231818546015], [-6.433105244165128, 33.55351316631872], [-6.433913727920836, 33.552345356449365]], [[-6.434273054034485, 33.59133223978015], [-6.434273054034485, 33.58980510379715], [-6.433284907221953, 33.58989493532556], [-6.433195075693541, 33.59115257672333], [-6.434273054034485, 33.59133223978015]], [[-6.434362885562896, 33.54677580168782], [-6.434362885562896, 33.546416475574176], [-6.43409339097766, 33.546416475574176], [-6.43409339097766, 33.54677580168782], [-6.434362885562896, 33.54677580168782]], [[-6.436518842244783, 33.5488419268413], [-6.435979853074311, 33.549470747540184], [-6.437596820585727, 33.55027923129589], [-6.437237494472079, 33.54911142142654], [-6.436518842244783, 33.5488419268413]], [[-6.436878168358431, 33.54578765487529], [-6.436518842244783, 33.545697823346885], [-6.436429010716371, 33.546685970159416], [-6.436788336830019, 33.546685970159416], [-6.436878168358431, 33.54578765487529]], [[-6.437506989057314, 33.54794361155718], [-6.437506989057314, 33.54839276919924], [-6.4400222718528495, 33.54866226378448], [-6.4395731142107895, 33.54794361155718], [-6.437506989057314, 33.54794361155718]], [[-6.439034125040318, 33.56438278125657], [-6.440112103381261, 33.56510143348386], [-6.440291766438085, 33.56294547680198], [-6.4395731142107895, 33.56294547680198], [-6.439034125040318, 33.56438278125657]], [[-6.440291766438085, 33.61855119288897], [-6.440201934909673, 33.6180122037185], [-6.439752777267613, 33.61819186677533], [-6.439842608796026, 33.6187308559458], [-6.440291766438085, 33.61855119288897]], [[-6.440201934909673, 33.65690925552088], [-6.440201934909673, 33.656549929407234], [-6.439752777267613, 33.656549929407234], [-6.439752777267613, 33.65681942399247], [-6.440201934909673, 33.65690925552088]], [[-6.441190081722205, 33.61756304607644], [-6.441190081722205, 33.617203719962795], [-6.440561261023321, 33.61738338301962], [-6.440651092551732, 33.61783254066168], [-6.441190081722205, 33.61756304607644]], [[-6.441190081722205, 33.62169529638339], [-6.441010418665381, 33.61989866581516], [-6.440651092551732, 33.6202579919288], [-6.440740924080145, 33.62196479096863], [-6.441190081722205, 33.62169529638339]], [[-6.441639239364264, 33.61630540467868], [-6.441369744779029, 33.61702405690597], [-6.442088397006324, 33.61684439384915], [-6.442268060063148, 33.61630540467868], [-6.441639239364264, 33.61630540467868]], [[-6.441998565477912, 33.567616716279396], [-6.441998565477912, 33.56734722169416], [-6.441549407835852, 33.56725739016575], [-6.44145957630744, 33.567616716279396], [-6.441998565477912, 33.567616716279396]], [[-6.441549407835852, 33.54327237207976], [-6.441549407835852, 33.54372152972182], [-6.4419087339495, 33.54363169819341], [-6.4419087339495, 33.54327237207976], [-6.441549407835852, 33.54327237207976]], [[-6.44235789159156, 33.66050251665736], [-6.442178228534736, 33.66095167429942], [-6.444334185216623, 33.661311000413065], [-6.443974859102975, 33.66041268512895], [-6.44235789159156, 33.66050251665736]], [[-6.44280704923362, 33.618461361360566], [-6.44280704923362, 33.61819186677533], [-6.4424477231199715, 33.61819186677533], [-6.4424477231199715, 33.618461361360566], [-6.44280704923362, 33.618461361360566]], [[-6.444334185216623, 33.61585624703662], [-6.445142668972331, 33.61468843716726], [-6.443615532989327, 33.6149579317525], [-6.442627386176795, 33.616215573150264], [-6.444334185216623, 33.61585624703662]], [[-6.444513848273447, 33.56231665610309], [-6.444064690631387, 33.56222682457468], [-6.443076543818855, 33.56447261278498], [-6.444783342858683, 33.56447261278498], [-6.444513848273447, 33.56231665610309]]], [[[-6.365282440214105, 33.709730194227106], [-6.35585012973085, 33.71637772732959], [-6.353784004577375, 33.72006081999448], [-6.349651754270425, 33.71961166235242], [-6.3514483848386645, 33.72086930375019], [-6.349112765099954, 33.72176761903431], [-6.351358553310252, 33.722576102790015], [-6.347495797588539, 33.72194728209113], [-6.3455973349549915, 33.724732059471904], [-6.338400232358334, 33.71529974898865], [-6.340309275315582, 33.714221770647704], [-6.34021944378717, 33.70793356365887], [-6.336626182650692, 33.713830472537445], [-6.326143883314852, 33.70455729268074], [-6.315568942909522, 33.700757425297304], [-6.30841908272934, 33.703966017326124], [-6.305993631462217, 33.70236400889733], [-6.309407229541871, 33.696614791078964], [-6.317402235570534, 33.693021529942484], [-6.318300550854654, 33.69697411719261], [-6.322881958803664, 33.697602937891496], [-6.323420947974135, 33.68933843727759], [-6.3254870731276105, 33.69472832898231], [-6.332943089985802, 33.69571647579484], [-6.3363566880654565, 33.70344198723827], [-6.3396804546166985, 33.69930973693132], [-6.337165171821164, 33.699040242346086], [-6.336626182650692, 33.70200468278368], [-6.336177025008633, 33.699669063044965], [-6.338063487105283, 33.696165633436905], [-6.345519503963476, 33.696614791078964], [-6.341656748241761, 33.69984872610179], [-6.342285568940645, 33.705148786278095], [-6.345160177849827, 33.70712507990316], [-6.342555063525881, 33.7111674986817], [-6.341477085184938, 33.70838272130093], [-6.341027927542878, 33.71179631938058], [-6.343543210338413, 33.71431160217612], [-6.353873836105787, 33.705148786278095], [-6.346597482304419, 33.70434030252239], [-6.349112765099954, 33.70254367195415], [-6.345609335491887, 33.70011822068703], [-6.349741585798837, 33.696165633436905], [-6.348394112872658, 33.688979111163945], [-6.346687313832831, 33.693740182169776], [-6.344711020207768, 33.69338085605613], [-6.346058493133947, 33.69095540478901], [-6.3456991670203, 33.68996725797648], [-6.3434533788100005, 33.69338085605613], [-6.341926242826998, 33.69194355160154], [-6.3374346664064, 33.693740182169776], [-6.33653635112228, 33.69176388854471], [-6.331595617059623, 33.69427917134025], [-6.324229431729843, 33.686823154482056], [-6.319558192252421, 33.687990964351414], [-6.319558192252421, 33.691135067845835], [-6.314886952775, 33.68888927963553], [-6.3141683005477045, 33.692752035357245], [-6.312281838451053, 33.69032658409012], [-6.3066224521611005, 33.6931113614709], [-6.303478348666681, 33.70002838915862], [-6.296651152507374, 33.70074704138591], [-6.301771549626855, 33.70119619902797], [-6.3059163637491835, 33.70487929169286], [-6.304735990064449, 33.70521905495194], [-6.297279973206257, 33.70389114488033], [-6.295483342638018, 33.70663465286507], [-6.292249407615188, 33.706610362782], [-6.293507049012955, 33.70416063946556], [-6.289195135649182, 33.70663893847859], [-6.2868595159104705, 33.70487929169286], [-6.27270497803523, 33.706495573671454], [-6.2666225705750875, 33.706012373758895], [-6.260758056420282, 33.70458011683258], [-6.256277625265061, 33.70272333501097], [-6.261706687955124, 33.69814192706197], [-6.253801513454873, 33.70141899872904], [-6.246076002011445, 33.69598597038008], [-6.24679465423874, 33.694009676755016], [-6.242931898517027, 33.69077574173218], [-6.233319924976947, 33.68601467072635], [-6.22837919091429, 33.67945696915228], [-6.2184977227889755, 33.67712134941357], [-6.210143390646664, 33.67173145770885], [-6.204394172828299, 33.676850303703496], [-6.191320945702958, 33.664889936146615], [-6.1803813612606735, 33.651788858401396], [-6.183553258236726, 33.64909391254904], [-6.179959997100248, 33.64568031446939], [-6.1860685410322604, 33.649363407134274], [-6.204214509771475, 33.63876328678167], [-6.205561982697654, 33.64091924346355], [-6.200441585578173, 33.64424301001479], [-6.2071789502090695, 33.64226671638973], [-6.2034060260157675, 33.644871830713676], [-6.205022993527182, 33.645320988355735], [-6.208706086192072, 33.64289553708861], [-6.209155243834132, 33.64451250460003], [-6.204124678243063, 33.64684812433874], [-6.209245075362544, 33.645320988355735], [-6.208975580777309, 33.64909391254904], [-6.2109518744023715, 33.64711761892398], [-6.215173956237733, 33.650800711588865], [-6.212119684271727, 33.655112624952636], [-6.216790923749148, 33.65376515202646], [-6.220024858771978, 33.650621048532045], [-6.209424738419368, 33.645141325298916], [-6.211131537459195, 33.64253621097497], [-6.2058314772828895, 33.631756427565534], [-6.178612524174069, 33.64190739027608], [-6.1794210079297756, 33.645320988355735], [-6.175966237843665, 33.64424301001479], [-6.174667459849723, 33.63858362372484], [-6.179690502515012, 33.64136840110561], [-6.190290622867622, 33.634361541889476], [-6.187236350901616, 33.63202592215077], [-6.180588817799132, 33.63283440590648], [-6.1798701655718355, 33.630858112281416], [-6.190110959810799, 33.63229541673601], [-6.199812764879289, 33.62762417725858], [-6.201160237805468, 33.62519872599146], [-6.197027987498519, 33.626007209747165], [-6.199812764879289, 33.62385125306528], [-6.206011140339713, 33.626276704332405], [-6.2067297925670095, 33.62232411708228], [-6.2100535591182515, 33.62609704127558], [-6.209155243834132, 33.63238524826441], [-6.213916314839966, 33.63328356354854], [-6.212119684271727, 33.63481069953154], [-6.21364682025473, 33.639392107480546], [-6.218946880431035, 33.64271587403179], [-6.222001152397041, 33.64145823263402], [-6.222450310039101, 33.632924237434885], [-6.223168962266397, 33.64181755874767], [-6.225863908118756, 33.63948193900896], [-6.22837919091429, 33.64289553708861], [-6.230714810653001, 33.632924237434885], [-6.232601272749651, 33.63669716162819], [-6.2360148708293055, 33.632744574378066], [-6.236643691528189, 33.635080194116775], [-6.231433462880297, 33.64109890652038], [-6.236823354585013, 33.6428057055602], [-6.239248805852136, 33.639841265122605], [-6.234218240261066, 33.639122612895314], [-6.237452175283897, 33.636786993156605], [-6.237991164454368, 33.63166659603712], [-6.236284365414542, 33.63139710145188], [-6.240147121136255, 33.62717501961652], [-6.242752235460202, 33.630049628525704], [-6.240147121136255, 33.62995979699729], [-6.2389793112669, 33.63355305813377], [-6.246255665068269, 33.63058195745862], [-6.250477746903631, 33.63389712626077], [-6.249040442449039, 33.63786497149754], [-6.251016736074102, 33.63445137341789], [-6.258581408718578, 33.63749200370207], [-6.263233823938127, 33.639691071186405], [-6.2624253401824195, 33.64172772721926], [-6.2661982643757215, 33.6410296456179], [-6.270330514682671, 33.64248670729168], [-6.270779672324731, 33.64693795586715], [-6.271318661495203, 33.6428057055602], [-6.283430458320516, 33.6493876550678], [-6.298469586224366, 33.64236727826968], [-6.299885087530204, 33.644692167656856], [-6.302130875740502, 33.64361418931591], [-6.30338851713827, 33.6383141291396], [-6.300603739757499, 33.642446379446554], [-6.29795646754524, 33.635186024869434], [-6.298664310684634, 33.62421048156013], [-6.284474033401632, 33.60964862765969], [-6.281986083445569, 33.60534595821242], [-6.283625580887641, 33.60588494738289], [-6.2835357493592285, 33.60238151777482], [-6.280701182835306, 33.60199527628769], [-6.284703559228584, 33.60013572956453], [-6.280242766765839, 33.5999560665077], [-6.279813995199466, 33.596513868321544], [-6.282748851663395, 33.582641256736736], [-6.2800575917496255, 33.57695919523424], [-6.283625580887641, 33.573994754796644], [-6.278145857654511, 33.56950317837605], [-6.280930635035282, 33.57345576562618], [-6.276549139154461, 33.57418081766337], [-6.267288658541201, 33.564241146109396], [-6.263655309636659, 33.55657289161071], [-6.264042307693835, 33.55162670422207], [-6.270959335381555, 33.55342333479031], [-6.274283101932798, 33.55153687269366], [-6.269432199398552, 33.556657269813144], [-6.26934236787014, 33.559711541779144], [-6.267815231887137, 33.5600708678928], [-6.282008613376226, 33.56402345514292], [-6.280571308921634, 33.56968284143287], [-6.284434064643348, 33.573815091739824], [-6.284883222285408, 33.577588015933124], [-6.289374798706005, 33.57875582580248], [-6.28910530412077, 33.58207959235372], [-6.291351092331069, 33.581450771654836], [-6.2873086735525305, 33.58585251654702], [-6.292249407615188, 33.58324740222308], [-6.290812103160596, 33.57749818440471], [-6.29557317416643, 33.577588015933124], [-6.2915307553878925, 33.57633037453536], [-6.300513908229087, 33.57174896658635], [-6.300064750587028, 33.56797604239305], [-6.303478348666681, 33.56950317837605], [-6.304376663950801, 33.56698789558052], [-6.304825821592861, 33.57417441785347], [-6.307880093558867, 33.57659986912059], [-6.306981778274748, 33.58010329872866], [-6.310125881769166, 33.580911782484364], [-6.307430935916808, 33.58100161401278], [-6.302310538797326, 33.59079325060968], [-6.302669864910975, 33.599327245808816], [-6.312461501507877, 33.602201854718], [-6.315695436530707, 33.60687309419542], [-6.3212649912922485, 33.60489680057036], [-6.323959937144607, 33.611274839087606], [-6.329709154962972, 33.61325113271267], [-6.329349828849324, 33.61837152983215], [-6.323959937144607, 33.61819186677533], [-6.3254870731276105, 33.61926984511627], [-6.331326122474387, 33.618461361360566], [-6.3288108396788525, 33.60965787157619], [-6.33330241609945, 33.61756304607644], [-6.335278709724513, 33.617473214548035], [-6.3368058457075165, 33.61468843716726], [-6.334110899855157, 33.616215573150264], [-6.332044774701683, 33.6097477031046], [-6.335727867366573, 33.610556186860315], [-6.338063487105283, 33.61414944799679], [-6.33698550876434, 33.61837152983215], [-6.341926242826998, 33.61612574162185], [-6.342734726582705, 33.60965787157619], [-6.339949949201935, 33.613161301184256], [-6.33563803583816, 33.608400230178425], [-6.338692307804167, 33.60516629515559], [-6.335727867366573, 33.60327983305894], [-6.339051633917815, 33.60229168624641], [-6.3405787699008185, 33.600225561092934], [-6.339141465446227, 33.601213707905465], [-6.3374346664064, 33.595733984672336], [-6.34156691671335, 33.595733984672336], [-6.342914389639529, 33.60274084388847], [-6.340758432957642, 33.60849006170684], [-6.343633041866824, 33.60534595821242], [-6.344082199508884, 33.61064601838872], [-6.349921248855662, 33.6059747789113], [-6.357916254884325, 33.605256126684004], [-6.353604341520551, 33.60345949611577], [-6.356299287372909, 33.60265101236006], [-6.356029792787674, 33.59753061524058], [-6.35216703706596, 33.60175269707594], [-6.352706026236431, 33.59528482703028], [-6.349472091213602, 33.60256118083165], [-6.348214449815834, 33.599776403450875], [-6.345609335491887, 33.605076463627185], [-6.345609335491887, 33.59905775122358], [-6.342375400469058, 33.59806960441105], [-6.3430042211679405, 33.59402718563251], [-6.341207590599701, 33.59420684868934], [-6.3443516940941205, 33.591422071308564], [-6.3434533788100005, 33.59591364772916], [-6.348843270514718, 33.59591364772916], [-6.34758562911695, 33.59034409296762], [-6.343273715753177, 33.590523756024446], [-6.345878830077123, 33.588637293927796], [-6.357035468514026, 33.59079325060968], [-6.358724738640032, 33.59438651174616], [-6.357017939600206, 33.5977102782974], [-6.359152981560626, 33.59564415314393], [-6.363573828559243, 33.60858318053696], [-6.362228168248098, 33.61837152983215], [-6.364274357361058, 33.62232411708228], [-6.361689179077627, 33.62259361166751], [-6.368620482094984, 33.62807333490064], [-6.364024798816338, 33.63067844922459], [-6.364384124929986, 33.63355305813377], [-6.3691782260844185, 33.62879198712794], [-6.370402837333586, 33.633373395076944], [-6.371750310259766, 33.63249512102771], [-6.378026551836135, 33.641888224701525], [-6.380473729627225, 33.6472972819808], [-6.378218180305426, 33.649363407134274], [-6.381946214530508, 33.65026172241839], [-6.376870707379247, 33.65160919534458], [-6.375523234453068, 33.655831277179935], [-6.382672143268986, 33.651788858401396], [-6.384627519794502, 33.66869087633645], [-6.39223189873769, 33.668433349587836], [-6.394926844590049, 33.66930600644173], [-6.402629467185854, 33.668613567718225], [-6.421427145471575, 33.6736179198055], [-6.409928709834845, 33.67676202329992], [-6.411276182761025, 33.67307893063503], [-6.409120226079137, 33.672000952294084], [-6.405886291056308, 33.67460606661803], [-6.401035388522062, 33.673438256748675], [-6.389267458300096, 33.677480675527214], [-6.387740322317093, 33.68215191500464], [-6.384147061180615, 33.68242140958987], [-6.384147061180615, 33.68664349142524], [-6.386123354805678, 33.68727231212412], [-6.3807334631009605, 33.690865573260595], [-6.37884700100431, 33.70317249265303], [-6.380194473930489, 33.70523861780651], [-6.3758825605667155, 33.70586743850539], [-6.37839784336225, 33.704969123221275], [-6.3774096965497185, 33.69607580190849], [-6.3749842452825956, 33.694907992039134], [-6.3754334029246555, 33.701825019726854], [-6.372199467901825, 33.707843732130456], [-6.376511381265599, 33.712514971607874], [-6.365282440214105, 33.709730194227106]], [[-6.185709214918613, 33.65151936381616], [-6.183193932123078, 33.65358548896964], [-6.1878651716004995, 33.65358548896964], [-6.187685508543676, 33.65214818451504], [-6.185709214918613, 33.65151936381616]], [[-6.187595677015263, 33.64927357560586], [-6.1869668563163795, 33.64945323866269], [-6.191009275094918, 33.65232784757187], [-6.18975163369715, 33.650800711588865], [-6.187595677015263, 33.64927357560586]], [[-6.188224497714147, 33.66068217971418], [-6.188224497714147, 33.66095167429942], [-6.189302476055091, 33.66095167429942], [-6.188853318413031, 33.66068217971418], [-6.188224497714147, 33.66068217971418]], [[-6.189661802168739, 33.659873695958474], [-6.189661802168739, 33.66023302207212], [-6.190739780509682, 33.66005335901529], [-6.19064994898127, 33.659155043731175], [-6.189661802168739, 33.659873695958474]], [[-6.192356748021097, 33.631486932980295], [-6.192266916492685, 33.63184625909395], [-6.192805905663157, 33.63184625909395], [-6.192805905663157, 33.63157676450871], [-6.192356748021097, 33.631486932980295]], [[-6.194602536231396, 33.650621048532045], [-6.193255063305217, 33.65313633132757], [-6.19433304164616, 33.65340582591281], [-6.195141525401867, 33.65169902687298], [-6.194602536231396, 33.650621048532045]], [[-6.193973715532512, 33.649902396304746], [-6.194063547060924, 33.650351553946805], [-6.194422873174572, 33.65026172241839], [-6.194422873174572, 33.649902396304746], [-6.193973715532512, 33.649902396304746]], [[-6.196219503742811, 33.62995979699729], [-6.195141525401867, 33.63121743839506], [-6.196668661384871, 33.63094794380982], [-6.196938155970106, 33.63022929158253], [-6.196219503742811, 33.62995979699729]], [[-6.199543270294053, 33.66409577779383], [-6.199543270294053, 33.66436527237907], [-6.201429732390705, 33.66436527237907], [-6.200531417106585, 33.66400594626542], [-6.199543270294053, 33.66409577779383]], [[-6.204304341299887, 33.62690552503129], [-6.199902596407701, 33.62969030241206], [-6.201609395447528, 33.630858112281416], [-6.203675520601003, 33.63013946005412], [-6.204304341299887, 33.62690552503129]], [[-6.201609395447528, 33.650351553946805], [-6.201429732390705, 33.65098037464569], [-6.20259754226006, 33.65116003770251], [-6.20259754226006, 33.65053121700363], [-6.201609395447528, 33.650351553946805]], [[-6.203495857544179, 33.65196852145822], [-6.203675520601003, 33.65151936381616], [-6.202867036845295, 33.65142953228775], [-6.203046699902119, 33.65196852145822], [-6.203495857544179, 33.65196852145822]], [[-6.208706086192072, 33.65232784757187], [-6.208167097021601, 33.65214818451504], [-6.208256928550012, 33.65286683674234], [-6.208526423135249, 33.65277700521393], [-6.208706086192072, 33.65232784757187]], [[-6.209334906890956, 33.65026172241839], [-6.209334906890956, 33.64918374407745], [-6.208975580777309, 33.64927357560586], [-6.20906541230572, 33.65026172241839], [-6.209334906890956, 33.65026172241839]], [[-6.210682379817135, 33.653944815083285], [-6.209245075362544, 33.65592110870835], [-6.210862042873959, 33.65610077176517], [-6.211401032044431, 33.654843130367404], [-6.210682379817135, 33.653944815083285]], [[-6.211311200516019, 33.650800711588865], [-6.210772211345548, 33.65071088006045], [-6.20951456994778, 33.65286683674234], [-6.211041705930783, 33.65277700521393], [-6.211311200516019, 33.650800711588865]], [[-6.214904461652497, 33.65807706539023], [-6.214904461652497, 33.6585262230323], [-6.215353619294557, 33.658436391503884], [-6.215353619294557, 33.65807706539023], [-6.214904461652497, 33.65807706539023]], [[-6.21598243999344, 33.65789740233341], [-6.216790923749148, 33.657268581634526], [-6.215802776936616, 33.657268581634526], [-6.21553328235138, 33.657807570805], [-6.21598243999344, 33.65789740233341]], [[-6.217240081391208, 33.65690925552088], [-6.218407891260563, 33.65717875010611], [-6.218677385845799, 33.65493296189582], [-6.2180485651469155, 33.65565161412311], [-6.217240081391208, 33.65690925552088]], [[-6.22334862532322, 33.65376515202646], [-6.219845195715155, 33.6533159943844], [-6.219575701129918, 33.655112624952636], [-6.223618119908457, 33.65637026635041], [-6.22334862532322, 33.65376515202646]], [[-6.221731657811805, 33.658436391503884], [-6.221731657811805, 33.658166896918644], [-6.22146216322657, 33.658166896918644], [-6.22146216322657, 33.658436391503884], [-6.221731657811805, 33.658436391503884]], [[-6.230894473709824, 33.66122116888465], [-6.230265653010941, 33.66149066346989], [-6.232601272749651, 33.66355678862336], [-6.23206228357918, 33.66220931569718], [-6.230894473709824, 33.66122116888465]], [[-6.230894473709824, 33.66032285360053], [-6.230894473709824, 33.659873695958474], [-6.230445316067764, 33.65996352748689], [-6.230624979124588, 33.66032285360053], [-6.230894473709824, 33.66032285360053]], [[-6.242752235460202, 33.65592110870835], [-6.2406861103067275, 33.65744824469135], [-6.238709816681665, 33.653944815083285], [-6.242842066988614, 33.652956668270754], [-6.242572572403378, 33.649902396304746], [-6.236823354585013, 33.647476945037624], [-6.231163968295061, 33.64909391254904], [-6.231882620522356, 33.652058352986636], [-6.23987762655102, 33.6586160545607], [-6.24176408864767, 33.65789740233341], [-6.242752235460202, 33.65592110870835]], [[-6.235116555545186, 33.66526358766319], [-6.237631838340721, 33.66598223989049], [-6.237182680698661, 33.66499409307795], [-6.236553859999778, 33.66472459849272], [-6.235116555545186, 33.66526358766319]], [[-6.2389793112669, 33.641278569577196], [-6.237901332925957, 33.643434526259085], [-6.243381056159086, 33.64541081988415], [-6.2440098768579695, 33.642985368617026], [-6.245716675897796, 33.63768530844072], [-6.2406861103067275, 33.636517498571365], [-6.242931898517027, 33.63957177053737], [-6.240955604891964, 33.642985368617026], [-6.2389793112669, 33.641278569577196]], [[-6.24032678419308, 33.66625173447572], [-6.237901332925957, 33.6675992074019], [-6.238799648210076, 33.6675992074019], [-6.23987762655102, 33.66688055517461], [-6.24032678419308, 33.66625173447572]], [[-6.238170827511192, 33.63687682468501], [-6.237991164454368, 33.637775139969136], [-6.239338637380548, 33.63804463455437], [-6.240057289607844, 33.63714631927025], [-6.238170827511192, 33.63687682468501]], [[-6.239518300437372, 33.63472086800313], [-6.239069142795312, 33.63534968870201], [-6.2411352679487875, 33.63534968870201], [-6.24176408864767, 33.63472086800313], [-6.239518300437372, 33.63472086800313]], [[-6.2411352679487875, 33.67236027840774], [-6.2406861103067275, 33.672000952294084], [-6.239608131965784, 33.675863708015804], [-6.240865773363551, 33.675145055788505], [-6.2411352679487875, 33.67236027840774]], [[-6.242752235460202, 33.67334842522027], [-6.242752235460202, 33.67245010993614], [-6.242482740874967, 33.67245010993614], [-6.242482740874967, 33.67334842522027], [-6.242752235460202, 33.67334842522027]], [[-6.243470887687498, 33.671821289237265], [-6.243470887687498, 33.671102637009966], [-6.243201393102262, 33.671102637009966], [-6.24311156157385, 33.67191112076568], [-6.243470887687498, 33.671821289237265]], [[-6.2435607192159095, 33.63597850940089], [-6.2435607192159095, 33.63561918328725], [-6.24311156157385, 33.63561918328725], [-6.24311156157385, 33.63597850940089], [-6.2435607192159095, 33.63597850940089]], [[-6.245537012840972, 33.68224174653305], [-6.246076002011445, 33.682511241118284], [-6.246435328125092, 33.68071461055005], [-6.245806507426209, 33.680624779021635], [-6.245537012840972, 33.68224174653305]], [[-6.246704822710328, 33.63687682468501], [-6.24679465423874, 33.63633783551454], [-6.245806507426209, 33.636517498571365], [-6.245806507426209, 33.636966656213424], [-6.246704822710328, 33.63687682468501]], [[-6.24679465423874, 33.665622913776836], [-6.246076002011445, 33.66571274530525], [-6.248770947863803, 33.66786870198714], [-6.2477828010512715, 33.666790723646194], [-6.24679465423874, 33.665622913776836]], [[-6.248770947863803, 33.68008578985116], [-6.248591284806979, 33.67954680068069], [-6.248142127164919, 33.6796366322091], [-6.248052295636508, 33.680175621379576], [-6.248770947863803, 33.68008578985116]], [[-6.260988035727829, 33.639122612895314], [-6.248321790221743, 33.639392107480546], [-6.2482319586933315, 33.649902396304746], [-6.248950610920627, 33.647207450452385], [-6.25182521982981, 33.645590482940975], [-6.252094714415045, 33.641278569577196], [-6.260988035727829, 33.639122612895314]], [[-6.248411621750155, 33.68152309430575], [-6.249130273977451, 33.68358921945923], [-6.250208252318394, 33.683499387930816], [-6.249669263147923, 33.68143326277734], [-6.248411621750155, 33.68152309430575]], [[-6.250118420789982, 33.67819932775451], [-6.250657409960454, 33.68080444207846], [-6.25182521982981, 33.68008578985116], [-6.25182521982981, 33.67909764303863], [-6.250118420789982, 33.67819932775451]], [[-6.25092690454569, 33.68430787168652], [-6.25092690454569, 33.683948545572875], [-6.250657409960454, 33.683948545572875], [-6.250657409960454, 33.68430787168652], [-6.25092690454569, 33.68430787168652]], [[-6.254520165682168, 33.68287056723193], [-6.25137606218775, 33.68655365989682], [-6.252274377471869, 33.68781130129459], [-6.256496459307231, 33.687092649067296], [-6.252813366642341, 33.68673332295365], [-6.255148986381052, 33.68547568155588], [-6.254520165682168, 33.68287056723193]], [[-6.255059154852639, 33.652058352986636], [-6.252813366642341, 33.650800711588865], [-6.25829308987547, 33.65789740233341], [-6.260808372671004, 33.657717739276585], [-6.255059154852639, 33.652058352986636]], [[-6.256676122364055, 33.67487556120327], [-6.255598144023112, 33.671551794652025], [-6.255687975551523, 33.68089427360687], [-6.256406627778819, 33.67784000164087], [-6.256676122364055, 33.67487556120327]], [[-6.257394774591351, 33.6826010726467], [-6.257215111534527, 33.68484686085699], [-6.258382921403882, 33.68430787168652], [-6.25829308987547, 33.68358921945923], [-6.257394774591351, 33.6826010726467]], [[-6.2586524159891175, 33.68556551308429], [-6.2580235952902346, 33.68673332295365], [-6.25919140515959, 33.68691298601047], [-6.259820225858473, 33.685655344612705], [-6.2586524159891175, 33.68556551308429]], [[-6.259371068216414, 33.651788858401396], [-6.259371068216414, 33.65151936381616], [-6.2591015736311775, 33.65151936381616], [-6.2591015736311775, 33.651788858401396], [-6.259371068216414, 33.651788858401396]], [[-6.304466495479213, 33.68367905098764], [-6.304286832422389, 33.687092649067296], [-6.297369804734669, 33.68655365989682], [-6.300154582115439, 33.69167405701631], [-6.29557317416643, 33.696794454135784], [-6.298447783075613, 33.696165633436905], [-6.3024003703257385, 33.68978759491965], [-6.307251272859984, 33.68781130129459], [-6.310125881769166, 33.68089427360687], [-6.308508914257751, 33.67909764303863], [-6.293596880541367, 33.68233157806146], [-6.285781537569528, 33.690685910203776], [-6.281020466563694, 33.68475702932859], [-6.274911922631681, 33.685835007669525], [-6.267366074245077, 33.681612925834166], [-6.268623715642844, 33.684218040158115], [-6.2666474220177815, 33.68556551308429], [-6.26521011756319, 33.68125359972052], [-6.259371068216414, 33.67649252871468], [-6.263233823938127, 33.68143326277734], [-6.259910057386885, 33.68305023028876], [-6.260718541142593, 33.68502652391382], [-6.266377927432545, 33.68736214365253], [-6.281918781847813, 33.687901132823], [-6.285691706041115, 33.692752035357245], [-6.2981782884903765, 33.68457736627176], [-6.304466495479213, 33.68367905098764]], [[-6.259730394330061, 33.65187868992981], [-6.259820225858473, 33.65277700521393], [-6.260179551972121, 33.65277700521393], [-6.2599998889152975, 33.65187868992981], [-6.259730394330061, 33.65187868992981]], [[-6.265030454506366, 33.64594980905462], [-6.265928769790486, 33.64711761892398], [-6.265928769790486, 33.64550065141256], [-6.265389780620014, 33.645590482940975], [-6.265030454506366, 33.64594980905462]], [[-6.268983041756492, 33.64226671638973], [-6.267366074245077, 33.64190739027608], [-6.2697915255122, 33.649902396304746], [-6.270150851625847, 33.64792610267968], [-6.268983041756492, 33.64226671638973]], [[-6.268354221057608, 33.69975889457338], [-6.268354221057608, 33.700926704442736], [-6.26934236787014, 33.70074704138591], [-6.269252536341728, 33.69957923151656], [-6.268354221057608, 33.69975889457338]], [[-6.292249407615188, 33.697782600948315], [-6.2915307553878925, 33.699669063044965], [-6.281379792677342, 33.6991300738745], [-6.271767819137263, 33.70478946016445], [-6.269432199398552, 33.70389114488033], [-6.2731152920634425, 33.70568777544857], [-6.2808408035068695, 33.70146569361321], [-6.289374798706005, 33.70344198723827], [-6.295213848052782, 33.69832159011879], [-6.292429070672012, 33.69751310636308], [-6.293686712069779, 33.69526731815278], [-6.292968059842483, 33.69481816051072], [-6.290093450933301, 33.697333443306256], [-6.292249407615188, 33.697782600948315]], [[-6.273833944290738, 33.683948545572875], [-6.273564449705502, 33.684397703214934], [-6.274372933461209, 33.68448753474335], [-6.2746424280464455, 33.68403837710129], [-6.273833944290738, 33.683948545572875]], [[-6.27760686848404, 33.57273711339888], [-6.27760686848404, 33.57228795575682], [-6.277067879313568, 33.572377787285234], [-6.277247542370392, 33.57273711339888], [-6.27760686848404, 33.57273711339888]], [[-6.28452389617176, 33.578576162745655], [-6.28452389617176, 33.57794734204677], [-6.2839849070012885, 33.57803717357518], [-6.283895075472876, 33.57866599427407], [-6.28452389617176, 33.578576162745655]], [[-6.2840747385297, 33.59303903881998], [-6.2839849070012885, 33.59339836493363], [-6.284344233114936, 33.59348819646204], [-6.284434064643348, 33.593128870348394], [-6.2840747385297, 33.59303903881998]], [[-6.285691706041115, 33.601932360132764], [-6.287667999666178, 33.60247134930324], [-6.287578168137767, 33.600045898036115], [-6.286051032154763, 33.60031539262135], [-6.285691706041115, 33.601932360132764]], [[-6.290542608575361, 33.58755931558685], [-6.290183282461713, 33.58639150571749], [-6.287937494251414, 33.58854746239938], [-6.289734124819653, 33.58818813628574], [-6.290542608575361, 33.58755931558685]], [[-6.2883866518934735, 33.60345949611577], [-6.2883866518934735, 33.60310017000212], [-6.288027325779826, 33.60310017000212], [-6.288027325779826, 33.603369664587355], [-6.2883866518934735, 33.60345949611577]], [[-6.289374798706005, 33.60085438179182], [-6.289374798706005, 33.59968657192246], [-6.289015472592357, 33.59986623497929], [-6.28910530412077, 33.60085438179182], [-6.289374798706005, 33.60085438179182]], [[-6.289823956348065, 33.64909391254904], [-6.289913787876477, 33.65098037464569], [-6.290452777046949, 33.650800711588865], [-6.290901934689009, 33.64927357560586], [-6.289823956348065, 33.64909391254904]], [[-6.290183282461713, 33.60175269707594], [-6.290183282461713, 33.601483202490705], [-6.289913787876477, 33.601483202490705], [-6.289913787876477, 33.60175269707594], [-6.290183282461713, 33.60175269707594]], [[-6.2953036795811945, 33.69050624714695], [-6.295752837223254, 33.691584225487894], [-6.296291826393726, 33.691314730902654], [-6.296651152507374, 33.68996725797648], [-6.2953036795811945, 33.69050624714695]], [[-6.298537614604024, 33.64568031446939], [-6.297369804734669, 33.644153178486384], [-6.296830815564197, 33.64765660809445], [-6.2983579515472, 33.64711761892398], [-6.298537614604024, 33.64568031446939]], [[-6.297279973206257, 33.650800711588865], [-6.297998625433553, 33.65089054311728], [-6.297639299319905, 33.64945323866269], [-6.297190141677845, 33.6495430701911], [-6.297279973206257, 33.650800711588865]], [[-6.308688577314575, 33.62717501961652], [-6.309227566485047, 33.62995979699729], [-6.311742849280582, 33.630858112281416], [-6.306712283689512, 33.63597850940089], [-6.3090479034282225, 33.6383141291396], [-6.312461501507877, 33.636068340929306], [-6.3132699852635845, 33.63669716162819], [-6.309317398013459, 33.64064974887832], [-6.31030554482599, 33.64451250460003], [-6.307251272859984, 33.643883683901144], [-6.307700430502043, 33.64064974887832], [-6.304915653121273, 33.63768530844072], [-6.304556327007625, 33.64082941193514], [-6.307161441331572, 33.64082941193514], [-6.304556327007625, 33.64361418931591], [-6.305544473820157, 33.646309135168266], [-6.30249020185415, 33.64981256477633], [-6.30338851713827, 33.64541081988415], [-6.300783402814323, 33.64594980905462], [-6.299525761416556, 33.64918374407745], [-6.302669864910975, 33.65259734215711], [-6.305903799933804, 33.646578629753506], [-6.310934365524874, 33.64639896669668], [-6.312910659149937, 33.643883683901144], [-6.31120386011011, 33.649632901719514], [-6.3090479034282225, 33.65017189088998], [-6.310934365524874, 33.65142953228775], [-6.312012343865817, 33.649363407134274], [-6.313359816791997, 33.64999222783316], [-6.30841908272934, 33.65322616285599], [-6.311293691638522, 33.65493296189582], [-6.3141683005477045, 33.65520245648105], [-6.314258132076116, 33.651249869230924], [-6.319827686837657, 33.65026172241839], [-6.323690442559371, 33.64325486320226], [-6.3291701657925, 33.64226671638973], [-6.323061621860488, 33.64172772721926], [-6.325127747013962, 33.64100907499196], [-6.324768420900314, 33.63741581385548], [-6.32180398046272, 33.63391238424742], [-6.319019203081949, 33.6337327211906], [-6.3174920670989465, 33.63669716162819], [-6.3137191429056445, 33.634181878832656], [-6.318390382383066, 33.63346322660536], [-6.3137191429056445, 33.625827546690346], [-6.316503920286415, 33.62358175848004], [-6.316414088758003, 33.6180122037185], [-6.312102175394229, 33.60929854546254], [-6.308059756615691, 33.60857989323525], [-6.306083462990628, 33.61585624703662], [-6.312012343865817, 33.626725861974464], [-6.308688577314575, 33.62717501961652]], [[-6.300334245172263, 33.61010702921825], [-6.300334245172263, 33.609837534633016], [-6.299885087530204, 33.609837534633016], [-6.299885087530204, 33.61010702921825], [-6.300334245172263, 33.61010702921825]], [[-6.302669864910975, 33.57103031435905], [-6.302759696439386, 33.5706709882454], [-6.3019512126836785, 33.570491325188584], [-6.302130875740502, 33.57103031435905], [-6.302669864910975, 33.57103031435905]], [[-6.306891946746336, 33.60732225183748], [-6.304197000893978, 33.60642393655336], [-6.302759696439386, 33.60938837699096], [-6.305095316178097, 33.6097477031046], [-6.306891946746336, 33.60732225183748]], [[-6.30338851713827, 33.58486436973449], [-6.303658011723506, 33.58603217960385], [-6.304376663950801, 33.58612201113226], [-6.305005484649685, 33.58486436973449], [-6.30338851713827, 33.58486436973449]], [[-6.306802115217924, 33.652238016043455], [-6.307430935916808, 33.65385498355487], [-6.308149588144103, 33.653495657441226], [-6.308239419672516, 33.65196852145822], [-6.306802115217924, 33.652238016043455]], [[-6.308059756615691, 33.60390865375783], [-6.307610598973632, 33.60498663209877], [-6.309676724127106, 33.605256126684004], [-6.309137734956635, 33.604357811399886], [-6.308059756615691, 33.60390865375783]], [[-6.312641164564701, 33.60642393655336], [-6.311653017752169, 33.60660359961019], [-6.311653017752169, 33.606962925723835], [-6.312551333036289, 33.60687309419542], [-6.312641164564701, 33.60642393655336]], [[-6.320995496707012, 33.61882068747421], [-6.319109034610362, 33.61819186677533], [-6.3170429094568865, 33.62043765498563], [-6.319737855309246, 33.62205462249704], [-6.320995496707012, 33.61882068747421]], [[-6.317402235570534, 33.63040895463935], [-6.318480213911478, 33.63022929158253], [-6.318390382383066, 33.629869965468885], [-6.317312404042123, 33.62978013394047], [-6.317402235570534, 33.63040895463935]], [[-6.317581898627358, 33.6285224925427], [-6.319468360724009, 33.6285224925427], [-6.318480213911478, 33.62789367184382], [-6.317761561684183, 33.62807333490064], [-6.317581898627358, 33.6285224925427]], [[-6.319827686837657, 33.62448007376416], [-6.318659876968302, 33.62681569350288], [-6.320276844479717, 33.626995356559696], [-6.320995496707012, 33.626276704332405], [-6.319827686837657, 33.62448007376416]], [[-6.319019203081949, 33.63256491132124], [-6.319558192252421, 33.63256491132124], [-6.319558192252421, 33.63220558520759], [-6.319109034610362, 33.63229541673601], [-6.319019203081949, 33.63256491132124]], [[-6.319648023780833, 33.63157676450871], [-6.321983643519544, 33.63265474284965], [-6.321983643519544, 33.63238524826441], [-6.3208158336501885, 33.63184625909395], [-6.319648023780833, 33.63157676450871]], [[-6.3203666760081285, 33.65825672844706], [-6.320276844479717, 33.659155043731175], [-6.321175159763836, 33.65888554914594], [-6.321175159763836, 33.658166896918644], [-6.3203666760081285, 33.65825672844706]], [[-6.324678589371903, 33.6285224925427], [-6.325307410070787, 33.62735468267335], [-6.320456507536541, 33.63040895463935], [-6.32270229574684, 33.629600470883645], [-6.324678589371903, 33.6285224925427]], [[-6.3217141489343085, 33.66256864181083], [-6.322881958803664, 33.661311000413065], [-6.32225313810478, 33.659155043731175], [-6.320905665178601, 33.662748304867655], [-6.32270229574684, 33.663197462509714], [-6.3217141489343085, 33.66256864181083]], [[-6.322792127275251, 33.61226298590014], [-6.322342969633192, 33.61235281742855], [-6.322342969633192, 33.61280197507061], [-6.322792127275251, 33.612622312013784], [-6.322792127275251, 33.61226298590014]], [[-6.323690442559371, 33.631307269923475], [-6.322432801161604, 33.63121743839506], [-6.326026062298082, 33.63346322660536], [-6.3250379154855505, 33.63220558520759], [-6.323690442559371, 33.631307269923475]], [[-6.327643029809497, 33.620527486514035], [-6.32270229574684, 33.62430041070734], [-6.325846399241258, 33.62421057917893], [-6.326924377582201, 33.623671590008456], [-6.327643029809497, 33.620527486514035]], [[-6.323420947974135, 33.63346322660536], [-6.323420947974135, 33.633193732020125], [-6.323061621860488, 33.633193732020125], [-6.323061621860488, 33.63346322660536], [-6.323420947974135, 33.63346322660536]], [[-6.323151453388899, 33.611544333672846], [-6.323151453388899, 33.611993491314905], [-6.323600611030959, 33.61181382825808], [-6.323600611030959, 33.61145450214443], [-6.323151453388899, 33.611544333672846]], [[-6.3250379154855505, 33.6202579919288], [-6.325127747013962, 33.61962917122992], [-6.3241396002014305, 33.619808834286744], [-6.3241396002014305, 33.620347823457216], [-6.3250379154855505, 33.6202579919288]], [[-6.326295556883318, 33.63858362372484], [-6.32638538841173, 33.638224297611195], [-6.325666736184434, 33.637954803025956], [-6.325397241599198, 33.63849379219643], [-6.326295556883318, 33.63858362372484]], [[-6.325666736184434, 33.62061731804245], [-6.3254870731276105, 33.620976644156094], [-6.326475219940142, 33.62115630721292], [-6.326475219940142, 33.620796981099275], [-6.325666736184434, 33.62061731804245]], [[-6.327643029809497, 33.6390327813669], [-6.325576904656022, 33.640290422764664], [-6.326654882996966, 33.640110759707845], [-6.327014209110613, 33.63948193900896], [-6.327643029809497, 33.6390327813669]], [[-6.339590623088287, 33.647027787395565], [-6.331146459417563, 33.64091924346355], [-6.331505785531211, 33.63732598232707], [-6.329080334264088, 33.63570901481566], [-6.330876964832328, 33.64136840110561], [-6.3292599973209125, 33.64253621097497], [-6.339141465446227, 33.64873458643539], [-6.339590623088287, 33.647027787395565]], [[-6.339141465446227, 33.6826010726467], [-6.34111775907129, 33.683499387930816], [-6.341027927542878, 33.682511241118284], [-6.3401296122587585, 33.68215191500464], [-6.339141465446227, 33.6826010726467]], [[-6.340938096014466, 33.60265101236006], [-6.340938096014466, 33.60157303401912], [-6.34066860142923, 33.60157303401912], [-6.340309275315582, 33.602201854718], [-6.340938096014466, 33.60265101236006]], [[-6.34111775907129, 33.624390242235755], [-6.34111775907129, 33.6240309161221], [-6.340758432957642, 33.6240309161221], [-6.340758432957642, 33.624390242235755], [-6.34111775907129, 33.624390242235755]], [[-6.347405966060126, 33.613161301184256], [-6.343183884224764, 33.611723996729665], [-6.344172031037296, 33.6149579317525], [-6.345968661605536, 33.6142392795252], [-6.347405966060126, 33.613161301184256]], [[-6.343992367980472, 33.6901469210333], [-6.3443516940941205, 33.6901469210333], [-6.3443516940941205, 33.68978759491965], [-6.344082199508884, 33.689877426448064], [-6.343992367980472, 33.6901469210333]], [[-6.347316134531715, 33.59672213148487], [-6.347316134531715, 33.59627297384281], [-6.346507650776007, 33.59636280537122], [-6.346866976889655, 33.59681196301328], [-6.347316134531715, 33.59672213148487]], [[-6.347316134531715, 33.59878825663834], [-6.347316134531715, 33.599327245808816], [-6.3476754606453625, 33.5992374142804], [-6.3476754606453625, 33.59869842510993], [-6.347316134531715, 33.59878825663834]], [[-6.34848394440107, 33.59797977288264], [-6.3476754606453625, 33.59824926746787], [-6.3476754606453625, 33.598608593581524], [-6.348394112872658, 33.59851876205311], [-6.34848394440107, 33.59797977288264]], [[-6.349112765099954, 33.59896791969517], [-6.349022933571542, 33.59941707733723], [-6.349831417327249, 33.5992374142804], [-6.349831417327249, 33.59896791969517], [-6.349112765099954, 33.59896791969517]], [[-6.349112765099954, 33.69149439395948], [-6.349022933571542, 33.69203338312995], [-6.349292428156778, 33.69203338312995], [-6.349561922742013, 33.69149439395948], [-6.349112765099954, 33.69149439395948]], [[-6.3514483848386645, 33.691314730902654], [-6.349831417327249, 33.69077574173218], [-6.349921248855662, 33.69140456243107], [-6.353784004577375, 33.69203338312995], [-6.35306535235008, 33.69122489937425], [-6.3514483848386645, 33.691314730902654]], [[-6.350100911912485, 33.61181382825808], [-6.350100911912485, 33.611544333672846], [-6.349831417327249, 33.611544333672846], [-6.349831417327249, 33.61181382825808], [-6.350100911912485, 33.61181382825808]], [[-6.349921248855662, 33.58980510379715], [-6.349921248855662, 33.59025426143921], [-6.350280574969309, 33.5901644299108], [-6.350280574969309, 33.58980510379715], [-6.349921248855662, 33.58980510379715]], [[-6.365911260912989, 33.62789367184382], [-6.354412825276259, 33.63211575367918], [-6.354143330691023, 33.62924114477], [-6.350190743440897, 33.63265474284965], [-6.351987374009136, 33.63517002564519], [-6.356748445014969, 33.63409204730424], [-6.354053499162611, 33.63660733009978], [-6.356568781958146, 33.64145823263402], [-6.35540097208879, 33.646758292810325], [-6.3599823800378, 33.64792610267968], [-6.362587494361747, 33.644692167656856], [-6.358185749469561, 33.646758292810325], [-6.3589942332252685, 33.639122612895314], [-6.364024798816338, 33.63400221577583], [-6.357017939600206, 33.63328356354854], [-6.365911260912989, 33.62789367184382]], [[-6.3509992271966045, 33.591242408251745], [-6.351268721781841, 33.59070341908127], [-6.3505500695545445, 33.590523756024446], [-6.350460238026133, 33.590972913666505], [-6.3509992271966045, 33.591242408251745]], [[-6.350639901082957, 33.71682688497165], [-6.3509992271966045, 33.71682688497165], [-6.3509992271966045, 33.716108232744354], [-6.350729732611368, 33.71619806427277], [-6.350639901082957, 33.71682688497165]], [[-6.351178890253428, 33.71413193911929], [-6.350909395668193, 33.71529974898865], [-6.35216703706596, 33.71431160217612], [-6.3514483848386645, 33.71413193911929], [-6.351178890253428, 33.71413193911929]], [[-6.351089058725017, 33.657268581634526], [-6.353424678463727, 33.661041505827825], [-6.353424678463727, 33.659873695958474], [-6.352795857764844, 33.658166896918644], [-6.351089058725017, 33.657268581634526]], [[-6.352436531651196, 33.6097477031046], [-6.352436531651196, 33.61019686074666], [-6.353334846935315, 33.61010702921825], [-6.353334846935315, 33.6097477031046], [-6.352436531651196, 33.6097477031046]], [[-6.352975520821667, 33.69436900286866], [-6.353784004577375, 33.69436900286866], [-6.353604341520551, 33.6939198452266], [-6.35306535235008, 33.694009676755016], [-6.352975520821667, 33.69436900286866]], [[-6.353334846935315, 33.69571647579484], [-6.353334846935315, 33.69598597038008], [-6.3543229937478465, 33.695896138851666], [-6.354053499162611, 33.69508765509596], [-6.353334846935315, 33.69571647579484]], [[-6.353694173048963, 33.595733984672336], [-6.354053499162611, 33.59896791969517], [-6.354592488333083, 33.59851876205311], [-6.354233162219435, 33.595554321615516], [-6.353694173048963, 33.595733984672336]], [[-6.353873836105787, 33.6089392193489], [-6.354233162219435, 33.60902905087731], [-6.354592488333083, 33.6082205671216], [-6.353873836105787, 33.60831039865001], [-6.353873836105787, 33.6089392193489]], [[-6.354682319861494, 33.59258988117792], [-6.355490803617203, 33.59258988117792], [-6.355131477503554, 33.59178139742221], [-6.354861982918319, 33.59187122895062], [-6.354682319861494, 33.59258988117792]], [[-6.355311140560378, 33.612622312013784], [-6.355311140560378, 33.612173154371725], [-6.3547721513899065, 33.61235281742855], [-6.355131477503554, 33.61280197507061], [-6.355311140560378, 33.612622312013784]], [[-6.356748445014969, 33.69221304618678], [-6.3556704666740265, 33.6923927092436], [-6.361150189907155, 33.6976927694199], [-6.360701032265095, 33.69598597038008], [-6.356748445014969, 33.69221304618678]], [[-6.359712885452564, 33.60732225183748], [-6.357556928770677, 33.610556186860315], [-6.356568781958146, 33.60902905087731], [-6.356568781958146, 33.61118500755919], [-6.3594433908673285, 33.610286692275075], [-6.361779010606039, 33.60786124100795], [-6.359712885452564, 33.60732225183748]], [[-6.357916254884325, 33.599776403450875], [-6.357107771128617, 33.60184252860435], [-6.359353559338916, 33.60265101236006], [-6.359623053924152, 33.59968657192246], [-6.357916254884325, 33.599776403450875]], [[-6.358634907111621, 33.65098037464569], [-6.358634907111621, 33.65071088006045], [-6.358185749469561, 33.65071088006045], [-6.358185749469561, 33.65098037464569], [-6.358634907111621, 33.65098037464569]], [[-6.359712885452564, 33.602920506945296], [-6.358365412526385, 33.604357811399886], [-6.359263727810504, 33.60453747445671], [-6.360251874623035, 33.603639159172594], [-6.359712885452564, 33.602920506945296]], [[-6.360072211566211, 33.640110759707845], [-6.360072211566211, 33.6397514335942], [-6.359712885452564, 33.6397514335942], [-6.359712885452564, 33.640110759707845], [-6.360072211566211, 33.640110759707845]], [[-6.3599823800378, 33.7089217104714], [-6.359892548509388, 33.70937086811346], [-6.361240021435567, 33.70928103658505], [-6.3618688421344505, 33.7082030582441], [-6.3599823800378, 33.7089217104714]], [[-6.363934967287926, 33.65340582591281], [-6.368785869822171, 33.652687173685514], [-6.372738457072297, 33.64999222783316], [-6.3703130058051745, 33.64945323866269], [-6.3650129456288695, 33.651249869230924], [-6.363934967287926, 33.650800711588865], [-6.371570647202942, 33.64765660809445], [-6.370043511219938, 33.64648879822509], [-6.362407831304923, 33.647476945037624], [-6.36043153767986, 33.64981256477633], [-6.362587494361747, 33.649632901719514], [-6.363934967287926, 33.65340582591281]], [[-6.360611200736684, 33.63786497149754], [-6.360611200736684, 33.63894294983849], [-6.361060358378743, 33.638853118310074], [-6.361779010606039, 33.63732598232707], [-6.360611200736684, 33.63786497149754]], [[-6.361958673662863, 33.64136840110561], [-6.361599347549215, 33.641278569577196], [-6.361509516020803, 33.64181755874767], [-6.3618688421344505, 33.64181755874767], [-6.361958673662863, 33.64136840110561]], [[-6.363395978117454, 33.64424301001479], [-6.363395978117454, 33.643883683901144], [-6.363126483532218, 33.643883683901144], [-6.363126483532218, 33.64424301001479], [-6.363395978117454, 33.64424301001479]], [[-6.368875701350583, 33.63921244442373], [-6.3678875545380516, 33.63579884634407], [-6.36411463034475, 33.63858362372484], [-6.364204461873162, 33.64118873804879], [-6.368875701350583, 33.63921244442373]], [[-6.364743451043633, 33.644153178486384], [-6.364473956458397, 33.64523115682732], [-6.366001092441401, 33.64523115682732], [-6.3656417663277525, 33.64361418931591], [-6.364743451043633, 33.644153178486384]], [[-6.364833282572045, 33.68089427360687], [-6.366719744668696, 33.68170275736258], [-6.366001092441401, 33.68008578985116], [-6.366001092441401, 33.67954680068069], [-6.364833282572045, 33.68089427360687]], [[-6.370043511219938, 33.64091924346355], [-6.370043511219938, 33.64064974887832], [-6.366360418555049, 33.6428057055602], [-6.367977386066464, 33.64235654791814], [-6.370043511219938, 33.64091924346355]], [[-6.36734856536758, 33.66858735421443], [-6.367707891481228, 33.66858735421443], [-6.367707891481228, 33.66813819657237], [-6.367438396895992, 33.668228028100785], [-6.36734856536758, 33.66858735421443]], [[-6.368157049123288, 33.6675992074019], [-6.3694146905210545, 33.666521229060955], [-6.368426543708523, 33.66661106058937], [-6.368426543708523, 33.66688055517461], [-6.368157049123288, 33.6675992074019]], [[-6.369684185106291, 33.67406707744756], [-6.370043511219938, 33.673258593691855], [-6.369055364407407, 33.673258593691855], [-6.369145195935819, 33.67424674050439], [-6.369684185106291, 33.67406707744756]], [[-6.369055364407407, 33.681343431248926], [-6.369055364407407, 33.682780735703524], [-6.370133342748351, 33.682511241118284], [-6.370492668861998, 33.68071461055005], [-6.369055364407407, 33.681343431248926]], [[-6.370851994975646, 33.68457736627176], [-6.369594353577878, 33.68475702932859], [-6.369324858992643, 33.68772146976618], [-6.371750310259766, 33.68781130129459], [-6.370851994975646, 33.68457736627176]], [[-6.376331718208775, 33.66193982111195], [-6.378577506419074, 33.65888554914594], [-6.371570647202942, 33.66095167429942], [-6.3731876147143565, 33.65610077176517], [-6.371570647202942, 33.6555617825947], [-6.369504522049467, 33.65906521220276], [-6.370672331918822, 33.66256864181083], [-6.376331718208775, 33.66193982111195]], [[-6.37381643541324, 33.65232784757187], [-6.369594353577878, 33.653495657441226], [-6.37192997331659, 33.65448380425376], [-6.372648625543885, 33.652956668270754], [-6.37381643541324, 33.65232784757187]], [[-6.375523234453068, 33.68574517614112], [-6.374175761526888, 33.68574517614112], [-6.373277446242769, 33.68996725797648], [-6.376870707379247, 33.68960793186283], [-6.375523234453068, 33.68574517614112]], [[-6.373726603884829, 33.63687682468501], [-6.373726603884829, 33.63660733009978], [-6.37336727777118, 33.63660733009978], [-6.37336727777118, 33.63687682468501], [-6.373726603884829, 33.63687682468501]], [[-6.373546940828005, 33.64594980905462], [-6.374804582225772, 33.646039640583034], [-6.374445256112124, 33.64550065141256], [-6.373906266941653, 33.64550065141256], [-6.373546940828005, 33.64594980905462]], [[-6.377050370436071, 33.6923927092436], [-6.379565653231605, 33.68960793186283], [-6.37471475069736, 33.692302877715186], [-6.377230033492895, 33.6931113614709], [-6.377050370436071, 33.6923927092436]], [[-6.3749842452825956, 33.65017189088998], [-6.3778588541917784, 33.65008205936157], [-6.377589359606542, 33.649632901719514], [-6.375613065981479, 33.649902396304746], [-6.3749842452825956, 33.65017189088998]], [[-6.376331718208775, 33.64568031446939], [-6.375702897509892, 33.64666846128192], [-6.377679191134955, 33.646758292810325], [-6.3769605389076585, 33.64585997752621], [-6.376331718208775, 33.64568031446939]], [[-6.3774096965497185, 33.68071461055005], [-6.377499528078131, 33.68116376819211], [-6.37794868572019, 33.681073936663694], [-6.3778588541917784, 33.68071461055005], [-6.3774096965497185, 33.68071461055005]], [[-6.379835147816841, 33.68655365989682], [-6.3778588541917784, 33.688529953521886], [-6.37839784336225, 33.6886197850503], [-6.3792063271179575, 33.68781130129459], [-6.379835147816841, 33.68655365989682]], [[-6.381362283799844, 33.657268581634526], [-6.382440262140788, 33.65879571761753], [-6.3829792513112595, 33.65789740233341], [-6.382619925197612, 33.65699908704929], [-6.381362283799844, 33.657268581634526]], [[-6.38944712135692, 33.66930600644173], [-6.389536952885332, 33.66858735421443], [-6.389087795243272, 33.66858735421443], [-6.388728469129624, 33.66930600644173], [-6.38944712135692, 33.66930600644173]], [[-6.404987975772188, 33.66975516408379], [-6.403999828959656, 33.6691263433849], [-6.402023535334593, 33.67092297395315], [-6.403730334374421, 33.670114490197435], [-6.404987975772188, 33.66975516408379]]], [[[-6.468049708717379, 33.66930600644173], [-6.471912464439092, 33.671821289237265], [-6.467870045660554, 33.67478572967486], [-6.4697565077572055, 33.675145055788505], [-6.4588868928193595, 33.688529953521886], [-6.468319203302614, 33.68044511596481], [-6.463827626882017, 33.68691298601047], [-6.466792067319611, 33.68574517614112], [-6.47182263291068, 33.68772146976618], [-6.472361622081152, 33.68484686085699], [-6.480805785751875, 33.682062083476225], [-6.484039720774706, 33.682511241118284], [-6.47460741029145, 33.68745197518094], [-6.4764040408596895, 33.68835029046506], [-6.4739785895925674, 33.69122489937425], [-6.481883764092819, 33.68879944810712], [-6.479278649768872, 33.69266220382884], [-6.463108974654721, 33.700657209857496], [-6.4626598170126615, 33.71107766715328], [-6.459066555876183, 33.70416063946556], [-6.463378469239957, 33.69868091623243], [-6.46032419727395, 33.69895041081767], [-6.454035990285114, 33.705418280863334], [-6.452329191245287, 33.704969123221275], [-6.4551139686260575, 33.70119619902797], [-6.452688517358935, 33.70299282959621], [-6.450622392205459, 33.70155552514162], [-6.449005424694044, 33.703980976408744], [-6.447747783296277, 33.69895041081767], [-6.444603679801858, 33.700926704442736], [-6.447837614824689, 33.69652495955055], [-6.443974859102975, 33.694907992039134], [-6.447029131068981, 33.693021529942484], [-6.431847602767362, 33.69706394872102], [-6.431937434295773, 33.69544698120961], [-6.427984847045647, 33.696165633436905], [-6.429332319971827, 33.69365035064137], [-6.423223776039814, 33.69436900286866], [-6.429152656915003, 33.69059607867536], [-6.432117097352597, 33.69248254077201], [-6.431757771238949, 33.68915877422077], [-6.427356026346764, 33.68879944810712], [-6.434812043204956, 33.68181695977989], [-6.44235789159156, 33.68574517614112], [-6.4391239565687295, 33.689877426448064], [-6.4496553962700975, 33.68773760601805], [-6.448196940938336, 33.68637399684], [-6.452598685830522, 33.68269090417511], [-6.446543315040232, 33.68475702932859], [-6.445084432298762, 33.68305023028876], [-6.449185087750868, 33.678917979981804], [-6.44604098425645, 33.676582360243096], [-6.448735930108809, 33.67487556120327], [-6.446579973426922, 33.67451623508962], [-6.444693511330271, 33.67523488731692], [-6.442268060063148, 33.67496539273168], [-6.450083403034988, 33.672809436049796], [-6.454125821813526, 33.6691263433849], [-6.440484193619226, 33.67487556120327], [-6.438584967398258, 33.67101280548155], [-6.430860325039186, 33.66723988128825], [-6.465444594393432, 33.65807706539023], [-6.463917458410428, 33.659424538316415], [-6.46858869788785, 33.65825672844706], [-6.468409034831026, 33.66337712556654], [-6.459695376575066, 33.665083924606364], [-6.468319203302614, 33.665892408362076], [-6.456461441552237, 33.670383984782674], [-6.470295496927677, 33.668228028100785], [-6.468049708717379, 33.66930600644173]], [[-6.434183222506072, 33.69481816051072], [-6.433734064864012, 33.69481816051072], [-6.433734064864012, 33.69508765509596], [-6.434183222506072, 33.69508765509596], [-6.434183222506072, 33.69481816051072]], [[-6.434722211676544, 33.69185372007313], [-6.4358900215459, 33.69095540478901], [-6.43499170626178, 33.69077574173218], [-6.43454254861972, 33.691314730902654], [-6.434722211676544, 33.69185372007313]], [[-6.447298625654217, 33.69176388854471], [-6.449005424694044, 33.69571647579484], [-6.449185087750868, 33.693740182169776], [-6.448556267051985, 33.692572372300425], [-6.447298625654217, 33.69176388854471]], [[-6.460054702688715, 33.684936692385406], [-6.447747783296277, 33.689248605749185], [-6.452598685830522, 33.688529953521886], [-6.456281778495413, 33.687990964351414], [-6.460054702688715, 33.684936692385406]], [[-6.448466435523573, 33.698052095533555], [-6.448196940938336, 33.698052095533555], [-6.448196940938336, 33.698501253175614], [-6.448556267051985, 33.6984114216472], [-6.448466435523573, 33.698052095533555]], [[-6.448286772466749, 33.68197225194781], [-6.449364750807693, 33.6818824204194], [-6.450083403034988, 33.68116376819211], [-6.4508918867906955, 33.67954680068069], [-6.448286772466749, 33.68197225194781]], [[-6.451969865131639, 33.664185609322246], [-6.451520707489579, 33.664185609322246], [-6.451430875961167, 33.665083924606364], [-6.452329191245287, 33.665083924606364], [-6.451969865131639, 33.664185609322246]], [[-6.452059696660051, 33.67900781151022], [-6.451610539017991, 33.678917979981804], [-6.451520707489579, 33.67927730609546], [-6.452059696660051, 33.67927730609546], [-6.452059696660051, 33.67900781151022]], [[-6.452868180415758, 33.70191485125527], [-6.452778348887346, 33.700657209857496], [-6.452059696660051, 33.70029788374385], [-6.451520707489579, 33.69984872610179], [-6.452868180415758, 33.70191485125527]], [[-6.45430548487035, 33.66625173447572], [-6.454035990285114, 33.66625173447572], [-6.454035990285114, 33.66670089211778], [-6.45430548487035, 33.66670089211778], [-6.45430548487035, 33.66625173447572]], [[-6.456191946967, 33.66688055517461], [-6.45574278932494, 33.666790723646194], [-6.455473294739705, 33.66732971281667], [-6.456012283910177, 33.667778870458726], [-6.456191946967, 33.66688055517461]], [[-6.458168240592063, 33.687092649067296], [-6.458078409063652, 33.68763163823777], [-6.458527566705711, 33.68772146976618], [-6.458617398234123, 33.68718248059571], [-6.458168240592063, 33.687092649067296]], [[-6.4584377351772995, 33.69895041081767], [-6.458168240592063, 33.69895041081767], [-6.458168240592063, 33.699219905402906], [-6.4584377351772995, 33.699219905402906], [-6.4584377351772995, 33.69895041081767]], [[-6.4588868928193595, 33.68691298601047], [-6.459336050461419, 33.686823154482056], [-6.459246218933007, 33.68637399684], [-6.458797061290947, 33.68637399684], [-6.4588868928193595, 33.68691298601047]], [[-6.469217518586733, 33.6946384974539], [-6.466612404262787, 33.693740182169776], [-6.4626598170126615, 33.69652495955055], [-6.465175099808196, 33.69715378024944], [-6.467510719546906, 33.69526731815278], [-6.469217518586733, 33.6946384974539]], [[-6.468498866359438, 33.68736214365253], [-6.468229371774202, 33.68736214365253], [-6.468229371774202, 33.68763163823777], [-6.468498866359438, 33.68763163823777], [-6.468498866359438, 33.68736214365253]], [[-6.4693073501151455, 33.671821289237265], [-6.4693073501151455, 33.67146196312361], [-6.468948024001498, 33.671551794652025], [-6.4688581924730855, 33.671821289237265], [-6.4693073501151455, 33.671821289237265]]], [[[-6.407233763982487, 33.6923927092436], [-6.411455845817848, 33.69338085605613], [-6.405886291056308, 33.69742327483467], [-6.398250611141291, 33.69643512802214], [-6.388369143015977, 33.699669063044965], [-6.3867521755045615, 33.70694541684634], [-6.3858538602204415, 33.702094514312094], [-6.382170767555552, 33.70254367195415], [-6.382799588254436, 33.69751310636308], [-6.387919985373917, 33.69176388854471], [-6.388099648430741, 33.68870961657871], [-6.396723475158288, 33.68844012199347], [-6.397531958913996, 33.68673332295365], [-6.388728469129624, 33.683499387930816], [-6.390435268169451, 33.68125359972052], [-6.395825159874168, 33.68089427360687], [-6.395645496817345, 33.68502652391382], [-6.397531958913996, 33.68331972487399], [-6.399059094896999, 33.686104502254764], [-6.404359155073304, 33.68718248059571], [-6.400226904766354, 33.68224174653305], [-6.4050778073006, 33.68215191500464], [-6.406604943283603, 33.678468822339745], [-6.407413427039311, 33.68215191500464], [-6.413252476386088, 33.684397703214934], [-6.4169355690509775, 33.6834095564024], [-6.41657624293733, 33.680624779021635], [-6.420618661715867, 33.68179258889099], [-6.420528830187456, 33.67837899081133], [-6.425918721892173, 33.68098410513528], [-6.427715352460412, 33.678468822339745], [-6.426008553420584, 33.67569503491012], [-6.431039119011654, 33.679726463737516], [-6.420798324772692, 33.686104502254764], [-6.423672933681874, 33.69185372007313], [-6.41981017796016, 33.69535714968119], [-6.422954281454579, 33.69571647579484], [-6.41981017796016, 33.69607580190849], [-6.416396579880506, 33.6946384974539], [-6.414330454727031, 33.691584225487894], [-6.41657624293733, 33.6886197850503], [-6.410108372891669, 33.69194355160154], [-6.409120226079137, 33.68906894269236], [-6.407233763982487, 33.6923927092436]], [[-6.405976122584719, 33.69122489937425], [-6.406155785641543, 33.69050624714695], [-6.405347301885835, 33.690685910203776], [-6.405526964942659, 33.691135067845835], [-6.405976122584719, 33.69122489937425]], [[-6.406874437868839, 33.69023675256172], [-6.406784606340427, 33.68951810033442], [-6.406515111755191, 33.68951810033442], [-6.406245617169955, 33.69023675256172], [-6.406874437868839, 33.69023675256172]], [[-6.411276182761025, 33.68808079587983], [-6.410737193590553, 33.68781130129459], [-6.410647362062141, 33.688529953521886], [-6.411006688175789, 33.68844012199347], [-6.411276182761025, 33.68808079587983]], [[-6.421247482414751, 33.69266220382884], [-6.421696640056811, 33.689877426448064], [-6.41612708529527, 33.69248254077201], [-6.4173847266930375, 33.69436900286866], [-6.418283041977157, 33.69266220382884], [-6.421247482414751, 33.69266220382884]]], [[[-6.458168240592063, 33.73209824480168], [-6.45574278932494, 33.73470335912563], [-6.453317338057818, 33.73155925563121], [-6.452508854302111, 33.73614066358022], [-6.449364750807693, 33.7321880763301], [-6.443885027574563, 33.73425420148357], [-6.446400310370098, 33.7314694241028], [-6.440112103381261, 33.726618521568554], [-6.445142668972331, 33.7232049234889], [-6.440561261023321, 33.72239643973319], [-6.447657951767865, 33.720689640693365], [-6.449095256222456, 33.72563037475602], [-6.459246218933007, 33.72931346742091], [-6.463108974654721, 33.725899869341255], [-6.459605545046655, 33.723564249602546], [-6.4617615017285415, 33.723294755017314], [-6.460593691859186, 33.719970988466066], [-6.463198806183133, 33.72194728209113], [-6.464366616052488, 33.72140829292066], [-6.463553207763922, 33.726762304968204], [-6.460414028802362, 33.73326605467104], [-6.458168240592063, 33.73209824480168]], [[-6.444064690631387, 33.724911722528724], [-6.442986712290444, 33.72482189100032], [-6.443166375347268, 33.72536088017078], [-6.443615532989327, 33.72554054322761], [-6.444064690631387, 33.724911722528724]], [[-6.447837614824689, 33.72814565755156], [-6.44738845718263, 33.72796599449473], [-6.447298625654217, 33.72841515213679], [-6.447657951767865, 33.72868464672203], [-6.447837614824689, 33.72814565755156]], [[-6.44738845718263, 33.72563037475602], [-6.44738845718263, 33.72607953239808], [-6.447657951767865, 33.72607953239808], [-6.447747783296277, 33.725720206284436], [-6.44738845718263, 33.72563037475602]], [[-6.456461441552237, 33.732637233972156], [-6.456730936137472, 33.732637233972156], [-6.457449588364768, 33.731379592574385], [-6.456551273080648, 33.730930434932326], [-6.456461441552237, 33.732637233972156]]], [[[-6.379116495589546, 33.73398470689833], [-6.382260599083964, 33.732637233972156], [-6.377679191134955, 33.727157510739026], [-6.376601212794011, 33.73111009798915], [-6.379565653231605, 33.7329965600858], [-6.376241886680363, 33.731379592574385], [-6.375253739867832, 33.731828750216444], [-6.3787571694758975, 33.73569150593816], [-6.377319865021306, 33.73694914733593], [-6.381721609913492, 33.73757796803481], [-6.376870707379247, 33.73802712567687], [-6.376691044322423, 33.74090173458605], [-6.373277446242769, 33.740107917584005], [-6.3749842452825956, 33.73587116899498], [-6.368965532878995, 33.738739393986094], [-6.365372271742517, 33.737847462620046], [-6.362138336719687, 33.73578133746657], [-6.370851994975646, 33.73416436995516], [-6.369324858992643, 33.72913380436409], [-6.374894413754184, 33.725450711699196], [-6.377589359606542, 33.727157510739026], [-6.379116495589546, 33.72033031457972], [-6.380553800044137, 33.72500155405714], [-6.384057229652203, 33.7216777875059], [-6.3905250996978635, 33.7216777875059], [-6.393220045550222, 33.71808452636942], [-6.395825159874168, 33.71844385248306], [-6.40004724170953, 33.723294755017314], [-6.398250611141291, 33.72437273335825], [-6.3942980238911655, 33.718803178596715], [-6.392142067209279, 33.719701493880834], [-6.393489540135458, 33.72598970086967], [-6.385494534106794, 33.724013407244605], [-6.387111501618209, 33.73012195117662], [-6.38208093602714, 33.73039144576185], [-6.384686050351086, 33.73335588619945], [-6.381002957686197, 33.735422011352924], [-6.379116495589546, 33.73398470689833]], [[-6.372019804845001, 33.73533217982451], [-6.3740859299984765, 33.73533217982451], [-6.373097783185945, 33.73398470689833], [-6.37192997331659, 33.73488302218245], [-6.372019804845001, 33.73533217982451]], [[-6.3742655930553, 33.73245757091533], [-6.373996098470064, 33.73245757091533], [-6.373996098470064, 33.73272706550057], [-6.3742655930553, 33.73272706550057], [-6.3742655930553, 33.73245757091533]], [[-6.381541946856668, 33.728055826023144], [-6.3825300936691995, 33.727606668381085], [-6.382260599083964, 33.7269778476822], [-6.381541946856668, 33.7269778476822], [-6.381541946856668, 33.728055826023144]], [[-6.383069082839672, 33.72509138558555], [-6.384416555765851, 33.724911722528724], [-6.383787735066967, 33.72374391265937], [-6.383158914368083, 33.724013407244605], [-6.383069082839672, 33.72509138558555]], [[-6.392501393322926, 33.722576102790015], [-6.3920522356808664, 33.72194728209113], [-6.391423414981983, 33.72203711361954], [-6.391423414981983, 33.72266593431843], [-6.392501393322926, 33.722576102790015]]], [[[-6.382619925197612, 33.73910510401782], [-6.387021670089798, 33.739554261659876], [-6.387111501618209, 33.741440723756526], [-6.397801453499231, 33.735961000523396], [-6.397442127385584, 33.73389487536992], [-6.4093897206643735, 33.73658982122228], [-6.398699768783351, 33.736230495108636], [-6.389806447470568, 33.741440723756526], [-6.391513246510395, 33.7427881966827], [-6.3882793114875644, 33.743147522796356], [-6.386842007032973, 33.74674078393283], [-6.384684615317653, 33.74620179476236], [-6.383697903538555, 33.74063224000082], [-6.381901272970316, 33.741440723756526], [-6.380284305458901, 33.73991358777352], [-6.387291164675033, 33.73425420148357], [-6.3900759420558035, 33.73614066358022], [-6.382619925197612, 33.73910510401782]], [[-6.38666234397615, 33.74413566960889], [-6.386482680919325, 33.745033984893006], [-6.3867521755045615, 33.745033984893006], [-6.386842007032973, 33.74440516419412], [-6.38666234397615, 33.74413566960889]]], [[[-6.423852596738698, 33.74072207152923], [-6.432206928881009, 33.74054240847241], [-6.4358001900174875, 33.738116957205285], [-6.439932440324437, 33.740003419301935], [-6.436518842244783, 33.740452576943994], [-6.430589961369594, 33.74889674061472], [-6.42807467857406, 33.746650952404416], [-6.430589961369594, 33.7517713495239], [-6.428972993858179, 33.750962865768194], [-6.423133944511402, 33.748357751444246], [-6.423762765210286, 33.74413566960889], [-6.429511983028651, 33.745662805591884], [-6.431039119011654, 33.744045838080474], [-6.428793330801355, 33.743327185853175], [-6.432206928881009, 33.742339039040644], [-6.423852596738698, 33.74072207152923]]], [[[-6.412623655687204, 33.75186118105231], [-6.411006688175789, 33.749256066728364], [-6.4093897206643735, 33.750064550484076], [-6.402562524505065, 33.7517713495239], [-6.401664209220946, 33.75159168646707], [-6.40831174232343, 33.74718994157489], [-6.416666074465741, 33.748806909086305], [-6.4164864114089175, 33.74162038681335], [-6.424391585909169, 33.73479319065404], [-6.417923715863509, 33.744764490307766], [-6.41846270503398, 33.7479984253306], [-6.4235831021534615, 33.75159168646707], [-6.419271188789688, 33.75949686096733], [-6.4173847266930375, 33.756981578171796], [-6.397352295857172, 33.75913753485368], [-6.396723475158288, 33.7638087743311], [-6.396543812101465, 33.76021551319462], [-6.392501393322926, 33.75994601860939], [-6.409749046778021, 33.75671208358656], [-6.412623655687204, 33.75186118105231]]], [[[-6.441279913250616, 33.77665468289401], [-6.434722211676544, 33.77521737843942], [-6.437956146699374, 33.773151253285945], [-6.433195075693541, 33.77072580201882], [-6.448107109409925, 33.76012568166621], [-6.449364750807693, 33.75365781162055], [-6.442537554648384, 33.756981578171796], [-6.441549407835852, 33.75653242052974], [-6.449544413864516, 33.749076403671545], [-6.455293631682881, 33.74718994157489], [-6.45430548487035, 33.743327185853175], [-6.456012283910177, 33.740003419301935], [-6.455445312628918, 33.74285274630113], [-6.4616873129835195, 33.75141202341025], [-6.460054702688715, 33.75437646384785], [-6.462540609975445, 33.75347814856373], [-6.461492007143306, 33.75590359983085], [-6.463149192949522, 33.75518494760355], [-6.46427047408576, 33.76021551319462], [-6.461418660538315, 33.774962810287995], [-6.472943287433054, 33.78066943610424], [-6.483590563132646, 33.79174637966722], [-6.4730802743084475, 33.80001088028112], [-6.473798926535743, 33.8058499296279], [-6.465175099808196, 33.810341506048495], [-6.467061561904846, 33.80477195128695], [-6.461581838671718, 33.80468211975854], [-6.46077335491601, 33.80854487548025], [-6.460144534217126, 33.80189734237777], [-6.454125821813526, 33.79830408124129], [-6.45430548487035, 33.79569896691734], [-6.438854461983494, 33.79920239652541], [-6.4349018747333675, 33.798393912769704], [-6.4362493476595475, 33.79515997774687], [-6.435710358489075, 33.794351493991165], [-6.427266194818352, 33.79920239652541], [-6.425469564250113, 33.79408199940593], [-6.440740924080145, 33.78348187905332], [-6.4349018747333675, 33.782224237655555], [-6.444154522159799, 33.783392047524906], [-6.44604098425645, 33.77413940009848], [-6.440740924080145, 33.78015811250208], [-6.441279913250616, 33.77665468289401]], [[-6.434273054034485, 33.7923752003661], [-6.434003559449248, 33.7923752003661], [-6.434003559449248, 33.79273452647975], [-6.434273054034485, 33.79273452647975], [-6.434273054034485, 33.7923752003661]], [[-6.436698505301607, 33.769827486734705], [-6.436429010716371, 33.769827486734705], [-6.436429010716371, 33.77009698131994], [-6.436698505301607, 33.77009698131994], [-6.436698505301607, 33.769827486734705]], [[-6.4386747989266695, 33.770995296604056], [-6.438764630455082, 33.769827486734705], [-6.43822564128461, 33.76973765520629], [-6.437866315170963, 33.77036647590518], [-6.4386747989266695, 33.770995296604056]], [[-6.439483282682377, 33.769378329092646], [-6.439393451153966, 33.76874950839376], [-6.438944293511906, 33.768839339922174], [-6.438944293511906, 33.769557992149466], [-6.439483282682377, 33.769378329092646]], [[-6.441639239364264, 33.77180378035977], [-6.441729070892676, 33.77135462271771], [-6.440740924080145, 33.77153428577453], [-6.440740924080145, 33.771893611888174], [-6.441639239364264, 33.77180378035977]], [[-6.450173234563399, 33.75320865397849], [-6.44972407692134, 33.75320865397849], [-6.44972407692134, 33.75347814856373], [-6.450173234563399, 33.75347814856373], [-6.450173234563399, 33.75320865397849]], [[-6.453676664171466, 33.78285305835443], [-6.451430875961167, 33.78518867809315], [-6.452598685830522, 33.785098846564736], [-6.45340716958623, 33.78420053128062], [-6.453676664171466, 33.78285305835443]], [[-6.455024137097645, 33.774049568570064], [-6.454125821813526, 33.77386990551324], [-6.454125821813526, 33.77422923162689], [-6.455024137097645, 33.77413940009848], [-6.455024137097645, 33.774049568570064]], [[-6.455922452381765, 33.779798786388426], [-6.455652957796529, 33.779798786388426], [-6.455652957796529, 33.780068280973666], [-6.455922452381765, 33.780068280973666], [-6.455922452381765, 33.779798786388426]], [[-6.459425881989831, 33.75482562148991], [-6.459066555876183, 33.75482562148991], [-6.458976724347771, 33.75518494760355], [-6.459336050461419, 33.75518494760355], [-6.459425881989831, 33.75482562148991]]], [[[-6.410647362062141, 33.785727667263615], [-6.420079672545396, 33.777373335121304], [-6.423852596738698, 33.78653615101933], [-6.423852596738698, 33.79003958062739], [-6.418552536562393, 33.79318368412181], [-6.4211576508863395, 33.7968667767867], [-6.411725340403084, 33.796956608315114], [-6.410647362062141, 33.785727667263615]], [[-6.4160372537668575, 33.79524980927528], [-6.41612708529527, 33.79327351565022], [-6.415138938482738, 33.793902336349106], [-6.414959275425915, 33.7946209885764], [-6.4160372537668575, 33.79524980927528]]], [[[-6.434003559449248, 33.817438196793034], [-6.436518842244783, 33.815372071639565], [-6.438405304341434, 33.81483308246909], [-6.436518842244783, 33.81824668054875], [-6.440201934909673, 33.81573139775321], [-6.440561261023321, 33.81950432194651], [-6.443256206875679, 33.8164500499805], [-6.450083403034988, 33.818426343605566], [-6.444963005915507, 33.82004331111698], [-6.442537554648384, 33.82597219199217], [-6.434812043204956, 33.8254332028217], [-6.432566254994657, 33.82848747478771], [-6.428344173159296, 33.82785865408882], [-6.428434004687707, 33.83091292605483], [-6.426367879534232, 33.831296671497654], [-6.410078454572837, 33.82550883705547], [-6.39959808406747, 33.81793968566411], [-6.40921005760755, 33.81168897897467], [-6.4084914053802535, 33.809892348406436], [-6.398430274198115, 33.81730410768246], [-6.389424902403062, 33.81002423679186], [-6.3843451182730275, 33.80007967630398], [-6.3839233515861125, 33.79776509207082], [-6.387919985373917, 33.797226102900346], [-6.383850622811528, 33.79731593442876], [-6.3856198817469005, 33.784826545669645], [-6.381092789214609, 33.77306142175753], [-6.383338577424907, 33.77117495966088], [-6.383608072010143, 33.77324108481436], [-6.385943691748854, 33.77324108481436], [-6.3907945942831, 33.76722237241076], [-6.396094654459405, 33.771444454246115], [-6.399957410181118, 33.76686304629711], [-6.406694774812015, 33.76461725808681], [-6.407593090096134, 33.77234276953024], [-6.406245617169955, 33.769827486734705], [-6.404808312715364, 33.76919866603582], [-6.396992969743524, 33.77683434595083], [-6.395825159874168, 33.78069710167255], [-6.393489540135458, 33.77845131346225], [-6.392501393322926, 33.78060727014414], [-6.391782741095631, 33.778810639575894], [-6.3872013331466215, 33.779798786388426], [-6.3920522356808664, 33.78141575389984], [-6.388548806072801, 33.78231406918396], [-6.391423414981983, 33.784559857394264], [-6.399418421010647, 33.78617682490568], [-6.4027421875618895, 33.78285305835443], [-6.402832019090301, 33.7863564879625], [-6.405706627999484, 33.78662598254774], [-6.39771162197082, 33.79318368412181], [-6.391872572624043, 33.79408199940593], [-6.393759034720694, 33.79641761914464], [-6.387111501618209, 33.79489048316164], [-6.388908132186448, 33.797944755127645], [-6.39268105637975, 33.79830408124129], [-6.388458974544388, 33.79902273346859], [-6.392591224851339, 33.80090919556524], [-6.387919985373917, 33.80611942421313], [-6.391513246510395, 33.802975320718716], [-6.38989627899898, 33.807197402554074], [-6.3947471815332255, 33.80369397294601], [-6.400406567823178, 33.804143130588066], [-6.39223189873769, 33.809622853821196], [-6.396094654459405, 33.80881437006549], [-6.392501393322926, 33.811778810503085], [-6.416845737522565, 33.80162784779253], [-6.411455845817848, 33.80593976115631], [-6.418642368090804, 33.807197402554074], [-6.410647362062141, 33.809622853821196], [-6.411366014289436, 33.8111499898042], [-6.420169504073808, 33.8073770656109], [-6.417654221278273, 33.81204830508832], [-6.418732199619217, 33.81357544107132], [-6.421696640056811, 33.80917369617914], [-6.428523836216119, 33.80692790796884], [-6.428164510102471, 33.80881437006549], [-6.430679792898006, 33.80926352770755], [-6.428344173159296, 33.81429409329862], [-6.431757771238949, 33.81159914744626], [-6.432386591937833, 33.816000892338444], [-6.43499170626178, 33.80998217993484], [-6.434632380148132, 33.81348560954291], [-6.438944293511906, 33.811958473559905], [-6.443166375347268, 33.81249746273038], [-6.437057831415255, 33.81375510412815], [-6.434003559449248, 33.817438196793034]], [[-6.385045376464735, 33.80019054333794], [-6.3872013331466215, 33.80001088028112], [-6.3876504907886815, 33.799112564996996], [-6.38576402869203, 33.79956172263906], [-6.385045376464735, 33.80019054333794]], [[-6.3867521755045615, 33.78159541695667], [-6.38621318633409, 33.78159541695667], [-6.38621318633409, 33.7818649115419], [-6.3867521755045615, 33.7818649115419], [-6.3867521755045615, 33.78159541695667]], [[-6.3985201057265275, 33.78689547713297], [-6.3985201057265275, 33.78653615101933], [-6.398250611141291, 33.78662598254774], [-6.39816077961288, 33.78689547713297], [-6.3985201057265275, 33.78689547713297]], [[-6.405976122584719, 33.816539881508916], [-6.4056167964710715, 33.816539881508916], [-6.4056167964710715, 33.816809376094156], [-6.405976122584719, 33.816809376094156], [-6.405976122584719, 33.816539881508916]], [[-6.407593090096134, 33.81402459871338], [-6.406604943283603, 33.81393476718497], [-6.406155785641543, 33.81429409329862], [-6.407593090096134, 33.81429409329862], [-6.407593090096134, 33.81402459871338]], [[-6.406964269397251, 33.81815684902033], [-6.406515111755191, 33.81815684902033], [-6.406425280226779, 33.81851617513398], [-6.406874437868839, 33.81851617513398], [-6.406964269397251, 33.81815684902033]], [[-6.413072813329263, 33.81249746273038], [-6.4098388783064335, 33.8163602184521], [-6.411366014289436, 33.8156415662248], [-6.415138938482738, 33.812946620372436], [-6.415228770011151, 33.81609072386686], [-6.415947422238446, 33.81249746273038], [-6.413072813329263, 33.81249746273038]], [[-6.410198204420081, 33.809083864650724], [-6.409928709834845, 33.809083864650724], [-6.409928709834845, 33.80935335923596], [-6.410198204420081, 33.80935335923596], [-6.410198204420081, 33.809083864650724]], [[-6.415857590710034, 33.819594153474924], [-6.411455845817848, 33.822738256969345], [-6.412893150272439, 33.82192977321363], [-6.414959275425915, 33.8209416264011], [-6.415857590710034, 33.819594153474924]], [[-6.418193210448745, 33.819594153474924], [-6.418732199619217, 33.818695838190806], [-6.418372873505569, 33.81707887067939], [-6.4173847266930375, 33.81671954456574], [-6.418193210448745, 33.819594153474924]]], [[[-6.459695376575066, 33.84843007409516], [-6.4677802141321425, 33.85139451453276], [-6.458168240592063, 33.85256232440211], [-6.455922452381765, 33.84708260116898], [-6.455024137097645, 33.8502267046634], [-6.451969865131639, 33.848699568680395], [-6.451161381375931, 33.850855525362284], [-6.456820767665884, 33.85355047121464], [-6.447478288711041, 33.85148434606117], [-6.449903739978164, 33.85426912344194], [-6.455922452381765, 33.85534710178288], [-6.449903739978164, 33.855886090953355], [-6.444963005915507, 33.85211316676005], [-6.446130815784862, 33.85435895497035], [-6.441100250193792, 33.858760699862536], [-6.439932440324437, 33.85768272152159], [-6.4424477231199715, 33.856335248595414], [-6.43920019016167, 33.85579625942494], [-6.4393948653377295, 33.84574233956488], [-6.434452717091308, 33.839896078896025], [-6.437596820585727, 33.838458774441435], [-6.4391239565687295, 33.84007574195285], [-6.4391239565687295, 33.836302817759545], [-6.440920587136969, 33.8374706276289], [-6.443076543818855, 33.83450618719131], [-6.443705364517739, 33.83962658431079], [-6.447837614824689, 33.839896078896025], [-6.446130815784862, 33.84259102474839], [-6.450802055262283, 33.83836894291302], [-6.452059696660051, 33.84142321487903], [-6.455293631682881, 33.84088422570856], [-6.455832620853353, 33.83711130151526], [-6.46032419727395, 33.83827911138461], [-6.462300490899013, 33.84339950850409], [-6.4584377351772995, 33.84474698143027], [-6.459695376575066, 33.84843007409516]], [[-6.443435869932504, 33.85292165051576], [-6.443435869932504, 33.85238266134529], [-6.443166375347268, 33.85238266134529], [-6.443166375347268, 33.85292165051576], [-6.443435869932504, 33.85292165051576]], [[-6.450981718319107, 33.84663344352692], [-6.447298625654217, 33.85004704160657], [-6.450173234563399, 33.8509453568907], [-6.4504427291486355, 33.849418220907694], [-6.450981718319107, 33.84663344352692]], [[-6.458168240592063, 33.84079439418014], [-6.456551273080648, 33.84429782378821], [-6.4588868928193595, 33.84384866614615], [-6.459156387404595, 33.843219845447265], [-6.458168240592063, 33.84079439418014]], [[-6.458617398234123, 33.850586030777045], [-6.4584377351772995, 33.84905889479404], [-6.458078409063652, 33.849148726322454], [-6.458168240592063, 33.850855525362284], [-6.458617398234123, 33.850586030777045]]], [[[-6.46032419727395, 33.86918115715832], [-6.468229371774202, 33.870887956198146], [-6.457719082950003, 33.87313374440845], [-6.460144534217126, 33.874930374976685], [-6.4584377351772995, 33.87627784790286], [-6.454125821813526, 33.87457104886304], [-6.455922452381765, 33.87555919567557], [-6.4542156533419375, 33.877804983885866], [-6.448107109409925, 33.87331340746527], [-6.450532560677048, 33.875649027203984], [-6.448107109409925, 33.877804983885866], [-6.451880033603227, 33.87816430999952], [-6.448286772466749, 33.881128750437114], [-6.444141203828699, 33.87610747052112], [-6.4419087339495, 33.86891166257308], [-6.463378469239957, 33.86540823296502], [-6.467959877188966, 33.8667557058912], [-6.463108974654721, 33.866576042834375], [-6.46032419727395, 33.86918115715832]], [[-6.44604098425645, 33.87322357593686], [-6.444873174387094, 33.87331340746527], [-6.444783342858683, 33.873762565107334], [-6.445142668972331, 33.87421172274939], [-6.44604098425645, 33.87322357593686]], [[-6.445501995085978, 33.86980997785721], [-6.445501995085978, 33.87007947244244], [-6.445861321199626, 33.87007947244244], [-6.445951152728038, 33.869720146328795], [-6.445501995085978, 33.86980997785721]], [[-6.447478288711041, 33.8757388587324], [-6.447478288711041, 33.87600835331763], [-6.448017277881513, 33.87600835331763], [-6.448017277881513, 33.8757388587324], [-6.447478288711041, 33.8757388587324]], [[-6.4504427291486355, 33.87097778772656], [-6.4504427291486355, 33.87070829314133], [-6.449903739978164, 33.870618461612914], [-6.449813908449752, 33.87106761925497], [-6.4504427291486355, 33.87097778772656]], [[-6.452688517358935, 33.87331340746527], [-6.452329191245287, 33.87331340746527], [-6.452059696660051, 33.87421172274939], [-6.452778348887346, 33.87421172274939], [-6.452688517358935, 33.87331340746527]], [[-6.461492007143306, 33.87070829314133], [-6.461492007143306, 33.87097778772656], [-6.461851333256954, 33.87097778772656], [-6.461851333256954, 33.87070829314133], [-6.461492007143306, 33.87070829314133]]], [[[-5.992212102719268, 33.33207844878326], [-5.99463755398639, 33.33019198668661], [-5.991493450491972, 33.32668855707854], [-5.992391765776092, 33.32381394816936], [-5.997332499838749, 33.33118013349914], [-6.008381777833419, 33.329473334459315], [-6.013322511896076, 33.32507158956713], [-6.01763442525985, 33.32525125262395], [-6.019700550413325, 33.32659872555013], [-6.012064870498309, 33.32695805166378], [-6.008920767003891, 33.33333609018103], [-6.012873354254017, 33.33504288922085], [-6.0074834625493, 33.33737850895957], [-6.004159695998057, 33.334234405465146], [-6.006315652679945, 33.3323479433685], [-6.005147842810588, 33.330371649743434], [-6.000835929446815, 33.33270726948214], [-5.992212102719268, 33.33207844878326]], [[-6.0064953157367675, 33.33405474240832], [-6.008651272418655, 33.33531238380609], [-6.008112283248183, 33.33432423699356], [-6.007663125606124, 33.33378524782309], [-6.0064953157367675, 33.33405474240832]]], [[[-5.9791865310995345, 33.331090301970725], [-5.9900561460373805, 33.32911400834566], [-5.979276362627947, 33.33603103603338], [-5.970652535900399, 33.33710901437433], [-5.965711801837742, 33.334953057692445], [-5.969933883673104, 33.33351575323785], [-5.968945736860572, 33.3316292911412], [-5.9749644492641725, 33.324173274283005], [-5.9791865310995345, 33.331090301970725]]], [[[-5.826472932799216, 33.33270726948214], [-5.826113606685568, 33.33737850895957], [-5.825035628344625, 33.334234405465146], [-5.823508492361622, 33.33603103603338], [-5.818298263713729, 33.33504288922085], [-5.824137313060505, 33.33046148127185], [-5.822430514020678, 33.33405474240832], [-5.824316976117329, 33.33216828031167], [-5.829706867822046, 33.33207844878326], [-5.83267130825964, 33.32740720930584], [-5.8377917053791215, 33.32740720930584], [-5.829167878651575, 33.33585137297656], [-5.829706867822046, 33.3338750793515], [-5.826472932799216, 33.33270726948214]]], [[[-6.058507770687289, 33.33576154144815], [-6.0455720305959675, 33.331539459612785], [-6.031917638277351, 33.33755817201639], [-6.032636290504646, 33.3323479433685], [-6.026437915044221, 33.330102155158194], [-6.030749828407995, 33.328215693061544], [-6.035151573300181, 33.33378524782309], [-6.046829671993734, 33.32983266057296], [-6.058507770687289, 33.33576154144815]]], [[[-6.028953197839757, 33.33414457393673], [-6.0233836430782155, 33.347080314028055], [-6.017454762203027, 33.34959559682359], [-6.017005604560967, 33.34636166180076], [-6.001374918617287, 33.34672098791441], [-6.007303799492476, 33.34384637900523], [-6.013861501066549, 33.34447519970411], [-6.0229344854361555, 33.33692935131751], [-6.021856507095212, 33.33378524782309], [-6.016646278447318, 33.33378524782309], [-6.014130995651784, 33.33144962808438], [-6.015478468577963, 33.32929367140249], [-6.028953197839757, 33.33414457393673]]], [[[-6.047458492692618, 33.335581878391324], [-6.05671114011905, 33.338276824243685], [-6.0493449547892695, 33.34357688441999], [-6.041888937931077, 33.34483452581776], [-6.040721128061722, 33.349236270709945], [-6.037487193038892, 33.34977525988042], [-6.033893931902414, 33.34501418887458], [-6.034882078714945, 33.34151075926651], [-6.042607590158373, 33.33962429716986], [-6.047458492692618, 33.335581878391324]], [[-6.0484466395051495, 33.34312772677793], [-6.0484466395051495, 33.34240907455064], [-6.048087313391502, 33.34276840066428], [-6.048177144919914, 33.34312772677793], [-6.0484466395051495, 33.34312772677793]], [[-6.049524617846093, 33.34151075926651], [-6.049614449374506, 33.341870085380165], [-6.050333101601801, 33.34178025385175], [-6.050243270073389, 33.34133109620969], [-6.049524617846093, 33.34151075926651]], [[-6.05078225924386, 33.34070227551081], [-6.05078225924386, 33.34097177009604], [-6.051051753829096, 33.34097177009604], [-6.051051753829096, 33.34070227551081], [-6.05078225924386, 33.34070227551081]]], [[[-5.991673113548796, 33.3534583525453], [-5.996344353026218, 33.35166172197707], [-5.992661260361327, 33.355704140755606], [-5.993469744117035, 33.356602456039724], [-5.993379912588623, 33.3579499289659], [-5.984576422804252, 33.35606346686925], [-5.983947602105368, 33.35157189044865], [-5.986552716429315, 33.35031424905089], [-5.991044292849912, 33.350673575164535], [-5.991673113548796, 33.3534583525453]]], [[[-6.168731056048753, 33.37429926713688], [-6.175288757622826, 33.37034667988675], [-6.185170225748141, 33.376904381460825], [-6.184002415878785, 33.369717859187865], [-6.176636230549006, 33.368280554733275], [-6.184990562691317, 33.36127369551714], [-6.19020079133921, 33.3624415053865], [-6.187595677015263, 33.365944934994566], [-6.190739780509682, 33.367112744863924], [-6.183553258236726, 33.36819072320486], [-6.190739780509682, 33.36980769071628], [-6.185978709503848, 33.3707060060004], [-6.186338035617497, 33.37636539229035], [-6.19020079133921, 33.376724718404], [-6.183912584350374, 33.38301292539283], [-6.185799046447024, 33.39145708906356], [-6.18328376365149, 33.39019944766579], [-6.1822956168389585, 33.38678584958614], [-6.176636230549006, 33.38462989290425], [-6.177893871946773, 33.38660618652931], [-6.177444714304713, 33.38795365945549], [-6.17591757832171, 33.38373157762013], [-6.17223448565682, 33.382351299554315], [-6.172593811770468, 33.379778990370006], [-6.169719202861285, 33.38209750490036], [-6.1638801535145085, 33.376634886875586], [-6.163700490457685, 33.38074161033337], [-6.160805077389945, 33.37968915884159], [-6.161275039190562, 33.37609589770511], [-6.157322451940436, 33.37600606617671], [-6.1601072293212065, 33.373311120324345], [-6.163700490457685, 33.376634886875586], [-6.162083522946269, 33.373311120324345], [-6.165946278667983, 33.37393994102323], [-6.167563246179398, 33.36837038626169], [-6.169898865918109, 33.37196364739817], [-6.170348023560169, 33.36881954390375], [-6.172503980242055, 33.36962802765946], [-6.168731056048753, 33.37429926713688]], [[-6.16073605002009, 33.37483825630735], [-6.16073605002009, 33.37528741394941], [-6.161095376133738, 33.375197582420995], [-6.161095376133738, 33.37483825630735], [-6.16073605002009, 33.37483825630735]], [[-6.1656767840827476, 33.37555690853465], [-6.1656767840827476, 33.37609589770511], [-6.166036110196395, 33.37600606617671], [-6.166036110196395, 33.37555690853465], [-6.1656767840827476, 33.37555690853465]], [[-6.167293751594162, 33.375017919364176], [-6.168371729935106, 33.375197582420995], [-6.168461561463518, 33.37429926713688], [-6.167832740764634, 33.37367044643799], [-6.167293751594162, 33.375017919364176]], [[-6.170168360503345, 33.38076713718254], [-6.17088701273064, 33.376634886875586], [-6.169270045219226, 33.37870101202906], [-6.167473414650987, 33.376634886875586], [-6.167742909236222, 33.379509495784774], [-6.170168360503345, 33.38076713718254]], [[-6.174120947753471, 33.37816202285859], [-6.174210779281883, 33.37861118050065], [-6.175378589151238, 33.37852134897224], [-6.174929431509178, 33.37753320215971], [-6.174120947753471, 33.37816202285859]], [[-6.174929431509178, 33.38328241997807], [-6.1751989260944145, 33.38328241997807], [-6.175378589151238, 33.381665452466656], [-6.174659936923943, 33.38220444163713], [-6.174929431509178, 33.38328241997807]], [[-6.1794210079297756, 33.375916234648294], [-6.179241344872952, 33.37492808783576], [-6.178163366532009, 33.375017919364176], [-6.178163366532009, 33.37609589770511], [-6.1794210079297756, 33.375916234648294]], [[-6.180948143912779, 33.38103663176777], [-6.182565111424195, 33.38130612635301], [-6.182475279895782, 33.37995865342683], [-6.181037975441191, 33.37995865342683], [-6.180948143912779, 33.38103663176777]], [[-6.183463426708314, 33.388043490983904], [-6.184361741992434, 33.386426523472494], [-6.183104100594666, 33.38543837665996], [-6.182475279895782, 33.38678584958614], [-6.183463426708314, 33.388043490983904]]], [[[-6.0828521148869275, 33.388851974739616], [-6.079820014422013, 33.38705534417137], [-6.08204363113122, 33.38687568111455], [-6.085187734625638, 33.38319258844966], [-6.0828521148869275, 33.382833262336014], [-6.0819537996028075, 33.38606719735884], [-6.078180875409506, 33.383821409148545], [-6.078719864579978, 33.38682507009757], [-6.076833402483326, 33.38436039831902], [-6.074988710945184, 33.38579770277361], [-6.065873956017068, 33.38130612635301], [-6.075665592613971, 33.376455223818766], [-6.078899527636802, 33.38004848495524], [-6.0861758814381695, 33.379509495784774], [-6.086535207551817, 33.381934947051896], [-6.093003077597478, 33.379778990370006], [-6.0828521148869275, 33.388851974739616]], [[-6.081055484318688, 33.382563767750774], [-6.0819537996028075, 33.3827434308076], [-6.084019924756283, 33.38220444163713], [-6.083031777943751, 33.38013831648365], [-6.081055484318688, 33.382563767750774]]], [[[-6.125342427825781, 33.368999206960574], [-6.121210177518831, 33.366663587221865], [-6.129834004246378, 33.35821942355114], [-6.131361140229382, 33.35848891813637], [-6.127049226865608, 33.36504661971045], [-6.129384846604319, 33.36378897831268], [-6.128396699791788, 33.366843250278684], [-6.130911982587322, 33.36558560888092], [-6.131001814115733, 33.36720257639233], [-6.132618781627149, 33.3646872935968], [-6.132079792456677, 33.36908903848899], [-6.135942548178392, 33.368999206960574], [-6.134684906780624, 33.363249989142204], [-6.138367999445514, 33.36513645123886], [-6.144027385735467, 33.35750077132384], [-6.145195195604822, 33.35974655953414], [-6.142320586695639, 33.35336852101689], [-6.1441172172638785, 33.351122732806594], [-6.153908853860782, 33.35004475446565], [-6.151752897178895, 33.35247020573277], [-6.152741043991426, 33.35669228756814], [-6.149417277440184, 33.359027907306846], [-6.1510342449516, 33.36064487481826], [-6.151213908008423, 33.35911773883526], [-6.152651212463014, 33.35857874966479], [-6.151213908008423, 33.364238135954736], [-6.1558851474858445, 33.3677415655628], [-6.15750211499726, 33.36531611429568], [-6.163520827400861, 33.36414830442633], [-6.165586952554335, 33.368550049318515], [-6.162263186003093, 33.368999206960574], [-6.1634309958724485, 33.37097550058564], [-6.1592089140370865, 33.3707060060004], [-6.161814028361033, 33.37313145726752], [-6.157591946525671, 33.37160432128452], [-6.1547742106011745, 33.37641706378697], [-6.155875735943067, 33.379778990370006], [-6.151124076480011, 33.38157562093824], [-6.148968119798124, 33.38921130085326], [-6.153549527747134, 33.39244523587609], [-6.151483402593659, 33.3932537196318], [-6.1516630656504825, 33.39747580146716], [-6.155166495258549, 33.396218160069395], [-6.154268179974429, 33.398553779808104], [-6.15938857709391, 33.39864361133652], [-6.159029250980263, 33.400440241904754], [-6.16073605002009, 33.394960518671624], [-6.162622512116741, 33.39675714923987], [-6.167742909236222, 33.39415203491592], [-6.1676530777078105, 33.39675714923987], [-6.163700490457685, 33.3977452960524], [-6.1656767840827476, 33.401248725660466], [-6.167114088537339, 33.400440241904754], [-6.168371729935106, 33.40106906260364], [-6.162083522946269, 33.40520131291059], [-6.17088701273064, 33.40295552470029], [-6.168192066878282, 33.40852507946183], [-6.171875159543172, 33.40888440557548], [-6.175827746793298, 33.40511148138218], [-6.1798701655718355, 33.40825558487659], [-6.176276904435357, 33.41104036225737], [-6.179510839458188, 33.41247766671196], [-6.1769955566626535, 33.41625059090526], [-6.180678649327543, 33.41831671605873], [-6.180139660157072, 33.42092183038268], [-6.177714208889949, 33.41876587370079], [-6.176726062077417, 33.421191324967914], [-6.174390442338707, 33.420562504269036], [-6.1709768442590525, 33.41643025396208], [-6.174480273867118, 33.41319631893925], [-6.169180213690813, 33.41589126479161], [-6.167742909236222, 33.41059120461531], [-6.16028689237803, 33.410950530728954], [-6.157591946525671, 33.40017074731952], [-6.151483402593659, 33.399092768978576], [-6.149147782854948, 33.40205720941617], [-6.143937554207055, 33.39675714923987], [-6.146722331587825, 33.398104622166045], [-6.145824016303706, 33.395769002427336], [-6.142230755167228, 33.39469102408639], [-6.1407934507126365, 33.396667317711454], [-6.134415412195388, 33.3917265836488], [-6.135223895951095, 33.38660618652931], [-6.133337433854445, 33.38543837665996], [-6.135134064422684, 33.38148578940984], [-6.131001814115733, 33.37771286521653], [-6.128486531320199, 33.37888067508589], [-6.12758821603608, 33.37483825630735], [-6.125072933240545, 33.37420943560846], [-6.125342427825781, 33.368999206960574]], [[-6.125971248524665, 33.3707060060004], [-6.1257017539394285, 33.3707060060004], [-6.1257017539394285, 33.37097550058564], [-6.125971248524665, 33.37097550058564], [-6.125971248524665, 33.3707060060004]], [[-6.126869563808784, 33.37151448975611], [-6.126510237695136, 33.37151448975611], [-6.126510237695136, 33.37178398434134], [-6.126869563808784, 33.37178398434134], [-6.126869563808784, 33.37151448975611]], [[-6.126779732280372, 33.36989752224469], [-6.126510237695136, 33.36989752224469], [-6.126510237695136, 33.370167016829924], [-6.126779732280372, 33.370167016829924], [-6.126779732280372, 33.36989752224469]], [[-6.130552656473674, 33.36935853307422], [-6.131091645644146, 33.369268701545806], [-6.131091645644146, 33.36890937543216], [-6.130732319530498, 33.36881954390375], [-6.130552656473674, 33.36935853307422]], [[-6.136840863462511, 33.37492808783576], [-6.1370205265193345, 33.374029772551644], [-6.1365713688772745, 33.37349078338117], [-6.135583222064743, 33.37268229962546], [-6.136840863462511, 33.37492808783576]], [[-6.143668059621819, 33.36226184232967], [-6.143129070451347, 33.362351673858086], [-6.143129070451347, 33.362621168443326], [-6.143578228093407, 33.362621168443326], [-6.143668059621819, 33.36226184232967]], [[-6.144296880320702, 33.36145335857397], [-6.143847722678643, 33.361633021630794], [-6.143937554207055, 33.36217201080127], [-6.144207048792291, 33.36217201080127], [-6.144296880320702, 33.36145335857397]], [[-6.144835869491175, 33.36109403246032], [-6.145195195604822, 33.36100420093191], [-6.145195195604822, 33.36037538023302], [-6.144835869491175, 33.36028554870461], [-6.144835869491175, 33.36109403246032]], [[-6.145913847832118, 33.38813332251232], [-6.1450155325479985, 33.38813332251232], [-6.144925701019586, 33.38849264862596], [-6.145913847832118, 33.38867231168279], [-6.145913847832118, 33.38813332251232]], [[-6.14600367936053, 33.362351673858086], [-6.14555452171847, 33.36289066302856], [-6.145644353246882, 33.36369914678427], [-6.146093510888941, 33.36342965219903], [-6.14600367936053, 33.362351673858086]], [[-6.147530815343533, 33.36962802765946], [-6.147530815343533, 33.36837038626169], [-6.146542668531001, 33.368280554733275], [-6.146542668531001, 33.369538196131046], [-6.147530815343533, 33.36962802765946]], [[-6.147351152286709, 33.37151448975611], [-6.146542668531001, 33.37717387604606], [-6.147710478400357, 33.37555690853465], [-6.147800309928769, 33.3722331419834], [-6.147351152286709, 33.37151448975611]], [[-6.147171489229885, 33.38678584958614], [-6.1483392990992405, 33.38696551264296], [-6.149057951326536, 33.385258713603136], [-6.147979972985593, 33.38543837665996], [-6.147171489229885, 33.38678584958614]], [[-6.147351152286709, 33.35884824425002], [-6.147261320758297, 33.36504661971045], [-6.148249467570828, 33.36360931525586], [-6.149327445911772, 33.36082453787508], [-6.147351152286709, 33.35884824425002]], [[-6.148518962156064, 33.3932537196318], [-6.148069804514004, 33.3932537196318], [-6.148159636042417, 33.39361304574545], [-6.148429130627653, 33.39361304574545], [-6.148518962156064, 33.3932537196318]], [[-6.149327445911772, 33.39585883395574], [-6.14923761438336, 33.39487068714321], [-6.148878288269712, 33.39514018172845], [-6.149057951326536, 33.39585883395574], [-6.149327445911772, 33.39585883395574]], [[-6.149327445911772, 33.38220444163713], [-6.149057951326536, 33.38220444163713], [-6.149057951326536, 33.382563767750774], [-6.149327445911772, 33.382563767750774], [-6.149327445911772, 33.38220444163713]], [[-6.151124076480011, 33.35238037420436], [-6.150674918837951, 33.35238037420436], [-6.150764750366363, 33.35273970031801], [-6.1510342449516, 33.35273970031801], [-6.151124076480011, 33.35238037420436]], [[-6.150764750366363, 33.37861118050065], [-6.1516630656504825, 33.37843151744383], [-6.151752897178895, 33.37573657159147], [-6.150764750366363, 33.376455223818766], [-6.150764750366363, 33.37861118050065]], [[-6.1530105385766625, 33.37986882189842], [-6.152381717877779, 33.37968915884159], [-6.152381717877779, 33.38031797954048], [-6.1530105385766625, 33.380228148012066], [-6.1530105385766625, 33.37986882189842]], [[-6.171695496486348, 33.410052215444836], [-6.1751989260944145, 33.41086069920054], [-6.175827746793298, 33.409782720859596], [-6.1747497684523545, 33.40825558487659], [-6.171695496486348, 33.410052215444836]]], [[[-6.2741932704043855, 33.461705344281704], [-6.279044172938631, 33.4601782082987], [-6.27760686848404, 33.45829174620205], [-6.279672993637514, 33.455596800349696], [-6.277696700012451, 33.45424932742351], [-6.275450911802153, 33.456495115633814], [-6.276888216256744, 33.45919006148617], [-6.270779672324731, 33.46215450192376], [-6.274013607347562, 33.45424932742351], [-6.271408493023615, 33.45469848506558], [-6.2722169767793226, 33.45164421309957], [-6.267455905773489, 33.45811208314523], [-6.267635568830313, 33.45137471851433], [-6.264311802279071, 33.452452696855275], [-6.26610843284731, 33.45406966436669], [-6.264940622977955, 33.455327305764456], [-6.25874224751753, 33.451015392400684], [-6.250028589261571, 33.45254252838369], [-6.238350490568017, 33.44751196279262], [-6.212479010385374, 33.44832044654832], [-6.203316194487355, 33.44086442969014], [-6.196668661384871, 33.44086442969014], [-6.197477145140578, 33.43583386409907], [-6.206639961038597, 33.426671048201044], [-6.209155243834132, 33.40583013360947], [-6.210862042873959, 33.405021649853765], [-6.206909455623833, 33.37906033814271], [-6.209155243834132, 33.37250263656864], [-6.214185809425201, 33.36917887001739], [-6.207538276322717, 33.36747207097757], [-6.207538276322717, 33.36414830442633], [-6.211670526629667, 33.36253133691491], [-6.209155243834132, 33.36001605411938], [-6.211670526629667, 33.35498548852831], [-6.211670526629667, 33.34914643918153], [-6.204124678243063, 33.344205705118874], [-6.1991839441804055, 33.344205705118874], [-6.194422873174572, 33.34770913472694], [-6.184990562691317, 33.34582267263029], [-6.175827746793298, 33.34914643918153], [-6.160017397792794, 33.3383666557721], [-6.149956266610656, 33.3391751395278], [-6.147530815343533, 33.33674968826068], [-6.127678047564491, 33.3436667159484], [-6.115820285814114, 33.3383666557721], [-6.10414218712056, 33.3383666557721], [-6.096416675677132, 33.33585137297656], [-6.099201453057903, 33.33504288922085], [-6.092464088427006, 33.32749704083425], [-6.090038637159884, 33.315818942140695], [-6.0700062063240185, 33.30665612624268], [-6.065334966846597, 33.30665612624268], [-6.064167156977241, 33.308722251396155], [-6.060394232783939, 33.30665612624268], [-6.06551462990342, 33.31042905043598], [-6.069377385625135, 33.30737477846997], [-6.0700062063240185, 33.30944090362345], [-6.064256988505654, 33.314201974629285], [-6.062190863352178, 33.31240534406104], [-6.065155303789773, 33.310608713492805], [-6.0606637273691755, 33.308901914452974], [-6.054195857323514, 33.31429180615769], [-6.051860237584804, 33.31141719724851], [-6.045931356709615, 33.31474096379975], [-6.047817818806266, 33.308722251396155], [-6.045841525181203, 33.3083629252825], [-6.04620085129485, 33.30584764248697], [-6.041439780289018, 33.30665612624268], [-6.040092307362838, 33.30980022973709], [-6.0333549427319415, 33.31096803960645], [-6.031737975220526, 33.3090815775098], [-6.033983763430825, 33.30737477846997], [-6.031288817578467, 33.30665612624268], [-5.995805363855746, 33.3083629252825], [-5.991762945077208, 33.3233647905273], [-5.980174677912066, 33.32165799148747], [-5.984127265162192, 33.32623939943648], [-5.987451031713434, 33.32516142109554], [-5.989786651452145, 33.325880073322836], [-5.98313911834966, 33.32704788319219], [-5.9758627645482925, 33.32102917078859], [-5.9649931496104465, 33.332527606425316], [-5.955381176070367, 33.33504288922085], [-5.9527760617464205, 33.33414457393673], [-5.957626964280666, 33.33261743795373], [-5.9574473012238425, 33.32579024179442], [-5.948374316854235, 33.32004102397606], [-5.93570807134815, 33.33459373157879], [-5.930857168813905, 33.329203839874076], [-5.925018119467127, 33.32749704083425], [-5.924029972654596, 33.324173274283005], [-5.915855303569108, 33.33082080738549], [-5.907770466012033, 33.32884451376043], [-5.911633221733746, 33.324891926510304], [-5.911633221733746, 33.32165799148747], [-5.914956988284989, 33.32004102397606], [-5.910016254222332, 33.315818942140695], [-5.895822872733243, 33.31429180615769], [-5.885043089323808, 33.315818942140695], [-5.88001252373274, 33.31168669183375], [-5.87084970783472, 33.31330365934516], [-5.866627625999358, 33.311776523362155], [-5.865010658487943, 33.314201974629285], [-5.861686891936701, 33.314201974629285], [-5.859081777612754, 33.31087820807804], [-5.832311982145993, 33.31213584947581], [-5.828539057952691, 33.30997989279392], [-5.82575428057192, 33.31168669183375], [-5.829706867822046, 33.308722251396155], [-5.828000068782219, 33.30665612624268], [-5.814166013406778, 33.309171409038214], [-5.81192022519648, 33.31186635489057], [-5.811650730611244, 33.30997989279392], [-5.807518480304294, 33.314201974629285], [-5.806709996548586, 33.31950203480559], [-5.80500319750876, 33.31743590965211], [-5.7994299390255515, 33.31999537561402], [-5.800382315999855, 33.31932871200007], [-5.800409357999854, 33.31930978200012], [-5.80371320699993, 33.31699708800011], [-5.811868616999959, 33.30860181200018], [-5.81622626099994, 33.30781279300004], [-5.817287723999925, 33.307620599000074], [-5.817787722999867, 33.30742059900024], [-5.818487723999908, 33.30732059899998], [-5.81958772299987, 33.30732059899998], [-5.820787723999956, 33.306620598999984], [-5.821487723999951, 33.306620598999984], [-5.822787723999852, 33.30652059900024], [-5.824945820908743, 33.30544155054564], [-5.826687723999953, 33.3050205990001], [-5.827387722999902, 33.30522059900011], [-5.829687723999939, 33.305820599000185], [-5.831487723999942, 33.31082059900018], [-5.841623070238774, 33.31034493293119], [-5.843287722999889, 33.31042059900011], [-5.8439877239999305, 33.31042059900011], [-5.84538772399992, 33.31042059900011], [-5.845787723999877, 33.310520599000085], [-5.848387723999906, 33.31072059900009], [-5.852587722999942, 33.31032059900019], [-5.8538877239999465, 33.310620599000174], [-5.854987723999955, 33.31072059900009], [-5.855187723999961, 33.31072059900009], [-5.856287722999923, 33.309720599000116], [-5.8591877239999235, 33.30952059900011], [-5.860958214896099, 33.310981254354616], [-5.861887723999928, 33.31222059900023], [-5.863187722999953, 33.31282059900013], [-5.864087723999944, 33.31272059899999], [-5.86540994719832, 33.311709487142465], [-5.867787723999925, 33.310520599000085], [-5.868887722999943, 33.31142059900009], [-5.868887722999943, 33.311920599000246], [-5.870387723999954, 33.311920599000246], [-5.870687723999936, 33.31112059899999], [-5.873487723999858, 33.310620599000174], [-5.876851705042966, 33.31044808715176], [-5.880287723999913, 33.31042059900011], [-5.881187723999858, 33.31122059900008], [-5.883987722999905, 33.313720599000135], [-5.886087723999935, 33.31462059900019], [-5.887187723999887, 33.31472059900011], [-5.88898772399989, 33.31462059900019], [-5.890404003069422, 33.31399114163587], [-5.895687723999856, 33.31322059900015], [-5.897787723999954, 33.31352059900013], [-5.902687723999918, 33.314120599000034], [-5.90608772399986, 33.314120599000034], [-5.906987722999929, 33.314120599000034], [-5.907487723999907, 33.31422059900012], [-5.908087723999813, 33.31442059900019], [-5.909087722999857, 33.31442059900019], [-5.910382639136134, 33.31398896057587], [-5.910987723999938, 33.314020599000116], [-5.9117877239999075, 33.316220599000076], [-5.913187723999897, 33.31682059899998], [-5.91446045127207, 33.31682059899998], [-5.916687723999928, 33.31732059900014], [-5.914543188551712, 33.321655298310354], [-5.9142877239997915, 33.32182059899998], [-5.913287723999929, 33.32252059900014], [-5.911987723999914, 33.32682059900014], [-5.911987723999914, 33.328020599000126], [-5.91258772399982, 33.329020599000046], [-5.913387723999904, 33.329520599000034], [-5.914187722999941, 33.3297205990001], [-5.916587722999907, 33.32842059900014], [-5.919387723999876, 33.32672059900017], [-5.921087722999914, 33.3254205990001], [-5.922787723999932, 33.32362059900004], [-5.922787723999932, 33.31922059900012], [-5.924787722999838, 33.31772059899998], [-5.925887723999892, 33.31872059900013], [-5.9257786330908075, 33.320602417182], [-5.925487723999936, 33.322420599000225], [-5.925487723999936, 33.32562059899993], [-5.927387722999924, 33.32682059900014], [-5.928043790874157, 33.3268674609912], [-5.932814678306139, 33.329194723342425], [-5.933187723999936, 33.330220599000086], [-5.933487722999871, 33.33082059899999], [-5.934987723999939, 33.33152059899999], [-5.93648772399996, 33.33152059899999], [-5.937787722999872, 33.331620599000075], [-5.938187722999942, 33.33132059899992], [-5.938687723999919, 33.329820599000186], [-5.938587723710982, 33.32902059668914], [-5.939387722999925, 33.326420599000244], [-5.942087722999929, 33.32512059900017], [-5.942887722999956, 33.323720599000126], [-5.943535154140066, 33.32287224124696], [-5.948387722999939, 33.31872059900013], [-5.951887722999913, 33.32092059900009], [-5.953887722999923, 33.32282059900007], [-5.95778772299991, 33.32482059900019], [-5.958587722999937, 33.32512059900017], [-5.961287723999874, 33.33042059900009], [-5.961887723999951, 33.33082059899999], [-5.963156954768979, 33.33090521438467], [-5.963987723999878, 33.33112059900009], [-5.966187723999951, 33.329520599000034], [-5.967787723999891, 33.32822059900013], [-5.969487723999862, 33.325920599000085], [-5.969667316526274, 33.3256287611447], [-5.972565821032897, 33.322826074737264], [-5.972587723999936, 33.32282059900007], [-5.972687074803352, 33.322708829346226], [-5.976087722999921, 33.319420599000125], [-5.99136515399988, 33.32217695400004], [-5.9930893379999475, 33.317560276000165], [-5.99360360122153, 33.31413185504516], [-5.995566142999849, 33.307078375000174], [-6.015667833999885, 33.30640079000017], [-6.042917741999929, 33.3048436520001], [-6.070167649999917, 33.305622221000135], [-6.090929484999947, 33.31548409200013], [-6.094562805999942, 33.328719761999935], [-6.100387722999869, 33.33462059900012], [-6.104943722999906, 33.33676497300013], [-6.116103208999959, 33.337284019000094], [-6.125687722999942, 33.342020599000136], [-6.127287722999881, 33.34182059900024], [-6.131155538999906, 33.34169590900024], [-6.135713644325982, 33.33896104568748], [-6.142695114359772, 33.336830550237295], [-6.142887723999934, 33.33682059900008], [-6.145387722999942, 33.337420598999984], [-6.146987723999871, 33.335520599000176], [-6.150587723999934, 33.33802059900006], [-6.1584054479999395, 33.33676497300013], [-6.177610144999903, 33.348183982000194], [-6.182687722999901, 33.34622059899999], [-6.184387723999862, 33.34482059900017], [-6.1929219979999175, 33.3458482760002], [-6.203587723999817, 33.343020599000056], [-6.209012419999851, 33.344810184000096], [-6.213424309999937, 33.3500006430001], [-6.2128877229999375, 33.35262059900015], [-6.213987723999935, 33.35522059900018], [-6.211201364999852, 33.3561333720001], [-6.210787722999953, 33.35952059900018], [-6.211887723999894, 33.36082059900008], [-6.212672340994208, 33.361539831844276], [-6.213587723999865, 33.36252059900005], [-6.211900976683967, 33.3638699965829], [-6.210787722999953, 33.36392059900004], [-6.209587722999856, 33.36472059900018], [-6.208487723999951, 33.365420599000174], [-6.20858772299988, 33.36652059900007], [-6.209287723999921, 33.367120599000145], [-6.210287723999954, 33.36732059899998], [-6.213687722999907, 33.367120599000145], [-6.21468772299994, 33.36702059900023], [-6.21528772299996, 33.3691205990001], [-6.2128877229999375, 33.371120599000164], [-6.210487723999961, 33.37342059900004], [-6.20921673329863, 33.37645142064891], [-6.209137071999862, 33.37654761300013], [-6.208752896999954, 33.38711242200003], [-6.212604335999856, 33.4043837120002], [-6.21038772299994, 33.40642059900023], [-6.2074552819998985, 33.42733847700009], [-6.202088145676582, 33.43342186825666], [-6.201401039999894, 33.43401081600018], [-6.196987755999942, 33.43920291500018], [-6.203821960999903, 33.440055100999984], [-6.213424309999937, 33.44732174300009], [-6.236002804999885, 33.445764606000125], [-6.250536088999866, 33.450955064000084], [-6.262993189999861, 33.44810031200012], [-6.279862180999942, 33.451993156000185], [-6.2962121259999435, 33.463152642000125], [-6.302700198999958, 33.464450257000124], [-6.312754564629539, 33.46422682659549], [-6.3161953919999405, 33.464450257000124], [-6.330900357999894, 33.477684727000224], [-6.336987723999812, 33.47952059900024], [-6.345974846999923, 33.47917158500013], [-6.347495797588539, 33.48164794358916], [-6.345878830077123, 33.480839459833454], [-6.345788998548711, 33.48299541651534], [-6.344082199508884, 33.480839459833454], [-6.332493932343742, 33.48003097607774], [-6.325846399241258, 33.47419192673097], [-6.323241284917311, 33.47598855729921], [-6.319198866138773, 33.46835287738419], [-6.317402235570534, 33.47284445380479], [-6.312730996093113, 33.46718506751483], [-6.309227566485047, 33.46970035031037], [-6.29925626683132, 33.47005967642402], [-6.296201994865314, 33.4661969207023], [-6.287578168137767, 33.46781388821372], [-6.282278107961461, 33.46422062707724], [-6.284703559228584, 33.46323248026471], [-6.280481477393222, 33.460896860526], [-6.2830865917171685, 33.45919006148617], [-6.2817391187909895, 33.4571239363327], [-6.279583162109103, 33.457213767861106], [-6.28039164586481, 33.46368163790677], [-6.2741932704043855, 33.461705344281704]], [[-5.806979491133823, 33.31527995297022], [-5.806979491133823, 33.31501045838499], [-5.806709996548586, 33.31501045838499], [-5.806709996548586, 33.31527995297022], [-5.806979491133823, 33.31527995297022]], [[-5.925018119467127, 33.32004102397606], [-5.925018119467127, 33.31914270869194], [-5.92420963571142, 33.31914270869194], [-5.92420963571142, 33.319861360919234], [-5.925018119467127, 33.32004102397606]], [[-5.979995014855242, 33.32120883384541], [-5.979995014855242, 33.320849507731765], [-5.9796356887415945, 33.320849507731765], [-5.9796356887415945, 33.321119002317005], [-5.979995014855242, 33.32120883384541]], [[-6.037307529982067, 33.30764427305521], [-6.03928382360713, 33.30764427305521], [-6.037666856095715, 33.30665612624268], [-6.036139720112712, 33.30692562082791], [-6.037307529982067, 33.30764427305521]], [[-6.040361801948074, 33.30665612624268], [-6.039553318192366, 33.30665612624268], [-6.039822812777603, 33.30710528388474], [-6.040271970419662, 33.30692562082791], [-6.040361801948074, 33.30665612624268]], [[-6.040451633476486, 33.30809343069727], [-6.039912644306014, 33.30818326222568], [-6.039912644306014, 33.308452756810915], [-6.04063129653331, 33.308452756810915], [-6.040451633476486, 33.30809343069727]], [[-6.048356807976738, 33.30638663165744], [-6.048356807976738, 33.30584764248697], [-6.047458492692618, 33.30584764248697], [-6.04754832422103, 33.30620696860062], [-6.048356807976738, 33.30638663165744]], [[-6.056172150948577, 33.30719511541315], [-6.048716134090386, 33.30665612624268], [-6.05123141688592, 33.308452756810915], [-6.058867096800936, 33.30863241986774], [-6.056172150948577, 33.30719511541315]], [[-6.064256988505654, 33.30692562082791], [-6.064256988505654, 33.30665612624268], [-6.0639874939204175, 33.30665612624268], [-6.0639874939204175, 33.30692562082791], [-6.064256988505654, 33.30692562082791]], [[-6.0817741365459845, 33.31195618641898], [-6.081684305017572, 33.31141719724851], [-6.081504641960748, 33.311596860305336], [-6.08159447348916, 33.311776523362155], [-6.0817741365459845, 33.31195618641898]], [[-6.267455905773489, 33.45002724558815], [-6.25919140515959, 33.45002724558815], [-6.260089720443709, 33.45128488698592], [-6.263413486994951, 33.45083572934386], [-6.267455905773489, 33.45002724558815]], [[-6.2737441127623255, 33.452722191440515], [-6.273654281233914, 33.45164421309957], [-6.272935629006618, 33.45164421309957], [-6.273205123591854, 33.45299168602575], [-6.2737441127623255, 33.452722191440515]], [[-6.283445917830816, 33.45919006148617], [-6.284344233114936, 33.45927989301458], [-6.284254401586524, 33.45784258855999], [-6.2835357493592285, 33.45820191467364], [-6.283445917830816, 33.45919006148617]], [[-6.285152716870644, 33.46026803982711], [-6.285152716870644, 33.45990871371347], [-6.284883222285408, 33.45990871371347], [-6.284883222285408, 33.46026803982711], [-6.285152716870644, 33.46026803982711]], [[-6.290812103160596, 33.461705344281704], [-6.290812103160596, 33.460807028997586], [-6.290452777046949, 33.460807028997586], [-6.290452777046949, 33.46143584969647], [-6.290812103160596, 33.461705344281704]], [[-6.293327385956132, 33.46395113249201], [-6.295034184995958, 33.46422062707724], [-6.292518902200424, 33.461705344281704], [-6.291261260802656, 33.46233416498059], [-6.293327385956132, 33.46395113249201]], [[-6.304107169365565, 33.467005404458014], [-6.304915653121273, 33.466735909872774], [-6.304825821592861, 33.465837594588656], [-6.298896940717673, 33.4653884369466], [-6.304107169365565, 33.467005404458014]], [[-6.31075470246805, 33.465837594588656], [-6.305005484649685, 33.465837594588656], [-6.305454642291744, 33.467544393628486], [-6.308958071899811, 33.46718506751483], [-6.31075470246805, 33.465837594588656]], [[-6.316683583343239, 33.46682574140119], [-6.316683583343239, 33.465837594588656], [-6.311473354695345, 33.465837594588656], [-6.313898805962468, 33.46646641528754], [-6.316683583343239, 33.46682574140119]], [[-6.3241396002014305, 33.472754622276376], [-6.3241396002014305, 33.472485127691144], [-6.323780274087783, 33.472485127691144], [-6.323780274087783, 33.472754622276376], [-6.3241396002014305, 33.472754622276376]]], [[[-6.097674317074899, 33.40987255238801], [-6.093003077597478, 33.40870474251866], [-6.09354206676795, 33.40636912277994], [-6.0894996479894115, 33.40752246850319], [-6.085187734625638, 33.39442152950115], [-6.091565773142887, 33.38606719735884], [-6.097584485546488, 33.38624686041567], [-6.0997404422283745, 33.38319258844966], [-6.102345556552321, 33.38597736583043], [-6.108364268955922, 33.38606719735884], [-6.10090825209773, 33.38984012155215], [-6.1035133664216765, 33.3917265836488], [-6.100818420569318, 33.392175741290856], [-6.098572632359019, 33.389301132381675], [-6.096955664847604, 33.3910079314215], [-6.098752295415843, 33.395769002427336], [-6.102076061967085, 33.39657748618304], [-6.100728589040906, 33.400260578847934], [-6.103333703364853, 33.39990125273428], [-6.108813426597981, 33.40520131291059], [-6.105130333933092, 33.40744710112089], [-6.10180656738185, 33.40475215526853], [-6.099111621529491, 33.405740302081064], [-6.099111621529491, 33.40798609029136], [-6.100818420569318, 33.4060097966663], [-6.1026150511375565, 33.4075369326493], [-6.097674317074899, 33.40987255238801]], [[-6.10180656738185, 33.388851974739616], [-6.101716735853437, 33.38813332251232], [-6.100279431398846, 33.38795365945549], [-6.099920105285198, 33.3887621432112], [-6.10180656738185, 33.388851974739616]]], [[[-6.259820225858473, 33.474641084373026], [-6.263503318523363, 33.473473274503675], [-6.265030454506366, 33.47059866559449], [-6.2633236554665395, 33.468891866554664], [-6.266737253546194, 33.47077832865131], [-6.265479612148426, 33.47428175825938], [-6.27068984079632, 33.47661737799809], [-6.265299949091602, 33.47832417703792], [-6.264221970750659, 33.48326491110058], [-6.262335508654008, 33.479132660793624], [-6.237901332925957, 33.487936150577994], [-6.237452175283897, 33.485151373197226], [-6.242752235460202, 33.48353440568581], [-6.239697963494196, 33.48335474262899], [-6.241314931005611, 33.47751569328221], [-6.244279371443206, 33.47841400856633], [-6.242842066988614, 33.473203779918435], [-6.234667397903126, 33.47266479074796], [-6.23942846890896, 33.46871220349784], [-6.242033583232907, 33.46925119266831], [-6.241314931005611, 33.4616155127533], [-6.23484706095995, 33.45919006148617], [-6.239158974323724, 33.457483262446345], [-6.251735388301397, 33.46053753441235], [-6.250118420789982, 33.47428175825938], [-6.252364209000281, 33.48030047066298], [-6.253172692755989, 33.47796485092427], [-6.254071008040108, 33.481019122890274], [-6.25784393223341, 33.479132660793624], [-6.258832079045941, 33.4751800735435], [-6.255867638608347, 33.47473091590144], [-6.25829308987547, 33.4714071493502], [-6.259820225858473, 33.474641084373026]]], [[[-6.293057891370895, 33.47077832865131], [-6.295213848052782, 33.47257495921955], [-6.2953036795811945, 33.478683503151565], [-6.2906324401037725, 33.47751569328221], [-6.290901934689009, 33.47922249232204], [-6.28497305381382, 33.48074962830504], [-6.27994248822275, 33.485870025424525], [-6.280122151279574, 33.48425305791311], [-6.279403499052279, 33.47931232385045], [-6.274732259574857, 33.479132660793624], [-6.291351092331069, 33.47419192673097], [-6.290812103160596, 33.46952068725355], [-6.296920647092609, 33.46979018183878], [-6.297549467791493, 33.472215633105904], [-6.293057891370895, 33.47077832865131]], [[-6.287667999666178, 33.47877333467998], [-6.289195135649182, 33.47661737799809], [-6.285961200626351, 33.47616822035603], [-6.280301814336398, 33.47976148149251], [-6.282906928660345, 33.48021063913457], [-6.287667999666178, 33.47877333467998]]], [[[-6.197656808197403, 33.475808894242384], [-6.208436591606836, 33.47455125284461], [-6.207448444794305, 33.47832417703792], [-6.210682379817135, 33.47949198690727], [-6.215084124709321, 33.47859367162315], [-6.218138396675327, 33.48271860383006], [-6.200351754049761, 33.47814451398109], [-6.197656808197403, 33.475808894242384]], [[-6.205022993527182, 33.47562923118556], [-6.203316194487355, 33.47562923118556], [-6.203316194487355, 33.4758987257708], [-6.205022993527182, 33.4758987257708], [-6.205022993527182, 33.47562923118556]]], [[[-6.210323053703488, 33.58064228789913], [-6.210682379817135, 33.584505043620844], [-6.2138264833115535, 33.584505043620844], [-6.214814630124085, 33.58154060318325], [-6.217419744448032, 33.58387622292196], [-6.2218214893402175, 33.57974637272433], [-6.225614692080886, 33.58423554903561], [-6.2175994075048555, 33.58980510379715], [-6.215802776936616, 33.58827796781415], [-6.218138396675327, 33.584505043620844], [-6.2142756409536135, 33.584774538206084], [-6.211490863572843, 33.58728982100162], [-6.212209515800138, 33.5901644299108], [-6.224067277550516, 33.59510516397346], [-6.22748087563017, 33.59294920729157], [-6.229996158425705, 33.594566174802985], [-6.23009063850906, 33.591691565893804], [-6.235277882774176, 33.601392258936755], [-6.235925039300894, 33.61163416520125], [-6.23161312593712, 33.61307146965584], [-6.229008011613174, 33.608849387820484], [-6.21598243999344, 33.615317257866145], [-6.21688075527756, 33.61208332284331], [-6.209155243834132, 33.61513759480932], [-6.206639961038597, 33.61900035053103], [-6.210233222175075, 33.61109517603078], [-6.209334906890956, 33.60831039865001], [-6.216521429163913, 33.60759174642272], [-6.2171502498627955, 33.60247134930324], [-6.222450310039101, 33.601213707905465], [-6.225324918948283, 33.59780010982581], [-6.20951456994778, 33.58926611462668], [-6.209155243834132, 33.58163043471166], [-6.205472151169242, 33.577588015933124], [-6.207268781737481, 33.57327610256935], [-6.204214509771475, 33.57174896658635], [-6.207897602436365, 33.57004216754652], [-6.208346760078425, 33.566628569466864], [-6.20861625466366, 33.57830666816042], [-6.2133773256694935, 33.57830666816042], [-6.210323053703488, 33.58064228789913]], [[-6.215892608465029, 33.61109517603078], [-6.216072271521853, 33.60911888240572], [-6.2147247985956735, 33.60947820851937], [-6.2147247985956735, 33.6104663553319], [-6.215892608465029, 33.61109517603078]], [[-6.22011469030039, 33.58513386431973], [-6.2209231740560975, 33.58306773916625], [-6.219665532658331, 33.58333723375149], [-6.218767217374211, 33.584325380564024], [-6.22011469030039, 33.58513386431973]], [[-6.2260435711755795, 33.610286692275075], [-6.225863908118756, 33.60750191489431], [-6.2251452558914595, 33.608400230178425], [-6.225684245061931, 33.61019686074666], [-6.2260435711755795, 33.610286692275075]], [[-6.231792788993944, 33.597440783712166], [-6.229996158425705, 33.59896791969517], [-6.231433462880297, 33.599596740394055], [-6.231163968295061, 33.59878825663834], [-6.231792788993944, 33.597440783712166]], [[-6.231523294408708, 33.60875955629207], [-6.231433462880297, 33.61001719768984], [-6.231882620522356, 33.61019686074666], [-6.231972452050768, 33.60911888240572], [-6.231523294408708, 33.60875955629207]]], [[[-6.209245075362544, 33.60875955629207], [-6.205022993527182, 33.61163416520125], [-6.207538276322717, 33.612622312013784], [-6.203765352129415, 33.61289180659902], [-6.204214509771475, 33.62115630721292], [-6.203495857544179, 33.6194495081731], [-6.194692367759808, 33.61918001358786], [-6.201968721561176, 33.60992736616143], [-6.196938155970106, 33.60750191489431], [-6.1964889983280464, 33.59717128912693], [-6.187505845486852, 33.594296680217745], [-6.186697361731144, 33.587199989473206], [-6.189571970640326, 33.5879186417005], [-6.1893923075835025, 33.592230555064276], [-6.1916380957938015, 33.594117017160926], [-6.195321188458691, 33.58800847322891], [-6.193973715532512, 33.59420684868934], [-6.198375460424698, 33.59672213148487], [-6.197477145140578, 33.60040522414976], [-6.199273775708818, 33.598339098996284], [-6.201968721561176, 33.600674718735], [-6.198555123481522, 33.60130353943388], [-6.1982856288962855, 33.60759174642272], [-6.203316194487355, 33.60687309419542], [-6.20403484671465, 33.6097477031046], [-6.205651814226066, 33.6089392193489], [-6.209245075362544, 33.60875955629207]], [[-6.200082259464525, 33.6180122037185], [-6.200082259464525, 33.61693422537756], [-6.199094112651993, 33.61684439384915], [-6.198375460424698, 33.617652877604854], [-6.200082259464525, 33.6180122037185]], [[-6.201160237805468, 33.614868100224086], [-6.200890743220232, 33.61684439384915], [-6.2020585530895875, 33.61684439384915], [-6.202417879203236, 33.61567658397979], [-6.201160237805468, 33.614868100224086]]], [[[-6.193704220947277, 33.6225037801391], [-6.194243210117748, 33.62501906293463], [-6.188673655356207, 33.62762417725858], [-6.18418207893561, 33.62789367184382], [-6.182026122253722, 33.62385125306528], [-6.17636673596377, 33.62169529638339], [-6.17825319806042, 33.615766415508205], [-6.178792187230893, 33.61962917122992], [-6.180858312384367, 33.618910519002625], [-6.180409154742307, 33.62088681262769], [-6.185439720333377, 33.62492923140623], [-6.190021128282386, 33.62537838904829], [-6.193704220947277, 33.6225037801391]]], [[[-6.2255944135335195, 33.6841282086297], [-6.240416615721491, 33.693329811798165], [-6.21598243999344, 33.68529601849905], [-6.219665532658331, 33.68242140958987], [-6.2255944135335195, 33.6841282086297]]], [[[-5.749936470592233, 33.70478946016445], [-5.7476906823819345, 33.70478946016445], [-5.750834785876352, 33.70928103658505], [-5.745714388756871, 33.70631659614745], [-5.746253377927343, 33.710179351869165], [-5.742480453734041, 33.71035901492599], [-5.74840933460923, 33.71287429772153], [-5.749038155308114, 33.71583873815912], [-5.757841645092484, 33.71907267318195], [-5.7594586126039, 33.722576102790015], [-5.757212824393601, 33.724282901829845], [-5.763027274168601, 33.72895414130726], [-5.753978889370771, 33.73173891868804], [-5.748499166137641, 33.727606668381085], [-5.74840933460923, 33.731199929517565], [-5.743917758188632, 33.72823548907997], [-5.74337876901816, 33.73191858174486], [-5.7425702852624525, 33.730211782705034], [-5.740055002466918, 33.7321880763301], [-5.736641404387264, 33.73084060340391], [-5.736641404387264, 33.73272706550057], [-5.7510144489331765, 33.73344571772786], [-5.734988073060488, 33.73465829520031], [-5.741013580217111, 33.709278225733186], [-5.7410841799998025, 33.70899282800019], [-5.741725960999872, 33.70627760299993], [-5.748462595999911, 33.701837548000185], [-5.760557916999915, 33.693110544000035], [-5.7647796459453815, 33.6891371515267], [-5.771383403030757, 33.6968842856642], [-5.772933341865692, 33.70029788374385], [-5.770867216712218, 33.700926704442736], [-5.773023173394105, 33.70049199080148], [-5.774165792637551, 33.70468005240679], [-5.774072503277724, 33.712600345378284], [-5.773045758236483, 33.71619806427277], [-5.770777385183806, 33.71556924357388], [-5.7727080706230165, 33.717096379556885], [-5.770597722126982, 33.72104896680701], [-5.769070586143979, 33.714940422875], [-5.766734966405268, 33.72365408113096], [-5.765117998893853, 33.72176761903431], [-5.7677231132178, 33.71467092828976], [-5.763321368325614, 33.71503025440341], [-5.764309515138145, 33.71071834103964], [-5.7585602973197805, 33.713413286892], [-5.757212824393601, 33.71197598243741], [-5.764309515138145, 33.70317249265303], [-5.756763666751541, 33.710448846454405], [-5.754967036183302, 33.70990985728393], [-5.757841645092484, 33.70676575378951], [-5.755685688410598, 33.70676575378951], [-5.756943329808365, 33.70487929169286], [-5.755146699240126, 33.70604710156222], [-5.753709394785535, 33.70577760697698], [-5.755865351467421, 33.70407080793716], [-5.756853498279953, 33.70227417736891], [-5.751733101160472, 33.705148786278095], [-5.754248383956006, 33.708292889772515], [-5.7534399002002985, 33.709730194227106], [-5.749936470592233, 33.70478946016445]], [[-5.737539719671384, 33.72868464672203], [-5.738707529540739, 33.72841515213679], [-5.738168540370267, 33.72778633143791], [-5.737539719671384, 33.72751683685267], [-5.737539719671384, 33.72868464672203]], [[-5.741761801506745, 33.72895414130726], [-5.741582138449921, 33.726349026983314], [-5.74059399163739, 33.727606668381085], [-5.741402475393097, 33.72796599449473], [-5.741761801506745, 33.72895414130726]], [[-5.741851633035157, 33.72967279353456], [-5.741582138449921, 33.72967279353456], [-5.741582138449921, 33.73003211964821], [-5.741851633035157, 33.73003211964821], [-5.741851633035157, 33.72967279353456]], [[-5.743288937489748, 33.72536088017078], [-5.744007589717044, 33.72518121711396], [-5.743558432074984, 33.72437273335825], [-5.743199105961336, 33.72455239641508], [-5.743288937489748, 33.72536088017078]], [[-5.750655122819529, 33.72688801615379], [-5.750205965177469, 33.72536088017078], [-5.749936470592233, 33.72554054322761], [-5.749936470592233, 33.72688801615379], [-5.750655122819529, 33.72688801615379]], [[-5.75487720465489, 33.70047754680068], [-5.755865351467421, 33.70020805221544], [-5.75622467758107, 33.69957923151656], [-5.756853498279953, 33.69886057928926], [-5.75487720465489, 33.70047754680068]], [[-5.758470465791368, 33.70568777544857], [-5.758200971206133, 33.70568777544857], [-5.758200971206133, 33.70595727003381], [-5.758470465791368, 33.70595727003381], [-5.758470465791368, 33.70568777544857]], [[-5.758739960376604, 33.711886150908995], [-5.7594586126039, 33.71179631938058], [-5.759368781075487, 33.711436993266936], [-5.758739960376604, 33.71152682479534], [-5.758739960376604, 33.711886150908995]], [[-5.759368781075487, 33.70074704138591], [-5.759099286490252, 33.70074704138591], [-5.759099286490252, 33.70101653597115], [-5.759368781075487, 33.70101653597115], [-5.759368781075487, 33.70074704138591]], [[-5.759728107189136, 33.70434030252239], [-5.760177264831196, 33.7044301340508], [-5.760267096359607, 33.70407080793716], [-5.75990777024596, 33.703980976408744], [-5.759728107189136, 33.70434030252239]], [[-5.760536590944843, 33.708742047414574], [-5.761075580115315, 33.70883187894299], [-5.761704400814199, 33.707843732130456], [-5.761255243172139, 33.707304742959984], [-5.760536590944843, 33.708742047414574]], [[-5.7689807546155665, 33.69454866592549], [-5.764668841251793, 33.69670462260737], [-5.766734966405268, 33.69598597038008], [-5.7689807546155665, 33.69508765509596], [-5.7689807546155665, 33.69454866592549]], [[-5.76682479793368, 33.70074704138591], [-5.766465471820032, 33.70074704138591], [-5.766465471820032, 33.70101653597115], [-5.76682479793368, 33.70101653597115], [-5.76682479793368, 33.70074704138591]], [[-5.76727395557574, 33.713772613005645], [-5.767543450160975, 33.713772613005645], [-5.767633281689387, 33.71323362383517], [-5.76727395557574, 33.71323362383517], [-5.76727395557574, 33.713772613005645]], [[-5.769250249200803, 33.71323362383517], [-5.77005873295651, 33.713413286892], [-5.770777385183806, 33.710898004096464], [-5.769968901428098, 33.710628509511224], [-5.769250249200803, 33.71323362383517]], [[-5.770687553655394, 33.700657209857496], [-5.769968901428098, 33.700657209857496], [-5.769968901428098, 33.700926704442736], [-5.770687553655394, 33.700926704442736], [-5.770687553655394, 33.700657209857496]], [[-5.770957048240629, 33.70532844933492], [-5.771765531996337, 33.70568777544857], [-5.7727536788088685, 33.70478946016445], [-5.773472331036164, 33.70380131335192], [-5.770957048240629, 33.70532844933492]]], [[[-5.553205423370057, 34.648110340018356], [-5.549701993761992, 34.643618763597765], [-5.55278836910065, 34.643520926996], [-5.562160258924779, 34.644786573467115], [-5.560481777171425, 34.64784084543312], [-5.564075038307903, 34.64536895054574], [-5.570887105432111, 34.64830036488769], [-5.5696445930694445, 34.65017646517183], [-5.572519201978627, 34.64932863464487], [-5.5796584592596, 34.65571142504199], [-5.58259134871643, 34.66032066567339], [-5.5848319972521185, 34.6677643211727], [-5.599584164076589, 34.67730558675224], [-5.597402535348738, 34.67748524980907], [-5.596414388536207, 34.68044969024666], [-5.5983008506328575, 34.67802423897954], [-5.599917818144273, 34.6791920488489], [-5.593988937269084, 34.68404295138314], [-5.5931804535133764, 34.68691756029232], [-5.600905964956804, 34.680090364133015], [-5.600097481201097, 34.67788395103009], [-5.606565351246757, 34.68952267461627], [-5.603331416223927, 34.69158879976975], [-5.606760681391505, 34.690331158371976], [-5.607112259817879, 34.69278035419089], [-5.604327769079317, 34.70567289156787], [-5.599166004794005, 34.71233407137477], [-5.589557280902247, 34.71854685033687], [-5.5882644279998885, 34.714896036000084], [-5.579573013999948, 34.708053858000085], [-5.57846347099985, 34.70472523100011], [-5.5782813810244, 34.70440960838037], [-5.57439514899994, 34.693444884000144], [-5.566185000021489, 34.693648441355215], [-5.559971098999938, 34.693444884000144], [-5.552019378999887, 34.69399965500014], [-5.552236394999909, 34.69240821000017], [-5.552356978999853, 34.68946966700014], [-5.5514021189998175, 34.684377079000114], [-5.550924688999942, 34.67896620500022], [-5.550149329999897, 34.67695027100024], [-5.550125215999856, 34.67665486900012], [-5.54973111399994, 34.6762607670002], [-5.549174111999946, 34.672998328000176], [-5.549792042999911, 34.67257350099993], [-5.549868990999869, 34.672520599000165], [-5.550170689999959, 34.672313181000106], [-5.550287722999883, 34.672020599000234], [-5.550487722999833, 34.671520599000075], [-5.551887722999936, 34.67102059900009], [-5.552387723999914, 34.670320599000036], [-5.552287722999893, 34.66962059900004], [-5.552187723999907, 34.669020599000135], [-5.55211826399983, 34.667905741000084], [-5.550924688999942, 34.66718959600007], [-5.549933263808102, 34.667952230357606], [-5.547433855196086, 34.668005409254796], [-5.547105247999923, 34.66782616900008], [-5.546527737445337, 34.668024688352446], [-5.5408986569999, 34.66814445600022], [-5.540739513999881, 34.66599602000008], [-5.539625509999837, 34.663688441000204], [-5.537636217999932, 34.65660656199998], [-5.533534524966002, 34.6484530530988], [-5.5479053631937525, 34.643798426654584], [-5.54736637402328, 34.646223877921706], [-5.550240982932463, 34.64559505722283], [-5.55239693961435, 34.64909848683089], [-5.550779972102935, 34.65089511739913], [-5.557966494375891, 34.65017646517183], [-5.558415652017951, 34.647930676961536], [-5.553205423370057, 34.648110340018356]], [[-5.540000188693501, 34.66140540622333], [-5.541706987733328, 34.666705466399634], [-5.543144292187919, 34.666256308757575], [-5.543413786773154, 34.66248338456427], [-5.540000188693501, 34.66140540622333]], [[-5.543593449829979, 34.649278149887714], [-5.543862944415214, 34.647391687791064], [-5.543054460659507, 34.64757135084789], [-5.542874797602683, 34.64846966613201], [-5.543593449829979, 34.649278149887714]], [[-5.5479053631937525, 34.652152758796895], [-5.548174857778989, 34.65161376962642], [-5.547635868608516, 34.650984948927544], [-5.547096879438045, 34.65179343268325], [-5.5479053631937525, 34.652152758796895]], [[-5.548354520835812, 34.653140905609426], [-5.553025760313234, 34.658890123427796], [-5.560930934813485, 34.660507090939205], [-5.5550020539382965, 34.65583585146179], [-5.548354520835812, 34.653140905609426]], [[-5.548893510006284, 34.651523938098016], [-5.548893510006284, 34.65179343268325], [-5.549252836119932, 34.65179343268325], [-5.549252836119932, 34.651523938098016], [-5.548893510006284, 34.651523938098016]], [[-5.5516782873870545, 34.67802423897954], [-5.5516782873870545, 34.67829373356477], [-5.5521274450291145, 34.67829373356477], [-5.5521274450291145, 34.67802423897954], [-5.5516782873870545, 34.67802423897954]], [[-5.55239693961435, 34.676946260638594], [-5.552486771142762, 34.68018019566143], [-5.5583258204895385, 34.68206665775808], [-5.557966494375891, 34.685300592780905], [-5.560391945643014, 34.68476160361043], [-5.557966494375891, 34.68790570710485], [-5.561919081626017, 34.68610907653662], [-5.558146157432715, 34.69024132684356], [-5.560032619529366, 34.68952267461627], [-5.563985206779492, 34.68548025583773], [-5.56524284817726, 34.688444696275326], [-5.568207288614854, 34.68943284308786], [-5.568925940842149, 34.6889836854458], [-5.565961500404555, 34.683863288326314], [-5.563176723023784, 34.68458194055361], [-5.55239693961435, 34.676946260638594]], [[-5.55329525489847, 34.68763621251962], [-5.554283401711001, 34.686019245008204], [-5.554103738654177, 34.68494126666726], [-5.552486771142762, 34.68278530998537], [-5.55329525489847, 34.68763621251962]], [[-5.55374441254053, 34.652422253382134], [-5.552756265727998, 34.652422253382134], [-5.553205423370057, 34.65332056866625], [-5.553564749483705, 34.65332056866625], [-5.55374441254053, 34.652422253382134]], [[-5.55329525489847, 34.69194812588339], [-5.55329525489847, 34.692487115053865], [-5.55374441254053, 34.692487115053865], [-5.55374441254053, 34.69212778894021], [-5.55329525489847, 34.69194812588339]], [[-5.553924075597353, 34.6446967419387], [-5.554013907125765, 34.645235731109175], [-5.554463064767825, 34.64514589958076], [-5.554283401711001, 34.644606910410296], [-5.553924075597353, 34.6446967419387]], [[-5.554912222409884, 34.688175201690086], [-5.554912222409884, 34.688444696275326], [-5.555720706165593, 34.688444696275326], [-5.555720706165593, 34.688175201690086], [-5.554912222409884, 34.688175201690086]], [[-5.560391945643014, 34.67074788517817], [-5.564434364421551, 34.67011906447929], [-5.564973353592023, 34.66652580334281], [-5.560302114114602, 34.66445967818933], [-5.5554512115803565, 34.66652580334281], [-5.561739418569193, 34.668142770854224], [-5.558505483546362, 34.671017379763406], [-5.562637733853313, 34.67586828229765], [-5.562368239268077, 34.673981820201], [-5.562907228438548, 34.67119704282023], [-5.560391945643014, 34.67074788517817]], [[-5.55563087463718, 34.69006166378674], [-5.555990200750828, 34.69015149531515], [-5.557517336733831, 34.689343011559444], [-5.555900369222416, 34.688175201690086], [-5.55563087463718, 34.69006166378674]], [[-5.556619021449712, 34.663112205263154], [-5.557876662847479, 34.66284271067792], [-5.557337673677007, 34.66203422692221], [-5.556439358392888, 34.66239355303586], [-5.556619021449712, 34.663112205263154]], [[-5.556798684506536, 34.66059692246762], [-5.556798684506536, 34.66086641705286], [-5.557517336733831, 34.66086641705286], [-5.557517336733831, 34.66059692246762], [-5.556798684506536, 34.66059692246762]], [[-5.557696999790656, 34.686019245008204], [-5.557696999790656, 34.68548025583773], [-5.557337673677007, 34.685570087366145], [-5.557337673677007, 34.686019245008204], [-5.557696999790656, 34.686019245008204]], [[-5.561020766341898, 34.6559256829902], [-5.564524195949963, 34.65610534604702], [-5.566230994989791, 34.655296862291316], [-5.562368239268077, 34.65457821006402], [-5.561020766341898, 34.6559256829902]], [[-5.562368239268077, 34.68907351697421], [-5.562458070796488, 34.68943284308786], [-5.562727565381724, 34.68943284308786], [-5.5629970599669605, 34.68907351697421], [-5.562368239268077, 34.68907351697421]], [[-5.5625479023249005, 34.648379834603595], [-5.5667699841602625, 34.64909848683089], [-5.567488636387558, 34.64784084543312], [-5.5654225112340825, 34.646493372506946], [-5.5625479023249005, 34.648379834603595]], [[-5.566859815688674, 34.66850209696787], [-5.564075038307903, 34.67218518963276], [-5.5663208265182025, 34.67155636893388], [-5.567308973330734, 34.66940041225199], [-5.566859815688674, 34.66850209696787]], [[-5.568566614728502, 34.657452818973205], [-5.564883522063611, 34.66230372150745], [-5.566590321103439, 34.66167490080856], [-5.5696445930694445, 34.65924944954144], [-5.568566614728502, 34.657452818973205]], [[-5.566590321103439, 34.66589698264392], [-5.56668015263185, 34.6679631077974], [-5.568297120143265, 34.66688512945645], [-5.572339538921804, 34.66589698264392], [-5.5729683596206865, 34.66490883583139], [-5.569914087654681, 34.66544782500186], [-5.571171729052448, 34.6634715313768], [-5.570722571410388, 34.66302237373474], [-5.566590321103439, 34.66589698264392]], [[-5.566949647217086, 34.65484770464926], [-5.571620886694507, 34.65754265050161], [-5.574854821717338, 34.657632482030024], [-5.5727886965638636, 34.65682399827432], [-5.570902234467212, 34.65493753617767], [-5.566949647217086, 34.65484770464926]], [[-5.5672191418023225, 34.69069048448562], [-5.57215987586498, 34.692487115053865], [-5.571171729052448, 34.69149896824133], [-5.5700937507115045, 34.68943284308786], [-5.5672191418023225, 34.69069048448562]], [[-5.568297120143265, 34.651703601154836], [-5.568386951671678, 34.65251208491055], [-5.569285266955797, 34.652601916438954], [-5.569195435427385, 34.651973095740075], [-5.568297120143265, 34.651703601154836]], [[-5.57171071822292, 34.65116461198436], [-5.570632739881976, 34.65332056866625], [-5.572429370450215, 34.652422253382134], [-5.574136169490043, 34.651523938098016], [-5.57171071822292, 34.65116461198436]], [[-5.572070044336567, 34.662663047621095], [-5.57215987586498, 34.66212405845062], [-5.571441223637684, 34.662213889979036], [-5.57126156058086, 34.66293254220633], [-5.572070044336567, 34.662663047621095]], [[-5.571620886694507, 34.67991070107619], [-5.576561620757165, 34.68278530998537], [-5.579705724251584, 34.68206665775808], [-5.580604039535703, 34.68062935330349], [-5.571620886694507, 34.67991070107619]], [[-5.57215987586498, 34.654039220893544], [-5.573237854205923, 34.65565618840496], [-5.5743158325468665, 34.6543985470072], [-5.573507348791159, 34.65323073713784], [-5.57215987586498, 34.654039220893544]], [[-5.572698865035451, 34.66140540622333], [-5.57215987586498, 34.66158506928015], [-5.572519201978627, 34.66203422692221], [-5.5727886965638636, 34.66176473233698], [-5.572698865035451, 34.66140540622333]], [[-5.572429370450215, 34.67739541828065], [-5.572429370450215, 34.67766491286589], [-5.572698865035451, 34.67766491286589], [-5.572698865035451, 34.67739541828065], [-5.572429370450215, 34.67739541828065]], [[-5.573148022677511, 34.66068675399603], [-5.573148022677511, 34.660956248581265], [-5.5734175172627465, 34.660956248581265], [-5.5734175172627465, 34.66068675399603], [-5.573148022677511, 34.66068675399603]], [[-5.574854821717338, 34.67559878771242], [-5.574854821717338, 34.67595811382606], [-5.575124316302574, 34.67595811382606], [-5.575124316302574, 34.67559878771242], [-5.574854821717338, 34.67559878771242]], [[-5.575842968529869, 34.67514963007036], [-5.575932800058282, 34.67407165172941], [-5.575573473944633, 34.67407165172941], [-5.575303979359398, 34.67514963007036], [-5.575842968529869, 34.67514963007036]], [[-5.575753137001458, 34.66733428709852], [-5.575753137001458, 34.66760378168375], [-5.576022631586693, 34.66760378168375], [-5.576022631586693, 34.66733428709852], [-5.575753137001458, 34.66733428709852]], [[-5.581682017876647, 34.66158506928015], [-5.5798853873084076, 34.66167490080856], [-5.578268419796992, 34.66248338456427], [-5.577280272984461, 34.66401052054727], [-5.580873534120939, 34.66185456386539], [-5.578987072024288, 34.66589698264392], [-5.580783702592527, 34.664998667359804], [-5.581682017876647, 34.66158506928015]], [[-5.577370104512873, 34.684312445968374], [-5.578448082853816, 34.684851435138846], [-5.579346398137936, 34.68395311985473], [-5.577998925211756, 34.683863288326314], [-5.577370104512873, 34.684312445968374]], [[-5.577549767569696, 34.68548025583773], [-5.584646458314241, 34.69518206090622], [-5.590934665303077, 34.694104082565275], [-5.593270285041788, 34.69742784911652], [-5.59749236687715, 34.69787700675858], [-5.596683883121442, 34.69643970230399], [-5.5933601165702, 34.69158879976975], [-5.586622751939304, 34.692936272695924], [-5.581143028706174, 34.68619890806502], [-5.577549767569696, 34.68548025583773]], [[-5.578268419796992, 34.66940041225199], [-5.579256566609524, 34.66931058072358], [-5.580154881893643, 34.66841226543946], [-5.579166735081111, 34.668142770854224], [-5.578268419796992, 34.66940041225199]], [[-5.578987072024288, 34.67119704282023], [-5.580065050365231, 34.671286874348645], [-5.581053197177763, 34.67038855906452], [-5.581322691762999, 34.6694902437804], [-5.578987072024288, 34.67119704282023]], [[-5.580604039535703, 34.68233615234331], [-5.583298985388062, 34.68521076125249], [-5.58554477359836, 34.68521076125249], [-5.58275999621759, 34.68260564692855], [-5.580604039535703, 34.68233615234331]], [[-5.582400670103942, 34.667873276268985], [-5.582400670103942, 34.66841226543946], [-5.582670164689178, 34.66841226543946], [-5.582670164689178, 34.667873276268985], [-5.582400670103942, 34.667873276268985]], [[-5.583119322331237, 34.67991070107619], [-5.583119322331237, 34.68206665775808], [-5.584017637615357, 34.68098867941713], [-5.583568479973297, 34.6800005326046], [-5.583119322331237, 34.67991070107619]], [[-5.586622751939304, 34.68871419086056], [-5.586622751939304, 34.689612506144684], [-5.588419382507543, 34.688444696275326], [-5.5880600563938945, 34.68808537016168], [-5.586622751939304, 34.68871419086056]], [[-5.591832980587197, 34.67802423897954], [-5.588688877092778, 34.68080901636031], [-5.5889583716780145, 34.685120929724086], [-5.59012618154737, 34.683683625269495], [-5.590395676132606, 34.68035985871825], [-5.591832980587197, 34.67802423897954]], [[-5.5907550022462535, 34.68637857112185], [-5.591743149058785, 34.686737897235496], [-5.592461801286081, 34.684851435138846], [-5.591653317530373, 34.68359379374108], [-5.5907550022462535, 34.68637857112185]], [[-5.59147365447355, 34.699404142741585], [-5.59749236687715, 34.701739762480294], [-5.596144893950971, 34.70048212108253], [-5.593988937269084, 34.69886515357111], [-5.59147365447355, 34.699404142741585]], [[-5.592371969757669, 34.67739541828065], [-5.592371969757669, 34.67766491286589], [-5.5927312958713165, 34.67766491286589], [-5.5927312958713165, 34.67739541828065], [-5.592371969757669, 34.67739541828065]], [[-5.592641464342904, 34.70093127872459], [-5.592371969757669, 34.70093127872459], [-5.592461801286081, 34.701739762480294], [-5.593090621984964, 34.701739762480294], [-5.592641464342904, 34.70093127872459]], [[-5.5956059047804985, 34.676497102996535], [-5.5956059047804985, 34.676766597581775], [-5.596144893950971, 34.676766597581775], [-5.596144893950971, 34.676497102996535], [-5.5956059047804985, 34.676497102996535]], [[-5.595785567837323, 34.6807191848319], [-5.595785567837323, 34.68098867941713], [-5.5960550624225585, 34.68098867941713], [-5.5960550624225585, 34.6807191848319], [-5.595785567837323, 34.6807191848319]], [[-5.6011754595420395, 34.683863288326314], [-5.59659405159303, 34.69006166378674], [-5.598031356047621, 34.689343011559444], [-5.599558492030625, 34.68754638099121], [-5.6011754595420395, 34.683863288326314]], [[-5.597312703820326, 34.69185829435498], [-5.5978516929907975, 34.69185829435498], [-5.597761861462386, 34.69158879976975], [-5.597312703820326, 34.69158879976975], [-5.597312703820326, 34.69185829435498]], [[-5.5983008506328575, 34.69967363732682], [-5.599558492030625, 34.699404142741585], [-5.600187312729508, 34.6987753220427], [-5.599109334388565, 34.697966838286995], [-5.5983008506328575, 34.69967363732682]], [[-5.603331416223927, 34.686558234178676], [-5.599109334388565, 34.6905108214288], [-5.601085628013628, 34.6889836854458], [-5.602612763996631, 34.68781587557644], [-5.603331416223927, 34.686558234178676]], [[-5.600187312729508, 34.700571952610936], [-5.599558492030625, 34.70075161566776], [-5.5998279866158605, 34.70111094178141], [-5.6002771442579204, 34.701021110252995], [-5.600187312729508, 34.700571952610936]], [[-5.601894111769336, 34.69886515357111], [-5.601804280240923, 34.69742784911652], [-5.6011754595420395, 34.69778717523017], [-5.601534785655688, 34.69886515357111], [-5.601894111769336, 34.69886515357111]], [[-5.601534785655688, 34.68323446762743], [-5.601534785655688, 34.68350396221267], [-5.601894111769336, 34.68350396221267], [-5.601894111769336, 34.68323446762743], [-5.601534785655688, 34.68323446762743]], [[-5.606026362076285, 34.69302610422434], [-5.6029720901102795, 34.69679902841764], [-5.604948383735342, 34.69608037619034], [-5.605936530547874, 34.69491256632099], [-5.606026362076285, 34.69302610422434]]], [[[-5.863573354033353, 34.91196800659248], [-5.875251452726906, 34.91877273512357], [-5.8746888099193155, 34.916754106274226], [-5.879291328294366, 34.92043045875389], [-5.884071290108954, 34.92667790962382], [-5.871837854647252, 34.93143898062966], [-5.86761577281189, 34.93072032840236], [-5.866178468357299, 34.93332544272631], [-5.886827591417781, 34.93478541327726], [-5.883512651019421, 34.934896019469726], [-5.881553446999931, 34.93458541400014], [-5.878224819999957, 34.934400490000144], [-5.876243038999917, 34.93462068800022], [-5.870787722999921, 34.935320599000136], [-5.866968603999851, 34.93586030500023], [-5.860287218999929, 34.936804499000175], [-5.85508772299994, 34.93762059900001], [-5.846889744415484, 34.93993669184446], [-5.838330694549594, 34.941589943340205], [-5.837522210793886, 34.939254323601496], [-5.840037493589421, 34.94087129111291], [-5.844978227652078, 34.937547524561666], [-5.850637613942031, 34.93745769303326], [-5.855578348004689, 34.930181339231886], [-5.850907108527267, 34.92739656185112], [-5.856656326345632, 34.92335414307258], [-5.852793570623918, 34.921377849447516], [-5.849110477959028, 34.92299481695893], [-5.849469804072676, 34.92074902874863], [-5.841474798044012, 34.91275402271997], [-5.8462358690498455, 34.91356250647568], [-5.844439238481606, 34.91195586778228], [-5.8482663372832935, 34.911296141949144], [-5.851895255339798, 34.91410149564615], [-5.848930814902204, 34.91455065328821], [-5.850637613942031, 34.91940155582245], [-5.850817276998855, 34.91607778927121], [-5.853512222851213, 34.91940155582245], [-5.856207168703572, 34.915179473987095], [-5.850368119356795, 34.91105927168565], [-5.863573354033353, 34.91196800659248]], [[-5.855219021891041, 34.918054082896276], [-5.8604292505389335, 34.927576224907945], [-5.869592066436953, 34.92883386630571], [-5.870310718664249, 34.926857572680646], [-5.86806493045395, 34.927755887964764], [-5.8679750989255375, 34.925869425868115], [-5.870490381721073, 34.92407279529988], [-5.867885267397126, 34.92317448001575], [-5.874353137442786, 34.92344397460099], [-5.875880273425789, 34.91940155582245], [-5.87129886547678, 34.920389702634985], [-5.866178468357299, 34.915808294685974], [-5.855219021891041, 34.918054082896276]], [[-5.864920826959532, 34.93072032840236], [-5.860608913595758, 34.92892369783412], [-5.855488516476276, 34.93521190482296], [-5.86348352250494, 34.93413392648201], [-5.865729310715239, 34.93341527425472], [-5.864920826959532, 34.93072032840236]], [[-5.8711192024199566, 34.92407279529988], [-5.8711192024199566, 34.92766605643635], [-5.873903979800726, 34.927576224907945], [-5.876329431067849, 34.92640841503859], [-5.8711192024199566, 34.92407279529988]], [[-5.879293871505444, 34.92146768097593], [-5.877407409408793, 34.92003037652134], [-5.877587072465617, 34.92173717556116], [-5.878934545391796, 34.92191683861799], [-5.879293871505444, 34.92146768097593]]], [[[-5.807069322662234, 34.93584072552184], [-5.804823534451936, 34.92910336089094], [-5.803206566940521, 34.927576224907945], [-5.80365572458258, 34.92910336089094], [-5.803296398468932, 34.93009150770347], [-5.801392339202201, 34.92748639337953], [-5.810752415327125, 34.9204795341634], [-5.815962643975018, 34.92299481695893], [-5.815782980918193, 34.92021003957816], [-5.818298263713729, 34.921647344032756], [-5.820094894281968, 34.91904222970881], [-5.823328829304797, 34.921647344032756], [-5.822340682492266, 34.924971110583996], [-5.8240474815320935, 34.922545659316874], [-5.826652595856039, 34.92479144752717], [-5.823328829304797, 34.92766605643635], [-5.828269563367455, 34.93161864368648], [-5.819106747469436, 34.92892369783412], [-5.818118600656904, 34.92703723573747], [-5.820544051924028, 34.933505105783134], [-5.8151541602193095, 34.93054066534554], [-5.815962643975018, 34.933774600368366], [-5.812998203537424, 34.93852783261801], [-5.810033763099828, 34.937827459105726], [-5.810842246855536, 34.933505105783134], [-5.809225279344121, 34.937547524561666], [-5.805991344321291, 34.93673904080596], [-5.80410488222464, 34.93458308412407], [-5.807069322662234, 34.93584072552184]], [[-5.807967637946354, 34.929013529362535], [-5.807248985719058, 34.92892369783412], [-5.80733881724747, 34.92937285547618], [-5.807967637946354, 34.92928302394777], [-5.807967637946354, 34.929013529362535]], [[-5.8076083118327055, 34.93072032840236], [-5.809135447815709, 34.936559377749134], [-5.810033763099828, 34.93440342106725], [-5.808865953230473, 34.93081015993077], [-5.8076083118327055, 34.93072032840236]], [[-5.813896518821543, 34.92811521407841], [-5.813986350349955, 34.93440342106725], [-5.815243991747722, 34.932786453555835], [-5.81425584493519, 34.92811521407841], [-5.813896518821543, 34.92811521407841]], [[-5.815693149389782, 34.92703723573747], [-5.815962643975018, 34.93000167617507], [-5.817669443014845, 34.93170847521489], [-5.8169507907875495, 34.929642350061414], [-5.816771127730725, 34.92829487713524], [-5.815693149389782, 34.92703723573747]], [[-5.8198253996967315, 34.921827007089576], [-5.8188372528842, 34.921827007089576], [-5.818747421355788, 34.922545659316874], [-5.819915231225144, 34.922545659316874], [-5.8198253996967315, 34.921827007089576]], [[-5.819016915941024, 34.92452195294194], [-5.819915231225144, 34.92784571949318], [-5.821801693321794, 34.927755887964764], [-5.820454220395615, 34.924971110583996], [-5.819016915941024, 34.92452195294194]], [[-5.820094894281968, 34.922276164731635], [-5.820633883452439, 34.92335414307258], [-5.821622030264971, 34.922545659316874], [-5.821711861793382, 34.921827007089576], [-5.820094894281968, 34.922276164731635]]]]}}]}